STATEFP,COUNTYFP,TRACTCE,BLKGRPCE,AFFGEOID,GEOID,NAME,NAMELSAD,LSAD,ALAND,AWATER,_mean,_median,_stdev,Geographic Area Name,total_pop,urban_pop,rural_pop
24,1,200,3,1500000US240010002003,2.4001E+11,3,Block Group 3,BG,18001658,1420738,6.975000048,7,0.133697368,Block Group 3; Census Tract 2; Allegany County; Maryland,2252,216,2036
54,21,980000,1,1500000US540219800001,5.4022E+11,1,Block Group 1,BG,757903,2250,6.118384467,6.199999809,0.107986563,Block Group 1; Census Tract 9800; Gilmer County; West Virginia,1440,0,1440
24,1,1300,2,1500000US240010013002,2.4001E+11,2,Block Group 2,BG,2944472,304110,7.033333302,7.099999905,0.094280814,Block Group 2; Census Tract 13; Allegany County; Maryland,3876,3873,3
24,43,11000,1,1500000US240430110001,2.4043E+11,1,Block Group 1,BG,4425974,0,7.450000048,7.450000048,0.049999952,Block Group 1; Census Tract 110; Washington County; Maryland,5360,5355,5
42,21,12300,1,1500000US420210123001,4.2021E+11,1,Block Group 1,BG,42898876,136153,7.390909184,7.400000095,0.089995346,Block Group 1; Census Tract 123; Cambria County; Pennsylvania,2195,0,2195
51,29,930201,1,1500000US510299302011,5.10299E+11,1,Block Group 1,BG,41780443,108250,5.913636413,5.900000095,0.105724541,Block Group 1; Census Tract 9302.01; Buckingham County; Virginia,2756,0,2756
54,81,802,3,1500000US540810008023,5.4081E+11,3,Block Group 3,BG,22008001,112195,6.928000011,7,0.151049616,Block Group 3; Census Tract 8.02; Raleigh County; West Virginia,777,102,675
42,3,980900,1,1500000US420039809001,4.2004E+11,1,Block Group 1,BG,1464152,854869,9.833333015,9.899999619,0.094280814,Block Group 1; Census Tract 9809; Allegheny County; Pennsylvania,0,0,0
21,159,950201,1,1500000US211599502011,2.116E+11,1,Block Group 1,BG,106543568,567052,6.43423428,6.400000095,0.137870158,Block Group 1; Census Tract 9502.01; Martin County; Kentucky,2615,0,2615
42,111,20802,1,1500000US421110208021,4.2111E+11,1,Block Group 1,BG,25879612,0,7.307407432,7.300000191,0.17622786,Block Group 1; Census Tract 208.02; Somerset County; Pennsylvania,3465,379,3086
42,59,970501,2,1500000US420599705012,4.206E+11,2,Block Group 2,BG,322554,0,7.509728404,7.549999952,0.06420119,Block Group 2; Census Tract 9705.01; Greene County; Pennsylvania,1773,1773,0
42,61,950302,1,1500000US420619503021,4.2062E+11,1,Block Group 1,BG,1322005,22803,7.635164341,7.649999857,0.12473534,Block Group 1; Census Tract 9503.02; Huntingdon County; Pennsylvania,3312,3312,0
54,77,963801,2,1500000US540779638012,5.4078E+11,2,Block Group 2,BG,46474530,56470,6.760869586,6.800000191,0.135900059,Block Group 2; Census Tract 9638.01; Preston County; West Virginia,4056,0,4056
54,83,966500,1,1500000US540839665001,5.4084E+11,1,Block Group 1,BG,183231573,11999,6.157591643,6.099999905,0.281418314,Block Group 1; Census Tract 9665; Randolph County; West Virginia,2140,0,2140
54,69,2700,1,1500000US540690027001,5.4069E+11,1,Block Group 1,BG,413831,129412,8.390168045,8.399999619,0.225406613,Block Group 1; Census Tract 27; Ohio County; West Virginia,631,631,0
54,47,954503,2,1500000US540479545032,5.4048E+11,2,Block Group 2,BG,36855816,0,6.366666708,6.400000095,0.107018681,Block Group 2; Census Tract 9545.03; McDowell County; West Virginia,1785,0,1785
54,61,11000,4,1500000US540610110004,5.4061E+11,4,Block Group 4,BG,3961603,379335,7.480000019,7.400000095,0.116618927,Block Group 4; Census Tract 110; Monongalia County; West Virginia,1269,1229,40
54,89,600,1,1500000US540890006001,5.4089E+11,1,Block Group 1,BG,73805840,1647002,6.184210501,6.199999809,0.126753688,Block Group 1; Census Tract 6; Summers County; West Virginia,2058,0,2058
39,13,12202,1,1500000US390130122021,3.9013E+11,1,Block Group 1,BG,10333562,68227,7.400000009,7.5,0.147709795,Block Group 1; Census Tract 122.02; Belmont County; Ohio,3243,0,3243
42,21,100,2,1500000US420210001002,4.2021E+11,2,Block Group 2,BG,422858,34632,8.123198682,8.100000381,0.048217339,Block Group 2; Census Tract 1; Cambria County; Pennsylvania,601,601,0
39,121,968402,1,1500000US391219684021,3.9122E+11,1,Block Group 1,BG,6258668,134003,7.157142912,7.199999809,0.149829887,Block Group 1; Census Tract 9684.02; Noble County; Ohio,2990,0,2990
51,47,930501,1,1500000US510479305011,5.10479E+11,1,Block Group 1,BG,88827751,587671,6.186170182,6.199999809,0.135741555,Block Group 1; Census Tract 9305.01; Culpeper County; Virginia,1784,0,1784
51,15,71000,3,1500000US510150710003,5.10151E+11,3,Block Group 3,BG,39681460,223812,6.409756137,6.400000095,0.164990553,Block Group 3; Census Tract 710; Augusta County; Virginia,2204,0,2204
51,145,500300,1,1500000US511455003001,5.11455E+11,1,Block Group 1,BG,33482296,200018,6.242857156,6.300000191,0.131552811,Block Group 1; Census Tract 5003; Powhatan County; Virginia,1469,0,1469
51,135,300,5,1500000US511350003005,5.1135E+11,5,Block Group 5,BG,23031642,83647,6.358333409,6.350000143,0.095379368,Block Group 5; Census Tract 3; Nottoway County; Virginia,2584,0,2584
51,31,20102,1,1500000US510310201021,5.1031E+11,1,Block Group 1,BG,176108954,237634,6.011797758,6,0.134607648,Block Group 1; Census Tract 201.02; Campbell County; Virginia,4635,0,4635
51,185,20100,1,1500000US511850201001,5.1185E+11,1,Block Group 1,BG,47238716,112405,6.444897963,6.5,0.167893551,Block Group 1; Census Tract 201; Tazewell County; Virginia,2321,88,2233
51,165,10600,1,1500000US511650106001,5.1165E+11,1,Block Group 1,BG,48724957,118248,6.547058863,6.5,0.166100519,Block Group 1; Census Tract 106; Rockingham County; Virginia,2256,79,2177
51,27,10600,2,1500000US510270106002,5.1027E+11,2,Block Group 2,BG,50229396,242919,6.607407384,6.599999905,0.133127421,Block Group 2; Census Tract 106; Buchanan County; Virginia,1766,0,1766
39,81,11402,4,1500000US390810114024,3.9081E+11,4,Block Group 4,BG,39800915,0,7.310000026,7.300000191,0.152970629,Block Group 4; Census Tract 114.02; Jefferson County; Ohio,843,38,805
54,91,964800,5,1500000US540919648005,5.4092E+11,5,Block Group 5,BG,54116213,217799,6.549999952,6.599999905,0.101379279,Block Group 5; Census Tract 9648; Taylor County; West Virginia,1363,190,1173
54,73,962100,2,1500000US540739621002,5.4074E+11,2,Block Group 2,BG,13842601,1712379,6.893750042,6.900000095,0.114393774,Block Group 2; Census Tract 9621; Pleasants County; West Virginia,1453,0,1453
39,45,32502,2,1500000US390450325022,3.9045E+11,2,Block Group 2,BG,5751836,8063,7.385714395,7.400000095,0.063887596,Block Group 2; Census Tract 325.02; Fairfield County; Ohio,43,0,43
54,107,10602,1,1500000US541070106021,5.4107E+11,1,Block Group 1,BG,5303612,1768,7.359999943,7.400000095,0.135646695,Block Group 1; Census Tract 106.02; Wood County; West Virginia,1379,1276,103
54,25,950102,2,1500000US540259501022,5.4026E+11,2,Block Group 2,BG,134999862,710606,6.165714291,6.199999809,0.209001525,Block Group 2; Census Tract 9501.02; Greenbrier County; West Virginia,399,0,399
54,39,1200,1,1500000US540390012001,5.4039E+11,1,Block Group 1,BG,867755,0,7.106152804,7.099999905,0.181233239,Block Group 1; Census Tract 12; Kanawha County; West Virginia,1595,1595,0
54,75,960300,2,1500000US540759603002,5.4076E+11,2,Block Group 2,BG,290067459,1835198,6.217880794,6.199999809,0.299908604,Block Group 2; Census Tract 9603; Pocahontas County; West Virginia,1433,0,1433
54,3,972002,2,1500000US540039720022,5.4004E+11,2,Block Group 2,BG,7843124,0,7.25000006,7.300000191,0.070710821,Block Group 2; Census Tract 9720.02; Berkeley County; West Virginia,1836,1705,131
42,111,20900,2,1500000US421110209002,4.2111E+11,2,Block Group 2,BG,27597924,974698,7.492857116,7.5,0.199872387,Block Group 2; Census Tract 209; Somerset County; Pennsylvania,2759,2387,372
42,51,261300,1,1500000US420512613001,4.20513E+11,1,Block Group 1,BG,1003120,0,7.821999492,7.850000143,0.082969995,Block Group 1; Census Tract 2613; Fayette County; Pennsylvania,2007,0,2007
42,3,70900,1,1500000US420030709001,4.20031E+11,1,Block Group 1,BG,306599,0,9.125551383,9.150000095,0.055657083,Block Group 1; Census Tract 709; Allegheny County; Pennsylvania,1903,1903,0
51,65,20101,2,1500000US510650201012,5.1065E+11,2,Block Group 2,BG,23406693,244566,5.859259288,5.900000095,0.125489468,Block Group 2; Census Tract 201.01; Fluvanna County; Virginia,2420,0,2420
51,15,70100,4,1500000US510150701004,5.10151E+11,4,Block Group 4,BG,640926,0,6.162656492,6.199999809,0.156147405,Block Group 4; Census Tract 701; Augusta County; Virginia,1204,0,1204
51,75,400300,1,1500000US510754003001,5.10754E+11,1,Block Group 1,BG,6494755,1804504,6.37499994,6.450000048,0.171391419,Block Group 1; Census Tract 4003; Goochland County; Virginia,886,0,886
51,161,30501,1,1500000US511610305011,5.1161E+11,1,Block Group 1,BG,47707302,221039,6.261224484,6.199999809,0.261718259,Block Group 1; Census Tract 305.01; Roanoke County; Virginia,1892,165,1727
54,17,965000,3,1500000US540179650003,5.4018E+11,3,Block Group 3,BG,80058050,37679,6.611904706,6.599999905,0.116909344,Block Group 3; Census Tract 9650; Doddridge County; West Virginia,1234,0,1234
54,81,400,2,1500000US540810004002,5.4081E+11,2,Block Group 2,BG,2088542,1310,7.149999857,7.149999857,0.049999952,Block Group 2; Census Tract 4; Raleigh County; West Virginia,1953,1953,0
54,53,954801,1,1500000US540539548011,5.4054E+11,1,Block Group 1,BG,59260389,4704603,7.312500007,7.300000191,0.179843697,Block Group 1; Census Tract 9548.01; Mason County; West Virginia,2091,618,1473
54,19,20800,1,1500000US540190208001,5.4019E+11,1,Block Group 1,BG,41457370,270078,6.273333391,6.300000191,0.114309598,Block Group 1; Census Tract 208; Fayette County; West Virginia,1598,0,1598
39,9,972800,1,1500000US390099728001,3.901E+11,1,Block Group 1,BG,14368814,276535,6.978571381,7,0.193385557,Block Group 1; Census Tract 9728; Athens County; Ohio,916,594,322
12,11,30804,2,1500000US120110308042,1.2011E+11,2,Block Group 2,BG,653723,0,6.947180084,6.950000048,0.075810789,Block Group 2; Census Tract 308.04; Broward County; Florida,1750,1750,0
12,127,83207,2,1500000US121270832072,1.21271E+11,2,Block Group 2,BG,114621193,723161,6.336111126,6.300000191,0.269243892,Block Group 2; Census Tract 832.07; Volusia County; Florida,965,7,958
12,86,505,2,1500000US120860005052,1.2086E+11,2,Block Group 2,BG,4496723,567899,7.166666746,7.200000048,0.14907127,Block Group 2; Census Tract 5.05; Miami-Dade County; Florida,1546,1546,0
12,59,960401,1,1500000US120599604011,1.206E+11,1,Block Group 1,BG,10569346,120367,7.492307663,7.699999809,0.324538823,Block Group 1; Census Tract 9604.01; Holmes County; Florida,1653,0,1653
12,131,950202,1,1500000US121319502021,1.2132E+11,1,Block Group 1,BG,58908832,1205139,7.337254917,7.199999809,0.390053211,Block Group 1; Census Tract 9502.02; Walton County; Florida,3663,695,2968
12,29,970101,1,1500000US120299701011,1.203E+11,1,Block Group 1,BG,34486414,788653,7.039999994,7,0.248461975,Block Group 1; Census Tract 9701.01; Dixie County; Florida,2984,0,2984
12,27,10102,1,1500000US120270101021,1.2027E+11,1,Block Group 1,BG,448188309,2719725,5.493647066,5.5,0.232798052,Block Group 1; Census Tract 101.02; DeSoto County; Florida,2662,0,2662
12,47,960101,1,1500000US120479601011,1.2048E+11,1,Block Group 1,BG,17539402,45909,6.846666622,6.800000191,0.209337574,Block Group 1; Census Tract 9601.01; Hamilton County; Florida,2689,0,2689
12,125,960100,1,1500000US121259601001,1.2126E+11,1,Block Group 1,BG,50522892,167695,6.79347824,6.699999809,0.278507025,Block Group 1; Census Tract 9601; Union County; Florida,2943,0,2943
12,123,950401,3,1500000US121239504013,1.2124E+11,3,Block Group 3,BG,375316096,15374390,6.760167148,6.800000191,0.289944719,Block Group 3; Census Tract 9504.01; Taylor County; Florida,3358,0,3358
12,105,12404,1,1500000US121050124041,1.2105E+11,1,Block Group 1,BG,105255454,1800522,7.099000039,7.049999952,0.340145577,Block Group 1; Census Tract 124.04; Polk County; Florida,2347,121,2226
12,127,83206,1,1500000US121270832061,1.21271E+11,1,Block Group 1,BG,191573586,733033,6.080337101,6.099999905,0.232006166,Block Group 1; Census Tract 832.06; Volusia County; Florida,3974,0,3974
12,121,970502,2,1500000US121219705022,1.2122E+11,2,Block Group 2,BG,97288374,1404875,6.314583336,6.300000191,0.203602575,Block Group 2; Census Tract 9705.02; Suwannee County; Florida,3465,0,3465
12,11,110341,2,1500000US120111103412,1.20111E+11,2,Block Group 2,BG,1157502,0,6.478125794,6.5,0.040043847,Block Group 2; Census Tract 1103.41; Broward County; Florida,2264,2264,0
12,49,970302,2,1500000US120499703022,1.205E+11,2,Block Group 2,BG,151245696,0,6.703676473,6.699999809,0.437305946,Block Group 2; Census Tract 9703.02; Hardee County; Florida,1793,0,1793
12,105,15702,4,1500000US121050157024,1.2105E+11,4,Block Group 4,BG,415731529,21766989,5.95163728,6,0.341766905,Block Group 4; Census Tract 157.02; Polk County; Florida,1954,0,1954
12,67,960100,1,1500000US120679601001,1.2068E+11,1,Block Group 1,BG,122902150,918216,6.999166679,7,0.236465561,Block Group 1; Census Tract 9601; Lafayette County; Florida,1919,0,1919
12,33,4000,1,1500000US120330040001,1.2033E+11,1,Block Group 1,BG,50499666,1000637,6.919607845,6.900000095,0.170374008,Block Group 1; Census Tract 40; Escambia County; Florida,2618,0,2618
12,63,210100,3,1500000US120632101003,1.20632E+11,3,Block Group 3,BG,107841423,1888474,7.048076909,7.099999905,0.406670509,Block Group 3; Census Tract 2101; Jackson County; Florida,2260,0,2260
12,1,1400,2,1500000US120010014002,1.2001E+11,2,Block Group 2,BG,11265714,87858,7.333333333,7.5,0.262466881,Block Group 2; Census Tract 14; Alachua County; Florida,2883,1336,1547
12,71,1204,1,1500000US120710012041,1.2071E+11,1,Block Group 1,BG,5886818,177342,7.51666673,7.450000048,0.146249421,Block Group 1; Census Tract 12.04; Lee County; Florida,1999,1999,0
12,85,1806,1,1500000US120850018061,1.2085E+11,1,Block Group 1,BG,215477976,2487130,5.174883723,5.099999905,0.303501805,Block Group 1; Census Tract 18.06; Martin County; Florida,2413,0,2413
12,83,1401,3,1500000US120830014013,1.2083E+11,3,Block Group 3,BG,1677896,0,7.159782433,7.099999905,0.219009641,Block Group 3; Census Tract 14.01; Marion County; Florida,1200,1200,0
12,113,10808,5,1500000US121130108085,1.2113E+11,5,Block Group 5,BG,13735460,640237,8.052941266,8,0.329201652,Block Group 5; Census Tract 108.08; Santa Rosa County; Florida,4221,3995,226
12,99,8001,3,1500000US120990080013,1.2099E+11,3,Block Group 3,BG,75526407,7426492,8.605063294,8.699999809,0.864620859,Block Group 3; Census Tract 80.01; Palm Beach County; Florida,1206,411,795
12,83,304,2,1500000US120830003042,1.2083E+11,2,Block Group 2,BG,10555644,0,6.39000001,6.400000095,0.234307527,Block Group 2; Census Tract 3.04; Marion County; Florida,3057,0,3057
12,45,960301,1,1500000US120459603011,1.2046E+11,1,Block Group 1,BG,458288449,19734174,7.249324303,7.199999809,0.246277678,Block Group 1; Census Tract 9603.01; Gulf County; Florida,1572,0,1572
12,7,201,2,1500000US120070002012,1.2007E+11,2,Block Group 2,BG,66763027,0,6.609677392,6.599999905,0.229100342,Block Group 2; Census Tract 2.01; Bradford County; Florida,3439,0,3439
12,23,110300,2,1500000US120231103002,1.20231E+11,2,Block Group 2,BG,158183214,94093,6.94482758,7,0.294297786,Block Group 2; Census Tract 1103; Columbia County; Florida,3010,320,2690
12,86,981300,1,1500000US120869813001,1.2087E+11,1,Block Group 1,BG,6966560,309537,7.37142849,7.400000095,0.190595239,Block Group 1; Census Tract 9813; Miami-Dade County; Florida,2900,0,2900
12,65,250103,2,1500000US120652501032,1.20653E+11,2,Block Group 2,BG,68032038,54045,6.758730139,6.699999809,0.214279855,Block Group 2; Census Tract 2501.03; Jefferson County; Florida,1302,0,1302
12,119,980100,1,1500000US121199801001,1.212E+11,1,Block Group 1,BG,5904950,0,7.359999943,7.5,0.257681958,Block Group 1; Census Tract 9801; Sumter County; Florida,6107,6107,0
12,86,3706,1,1500000US120860037061,1.2086E+11,1,Block Group 1,BG,245610,0,7.108815774,7.149999857,0.064777495,Block Group 1; Census Tract 37.06; Miami-Dade County; Florida,1425,1425,0
12,81,805,1,1500000US120810008051,1.2081E+11,1,Block Group 1,BG,6905675,9400,8.583333333,8.599999905,0.279384266,Block Group 1; Census Tract 8.05; Manatee County; Florida,1160,1160,0
12,63,210902,2,1500000US120632109022,1.20632E+11,2,Block Group 2,BG,16410928,13493790,7.183333377,7.400000095,0.654896057,Block Group 2; Census Tract 2109.02; Jackson County; Florida,2704,0,2704
12,37,970101,1,1500000US120379701011,1.2038E+11,1,Block Group 1,BG,20795726,63502590,7.842857225,7.599999905,0.716852535,Block Group 1; Census Tract 9701.01; Franklin County; Florida,2079,0,2079
12,45,960102,1,1500000US120459601021,1.2046E+11,1,Block Group 1,BG,123088617,421706,6.515929205,6.5,0.374772236,Block Group 1; Census Tract 9601.02; Gulf County; Florida,1836,0,1836
12,133,970302,2,1500000US121339703022,1.2134E+11,2,Block Group 2,BG,54177558,5539531,7.092727297,7,0.207017377,Block Group 2; Census Tract 9703.02; Washington County; Florida,2810,0,2810
12,129,10206,1,1500000US121290102061,1.2129E+11,1,Block Group 1,BG,48091319,913,6.997561013,6.900000095,0.248397594,Block Group 1; Census Tract 102.06; Wakulla County; Florida,3577,0,3577
12,7,400,1,1500000US120070004001,1.2007E+11,1,Block Group 1,BG,31022335,0,6.703571422,6.699999809,0.204384344,Block Group 1; Census Tract 4; Bradford County; Florida,1944,0,1944
12,41,950202,1,1500000US120419502021,1.2042E+11,1,Block Group 1,BG,71252376,420137,6.763076929,6.800000191,0.319889048,Block Group 1; Census Tract 9502.02; Gilchrist County; Florida,1963,0,1963
12,107,951000,1,1500000US121079510001,1.2108E+11,1,Block Group 1,BG,55391840,11568776,6.522727273,6.549999952,0.569102269,Block Group 1; Census Tract 9510; Putnam County; Florida,1460,0,1460
13,185,10201,2,1500000US131850102012,1.3185E+11,2,Block Group 2,BG,58409225,1265472,7.543333348,7.5,0.290612409,Block Group 2; Census Tract 102.01; Lowndes County; Georgia,2078,174,1904
12,15,10100,2,1500000US120150101002,1.2015E+11,2,Block Group 2,BG,320179926,14230941,5.864308696,5.900000095,0.298516308,Block Group 2; Census Tract 101; Charlotte County; Florida,1549,0,1549
12,86,11408,1,1500000US120860114081,1.2086E+11,1,Block Group 1,BG,864575936,68330307,6.546522769,6.599999905,0.731621282,Block Group 1; Census Tract 114.08; Miami-Dade County; Florida,4479,3783,696
12,101,32905,4,1500000US121010329054,1.2101E+11,4,Block Group 4,BG,19269028,0,7.460000014,7.5,0.349857179,Block Group 4; Census Tract 329.05; Pasco County; Florida,2283,728,1555
12,95,16731,3,1500000US120950167313,1.2095E+11,3,Block Group 3,BG,2463039,212829,6.774999976,6.75,0.147902055,Block Group 3; Census Tract 167.31; Orange County; Florida,2578,0,2578
12,39,20600,2,1500000US120390206002,1.2039E+11,2,Block Group 2,BG,26454922,27147,7.558333337,7.599999905,0.301270456,Block Group 2; Census Tract 206; Gadsden County; Florida,2561,0,2561
12,3,40201,2,1500000US120030402012,1.2003E+11,2,Block Group 2,BG,371104831,7477440,6.786235949,6.800000191,0.267124499,Block Group 2; Census Tract 402.01; Baker County; Florida,2528,0,2528
12,99,7818,1,1500000US120990078181,1.2099E+11,1,Block Group 1,BG,5591854,196372,7.416666587,7.450000048,0.211476291,Block Group 1; Census Tract 78.18; Palm Beach County; Florida,1676,1676,0
12,79,110302,1,1500000US120791103021,1.20791E+11,1,Block Group 1,BG,31501931,233764,6.648387078,6.599999905,0.275764003,Block Group 1; Census Tract 1103.02; Madison County; Florida,2436,0,2436
12,119,910602,2,1500000US121199106022,1.21199E+11,2,Block Group 2,BG,31027867,457869,6.244444441,6.199999809,0.221665968,Block Group 2; Census Tract 9106.02; Sumter County; Florida,1096,0,1096
12,119,911000,1,1500000US121199110001,1.21199E+11,1,Block Group 1,BG,1465714,0,6.649999857,6.649999857,0.049999952,Block Group 1; Census Tract 9110; Sumter County; Florida,1521,0,1521
12,103,24510,4,1500000US121030245104,1.2103E+11,4,Block Group 4,BG,654455,10659,8.599349782,8.600000381,0.057362083,Block Group 4; Census Tract 245.10; Pinellas County; Florida,130,130,0
13,87,970302,1,1500000US130879703021,1.3088E+11,1,Block Group 1,BG,44715421,167205,8.062222332,8.100000381,0.254984881,Block Group 1; Census Tract 9703.02; Decatur County; Georgia,2525,1013,1512
12,13,10302,1,1500000US120130103021,1.2013E+11,1,Block Group 1,BG,45182498,2569635,7.252380973,7.300000191,0.157719038,Block Group 1; Census Tract 103.02; Calhoun County; Florida,2685,0,2685
12,33,1600,1,1500000US120330016001,1.2033E+11,1,Block Group 1,BG,2313355,3051,7.26666673,7.300000191,0.124722006,Block Group 1; Census Tract 16; Escambia County; Florida,2191,2191,0
12,73,1901,1,1500000US120730019011,1.2073E+11,1,Block Group 1,BG,1488599,273892,7.376037584,7.400000095,0.085093219,Block Group 1; Census Tract 19.01; Leon County; Florida,907,907,0
12,103,20800,2,1500000US121030208002,1.2103E+11,2,Block Group 2,BG,592790,14914,7.049398049,7.049999952,0.197957251,Block Group 2; Census Tract 208; Pinellas County; Florida,806,806,0
12,103,24411,4,1500000US121030244114,1.2103E+11,4,Block Group 4,BG,7732686,21173645,9.290909074,9.399999619,0.600688362,Block Group 4; Census Tract 244.11; Pinellas County; Florida,1218,1205,13
12,105,15000,1,1500000US121050150001,1.2105E+11,1,Block Group 1,BG,3968340,54061,7.533333302,7.599999905,0.329983235,Block Group 1; Census Tract 150; Polk County; Florida,1151,1118,33
12,23,110500,4,1500000US120231105004,1.20231E+11,4,Block Group 4,BG,8548991,221698,7.399999936,7.5,0.274873639,Block Group 4; Census Tract 1105; Columbia County; Florida,2079,2079,0
12,97,41600,1,1500000US120970416001,1.2097E+11,1,Block Group 1,BG,1423212,14023,8.448433464,8.399999619,0.17420047,Block Group 1; Census Tract 416; Osceola County; Florida,792,792,0
12,103,27308,2,1500000US121030273082,1.2103E+11,2,Block Group 2,BG,3472038,360492,7.25,7.25,0.150000095,Block Group 2; Census Tract 273.08; Pinellas County; Florida,1573,1573,0
12,93,910101,1,1500000US120939101011,1.20939E+11,1,Block Group 1,BG,382213595,5494937,4.960511381,5,0.197578431,Block Group 1; Census Tract 9101.01; Okeechobee County; Florida,3902,0,3902
12,97,42300,3,1500000US120970423003,1.2097E+11,3,Block Group 3,BG,6046132,0,7.960000229,7.900000095,0.120000108,Block Group 3; Census Tract 423; Osceola County; Florida,3438,3438,0
12,113,10808,1,1500000US121130108081,1.2113E+11,1,Block Group 1,BG,75809389,389877,7.493055562,7.5,0.176640219,Block Group 1; Census Tract 108.08; Santa Rosa County; Florida,2807,0,2807
12,95,14908,2,1500000US120950149082,1.2095E+11,2,Block Group 2,BG,1869540,0,7.964744087,8,0.047179597,Block Group 2; Census Tract 149.08; Orange County; Florida,3036,3036,0
12,33,3305,1,1500000US120330033051,1.2033E+11,1,Block Group 1,BG,16832065,7330700,8.010000014,8,0.286181687,Block Group 1; Census Tract 33.05; Escambia County; Florida,2593,2179,414
12,63,210800,2,1500000US120632108002,1.20632E+11,2,Block Group 2,BG,102857567,963023,7.344444487,7.400000095,0.459077327,Block Group 2; Census Tract 2108; Jackson County; Florida,1157,0,1157
12,86,20200,4,1500000US120860202004,1.2086E+11,4,Block Group 4,BG,8904340,281810,6.862500012,6.850000143,0.131695693,Block Group 4; Census Tract 202; Miami-Dade County; Florida,1712,1712,0
12,43,300,1,1500000US120430003001,1.2043E+11,1,Block Group 1,BG,81867797,1432588,5.930666688,5.900000095,0.251381931,Block Group 1; Census Tract 3; Glades County; Florida,1763,0,1763
12,39,20702,1,1500000US120390207021,1.2039E+11,1,Block Group 1,BG,27706073,0,7.263999977,7.199999809,0.26665336,Block Group 1; Census Tract 207.02; Gadsden County; Florida,1140,76,1064
13,49,10101,2,1500000US130490101012,1.3049E+11,2,Block Group 2,BG,91170552,1091166,6.322352948,6.300000191,0.234333354,Block Group 2; Census Tract 101.01; Charlton County; Georgia,2884,0,2884
12,17,451400,4,1500000US120174514004,1.20175E+11,4,Block Group 4,BG,70255522,12590,6.226470604,6.199999809,0.309467076,Block Group 4; Census Tract 4514; Citrus County; Florida,1035,0,1035
12,99,8302,2,1500000US120990083022,1.2099E+11,2,Block Group 2,BG,11711147,0,6.830769245,6.800000191,0.158767457,Block Group 2; Census Tract 83.02; Palm Beach County; Florida,4001,3627,374
12,73,2509,2,1500000US120730025092,1.2073E+11,2,Block Group 2,BG,1045204,1180,7.618814682,7.75,0.199272718,Block Group 2; Census Tract 25.09; Leon County; Florida,876,876,0
12,125,960202,3,1500000US121259602023,1.2126E+11,3,Block Group 3,BG,18256115,68562,6.537499964,6.450000048,0.321859875,Block Group 3; Census Tract 9602.02; Union County; Florida,3020,0,3020
12,53,40911,3,1500000US120530409113,1.2053E+11,3,Block Group 3,BG,3446098,58225,6.566666762,6.599999905,0.205480451,Block Group 3; Census Tract 409.11; Hernando County; Florida,1105,1090,15
12,69,31208,2,1500000US120690312082,1.2069E+11,2,Block Group 2,BG,6170893,1942614,6.828571524,6.800000191,0.06998548,Block Group 2; Census Tract 312.08; Lake County; Florida,3080,1924,1156
12,83,304,1,1500000US120830003041,1.2083E+11,1,Block Group 1,BG,16564888,0,6.378571408,6.450000048,0.265056783,Block Group 1; Census Tract 3.04; Marion County; Florida,1830,0,1830
12,7,400,3,1500000US120070004003,1.2007E+11,3,Block Group 3,BG,110200420,0,6.569000015,6.5,0.171286281,Block Group 3; Census Tract 4; Bradford County; Florida,2351,0,2351
12,91,20306,2,1500000US120910203062,1.2091E+11,2,Block Group 2,BG,27687704,545572,7.664285728,7.599999905,0.242331361,Block Group 2; Census Tract 203.06; Okaloosa County; Florida,1285,0,1285
12,77,980000,1,1500000US120779800001,1.2078E+11,1,Block Group 1,BG,3655328,0,7.599999905,7.599999905,0.08164958,Block Group 1; Census Tract 9800; Liberty County; Florida,1752,0,1752
12,86,14100,1,1500000US120860141001,1.2086E+11,1,Block Group 1,BG,35079907,5763168,7.663888918,7.699999809,0.295477707,Block Group 1; Census Tract 141; Miami-Dade County; Florida,1373,756,617
12,111,381402,2,1500000US121113814022,1.21114E+11,2,Block Group 2,BG,6018877,3075,6.566666603,6.549999952,0.110554054,Block Group 2; Census Tract 3814.02; St. Lucie County; Florida,2160,2160,0
12,63,210301,1,1500000US120632103011,1.20632E+11,1,Block Group 1,BG,46100707,0,7.020930246,7,0.223667258,Block Group 1; Census Tract 2103.01; Jackson County; Florida,3098,0,3098
12,86,9102,1,1500000US120860091021,1.2086E+11,1,Block Group 1,BG,5488694,60211,7.225000024,7.25,0.082915756,Block Group 1; Census Tract 91.02; Miami-Dade County; Florida,1825,1825,0
12,31,11800,3,1500000US120310118003,1.2031E+11,3,Block Group 3,BG,6283728,0,7.928571565,7.900000095,0.127775496,Block Group 3; Census Tract 118; Duval County; Florida,962,962,0
12,9,62109,3,1500000US120090621093,1.20091E+11,3,Block Group 3,BG,8155215,0,6.81249994,6.799999952,0.183286015,Block Group 3; Census Tract 621.09; Brevard County; Florida,1090,1070,20
12,31,10501,1,1500000US120310105011,1.2031E+11,1,Block Group 1,BG,31439681,136329,6.65666666,6.649999857,0.183817582,Block Group 1; Census Tract 105.01; Duval County; Florida,1206,426,780
12,39,20701,2,1500000US120390207012,1.2039E+11,2,Block Group 2,BG,16077988,0,7.330769245,7.300000191,0.246153868,Block Group 2; Census Tract 207.01; Gadsden County; Florida,878,448,430
12,5,302,3,1500000US120050003023,1.2005E+11,3,Block Group 3,BG,134670954,502787,6.650399994,6.599999905,0.221133087,Block Group 3; Census Tract 3.02; Bay County; Florida,3925,1643,2282
12,5,1501,2,1500000US120050015012,1.2005E+11,2,Block Group 2,BG,2008747,133621,7.666666667,7.699999809,0.124721964,Block Group 2; Census Tract 15.01; Bay County; Florida,2303,2303,0
12,39,20400,2,1500000US120390204002,1.2039E+11,2,Block Group 2,BG,38807608,374825,7.075000012,7.049999952,0.267160999,Block Group 2; Census Tract 204; Gadsden County; Florida,1696,0,1696
12,95,18700,2,1500000US120950187002,1.2095E+11,2,Block Group 2,BG,4163607,0,8.75,8.75,0.111803186,Block Group 2; Census Tract 187; Orange County; Florida,2154,2154,0
13,185,11402,2,1500000US131850114022,1.3185E+11,2,Block Group 2,BG,11468679,627075,8.608333349,8.5,0.37518516,Block Group 2; Census Tract 114.02; Lowndes County; Georgia,1577,1534,43
19,105,70302,2,1500000US191050703022,1.91051E+11,2,Block Group 2,BG,843110,0,6.847311374,6.800000191,0.149844811,Block Group 2; Census Tract 703.02; Jones County; Iowa,1427,1419,8
19,111,491100,3,1500000US191114911003,1.91115E+11,3,Block Group 3,BG,6423983,22586,7.466666751,7.400000095,0.221108356,Block Group 3; Census Tract 4911; Lee County; Iowa,1206,905,301
19,61,100,1,1500000US190610001001,1.9061E+11,1,Block Group 1,BG,4129498,2111865,7.716666619,7.699999809,0.068718554,Block Group 1; Census Tract 1; Dubuque County; Iowa,1108,1108,0
29,133,950100,3,1500000US291339501003,2.9134E+11,3,Block Group 3,BG,186318914,263401,7.064324333,7,0.25023815,Block Group 3; Census Tract 9501; Mississippi County; Missouri,1868,0,1868
29,163,460300,1,1500000US291634603001,2.91635E+11,1,Block Group 1,BG,105902123,408664,7.081578978,7,0.299287373,Block Group 1; Census Tract 4603; Pike County; Missouri,2235,0,2235
17,169,970100,2,1500000US171699701002,1.717E+11,2,Block Group 2,BG,463249911,50327,7.161088718,7.099999905,0.245684571,Block Group 2; Census Tract 9701; Schuyler County; Illinois,1597,0,1597
18,153,50501,2,1500000US181530505012,1.81531E+11,2,Block Group 2,BG,1129371,0,8.050000191,8.050000191,0.050000191,Block Group 2; Census Tract 505.01; Sullivan County; Indiana,2068,0,2068
17,51,950800,2,1500000US170519508002,1.7052E+11,2,Block Group 2,BG,8716095,30985,8.208333373,8.25,0.149768237,Block Group 2; Census Tract 9508; Fayette County; Illinois,3041,2990,51
17,163,502404,3,1500000US171635024043,1.71635E+11,3,Block Group 3,BG,11772266,543476,8.999999932,9,0.160356847,Block Group 3; Census Tract 5024.04; St. Clair County; Illinois,1231,1194,37
17,199,21400,3,1500000US171990214003,1.7199E+11,3,Block Group 3,BG,80439351,10143331,7.047777796,6.900000095,0.423537446,Block Group 3; Census Tract 214; Williamson County; Illinois,2318,0,2318
17,27,900500,1,1500000US170279005001,1.70279E+11,1,Block Group 1,BG,51724847,454,8.289795953,8.199999809,0.234951078,Block Group 1; Census Tract 9005; Clinton County; Illinois,1769,131,1638
17,101,880800,1,1500000US171018808001,1.71019E+11,1,Block Group 1,BG,10356384,0,8.141666611,8.199999809,0.111492337,Block Group 1; Census Tract 8808; Lawrence County; Illinois,2428,0,2428
17,61,973600,3,1500000US170619736003,1.7062E+11,3,Block Group 3,BG,343185123,547016,7.70391065,7.699999809,0.225686605,Block Group 3; Census Tract 9736; Greene County; Illinois,1182,0,1182
17,183,11200,1,1500000US171830112001,1.7183E+11,1,Block Group 1,BG,12397580,0,8.441666683,8.349999905,0.266014909,Block Group 1; Census Tract 112; Vermilion County; Illinois,2198,1848,350
17,161,20400,2,1500000US171610204002,1.7161E+11,2,Block Group 2,BG,4395013,2179275,8.5625,8.550000191,0.131695563,Block Group 2; Census Tract 204; Rock Island County; Illinois,2315,2264,51
17,57,953500,2,1500000US170579535002,1.7058E+11,2,Block Group 2,BG,6352011,126468,7.799999986,7.800000191,0.130930817,Block Group 2; Census Tract 9535; Fulton County; Illinois,2498,2420,78
17,99,962300,1,1500000US170999623001,1.71E+11,1,Block Group 1,BG,13144626,694586,7.5,7.5,0.188108043,Block Group 1; Census Tract 9623; LaSalle County; Illinois,2762,0,2762
17,33,880500,3,1500000US170338805003,1.70339E+11,3,Block Group 3,BG,118408913,330911,8.232773116,8.300000191,0.217359668,Block Group 3; Census Tract 8805; Crawford County; Illinois,1948,10,1938
17,87,980000,1,1500000US170879800001,1.7088E+11,1,Block Group 1,BG,3497732,74229,6.633333365,6.599999905,0.124722006,Block Group 1; Census Tract 9800; Johnson County; Illinois,2447,0,2447
17,107,953500,1,1500000US171079535001,1.7108E+11,1,Block Group 1,BG,180963222,611228,7.860416738,7.900000095,0.186234245,Block Group 1; Census Tract 9535; Logan County; Illinois,3467,0,3467
17,1,10200,4,1500000US170010102004,1.7001E+11,4,Block Group 4,BG,16076066,21437,7.793750018,7.800000191,0.129753446,Block Group 4; Census Tract 102; Adams County; Illinois,702,0,702
17,115,2905,1,1500000US171150029051,1.7115E+11,1,Block Group 1,BG,4757570,0,8.76666673,8.800000191,0.124721624,Block Group 1; Census Tract 29.05; Macon County; Illinois,1549,1449,100
17,197,883211,1,1500000US171978832111,1.71979E+11,1,Block Group 1,BG,2534740,0,9.285333199,9.300000191,0.034994921,Block Group 1; Census Tract 8832.11; Will County; Illinois,2901,2901,0
17,135,958000,4,1500000US171359580004,1.7136E+11,4,Block Group 4,BG,477206,0,8.103891942,8.150000095,0.068014213,Block Group 4; Census Tract 9580; Montgomery County; Illinois,1866,1866,0
17,145,30200,3,1500000US171450302003,1.7145E+11,3,Block Group 3,BG,71833240,626531,7.785333347,7.800000191,0.163864506,Block Group 3; Census Tract 302; Perry County; Illinois,2810,0,2810
17,81,50400,3,1500000US170810504003,1.70811E+11,3,Block Group 3,BG,62439022,5795796,7.849206364,7.800000191,0.292158374,Block Group 3; Census Tract 504; Jefferson County; Illinois,1971,0,1971
17,149,952700,3,1500000US171499527003,1.715E+11,3,Block Group 3,BG,13193262,144487,7.75000003,7.75,0.145773914,Block Group 3; Census Tract 9527; Pike County; Illinois,1036,0,1036
17,197,980100,1,1500000US171979801001,1.7198E+11,1,Block Group 1,BG,4412466,0,9.700000048,9.700000286,0.158113732,Block Group 1; Census Tract 9801; Will County; Illinois,2739,2700,39
17,21,958700,3,1500000US170219587003,1.7022E+11,3,Block Group 3,BG,142651595,1748816,7.688652455,7.699999809,0.15623783,Block Group 3; Census Tract 9587; Christian County; Illinois,3291,79,3212
18,121,30300,4,1500000US181210303004,1.8121E+11,4,Block Group 4,BG,38518312,8488,7.945000136,7.950000048,0.120312127,Block Group 4; Census Tract 303; Parke County; Indiana,1616,0,1616
17,179,21801,2,1500000US171790218012,1.7179E+11,2,Block Group 2,BG,22733481,0,7.95454552,8,0.130479191,Block Group 2; Census Tract 218.01; Tazewell County; Illinois,2399,2055,344
17,15,960600,2,1500000US170159606002,1.7016E+11,2,Block Group 2,BG,173410217,4440834,7.696354181,7.699999809,0.243321742,Block Group 2; Census Tract 9606; Carroll County; Illinois,1982,0,1982
17,103,400,5,1500000US171030004005,1.7103E+11,5,Block Group 5,BG,8576724,336713,7.527272701,7.5,0.074965485,Block Group 5; Census Tract 4; Lee County; Illinois,1451,993,458
17,95,500,2,1500000US170950005002,1.7095E+11,2,Block Group 2,BG,14509776,38683,7.986666807,8,0.1309793,Block Group 2; Census Tract 5; Knox County; Illinois,2149,1806,343
17,145,30500,2,1500000US171450305002,1.7145E+11,2,Block Group 2,BG,53632391,675436,7.770689693,7.800000191,0.17221548,Block Group 2; Census Tract 305; Perry County; Illinois,1711,615,1096
17,151,971200,2,1500000US171519712002,1.7152E+11,2,Block Group 2,BG,235842191,2069627,6.309205009,6.300000191,0.149192421,Block Group 2; Census Tract 9712; Pope County; Illinois,917,0,917
17,157,951202,1,1500000US171579512021,1.7158E+11,1,Block Group 1,BG,117608272,7401931,7.692913446,7.800000191,0.386215479,Block Group 1; Census Tract 9512.02; Randolph County; Illinois,3082,2230,852
17,137,952000,2,1500000US171379520002,1.7138E+11,2,Block Group 2,BG,16817889,510223,7.907692359,7.900000095,0.21289777,Block Group 2; Census Tract 9520; Morgan County; Illinois,2917,2506,411
17,105,960700,2,1500000US171059607002,1.7106E+11,2,Block Group 2,BG,4992033,0,7.771428585,7.800000191,0.10301586,Block Group 2; Census Tract 9607; Livingston County; Illinois,2302,2144,158
17,9,970500,2,1500000US170099705002,1.701E+11,2,Block Group 2,BG,13851805,31720,8.035714252,8.099999905,0.355783131,Block Group 2; Census Tract 9705; Brown County; Illinois,2259,0,2259
17,31,837300,2,1500000US170318373002,1.70318E+11,2,Block Group 2,BG,162787,0,9.070308575,9,0.122243085,Block Group 2; Census Tract 8373; Cook County; Illinois,1214,1214,0
17,143,1200,2,1500000US171430012002,1.7143E+11,2,Block Group 2,BG,1040702,249125,8.305485356,8.300000191,0.063482923,Block Group 2; Census Tract 12; Peoria County; Illinois,983,983,0
21,143,960101,3,1500000US211439601013,2.1144E+11,3,Block Group 3,BG,30012273,3952946,6.591666685,6.5,0.381790379,Block Group 3; Census Tract 9601.01; Lyon County; Kentucky,1678,0,1678
21,177,960201,1,1500000US211779602011,2.1178E+11,1,Block Group 1,BG,4941271,915972,7.350000143,7.350000143,0.049999952,Block Group 1; Census Tract 9602.01; Muhlenberg County; Kentucky,1871,1812,59
19,163,10600,2,1500000US191630106002,1.9163E+11,2,Block Group 2,BG,341839,0,8.50934657,8.550000191,0.122830668,Block Group 2; Census Tract 106; Scott County; Iowa,687,687,0
17,31,838600,2,1500000US170318386002,1.70318E+11,2,Block Group 2,BG,123239,0,9,9,0,Block Group 2; Census Tract 8386; Cook County; Illinois,776,776,0
17,89,852905,3,1500000US170898529053,1.70899E+11,3,Block Group 3,BG,2021773,58208,8.599999905,8.599999905,0.099999905,Block Group 3; Census Tract 8529.05; Kane County; Illinois,1563,1563,0
29,221,460300,1,1500000US292214603001,2.92215E+11,1,Block Group 1,BG,30773274,331906,6.157575781,6.199999809,0.185913484,Block Group 1; Census Tract 4603; Washington County; Missouri,4361,0,4361
29,510,126600,2,1500000US295101266002,2.95101E+11,2,Block Group 2,BG,2206930,585050,9.599999905,9.599999905,0.099999905,Block Group 2; Census Tract 1266; St. Louis city; Missouri,1182,1182,0
21,143,960102,1,1500000US211439601021,2.1144E+11,1,Block Group 1,BG,50108152,731252,6.576923068,6.599999905,0.258408874,Block Group 1; Census Tract 9601.02; Lyon County; Kentucky,2204,0,2204
18,167,11201,3,1500000US181670112013,1.8167E+11,3,Block Group 3,BG,3332049,2819,8.73333327,8.699999809,0.047140632,Block Group 3; Census Tract 112.01; Vigo County; Indiana,2626,2602,24
17,5,951300,5,1500000US170059513005,1.7006E+11,5,Block Group 5,BG,11149538,0,8.491666635,8.5,0.15523288,Block Group 5; Census Tract 9513; Bond County; Illinois,2431,2274,157
17,31,839100,2,1500000US170318391002,1.70318E+11,2,Block Group 2,BG,324088,20433,9.300000191,9.300000191,1.78E-15,Block Group 2; Census Tract 8391; Cook County; Illinois,3215,3215,0
29,187,950902,4,1500000US291879509024,2.9188E+11,4,Block Group 4,BG,1314839,0,6.533333302,6.5,0.124721794,Block Group 4; Census Tract 9509.02; St. Francois County; Missouri,3110,3110,0
29,189,221503,1,1500000US291892215031,2.91892E+11,1,Block Group 1,BG,19012141,372968,7.610000062,7.5,0.24269319,Block Group 1; Census Tract 2215.03; St. Louis County; Missouri,3354,3229,125
29,7,950100,2,1500000US290079501002,2.9008E+11,2,Block Group 2,BG,2466238,1542,7.649999857,7.649999857,0.049999952,Block Group 2; Census Tract 9501; Audrain County; Missouri,2137,0,2137
29,187,950300,5,1500000US291879503005,2.9188E+11,5,Block Group 5,BG,13480419,22747,6.307692418,6.300000191,0.126864817,Block Group 5; Census Tract 9503; St. Francois County; Missouri,3188,2591,597
19,57,400,2,1500000US190570004002,1.9057E+11,2,Block Group 2,BG,620932,0,7.276266449,7.25,0.097484711,Block Group 2; Census Tract 4; Des Moines County; Iowa,584,584,0
19,163,10900,1,1500000US191630109001,1.9163E+11,1,Block Group 1,BG,1360488,373935,8.800000191,8.800000191,0,Block Group 1; Census Tract 109; Scott County; Iowa,725,725,0
27,131,70701,1,1500000US271310707011,2.71311E+11,1,Block Group 1,BG,4483346,0,5.800000191,5.800000191,0,Block Group 1; Census Tract 707.01; Rice County; Minnesota,3069,2900,169
27,61,480401,3,1500000US270614804013,2.70615E+11,3,Block Group 3,BG,591668420,30714510,3.930851096,3.900000095,0.082869517,Block Group 3; Census Tract 4804.01; Itasca County; Minnesota,493,0,493
27,163,70801,1,1500000US271630708011,2.71631E+11,1,Block Group 1,BG,214676,0,7.363548762,7.400000095,0.047243413,Block Group 1; Census Tract 708.01; Washington County; Minnesota,1523,1523,0
27,161,790500,2,1500000US271617905002,2.71618E+11,2,Block Group 2,BG,9470543,566017,5.759999943,5.699999809,0.091651614,Block Group 2; Census Tract 7905; Waseca County; Minnesota,2227,2142,85
27,3,50229,2,1500000US270030502292,2.70031E+11,2,Block Group 2,BG,337681,0,7.038028821,7,0.106986785,Block Group 2; Census Tract 502.29; Anoka County; Minnesota,317,317,0
27,17,70501,2,1500000US270170705012,2.70171E+11,2,Block Group 2,BG,5407965,1133729,4.533333302,4.599999905,0.094280814,Block Group 2; Census Tract 705.01; Carlton County; Minnesota,2179,0,2179
27,139,80500,2,1500000US271390805002,2.71391E+11,2,Block Group 2,BG,731226,0,6.571030615,6.549999952,0.110640153,Block Group 2; Census Tract 805; Scott County; Minnesota,1649,1649,0
55,17,10500,2,1500000US550170105002,5.5017E+11,2,Block Group 2,BG,12520555,7656881,6.727999992,6.699999809,0.190829764,Block Group 2; Census Tract 105; Chippewa County; Wisconsin,2814,2616,198
55,53,960100,3,1500000US550539601003,5.5054E+11,3,Block Group 3,BG,383320703,2758471,6.140191344,6.099999905,0.12796518,Block Group 3; Census Tract 9601; Jackson County; Wisconsin,2359,0,2359
27,115,950402,3,1500000US271159504023,2.7116E+11,3,Block Group 3,BG,39966079,1001752,4.569387718,4.599999905,0.105374091,Block Group 3; Census Tract 9504.02; Pine County; Minnesota,1843,0,1843
27,137,302,1,1500000US271370003021,2.7137E+11,1,Block Group 1,BG,27477811,0,4.742105283,4.800000191,0.148024921,Block Group 1; Census Tract 3.02; St. Louis County; Minnesota,2364,2017,347
27,109,2300,4,1500000US271090023004,2.7109E+11,4,Block Group 4,BG,1805300,136117,6.75,6.75,0.050000191,Block Group 4; Census Tract 23; Olmsted County; Minnesota,1397,1397,0
55,1,950502,1,1500000US550019505021,5.5002E+11,1,Block Group 1,BG,40770227,606846,6.246341403,6.199999809,0.101447096,Block Group 1; Census Tract 9505.02; Adams County; Wisconsin,1491,0,1491
27,115,950200,2,1500000US271159502002,2.7116E+11,2,Block Group 2,BG,140925546,1691382,4.39252875,4.400000095,0.147786085,Block Group 2; Census Tract 9502; Pine County; Minnesota,1992,0,1992
27,141,31500,4,1500000US271410315004,2.7141E+11,4,Block Group 4,BG,1734341,37970,5.400000095,5.400000095,0,Block Group 4; Census Tract 315; Sherburne County; Minnesota,1221,1221,0
27,25,110201,1,1500000US270251102011,2.70251E+11,1,Block Group 1,BG,55111671,1195658,5.431250066,5.400000095,0.098226367,Block Group 1; Census Tract 1102.01; Chisago County; Minnesota,2728,0,2728
27,163,70802,1,1500000US271630708021,2.71631E+11,1,Block Group 1,BG,744326,7791,7.238269244,7.300000191,0.05503323,Block Group 1; Census Tract 708.02; Washington County; Minnesota,378,378,0
27,103,480400,2,1500000US271034804002,2.71035E+11,2,Block Group 2,BG,8078068,81637,5.599999964,5.599999905,0.100000024,Block Group 2; Census Tract 4804; Nicollet County; Minnesota,1604,969,635
55,109,120501,3,1500000US551091205013,5.51091E+11,3,Block Group 3,BG,25189759,625801,6.609374925,6.599999905,0.087889738,Block Group 3; Census Tract 1205.01; St. Croix County; Wisconsin,2025,1446,579
55,21,970401,1,1500000US550219704011,5.5022E+11,1,Block Group 1,BG,24246354,1036890,6.599999941,6.599999905,0.091986613,Block Group 1; Census Tract 9704.01; Columbia County; Wisconsin,2968,2732,236
55,57,100500,2,1500000US550571005002,5.50571E+11,2,Block Group 2,BG,9053813,374709,6.350000048,6.400000095,0.080622678,Block Group 2; Census Tract 1005; Juneau County; Wisconsin,1223,0,1223
55,57,100400,4,1500000US550571004004,5.50571E+11,4,Block Group 4,BG,31249671,1256738,6.218421083,6.25,0.148422043,Block Group 4; Census Tract 1004; Juneau County; Wisconsin,1732,0,1732
55,17,10800,5,1500000US550170108005,5.5017E+11,5,Block Group 5,BG,49459672,56599,6.333928687,6.300000191,0.066216081,Block Group 5; Census Tract 108; Chippewa County; Wisconsin,2603,0,2603
55,113,100800,3,1500000US551131008003,5.51131E+11,3,Block Group 3,BG,620038515,10241882,4.797350051,4.800000191,0.167951715,Block Group 3; Census Tract 1008; Sawyer County; Wisconsin,584,0,584
55,31,30302,1,1500000US550310303021,5.5031E+11,1,Block Group 1,BG,322530941,8372681,4.265671662,4.300000191,0.07639705,Block Group 1; Census Tract 303.02; Douglas County; Wisconsin,756,0,756
55,85,970900,4,1500000US550859709004,5.5086E+11,4,Block Group 4,BG,28970361,9925471,4.874418702,4.900000095,0.071829963,Block Group 4; Census Tract 9709; Oneida County; Wisconsin,807,0,807
46,99,100,3,1500000US460990001003,4.6099E+11,3,Block Group 3,BG,459996,11804,5.749368127,5.75,0.086422376,Block Group 3; Census Tract 1; Minnehaha County; South Dakota,1638,1638,0
24,510,100300,1,1500000US245101003001,2.45101E+11,1,Block Group 1,BG,156309,0,8.297246452,8.099999905,0.294651053,Block Group 1; Census Tract 1003; Baltimore city; Maryland,2085,2085,0
24,3,740400,1,1500000US240037404001,2.40037E+11,1,Block Group 1,BG,1830536,0,7.200000048,7.200000048,0.200000048,Block Group 1; Census Tract 7404; Anne Arundel County; Maryland,3937,3937,0
24,510,100200,3,1500000US245101002003,2.45101E+11,3,Block Group 3,BG,74834,0,8.345530397,8.300000191,0.303435519,Block Group 3; Census Tract 1002; Baltimore city; Maryland,962,962,0
24,27,601203,2,1500000US240276012032,2.40276E+11,2,Block Group 2,BG,6547895,2535,7.262500048,7.300000191,0.111102532,Block Group 2; Census Tract 6012.03; Howard County; Maryland,5871,5871,0
24,39,930800,4,1500000US240399308004,2.40399E+11,4,Block Group 4,BG,16063293,238214,6.387500107,6.400000095,0.09921558,Block Group 4; Census Tract 9308; Somerset County; Maryland,3392,0,3392
24,510,260404,2,1500000US245102604042,2.45103E+11,2,Block Group 2,BG,2069541,0,8.916247644,9,0.222447785,Block Group 2; Census Tract 2604.04; Baltimore city; Maryland,632,632,0
11,1,6804,1,1500000US110010068041,1.1001E+11,1,Block Group 1,BG,1542277,477741,7.550000191,7.550000191,0.25,Block Group 1; Census Tract 68.04; District of Columbia; District of Columbia,2429,2429,0
10,5,50505,1,1500000US100050505051,1.00051E+11,1,Block Group 1,BG,6524655,0,6.285714218,6.199999809,0.14568634,Block Group 1; Census Tract 505.05; Sussex County; Delaware,2420,2249,171
24,13,505203,2,1500000US240135052032,2.40135E+11,2,Block Group 2,BG,5932373,11991,6.485714367,6.400000095,0.241593406,Block Group 2; Census Tract 5052.03; Carroll County; Maryland,2776,1955,821
34,11,20502,1,1500000US340110205021,3.4011E+11,1,Block Group 1,BG,353813,0,6.1866848,6.149999857,0.062014356,Block Group 1; Census Tract 205.02; Cumberland County; New Jersey,3913,3913,0
34,11,10402,1,1500000US340110104021,3.4011E+11,1,Block Group 1,BG,1093686,0,5.950000048,5.950000048,0.049999952,Block Group 1; Census Tract 104.02; Cumberland County; New Jersey,1054,0,1054
10,3,16904,1,1500000US100030169041,1.0003E+11,1,Block Group 1,BG,95345002,7431815,6.726923085,6.599999905,0.349513611,Block Group 1; Census Tract 169.04; New Castle County; Delaware,3096,0,3096
10,3,15200,5,1500000US100030152005,1.0003E+11,5,Block Group 5,BG,7213163,358623,7.987500012,8,0.183285999,Block Group 5; Census Tract 152; New Castle County; Delaware,1414,1414,0
10,1,41400,1,1500000US100010414001,1.0001E+11,1,Block Group 1,BG,6066563,0,6.933333397,6.900000095,0.094280814,Block Group 1; Census Tract 414; Kent County; Delaware,2623,2623,0
24,35,810300,3,1500000US240358103003,2.40358E+11,3,Block Group 3,BG,73808560,0,6.13376623,6.099999905,0.149118979,Block Group 3; Census Tract 8103; Queen Anne's County; Maryland,1874,0,1874
24,45,10800,3,1500000US240450108003,2.4045E+11,3,Block Group 3,BG,121543265,15600336,6.487200001,6.5,0.194309423,Block Group 3; Census Tract 108; Wicomico County; Maryland,882,0,882
24,17,851302,3,1500000US240178513023,2.40179E+11,3,Block Group 3,BG,372858,0,5.696104765,5.699999809,0.098110388,Block Group 3; Census Tract 8513.02; Charles County; Maryland,111,0,111
51,159,40200,1,1500000US511590402001,5.1159E+11,1,Block Group 1,BG,67287808,938513,5.766666654,5.800000191,0.180712517,Block Group 1; Census Tract 402; Richmond County; Virginia,2637,0,2637
51,179,10106,1,1500000US511790101061,5.1179E+11,1,Block Group 1,BG,21360681,34541,5.869999981,5.900000095,0.141774505,Block Group 1; Census Tract 101.06; Stafford County; Virginia,1944,564,1380
51,33,30600,1,1500000US510330306001,5.1033E+11,1,Block Group 1,BG,68299767,235121,6.162500004,6.099999905,0.150404593,Block Group 1; Census Tract 306; Caroline County; Virginia,1270,0,1270
44,7,14200,2,1500000US440070142002,4.4007E+11,2,Block Group 2,BG,4200237,49963,6.619999886,6.599999905,0.074833076,Block Group 2; Census Tract 142; Providence County; Rhode Island,3481,3481,0
44,7,10900,1,1500000US440070109001,4.4007E+11,1,Block Group 1,BG,414391,36903,6.397808201,6.400000095,0.129682556,Block Group 1; Census Tract 109; Providence County; Rhode Island,1540,1540,0
16,43,970301,2,1500000US160439703012,1.6044E+11,2,Block Group 2,BG,12653488,268152,4.29230778,4.300000191,0.061538568,Block Group 2; Census Tract 9703.01; Fremont County; Idaho,1292,0,1292
30,93,102,2,1500000US300930001022,3.0093E+11,2,Block Group 2,BG,563137,0,3.911525402,4.049999952,0.138239728,Block Group 2; Census Tract 1.02; Silver Bow County; Montana,1113,1113,0
16,1,10501,1,1500000US160010105011,1.6001E+11,1,Block Group 1,BG,1022415889,5451232,5.813093139,5.75,0.430692961,Block Group 1; Census Tract 105.01; Ada County; Idaho,7796,0,7796
16,49,960300,2,1500000US160499603002,1.605E+11,2,Block Group 2,BG,951681929,4226085,4.258227841,4.300000191,0.447769368,Block Group 2; Census Tract 9603; Idaho County; Idaho,1258,0,1258
16,5,1603,2,1500000US160050016032,1.6005E+11,2,Block Group 2,BG,4689341,52932,5.1,5.099999905,0.141421356,Block Group 2; Census Tract 16.03; Bannock County; Idaho,1937,1467,470
16,35,940001,2,1500000US160359400012,1.60359E+11,2,Block Group 2,BG,21670981,6693728,5.263636358,5.400000095,0.33468047,Block Group 2; Census Tract 9400.01; Clearwater County; Idaho,1250,0,1250
30,101,980000,1,1500000US301019800001,3.0102E+11,1,Block Group 1,BG,353797,0,4.900000095,4.900000095,0,Block Group 1; Census Tract 9800; Toole County; Montana,701,0,701
16,19,971401,2,1500000US160199714012,1.602E+11,2,Block Group 2,BG,25017827,695916,4.896774261,4.900000095,0.096666577,Block Group 2; Census Tract 9714.01; Bonneville County; Idaho,2408,1952,456
16,27,21104,3,1500000US160270211043,1.6027E+11,3,Block Group 3,BG,2484527,17735,7.099999905,7.099999905,0,Block Group 3; Census Tract 211.04; Canyon County; Idaho,1169,1169,0
16,1,704,2,1500000US160010007042,1.6001E+11,2,Block Group 2,BG,10078494,130770,6.045454545,6,0.115708367,Block Group 2; Census Tract 7.04; Ada County; Idaho,2181,2089,92
30,43,962202,3,1500000US300439622023,3.0044E+11,3,Block Group 3,BG,55309997,40554,3.93809518,3.900000095,0.233284656,Block Group 3; Census Tract 9622.02; Jefferson County; Montana,1437,0,1437
30,23,500,1,1500000US300230005001,3.0023E+11,1,Block Group 1,BG,418114968,2754143,4.425200022,4.5,0.408368689,Block Group 1; Census Tract 5; Deer Lodge County; Montana,946,0,946
30,49,1101,2,1500000US300490011012,3.0049E+11,2,Block Group 2,BG,12519330,3063,5.393333435,5.400000095,0.067986862,Block Group 2; Census Tract 11.01; Lewis and Clark County; Montana,1740,1706,34
30,63,204,2,1500000US300630002042,3.0063E+11,2,Block Group 2,BG,1514232,13054,6.900000095,6.900000095,0,Block Group 2; Census Tract 2.04; Missoula County; Montana,1483,1483,0
41,45,970900,3,1500000US410459709003,4.1046E+11,3,Block Group 3,BG,5042433790,17501806,5.329781237,5.300000191,0.346851155,Block Group 3; Census Tract 9709; Malheur County; Oregon,3520,0,3520
30,13,10700,1,1500000US300130107001,3.0013E+11,1,Block Group 1,BG,314540913,2729762,4.873670258,4.900000095,0.134573149,Block Group 1; Census Tract 107; Cascade County; Montana,1931,395,1536
30,77,200,6,1500000US300770002006,3.0077E+11,6,Block Group 6,BG,31037220,170827,4.773529445,4.800000191,0.146144273,Block Group 6; Census Tract 2; Powell County; Montana,1636,0,1636
30,13,300,1,1500000US300130003001,3.0013E+11,1,Block Group 1,BG,837631,184508,5.049999952,5.049999952,0.049999952,Block Group 1; Census Tract 3; Cascade County; Montana,826,826,0
33,7,950600,1,1500000US330079506001,3.3008E+11,1,Block Group 1,BG,10839124,478563,4.361538594,4.400000095,0.062492544,Block Group 1; Census Tract 9506; Coos County; New Hampshire,1681,908,773
33,13,32600,2,1500000US330130326002,3.3013E+11,2,Block Group 2,BG,10850597,1494269,5.423076996,5.400000095,0.069656742,Block Group 2; Census Tract 326; Merrimack County; New Hampshire,3975,3569,406
33,11,1400,1,1500000US330110014001,3.3011E+11,1,Block Group 1,BG,232725,0,5.199999809,5.199999809,0,Block Group 1; Census Tract 14; Hillsborough County; New Hampshire,1165,1165,0
50,5,957400,1,1500000US500059574001,5.0006E+11,1,Block Group 1,BG,45766478,345482,4.870588349,4.900000095,0.077444722,Block Group 1; Census Tract 9574; Caledonia County; Vermont,1427,531,896
50,19,951400,2,1500000US500199514002,5.002E+11,2,Block Group 2,BG,845607,80887,5.149999857,5.149999857,0.049999952,Block Group 2; Census Tract 9514; Orleans County; Vermont,381,0,381
50,27,966700,4,1500000US500279667004,5.0028E+11,4,Block Group 4,BG,30496772,300574,5.060606061,5.099999905,0.16866567,Block Group 4; Census Tract 9667; Windsor County; Vermont,1725,584,1141
33,13,32100,1,1500000US330130321001,3.3013E+11,1,Block Group 1,BG,1700460,0,5.300000191,5.300000191,0,Block Group 1; Census Tract 321; Merrimack County; New Hampshire,1344,1298,46
13,297,110702,3,1500000US132971107023,1.32971E+11,3,Block Group 3,BG,32475842,458646,7.245161318,7.300000191,0.236695956,Block Group 3; Census Tract 1107.02; Walton County; Georgia,1360,509,851
37,131,920303,2,1500000US371319203032,3.71319E+11,2,Block Group 2,BG,104853370,1543021,5.902830196,5.900000095,0.160457796,Block Group 2; Census Tract 9203.03; Northampton County; North Carolina,458,0,458
37,77,970704,1,1500000US370779707041,3.7078E+11,1,Block Group 1,BG,7857872,18933,6.799999986,7,0.267261216,Block Group 1; Census Tract 9707.04; Granville County; North Carolina,2032,0,2032
37,63,2100,4,1500000US370630021004,3.7063E+11,4,Block Group 4,BG,51554272,4225128,6.858333325,6.800000191,0.35650698,Block Group 4; Census Tract 21; Durham County; North Carolina,3376,0,3376
13,135,50636,1,1500000US131350506361,1.31351E+11,1,Block Group 1,BG,2547635,0,8.599999746,8.699999809,0.141421446,Block Group 1; Census Tract 506.36; Gwinnett County; Georgia,3428,3428,0
13,147,960502,1,1500000US131479605021,1.3148E+11,1,Block Group 1,BG,29870180,5443122,6.651515123,6.699999809,0.561448984,Block Group 1; Census Tract 9605.02; Hart County; Georgia,2134,710,1424
51,550,21104,2,1500000US515500211042,5.155E+11,2,Block Group 2,BG,44991560,1949571,5.703999968,5.599999905,0.269785094,Block Group 2; Census Tract 211.04; Chesapeake city; Virginia,3073,0,3073
13,135,50615,2,1500000US131350506152,1.31351E+11,2,Block Group 2,BG,1363855,3456,8.326404027,8.300000191,0.112681461,Block Group 2; Census Tract 506.15; Gwinnett County; Georgia,526,526,0
37,91,980000,1,1500000US370919800001,3.7092E+11,1,Block Group 1,BG,198929,0,6.099999905,6.099999905,8.88E-16,Block Group 1; Census Tract 9800; Hertford County; North Carolina,1215,0,1215
13,137,601,4,1500000US131370006014,1.3137E+11,4,Block Group 4,BG,3506607,17425,7.033333302,7,0.047140407,Block Group 4; Census Tract 6.01; Habersham County; Georgia,2385,2058,327
13,291,206,2,1500000US132910002062,1.3291E+11,2,Block Group 2,BG,12959642,2100,6.954545411,7,0.490572241,Block Group 2; Census Tract 2.06; Union County; Georgia,1061,0,1061
37,15,960402,3,1500000US370159604023,3.7016E+11,3,Block Group 3,BG,666088,0,5.313793004,5.300000191,0.044728033,Block Group 3; Census Tract 9604.02; Bertie County; North Carolina,1338,0,1338
37,31,970703,3,1500000US370319707033,3.7032E+11,3,Block Group 3,BG,3039129,47711,4.925000072,4.900000095,0.10897237,Block Group 3; Census Tract 9707.03; Carteret County; North Carolina,1034,696,338
37,57,61400,1,1500000US370570614001,3.70571E+11,1,Block Group 1,BG,2169837,0,7.459279186,7.549999952,0.189024489,Block Group 1; Census Tract 614; Davidson County; North Carolina,971,944,27
37,129,11504,2,1500000US371290115042,3.7129E+11,2,Block Group 2,BG,10050114,743879,5.718181784,5.699999809,0.199171829,Block Group 2; Census Tract 115.04; New Hanover County; North Carolina,2348,2201,147
37,137,950103,1,1500000US371379501031,3.7138E+11,1,Block Group 1,BG,61620465,0,5.048437491,5.099999905,0.217221231,Block Group 1; Census Tract 9501.03; Pamlico County; North Carolina,1780,0,1780
37,183,50800,3,1500000US371830508003,3.71831E+11,3,Block Group 3,BG,928473,10158,7.672368279,7.699999809,0.132023456,Block Group 3; Census Tract 508; Wake County; North Carolina,2401,2401,0
37,159,51201,1,1500000US371590512011,3.71591E+11,1,Block Group 1,BG,6314418,0,7.150000016,7.149999857,0.138443771,Block Group 1; Census Tract 512.01; Rowan County; North Carolina,1152,1065,87
37,77,970703,1,1500000US370779707031,3.7078E+11,1,Block Group 1,BG,5651718,0,7.066666683,7.049999952,0.124721943,Block Group 1; Census Tract 9707.03; Granville County; North Carolina,1423,0,1423
37,139,960502,2,1500000US371399605022,3.714E+11,2,Block Group 2,BG,19472323,0,5.266666651,5.199999809,0.270801276,Block Group 2; Census Tract 9605.02; Pasquotank County; North Carolina,2164,202,1962
37,165,10400,1,1500000US371650104001,3.7165E+11,1,Block Group 1,BG,61827348,79031,6.511475415,6.5,0.244344795,Block Group 1; Census Tract 104; Scotland County; North Carolina,3136,0,3136
37,105,30300,2,1500000US371050303002,3.7105E+11,2,Block Group 2,BG,2632252,0,6.900000095,6.900000095,0,Block Group 2; Census Tract 303; Lee County; North Carolina,1746,1746,0
37,123,960201,2,1500000US371239602012,3.7124E+11,2,Block Group 2,BG,30078974,113410,6.479310381,6.400000095,0.23100875,Block Group 2; Census Tract 9602.01; Montgomery County; North Carolina,1028,0,1028
37,177,960100,1,1500000US371779601001,3.7178E+11,1,Block Group 1,BG,159358894,55685897,5.171270705,5.099999905,0.410030365,Block Group 1; Census Tract 9601; Tyrrell County; North Carolina,887,0,887
37,83,931000,2,1500000US370839310002,3.70839E+11,2,Block Group 2,BG,89702779,0,6.153846143,6.099999905,0.197404971,Block Group 2; Census Tract 9310; Halifax County; North Carolina,1628,0,1628
37,23,21301,4,1500000US370230213014,3.7023E+11,4,Block Group 4,BG,20449094,0,6.195454489,6.199999809,0.139731188,Block Group 4; Census Tract 213.01; Burke County; North Carolina,1927,393,1534
21,13,961100,1,1500000US210139611001,2.1014E+11,1,Block Group 1,BG,79194762,186266,6.662499994,6.649999857,0.176334212,Block Group 1; Census Tract 9611; Bell County; Kentucky,812,0,812
45,65,920200,2,1500000US450659202002,4.50659E+11,2,Block Group 2,BG,71262373,127456,6.650000014,6.699999809,0.161908292,Block Group 2; Census Tract 9202; McCormick County; South Carolina,1404,0,1404
45,69,960302,2,1500000US450699603022,4.507E+11,2,Block Group 2,BG,49287910,2148414,6.349999993,6.400000095,0.247767817,Block Group 2; Census Tract 9603.02; Marlboro County; South Carolina,3877,865,3012
45,85,100,1,1500000US450850001001,4.5085E+11,1,Block Group 1,BG,71083034,1658987,6.628767125,6.699999809,0.310756713,Block Group 1; Census Tract 1; Sumter County; South Carolina,1366,0,1366
45,37,970204,4,1500000US450379702044,4.5038E+11,4,Block Group 4,BG,22254686,108661,6.787499964,6.699999809,0.289125806,Block Group 4; Census Tract 9702.04; Edgefield County; South Carolina,1814,0,1814
51,77,60201,3,1500000US510770602013,5.10771E+11,3,Block Group 3,BG,43832159,1837872,6.513636372,6.5,0.128965934,Block Group 3; Census Tract 602.01; Grayson County; Virginia,1730,0,1730
37,21,2701,3,1500000US370210027013,3.7021E+11,3,Block Group 3,BG,5178039,423160,6.466666698,6.400000095,0.094280814,Block Group 3; Census Tract 27.01; Buncombe County; North Carolina,1052,330,722
37,49,960202,1,1500000US370499602021,3.705E+11,1,Block Group 1,BG,169378101,0,5.165269449,5.199999809,0.161552422,Block Group 1; Census Tract 9602.02; Craven County; North Carolina,1976,0,1976
37,67,1400,2,1500000US370670014002,3.7067E+11,2,Block Group 2,BG,3868332,9072,7.833333492,7.800000191,0.047140407,Block Group 2; Census Tract 14; Forsyth County; North Carolina,1833,1833,0
37,69,60801,2,1500000US370690608012,3.70691E+11,2,Block Group 2,BG,34015117,172768,6.926470616,6.900000095,0.185200704,Block Group 2; Census Tract 608.01; Franklin County; North Carolina,2724,0,2724
37,109,70201,2,1500000US371090702012,3.71091E+11,2,Block Group 2,BG,3025667,2453,6.850000143,6.850000143,0.049999952,Block Group 2; Census Tract 702.01; Lincoln County; North Carolina,984,984,0
37,11,930400,1,1500000US370119304001,3.70119E+11,1,Block Group 1,BG,64836054,0,5.512698401,5.400000095,0.461017548,Block Group 1; Census Tract 9304; Avery County; North Carolina,3010,0,3010
37,155,960801,1,1500000US371559608011,3.7156E+11,1,Block Group 1,BG,6638869,0,6.26666681,6.350000143,0.213437445,Block Group 1; Census Tract 9608.01; Robeson County; North Carolina,1559,384,1175
37,111,970903,1,1500000US371119709031,3.7112E+11,1,Block Group 1,BG,22470232,40014,5.977272706,5.950000048,0.173026037,Block Group 1; Census Tract 9709.03; McDowell County; North Carolina,1962,22,1940
37,159,51201,3,1500000US371590512013,3.71591E+11,3,Block Group 3,BG,3587868,0,7.125,7.099999905,0.129903847,Block Group 3; Census Tract 512.01; Rowan County; North Carolina,1909,1909,0
37,183,51102,3,1500000US371830511023,3.71831E+11,3,Block Group 3,BG,799733,0,8.084435742,8,0.093197689,Block Group 3; Census Tract 511.02; Wake County; North Carolina,980,980,0
37,47,931000,3,1500000US370479310003,3.70479E+11,3,Block Group 3,BG,35327798,193236,5.19411763,5.149999857,0.304805782,Block Group 3; Census Tract 9310; Columbus County; North Carolina,2064,499,1565
37,79,950102,2,1500000US370799501022,3.708E+11,2,Block Group 2,BG,33937096,0,6.08888887,6.099999905,0.241267251,Block Group 2; Census Tract 9501.02; Greene County; North Carolina,3563,0,3563
37,93,970201,2,1500000US370939702012,3.7094E+11,2,Block Group 2,BG,29236090,45298,6.589999962,6.599999905,0.132539251,Block Group 2; Census Tract 9702.01; Hoke County; North Carolina,1022,0,1022
47,91,956100,1,1500000US470919561001,4.7092E+11,1,Block Group 1,BG,69262383,0,6.554411804,6.549999952,0.497474151,Block Group 1; Census Tract 9561; Johnson County; Tennessee,3068,0,3068
45,61,920301,1,1500000US450619203011,4.50619E+11,1,Block Group 1,BG,225557,0,6.399997687,6.299999952,0.141419856,Block Group 1; Census Tract 9203.01; Lee County; South Carolina,215,0,215
45,79,10408,1,1500000US450790104081,4.5079E+11,1,Block Group 1,BG,8805504,673082,7.275000095,7.300000191,0.08291572,Block Group 1; Census Tract 104.08; Richland County; South Carolina,4495,3990,505
45,57,10201,2,1500000US450570102012,4.5057E+11,2,Block Group 2,BG,41209274,17830,6.626829229,6.400000095,0.543262239,Block Group 2; Census Tract 102.01; Lancaster County; South Carolina,2075,0,2075
45,83,21805,1,1500000US450830218051,4.5083E+11,1,Block Group 1,BG,2493746,12646,7.849999905,7.849999905,0.150000095,Block Group 1; Census Tract 218.05; Spartanburg County; South Carolina,885,885,0
45,79,10806,1,1500000US450790108061,4.5079E+11,1,Block Group 1,BG,5462626,165645,6.900000095,6.900000095,0.08164958,Block Group 1; Census Tract 108.06; Richland County; South Carolina,1176,1176,0
45,41,101,2,1500000US450410001012,4.5041E+11,2,Block Group 2,BG,19179543,0,6.344999933,6.199999809,0.263581155,Block Group 2; Census Tract 1.01; Florence County; South Carolina,2093,1440,653
45,45,3203,2,1500000US450450032032,4.5045E+11,2,Block Group 2,BG,27557248,514103,6.585185157,6.599999905,0.189938993,Block Group 2; Census Tract 32.03; Greenville County; South Carolina,2757,0,2757
45,27,980000,1,1500000US450279800001,4.5028E+11,1,Block Group 1,BG,271851,0,5.629875201,5.699999809,0.107629776,Block Group 1; Census Tract 9800; Clarendon County; South Carolina,1015,0,1015
37,21,3108,1,1500000US370210031081,3.7021E+11,1,Block Group 1,BG,43811014,719946,5.083333345,4.799999952,1.163516135,Block Group 1; Census Tract 31.08; Buncombe County; North Carolina,2467,1783,684
37,3,40600,3,1500000US370030406003,3.7003E+11,3,Block Group 3,BG,14536414,12255,6.357142959,6.300000191,0.090350763,Block Group 3; Census Tract 406; Alexander County; North Carolina,2444,0,2444
37,167,930200,1,1500000US371679302001,3.71679E+11,1,Block Group 1,BG,14844587,56268,6.833333333,6.800000191,0.309120627,Block Group 1; Census Tract 9302; Stanly County; North Carolina,1656,0,1656
37,71,30404,1,1500000US370710304041,3.7071E+11,1,Block Group 1,BG,11305277,83293,6.769999981,6.599999905,0.325729939,Block Group 1; Census Tract 304.04; Gaston County; North Carolina,1282,1009,273
37,85,70700,3,1500000US370850707003,3.70851E+11,3,Block Group 3,BG,39086904,3346328,7.085365854,7.099999905,0.209017435,Block Group 3; Census Tract 707; Harnett County; North Carolina,1686,163,1523
37,135,10902,2,1500000US371350109022,3.7135E+11,2,Block Group 2,BG,11622346,17843,6.738461531,6.699999809,0.297524236,Block Group 2; Census Tract 109.02; Orange County; North Carolina,3802,3450,352
37,95,920102,2,1500000US370959201022,3.70959E+11,2,Block Group 2,BG,313364873,147597200,5.037677056,5,0.431575593,Block Group 2; Census Tract 9201.02; Hyde County; North Carolina,1159,0,1159
37,161,960600,3,1500000US371619606003,3.7162E+11,3,Block Group 3,BG,6599595,0,6.166666667,6.149999857,0.249443768,Block Group 3; Census Tract 9606; Rutherford County; North Carolina,1202,936,266
37,141,920402,2,1500000US371419204022,3.71419E+11,2,Block Group 2,BG,16345534,12064,5.293333371,5.300000191,0.099777616,Block Group 2; Census Tract 9204.02; Pender County; North Carolina,1734,0,1734
37,101,40904,1,1500000US371010409041,3.7101E+11,1,Block Group 1,BG,14911184,47692,7.528571435,7.549999952,0.194306707,Block Group 1; Census Tract 409.04; Johnston County; North Carolina,2128,209,1919
37,151,30100,2,1500000US371510301002,3.7151E+11,2,Block Group 2,BG,7964574,6441,6.949999968,7,0.281365745,Block Group 2; Census Tract 301; Randolph County; North Carolina,2412,2220,192
37,27,30400,4,1500000US370270304004,3.7027E+11,4,Block Group 4,BG,4491297,0,6.816666683,6.850000143,0.167497973,Block Group 4; Census Tract 304; Caldwell County; North Carolina,1672,1672,0
37,127,11104,1,1500000US371270111041,3.7127E+11,1,Block Group 1,BG,46443198,53263,6.856521731,6.800000191,0.192976893,Block Group 1; Census Tract 111.04; Nash County; North Carolina,1672,0,1672
37,33,930200,4,1500000US370339302004,3.70339E+11,4,Block Group 4,BG,10108020,53064,6.300000095,6.300000191,0.089442794,Block Group 4; Census Tract 9302; Caswell County; North Carolina,1677,0,1677
37,35,11601,3,1500000US370350116013,3.7035E+11,3,Block Group 3,BG,11484602,36746,6.699999968,6.699999809,0.135400687,Block Group 3; Census Tract 116.01; Catawba County; North Carolina,1384,473,911
37,33,930200,2,1500000US370339302002,3.70339E+11,2,Block Group 2,BG,77788130,241200,6.058974346,6.099999905,0.124484437,Block Group 2; Census Tract 9302; Caswell County; North Carolina,2055,0,2055
37,163,970600,1,1500000US371639706001,3.7164E+11,1,Block Group 1,BG,16464331,32352,6.228571381,6.199999809,0.103015837,Block Group 1; Census Tract 9706; Sampson County; North Carolina,1732,810,922
37,191,1103,1,1500000US371910011031,3.7191E+11,1,Block Group 1,BG,36180190,758382,6.838888857,6.900000095,0.236029394,Block Group 1; Census Tract 11.03; Wayne County; North Carolina,1511,258,1253
37,47,931201,3,1500000US370479312013,3.70479E+11,3,Block Group 3,BG,22906469,315827,5.245454593,5.300000191,0.152932816,Block Group 3; Census Tract 9312.01; Columbus County; North Carolina,1970,0,1970
37,185,950202,2,1500000US371859502022,3.7186E+11,2,Block Group 2,BG,31981353,114619,6.433333368,6.400000095,0.117206489,Block Group 2; Census Tract 9502.02; Warren County; North Carolina,1344,0,1344
37,193,961100,2,1500000US371939611002,3.7194E+11,2,Block Group 2,BG,7700295,0,6.162499964,6.199999809,0.111102472,Block Group 2; Census Tract 9611; Wilkes County; North Carolina,1141,992,149
37,153,970100,2,1500000US371539701002,3.7154E+11,2,Block Group 2,BG,87744026,1612696,6.539772727,6.599999905,0.18619378,Block Group 2; Census Tract 9701; Richmond County; North Carolina,2097,0,2097
37,7,980000,1,1500000US370079800001,3.7008E+11,1,Block Group 1,BG,1422729,0,6.649999857,6.649999857,0.049999952,Block Group 1; Census Tract 9800; Anson County; North Carolina,1366,0,1366
45,83,23806,1,1500000US450830238061,4.5083E+11,1,Block Group 1,BG,75561476,499523,6.164102524,6.199999809,0.12297008,Block Group 1; Census Tract 238.06; Spartanburg County; South Carolina,2618,0,2618
45,47,970201,4,1500000US450479702014,4.5048E+11,4,Block Group 4,BG,17989114,29370,6.864705815,6.699999809,0.302812664,Block Group 4; Census Tract 9702.01; Greenwood County; South Carolina,1313,28,1285
47,19,71700,3,1500000US470190717003,4.70191E+11,3,Block Group 3,BG,58746769,0,5.743333308,5.75,0.423621996,Block Group 3; Census Tract 717; Carter County; Tennessee,1378,0,1378
36,31,961002,3,1500000US360319610023,3.6032E+11,3,Block Group 3,BG,22077871,4222890,4.800000092,4.800000191,0.125944743,Block Group 3; Census Tract 9610.02; Essex County; New York,753,0,753
36,115,81002,3,1500000US361150810023,3.61151E+11,3,Block Group 3,BG,43858048,47379,4.744000015,4.800000191,0.063749667,Block Group 3; Census Tract 810.02; Washington County; New York,1409,0,1409
36,115,81002,1,1500000US361150810021,3.61151E+11,1,Block Group 1,BG,2309258,280568,4.76666673,4.800000191,0.047140632,Block Group 1; Census Tract 810.02; Washington County; New York,1400,0,1400
50,7,3304,4,1500000US500070033044,5.0007E+11,4,Block Group 4,BG,1755753,0,5.287381446,5.25,0.07736071,Block Group 4; Census Tract 33.04; Chittenden County; Vermont,1798,1798,0
50,21,963200,3,1500000US500219632003,5.0022E+11,3,Block Group 3,BG,4120774,108558,5.23333327,5.199999809,0.047140632,Block Group 3; Census Tract 9632; Rutland County; Vermont,909,909,0
50,11,10600,4,1500000US500110106004,5.0011E+11,4,Block Group 4,BG,31211387,24862625,5.064102503,5.099999905,0.069751064,Block Group 4; Census Tract 106; Franklin County; Vermont,881,0,881
9,15,905102,2,1500000US090159051022,90159051022,2,Block Group 2,BG,11552171,0,5.207142762,5.199999809,0.079859656,"Block Group 2, Census Tract 9051.02, Windham County, Connecticut",1798,989,809
9,13,538100,1,1500000US090135381001,90135381001,1,Block Group 1,BG,1637915,0,6.166666667,6.199999809,0.124721964,"Block Group 1, Census Tract 5381, Tolland County, Connecticut",1300,0,1300
9,1,71900,2,1500000US090010719002,90010719002,2,Block Group 2,BG,294988,0,6.400000095,6.400000095,0,"Block Group 2, Census Tract 719, Fairfield County, Connecticut",2596,2596,0
9,9,141600,3,1500000US090091416003,90091416003,3,Block Group 3,BG,289526,0,6.837919925,6.900000095,0.087441125,"Block Group 3, Census Tract 1416, New Haven County, Connecticut",1591,1591,0
9,3,524300,1,1500000US090035243001,90035243001,1,Block Group 1,BG,3096457,141934,6.400000095,6.400000095,0,"Block Group 1, Census Tract 5243, Hartford County, Connecticut",1758,1758,0
9,1,211100,1,1500000US090012111001,90012111001,1,Block Group 1,BG,1544744,0,6.009019152,5.950000048,0.095167258,"Block Group 1, Census Tract 2111, Fairfield County, Connecticut",1190,1190,0
9,1,230502,3,1500000US090012305023,90012305023,3,Block Group 3,BG,6133009,0,6.171428544,6.199999809,0.116057732,"Block Group 3, Census Tract 2305.02, Fairfield County, Connecticut",1165,1165,0
9,9,343101,2,1500000US090093431012,90093431012,2,Block Group 2,BG,11306280,0,6.711111175,6.800000191,0.144871226,"Block Group 2, Census Tract 3431.01, New Haven County, Connecticut",2370,2370,0
9,11,716101,3,1500000US090117161013,90117161013,3,Block Group 3,BG,2631893,291874,5.900000095,5.900000095,0,"Block Group 3, Census Tract 7161.01, New London County, Connecticut",1416,1367,49
9,3,477104,2,1500000US090034771042,90034771042,2,Block Group 2,BG,8450572,8084,6.366666688,6.300000191,0.194365023,"Block Group 2, Census Tract 4771.04, Hartford County, Connecticut",1183,1183,0
9,3,980100,1,1500000US090039801001,90039801001,1,Block Group 1,BG,4141250,1044531,6.920000076,6.900000095,0.097979496,"Block Group 1, Census Tract 9801, Hartford County, Connecticut",889,889,0
9,11,870502,2,1500000US090118705022,90118705022,2,Block Group 2,BG,3515527,24612,5.7,5.699999809,0.167332017,"Block Group 2, Census Tract 8705.02, New London County, Connecticut",1754,1754,0
36,27,610000,1,1500000US360276100001,3.60276E+11,1,Block Group 1,BG,3245319,62329,5.699999809,5.699999809,0,Block Group 1; Census Tract 6100; Dutchess County; New York,1821,1788,33
36,119,983000,1,1500000US361199830001,3.612E+11,1,Block Group 1,BG,725070,0,5.771773845,5.800000191,0.109020309,Block Group 1; Census Tract 9830; Westchester County; New York,1038,1038,0
10,3,3002,1,1500000US100030030021,1.0003E+11,1,Block Group 1,BG,581092,56729,8.161902535,8.150000095,0.128262793,Block Group 1; Census Tract 30.02; New Castle County; Delaware,1990,1990,0
10,3,601,1,1500000US100030006011,1.0003E+11,1,Block Group 1,BG,338683,0,8.083246548,7.950000286,0.200635478,Block Group 1; Census Tract 6.01; New Castle County; Delaware,1083,1083,0
48,141,10203,1,1500000US481410102031,4.8141E+11,1,Block Group 1,BG,4936161,0,5.671428408,5.699999809,0.045175352,Block Group 1; Census Tract 102.03; El Paso County; Texas,1319,1319,0
48,141,10101,2,1500000US481410101012,4.8141E+11,2,Block Group 2,BG,68434211,7351,7.103125013,7.099999905,0.297893014,Block Group 2; Census Tract 101.01; El Paso County; Texas,4096,3298,798
4,1,970300,1,1500000US040019703001,40019703001,1,Block Group 1,BG,1370193592,6367561,5.258308387,5.199999809,0.404769259,Block Group 1; Census Tract 9703; Apache County; Arizona,1167,0,1167
35,6,974701,1,1500000US350069747011,3.5007E+11,1,Block Group 1,BG,16947169,28607,4.329411815,4.300000191,0.160017308,Block Group 1; Census Tract 9747.01; Cibola County; New Mexico,780,4,776
35,59,950200,3,1500000US350599502003,3.506E+11,3,Block Group 3,BG,5785697655,10743467,3.039955393,3,0.323989222,Block Group 3; Census Tract 9502; Union County; New Mexico,1141,0,1141
35,25,702,2,1500000US350250007022,3.5025E+11,2,Block Group 2,BG,275541261,249226,4.45475286,4.400000095,0.416172849,Block Group 2; Census Tract 7.02; Lea County; New Mexico,3810,1568,2242
35,13,1501,3,1500000US350130015013,3.5013E+11,3,Block Group 3,BG,1540846089,965983,4.878663068,4.800000191,0.349404603,Block Group 3; Census Tract 15.01; Doña Ana County; New Mexico,1702,0,1702
35,49,980000,1,1500000US350499800001,3.505E+11,1,Block Group 1,BG,2687251,0,3.5,3.5,0,Block Group 1; Census Tract 9800; Santa Fe County; New Mexico,966,0,966
35,47,957800,3,1500000US350479578003,3.5048E+11,3,Block Group 3,BG,2082330,0,3.267230514,3.299999952,0.120298016,Block Group 3; Census Tract 9578; San Miguel County; New Mexico,685,470,215
48,389,950600,1,1500000US483899506001,4.839E+11,1,Block Group 1,BG,4748642694,14998707,5.832418073,5.699999809,0.85157516,Block Group 1; Census Tract 9506; Reeves County; Texas,4418,3610,808
48,141,10358,2,1500000US481410103582,4.8141E+11,2,Block Group 2,BG,19126760,0,6.569565234,6.599999905,0.266106861,Block Group 2; Census Tract 103.58; El Paso County; Texas,8739,8713,26
35,35,903,3,1500000US350350009033,3.5035E+11,3,Block Group 3,BG,49546038,0,5.124999921,5.099999905,0.077728174,Block Group 3; Census Tract 9.03; Otero County; New Mexico,3111,0,3111
35,7,950700,1,1500000US350079507001,3.5008E+11,1,Block Group 1,BG,2955208018,13658317,3.363149024,3.400000095,0.2188998,Block Group 1; Census Tract 9507; Colfax County; New Mexico,1051,0,1051
35,5,1300,2,1500000US350050013002,3.5005E+11,2,Block Group 2,BG,482441619,495002,4.241772149,4.199999809,0.446394159,Block Group 2; Census Tract 13; Chaves County; New Mexico,2230,0,2230
35,19,961600,1,1500000US350199616001,3.502E+11,1,Block Group 1,BG,4018047384,2483966,2.747602395,2.700000048,0.195124767,Block Group 1; Census Tract 9616; Guadalupe County; New Mexico,1180,0,1180
35,6,974702,1,1500000US350069747021,3.5007E+11,1,Block Group 1,BG,1208978020,916874,4.509302332,4.5,0.215310566,Block Group 1; Census Tract 9747.02; Cibola County; New Mexico,1759,0,1759
35,61,980200,1,1500000US350619802001,3.5062E+11,1,Block Group 1,BG,520995,0,5.43575172,5.400000095,0.205494683,Block Group 1; Census Tract 9802; Valencia County; New Mexico,767,767,0
48,205,950200,1,1500000US482059502001,4.8206E+11,1,Block Group 1,BG,2391734920,1661996,3.451432129,3.400000095,0.377774811,Block Group 1; Census Tract 9502; Hartley County; Texas,1824,13,1811
35,61,970701,2,1500000US350619707012,3.5062E+11,2,Block Group 2,BG,12348488,6683,5.291666667,5.300000191,0.132024902,Block Group 2; Census Tract 9707.01; Valencia County; New Mexico,2078,0,2078
35,6,974201,4,1500000US350069742014,3.5007E+11,4,Block Group 4,BG,11529315,0,4.881818208,4.800000191,0.169588667,Block Group 4; Census Tract 9742.01; Cibola County; New Mexico,1052,408,644
32,33,970200,3,1500000US320339702003,3.2034E+11,3,Block Group 3,BG,1970885955,669686,4.178980891,4.099999905,0.328021918,Block Group 3; Census Tract 9702; White Pine County; Nevada,653,0,653
32,7,950200,1,1500000US320079502001,3.2008E+11,1,Block Group 1,BG,7400420748,21991537,4.385837016,4.400000095,0.355628397,Block Group 1; Census Tract 9502; Elko County; Nevada,1190,0,1190
6,19,8304,1,1500000US060190083041,60190083041,1,Block Group 1,BG,587391335,2255032,6.567676783,6.300000191,1.195910128,Block Group 1; Census Tract 83.04; Fresno County; California,1132,815,317
6,83,980400,1,1500000US060839804001,60839804001,1,Block Group 1,BG,16500841,154843,4.613333321,4.599999905,0.315946596,Block Group 1; Census Tract 9804; Santa Barbara County; California,2929,2800,129
6,15,203,1,1500000US060150002031,60150002031,1,Block Group 1,BG,368732963,35058418,4.879750019,4.800000191,0.439220791,Block Group 1; Census Tract 2.03; Del Norte County; California,1205,0,1205
32,3,5703,1,1500000US320030057031,3.2003E+11,1,Block Group 1,BG,83348633,0,5.277380949,5.199999809,0.397117914,Block Group 1; Census Tract 57.03; Clark County; Nevada,161,0,161
32,17,950100,2,1500000US320179501002,3.2018E+11,2,Block Group 2,BG,4085598224,1511443,4.823016805,4.800000191,0.291794317,Block Group 2; Census Tract 9501; Lincoln County; Nevada,622,0,622
32,510,800,3,1500000US325100008003,3.251E+11,3,Block Group 3,BG,20462686,167269,5.328571456,5.400000095,0.107539032,Block Group 3; Census Tract 8; Carson City; Nevada,2559,669,1890
32,3,5818,1,1500000US320030058181,3.2003E+11,1,Block Group 1,BG,522542425,0,6.14338237,6.199999809,0.523625965,Block Group 1; Census Tract 58.18; Clark County; Nevada,5206,0,5206
32,3,6001,1,1500000US320030060011,3.2003E+11,1,Block Group 1,BG,7478073,0,7.257142884,7.300000191,0.129362717,Block Group 1; Census Tract 60.01; Clark County; Nevada,2313,2313,0
6,89,12606,1,1500000US060890126061,60890126061,1,Block Group 1,BG,1213315128,45392973,5.54722639,5.5,0.542265189,Block Group 1; Census Tract 126.06; Shasta County; California,1922,0,1922
32,27,960100,5,1500000US320279601005,3.2028E+11,5,Block Group 5,BG,9188041,0,5.111111005,5.099999905,0.031426938,Block Group 5; Census Tract 9601; Pershing County; Nevada,1072,0,1072
32,31,2107,1,1500000US320310021071,3.2031E+11,1,Block Group 1,BG,1774900,127559,6.599999905,6.599999905,0,Block Group 1; Census Tract 21.07; Washoe County; Nevada,859,859,0
6,73,5302,1,1500000US060730053021,60730053021,1,Block Group 1,BG,403072,0,10.10000038,10.10000038,0,Block Group 1; Census Tract 53.02; San Diego County; California,3193,3193,0
32,31,3111,2,1500000US320310031112,3.2031E+11,2,Block Group 2,BG,10418516,9695,6.659999847,6.699999809,0.048989748,Block Group 2; Census Tract 31.11; Washoe County; Nevada,666,666,0
6,103,300,3,1500000US061030003003,61030003003,3,Block Group 3,BG,1187540575,9004997,6.16198084,6.199999809,0.401087068,Block Group 3; Census Tract 3; Tehama County; California,1088,0,1088
6,27,200,1,1500000US060270002001,60270002001,1,Block Group 1,BG,667645006,10548273,6.306065075,6.300000191,0.277470443,Block Group 1; Census Tract 2; Inyo County; California,1052,0,1052
6,111,9300,2,1500000US061110093002,61110093002,2,Block Group 2,BG,138980531,248409,6.652898547,6.599999905,0.549596957,Block Group 2; Census Tract 93; Ventura County; California,3714,584,3130
6,71,12202,1,1500000US060710122021,60710122021,1,Block Group 1,BG,7273142,0,12.875,12.79999971,0.641774916,Block Group 1; Census Tract 122.02; San Bernardino County; California,2898,2898,0
6,21,10300,1,1500000US060210103001,60210103001,1,Block Group 1,BG,1148374390,7473060,5.779838051,5.699999809,0.810901417,Block Group 1; Census Tract 103; Glenn County; California,556,0,556
6,35,40400,2,1500000US060350404002,60350404002,2,Block Group 2,BG,4529442,109047,6.475000024,6.5,0.043301229,Block Group 2; Census Tract 404; Lassen County; California,7514,0,7514
6,35,40600,2,1500000US060350406002,60350406002,2,Block Group 2,BG,122017277,71651,6.873437535,6.900000095,0.440433808,Block Group 2; Census Tract 406; Lassen County; California,1266,0,1266
6,87,120200,2,1500000US060871202002,60871202002,2,Block Group 2,BG,198917517,6328371,5.850000031,5.800000191,0.292370958,Block Group 2; Census Tract 1202; Santa Cruz County; California,1784,48,1736
6,25,10101,1,1500000US060250101011,60250101011,1,Block Group 1,BG,379172003,954069,7.24682541,7.199999809,0.558913334,Block Group 1; Census Tract 101.01; Imperial County; California,3499,0,3499
6,25,12301,2,1500000US060250123012,60250123012,2,Block Group 2,BG,2255449431,0,8.35187067,8,1.273729024,Block Group 2; Census Tract 123.01; Imperial County; California,4076,0,4076
6,1,450102,1,1500000US060014501021,60014501021,1,Block Group 1,BG,9032463,0,7.137499988,7.149999857,0.307967126,Block Group 1; Census Tract 4501.02; Alameda County; California,6984,6984,0
6,71,980200,1,1500000US060719802001,60719802001,1,Block Group 1,BG,23107654,0,8.366666726,8.300000191,0.243649604,Block Group 1; Census Tract 9802; San Bernardino County; California,3953,3953,0
6,37,980031,1,1500000US060379800311,60379800311,1,Block Group 1,BG,14104820,11846885,10.11111106,10.19999981,0.641083097,Block Group 1; Census Tract 9800.31; Los Angeles County; California,1748,1748,0
6,47,503,1,1500000US060470005031,60470005031,1,Block Group 1,BG,117708802,399641,8.966115778,9,0.441738481,Block Group 1; Census Tract 5.03; Merced County; California,2903,1435,1468
6,37,207400,1,1500000US060372074001,60372074001,1,Block Group 1,BG,862957,6458,12.28916067,12.30000019,0.16975485,Block Group 1; Census Tract 2074; Los Angeles County; California,2002,2002,0
6,95,253000,1,1500000US060952530001,60952530001,1,Block Group 1,BG,3593776,7670,7.033333302,7.099999905,0.094280814,Block Group 1; Census Tract 2530; Solano County; California,6640,6640,0
4,15,954802,2,1500000US040159548022,40159548022,2,Block Group 2,BG,1005116122,0,4.982139254,5,0.480889966,Block Group 2; Census Tract 9548.02; Mohave County; Arizona,3142,0,3142
6,73,3502,1,1500000US060730035021,60730035021,1,Block Group 1,BG,214159,0,9.799534622,9.900000095,0.229382939,Block Group 1; Census Tract 35.02; San Diego County; California,835,835,0
6,73,5000,1,1500000US060730050001,60730050001,1,Block Group 1,BG,1444167,980544,10.53333314,10.39999962,0.188562078,Block Group 1; Census Tract 50; San Diego County; California,2312,2312,0
41,37,960200,1,1500000US410379602001,4.1038E+11,1,Block Group 1,BG,1913041559,27814480,4.764302507,4.800000191,0.200734905,Block Group 1; Census Tract 9602; Lake County; Oregon,1359,0,1359
6,31,981800,1,1500000US060319818001,60319818001,1,Block Group 1,BG,2279423,0,6.066666603,6.099999905,0.047140407,Block Group 1; Census Tract 9818; Kings County; California,4288,4288,0
6,79,11400,1,1500000US060790114001,60790114001,1,Block Group 1,BG,1034939,0,4.962133936,4.950000048,0.152492441,Block Group 1; Census Tract 114; San Luis Obispo County; California,3806,0,3806
6,29,6500,2,1500000US060290065002,60290065002,2,Block Group 2,BG,1408654741,899624,6.706093199,6.699999809,0.473163845,Block Group 2; Census Tract 65; Kern County; California,2399,0,2399
6,31,980100,1,1500000US060319801001,60319801001,1,Block Group 1,BG,5116440,0,9.899999619,9.899999619,0,Block Group 1; Census Tract 9801; Kings County; California,8811,8811,0
6,39,201,1,1500000US060390002011,60390002011,1,Block Group 1,BG,95800183,256763,8.537634388,8.5,0.104638774,Block Group 1; Census Tract 2.01; Madera County; California,6546,0,6546
6,65,981000,1,1500000US060659810001,60659810001,1,Block Group 1,BG,7013048,0,4.837500095,4.850000143,0.111102452,Block Group 1; Census Tract 9810; Riverside County; California,5996,0,5996
6,73,10016,1,1500000US060730100161,60730100161,1,Block Group 1,BG,19164041,0,11.80625004,11.75,1.176046723,Block Group 1; Census Tract 100.16; San Diego County; California,4126,5,4121
6,15,201,3,1500000US060150002013,60150002013,3,Block Group 3,BG,76157212,20232598,4.882022509,4.900000095,0.134550266,Block Group 3; Census Tract 2.01; Del Norte County; California,4117,0,4117
6,53,10900,1,1500000US060530109001,60530109001,1,Block Group 1,BG,3736271,15260,4.899999936,4.900000095,0.163299355,Block Group 1; Census Tract 109; Monterey County; California,5979,0,5979
6,19,7903,2,1500000US060190079032,60190079032,2,Block Group 2,BG,1436561350,13523,4.759320856,4.599999905,0.589690912,Block Group 2; Census Tract 79.03; Fresno County; California,5854,930,4924
6,49,300,1,1500000US060490003001,60490003001,1,Block Group 1,BG,2578317012,136066365,4.429159461,4.400000095,0.264484828,Block Group 1; Census Tract 3; Modoc County; California,690,0,690
6,65,44407,1,1500000US060650444071,60650444071,1,Block Group 1,BG,296093196,1392468,6.667361119,6.5,0.967946703,Block Group 1; Census Tract 444.07; Riverside County; California,785,0,785
6,67,988300,1,1500000US060679883001,60679883001,1,Block Group 1,BG,3824924,166308,6.799999905,6.699999809,0.126491212,Block Group 1; Census Tract 9883; Sacramento County; California,5667,5667,0
6,93,701,2,1500000US060930007012,60930007012,2,Block Group 2,BG,337283865,715317,4.690082645,4.699999809,0.357540952,Block Group 2; Census Tract 7.01; Siskiyou County; California,1088,260,828
6,37,930400,3,1500000US060379304003,60379304003,3,Block Group 3,BG,1028743294,4125703,5.676223774,5.5,1.597761343,Block Group 3; Census Tract 9304; Los Angeles County; California,644,65,579
6,23,11501,2,1500000US060230115012,60230115012,2,Block Group 2,BG,154075279,10572,4.908484864,4.800000191,0.425463172,Block Group 2; Census Tract 115.01; Humboldt County; California,753,0,753
6,17,30606,2,1500000US060170306062,60170306062,2,Block Group 2,BG,36963357,59245,5.517948701,5.5,0.054874139,Block Group 2; Census Tract 306.06; El Dorado County; California,1581,0,1581
6,37,800406,1,1500000US060378004061,60378004061,1,Block Group 1,BG,78977337,69937,6.188311688,6,0.603232446,Block Group 1; Census Tract 8004.06; Los Angeles County; California,894,63,831
6,43,101,4,1500000US060430001014,60430001014,4,Block Group 4,BG,310250340,11970764,7.104268317,7,0.232916421,Block Group 4; Census Tract 1.01; Mariposa County; California,755,0,755
6,73,21102,1,1500000US060730211021,60730211021,1,Block Group 1,BG,497622234,75358,7.909937901,7.400000095,1.373162082,Block Group 1; Census Tract 211.02; San Diego County; California,1860,0,1860
6,79,11505,3,1500000US060790115053,60790115053,3,Block Group 3,BG,283117469,2372408,4.289568328,4.199999809,0.321975398,Block Group 3; Census Tract 115.05; San Luis Obispo County; California,1175,0,1175
6,37,930400,2,1500000US060379304002,60379304002,2,Block Group 2,BG,305234115,677839,6.105940587,6,1.185764446,Block Group 2; Census Tract 9304; Los Angeles County; California,529,47,482
6,109,5201,1,1500000US061090052011,61090052011,1,Block Group 1,BG,248192306,5617614,6.506870235,6.5,0.242030474,Block Group 1; Census Tract 52.01; Tuolumne County; California,576,0,576
6,35,40100,1,1500000US060350401001,60350401001,1,Block Group 1,BG,449443660,5039595,4.971309785,4.900000095,0.163155357,Block Group 1; Census Tract 401; Lassen County; California,542,0,542
6,71,10805,1,1500000US060710108051,60710108051,1,Block Group 1,BG,197318757,3666001,7.710152299,7.599999905,0.938298741,Block Group 1; Census Tract 108.05; San Bernardino County; California,1436,641,795
6,103,100,1,1500000US061030001001,61030001001,1,Block Group 1,BG,1345842605,3875816,5.952055738,6,0.557646509,Block Group 1; Census Tract 1; Tehama County; California,970,0,970
6,107,2701,1,1500000US061070027011,61070027011,1,Block Group 1,BG,716547322,97803,6.564295684,6.5,0.453786122,Block Group 1; Census Tract 27.01; Tulare County; California,732,0,732
6,105,102,1,1500000US061050001021,61050001021,1,Block Group 1,BG,1114946751,1461374,6.220351766,6.5,0.900742042,Block Group 1; Census Tract 1.02; Trinity County; California,1009,0,1009
6,73,19002,1,1500000US060730190021,60730190021,1,Block Group 1,BG,37771966,153174,6.328571469,6.300000191,0.466336127,Block Group 1; Census Tract 190.02; San Diego County; California,3581,0,3581
6,57,801,2,1500000US060570008012,60570008012,2,Block Group 2,BG,79588030,46600,5.836363559,5.75,0.191395513,Block Group 2; Census Tract 8.01; Nevada County; California,1894,0,1894
6,77,5131,1,1500000US060770051311,60770051311,1,Block Group 1,BG,44528412,73677,7.820000023,7.800000191,0.234378676,Block Group 1; Census Tract 51.31; San Joaquin County; California,4265,3365,900
6,45,10300,5,1500000US060450103005,60450103005,5,Block Group 5,BG,421465234,1471246,5.477578465,5.5,0.266246875,Block Group 5; Census Tract 103; Mendocino County; California,725,0,725
6,5,301,2,1500000US060050003012,60050003012,2,Block Group 2,BG,104422170,146321,5.763063057,5.800000191,0.142644286,Block Group 2; Census Tract 3.01; Amador County; California,4844,156,4688
6,29,6002,1,1500000US060290060021,60290060021,1,Block Group 1,BG,6724488,17793,5.559999943,5.599999905,0.101980293,Block Group 1; Census Tract 60.02; Kern County; California,3660,0,3660
6,29,4703,2,1500000US060290047032,60290047032,2,Block Group 2,BG,1058525,0,10.32356666,10.30000019,0.114050718,Block Group 2; Census Tract 47.03; Kern County; California,1488,1478,10
6,71,1907,1,1500000US060710019071,60710019071,1,Block Group 1,BG,13993334,249662,10.05833328,10.30000019,1.157193707,Block Group 1; Census Tract 19.07; San Bernardino County; California,4466,4372,94
6,95,253501,3,1500000US060952535013,60952535013,3,Block Group 3,BG,363669057,17247936,6.932917698,7,0.249215658,Block Group 3; Census Tract 2535.01; Solano County; California,1596,796,800
6,65,46601,1,1500000US060650466011,60650466011,1,Block Group 1,BG,2444736,190420,9.366666794,9.300000191,0.094280814,Block Group 1; Census Tract 466.01; Riverside County; California,4560,4560,0
6,33,901,2,1500000US060330009012,60330009012,2,Block Group 2,BG,37032470,1280598,5.064102589,5,0.216602169,Block Group 2; Census Tract 9.01; Lake County; California,1346,782,564
6,73,20902,1,1500000US060730209021,60730209021,1,Block Group 1,BG,400719117,7987272,6.689340111,6.400000095,1.040859702,Block Group 1; Census Tract 209.02; San Diego County; California,638,0,638
6,19,6410,2,1500000US060190064102,60190064102,2,Block Group 2,BG,98937327,24564,7.452127649,7.400000095,0.177289669,Block Group 2; Census Tract 64.10; Fresno County; California,1917,0,1917
6,37,901003,1,1500000US060379010031,60379010031,1,Block Group 1,BG,2602876,2164,7.549999952,7.549999952,0.049999952,Block Group 1; Census Tract 9010.03; Los Angeles County; California,3278,3213,65
6,37,910815,3,1500000US060379108153,60379108153,3,Block Group 3,BG,361173777,600672,4.891036412,4.900000095,0.889514588,Block Group 3; Census Tract 9108.15; Los Angeles County; California,751,0,751
6,41,122000,1,1500000US060411220001,60411220001,1,Block Group 1,BG,630378,0,8.422673715,8.399999619,0.253293672,Block Group 1; Census Tract 1220; Marin County; California,3669,3669,0
6,29,4302,1,1500000US060290043021,60290043021,1,Block Group 1,BG,3895809,0,9.625000238,9.600000381,0.043301022,Block Group 1; Census Tract 43.02; Kern County; California,4356,0,4356
6,71,9133,3,1500000US060710091333,60710091333,3,Block Group 3,BG,70048287,0,8.014285678,7.900000095,0.334216498,Block Group 3; Census Tract 91.33; San Bernardino County; California,2871,2490,381
6,73,20903,3,1500000US060730209033,60730209033,3,Block Group 3,BG,308276218,19193,7.565131587,7.5,0.577170953,Block Group 3; Census Tract 209.03; San Diego County; California,1153,0,1153
6,29,4601,1,1500000US060290046011,60290046011,1,Block Group 1,BG,2618236,0,10.3499999,10.3499999,0.049999714,Block Group 1; Census Tract 46.01; Kern County; California,4971,0,4971
6,9,122,3,1500000US060090001223,60090001223,3,Block Group 3,BG,79074852,27378,5.727160442,5.699999809,0.110008328,Block Group 3; Census Tract 1.22; Calaveras County; California,1842,0,1842
6,79,13100,3,1500000US060790131003,60790131003,3,Block Group 3,BG,20830644,52454,4.915000057,4.800000191,0.210416293,Block Group 3; Census Tract 131; San Luis Obispo County; California,678,136,542
6,109,985202,1,1500000US061099852021,61099852021,1,Block Group 1,BG,974843,17204,6.24133847,6.300000191,0.054846325,Block Group 1; Census Tract 9852.02; Tuolumne County; California,2734,0,2734
6,37,920050,1,1500000US060379200501,60379200501,1,Block Group 1,BG,230136466,2426006,4.11066666,4.099999905,0.272228664,Block Group 1; Census Tract 9200.50; Los Angeles County; California,1328,0,1328
6,23,11100,3,1500000US060230111003,60230111003,3,Block Group 3,BG,203299609,1247247,4.798104261,4.699999809,0.340471092,Block Group 3; Census Tract 111; Humboldt County; California,1118,0,1118
6,65,44104,1,1500000US060650441041,60650441041,1,Block Group 1,BG,43139896,0,7.232500017,7.400000095,0.707597143,Block Group 1; Census Tract 441.04; Riverside County; California,2755,1798,957
6,29,4603,1,1500000US060290046031,60290046031,1,Block Group 1,BG,1958572,0,10.20000013,10.19999981,0.08164958,Block Group 1; Census Tract 46.03; Kern County; California,2483,0,2483
6,77,980000,1,1500000US060779800001,60779800001,1,Block Group 1,BG,554378,0,7.731162568,7.75,0.053430964,Block Group 1; Census Tract 9800; San Joaquin County; California,1904,0,1904
32,510,601,3,1500000US325100006013,3.251E+11,3,Block Group 3,BG,418874,0,5.400000095,5.400000095,8.88E-16,Block Group 3; Census Tract 6.01; Carson City; Nevada,0,0,0
32,33,970200,4,1500000US320339702004,3.2034E+11,4,Block Group 4,BG,4172495171,71018,4.301536688,4.300000191,0.339231355,Block Group 4; Census Tract 9702; White Pine County; Nevada,1623,0,1623
32,13,10501,2,1500000US320130105012,3.2013E+11,2,Block Group 2,BG,14610260338,15936065,5.006619144,5,0.454799573,Block Group 2; Census Tract 105.01; Humboldt County; Nevada,1484,748,736
32,7,951600,1,1500000US320079516001,3.2008E+11,1,Block Group 1,BG,1138988002,252002,4.076726959,4.099999905,0.172423161,Block Group 1; Census Tract 9516; Elko County; Nevada,847,0,847
32,3,2905,4,1500000US320030029054,3.2003E+11,4,Block Group 4,BG,1034983,0,5.726042648,5.75,0.096290408,Block Group 4; Census Tract 29.05; Clark County; Nevada,1060,1060,0
32,23,960200,1,1500000US320239602001,3.2024E+11,1,Block Group 1,BG,7704272527,4386983,4.950789056,4.900000095,0.251041909,Block Group 1; Census Tract 9602; Nye County; Nevada,1409,0,1409
36,61,2901,1,1500000US360610029011,3.6061E+11,1,Block Group 1,BG,36194,0,8.199999809,8.199999809,0,Block Group 1; Census Tract 29.01; New York County; New York,775,775,0
34,21,3708,2,1500000US340210037082,3.4021E+11,2,Block Group 2,BG,1224913,1421,6.883374153,6.900000095,0.050013537,Block Group 2; Census Tract 37.08; Mercer County; New Jersey,1153,1153,0
34,5,982200,3,1500000US340059822003,3.4006E+11,3,Block Group 3,BG,11049929,131427,5.853846147,5.800000191,0.164622554,Block Group 3; Census Tract 9822; Burlington County; New Jersey,3855,3855,0
42,101,500,4,1500000US421010005004,4.2101E+11,4,Block Group 4,BG,155991,0,8.199999809,8.199999809,0,Block Group 4; Census Tract 5; Philadelphia County; Pennsylvania,1707,1707,0
36,47,1801,2,1500000US360470018012,3.6047E+11,2,Block Group 2,BG,24015,0,8.399999619,8.399999619,0,Block Group 2; Census Tract 18.01; Kings County; New York,2562,2562,0
42,101,14700,2,1500000US421010147002,4.2101E+11,2,Block Group 2,BG,229146,0,7.67518461,7.649999857,0.055984525,Block Group 2; Census Tract 147; Philadelphia County; Pennsylvania,3277,3277,0
36,81,19901,2,1500000US360810199012,3.6081E+11,2,Block Group 2,BG,220195,0,7.89691679,7.800000191,0.099014818,Block Group 2; Census Tract 199.01; Queens County; New York,225,225,0
34,11,10103,1,1500000US340110101031,3.4011E+11,1,Block Group 1,BG,4324641,942,5.740000057,5.800000191,0.080000138,Block Group 1; Census Tract 101.03; Cumberland County; New Jersey,3034,0,3034
36,81,26700,2,1500000US360810267002,3.6081E+11,2,Block Group 2,BG,85437,0,7.300000191,7.300000191,0,Block Group 2; Census Tract 267; Queens County; New York,1183,1183,0
36,47,28300,1,1500000US360470283001,3.6047E+11,1,Block Group 1,BG,40795,0,7.599999905,7.599999905,8.88E-16,Block Group 1; Census Tract 283; Kings County; New York,1261,1261,0
42,45,410700,6,1500000US420454107006,4.20454E+11,6,Block Group 6,BG,107608,0,8.396355614,8.300000191,0.098844818,Block Group 6; Census Tract 4107; Delaware County; Pennsylvania,1110,1110,0
36,61,24301,1,1500000US360610243011,3.6061E+11,1,Block Group 1,BG,30978,0,7.300000191,7.300000191,0,Block Group 1; Census Tract 243.01; New York County; New York,1372,1372,0
42,101,37600,1,1500000US421010376001,4.2101E+11,1,Block Group 1,BG,321604,0,8.065965244,8.050000191,0.112937482,Block Group 1; Census Tract 376; Philadelphia County; Pennsylvania,851,851,0
34,23,9000,1,1500000US340230090001,3.4023E+11,1,Block Group 1,BG,3023176,78517,7.475000024,7.450000048,0.147901854,Block Group 1; Census Tract 90; Middlesex County; New Jersey,1707,1707,0
34,21,3708,1,1500000US340210037081,3.4021E+11,1,Block Group 1,BG,6289654,498959,6.800000032,6.850000143,0.152752586,Block Group 1; Census Tract 37.08; Mercer County; New Jersey,2151,2151,0
34,19,10701,1,1500000US340190107011,3.4019E+11,1,Block Group 1,BG,17785735,4669952,6.452173938,6.400000095,0.255154825,Block Group 1; Census Tract 107.01; Hunterdon County; New Jersey,2720,1839,881
34,5,704801,4,1500000US340057048014,3.40057E+11,4,Block Group 4,BG,11431588,194301,5.933333437,5.850000143,0.21343747,Block Group 4; Census Tract 7048.01; Burlington County; New Jersey,588,0,588
34,21,1300,1,1500000US340210013001,3.4021E+11,1,Block Group 1,BG,643925,8227,6.906974648,6.900000095,0.046903223,Block Group 1; Census Tract 13; Mercer County; New Jersey,955,955,0
34,21,980000,1,1500000US340219800001,3.4022E+11,1,Block Group 1,BG,65523,0,7.199999809,7.199999809,0,Block Group 1; Census Tract 9800; Mercer County; New Jersey,1479,1479,0
34,13,980100,1,1500000US340139801001,3.4014E+11,1,Block Group 1,BG,1460681,2569,7.833333492,7.800000191,0.205480658,Block Group 1; Census Tract 9801; Essex County; New Jersey,5777,5777,0
34,7,611500,3,1500000US340076115003,3.40076E+11,3,Block Group 3,BG,3077756,23749,5.624999881,5.599999905,0.043301229,Block Group 3; Census Tract 6115; Camden County; New Jersey,467,0,467
19,13,800,1,1500000US190130008001,1.9013E+11,1,Block Group 1,BG,597342,53339,6.950000048,6.950000048,0.049999952,Block Group 1; Census Tract 8; Black Hawk County; Iowa,780,780,0
26,3,300,2,1500000US260030003002,2.6003E+11,2,Block Group 2,BG,452480627,16054943,4.07105747,4.099999905,0.106282198,Block Group 2; Census Tract 3; Alger County; Michigan,1958,0,1958
19,65,80100,1,1500000US190650801001,1.90651E+11,1,Block Group 1,BG,15549532,0,6.857142959,6.800000191,0.104978083,Block Group 1; Census Tract 801; Fayette County; Iowa,1113,0,1113
55,79,6800,1,1500000US550790068001,5.5079E+11,1,Block Group 1,BG,207168,0,8.081021212,8.050000191,0.116027149,Block Group 1; Census Tract 68; Milwaukee County; Wisconsin,494,494,0
55,87,940000,1,1500000US550879400001,5.50879E+11,1,Block Group 1,BG,61619693,0,6.891666704,6.900000095,0.11989578,Block Group 1; Census Tract 9400; Outagamie County; Wisconsin,1866,0,1866
55,27,960300,4,1500000US550279603004,5.5028E+11,4,Block Group 4,BG,1486537,0,7.133333206,7.099999905,0.047140407,Block Group 4; Census Tract 9603; Dodge County; Wisconsin,2646,2606,40
55,39,42002,2,1500000US550390420022,5.5039E+11,2,Block Group 2,BG,17122610,45397,7.180952299,7.199999809,0.085183588,Block Group 2; Census Tract 420.02; Fond du Lac County; Wisconsin,2137,1589,548
26,13,200,2,1500000US260130002002,2.6013E+11,2,Block Group 2,BG,15646468,4225621,4.2882353,4.300000191,0.140931228,Block Group 2; Census Tract 2; Baraga County; Michigan,2130,0,2130
26,103,2802,1,1500000US261030028021,2.6103E+11,1,Block Group 1,BG,8748786,4029143,4.560000038,4.5,0.261533939,Block Group 1; Census Tract 28.02; Marquette County; Michigan,2383,1488,895
26,101,500,3,1500000US261010005003,2.6101E+11,3,Block Group 3,BG,94253200,1888246,4.976851887,5,0.127371119,Block Group 3; Census Tract 5; Manistee County; Michigan,1885,0,1885
19,13,100,2,1500000US190130001002,1.9013E+11,2,Block Group 2,BG,1211249,195175,6.950000048,6.950000048,0.049999952,Block Group 2; Census Tract 1; Black Hawk County; Iowa,846,846,0
55,79,186300,1,1500000US550791863001,5.50792E+11,1,Block Group 1,BG,870822,16908,8.799999714,8.799999714,0.099999905,Block Group 1; Census Tract 1863; Milwaukee County; Wisconsin,2526,2526,0
55,101,980000,1,1500000US551019800001,5.5102E+11,1,Block Group 1,BG,2429126,0,7.433333397,7.400000095,0.047140407,Block Group 1; Census Tract 9800; Racine County; Wisconsin,939,939,0
55,25,12502,1,1500000US550250125021,5.5025E+11,1,Block Group 1,BG,15051491,320062,7.480000019,7.400000095,0.104562481,Block Group 1; Census Tract 125.02; Dane County; Wisconsin,1223,29,1194
55,25,11900,2,1500000US550250119002,5.5025E+11,2,Block Group 2,BG,54175785,431711,7.085245891,7.099999905,0.161789231,Block Group 2; Census Tract 119; Dane County; Wisconsin,2230,0,2230
55,101,1702,6,1500000US551010017026,5.5101E+11,6,Block Group 6,BG,3298102,1582,7.599999905,7.599999905,0.070710611,Block Group 6; Census Tract 17.02; Racine County; Wisconsin,2042,2042,0
55,43,960200,1,1500000US550439602001,5.5044E+11,1,Block Group 1,BG,9672076,585853,6.445454554,6.400000095,0.143739831,Block Group 1; Census Tract 9602; Grant County; Wisconsin,1351,0,1351
55,9,980000,1,1500000US550099800001,5.501E+11,1,Block Group 1,BG,216605,0,7.92495024,7.900000095,0.085376599,Block Group 1; Census Tract 9800; Brown County; Wisconsin,1062,1062,0
55,139,1600,2,1500000US551390016002,5.5139E+11,2,Block Group 2,BG,2779413,32259646,7.462499976,7.549999952,0.264279556,Block Group 2; Census Tract 16; Winnebago County; Wisconsin,1819,1784,35
55,139,1700,2,1500000US551390017002,5.5139E+11,2,Block Group 2,BG,4097061,414,7.199999905,7.199999809,0.063245644,Block Group 2; Census Tract 17; Winnebago County; Wisconsin,2728,2728,0
55,23,960600,1,1500000US550239606001,5.5024E+11,1,Block Group 1,BG,7906707,7558494,7.394444439,7.400000095,0.164898007,Block Group 1; Census Tract 9606; Crawford County; Wisconsin,1394,1378,16
55,27,960300,3,1500000US550279603003,5.5028E+11,3,Block Group 3,BG,494433,0,7.060749004,7.099999905,0.045586021,Block Group 3; Census Tract 9603; Dodge County; Wisconsin,1914,1914,0
55,79,8900,2,1500000US550790089002,5.5079E+11,2,Block Group 2,BG,484007,0,7.915207362,8.050000191,0.137584495,Block Group 2; Census Tract 89; Milwaukee County; Wisconsin,758,758,0
55,27,960500,2,1500000US550279605002,5.5028E+11,2,Block Group 2,BG,66496385,4162138,6.927272704,6.900000095,0.171802017,Block Group 2; Census Tract 9605; Dodge County; Wisconsin,2303,0,2303
55,59,1600,1,1500000US550590016001,5.5059E+11,1,Block Group 1,BG,398587,0,7.762363424,7.75,0.051506051,Block Group 1; Census Tract 16; Kenosha County; Wisconsin,1007,1007,0
55,117,10400,2,1500000US551170104002,5.5117E+11,2,Block Group 2,BG,65078440,801289,6.67887317,6.699999809,0.087073756,Block Group 2; Census Tract 104; Sheboygan County; Wisconsin,1538,0,1538
55,79,186200,1,1500000US550791862001,5.50792E+11,1,Block Group 1,BG,340853,0,8.489287086,8.400000095,0.240773901,Block Group 1; Census Tract 1862; Milwaukee County; Wisconsin,784,784,0
55,137,960700,3,1500000US551379607003,5.5138E+11,3,Block Group 3,BG,21641212,52968,6.392307795,6.400000095,0.087367737,Block Group 3; Census Tract 9607; Waushara County; Wisconsin,2275,0,2275
53,15,2100,3,1500000US530150021003,5.3015E+11,3,Block Group 3,BG,1485352,349406,5.333333492,5.300000191,0.047140407,Block Group 3; Census Tract 21; Cowlitz County; Washington,840,840,0
41,71,30501,4,1500000US410710305014,4.1071E+11,4,Block Group 4,BG,10415023,146630,5.312500179,5.300000191,0.03307186,Block Group 4; Census Tract 305.01; Yamhill County; Oregon,1914,1795,119
41,31,960100,2,1500000US410319601002,4.1032E+11,2,Block Group 2,BG,1961632782,1670989,4.452294417,4.400000095,0.28119215,Block Group 2; Census Tract 9601; Jefferson County; Oregon,1456,0,1456
41,47,702,2,1500000US410470007022,4.1047E+11,2,Block Group 2,BG,1648819,0,5.75,5.75,0.050000191,Block Group 2; Census Tract 7.02; Marion County; Oregon,3079,3079,0
53,5,11300,1,1500000US530050113001,5.3005E+11,1,Block Group 1,BG,2018361,1786865,6.860000038,6.900000095,0.101980443,Block Group 1; Census Tract 113; Benton County; Washington,1083,1083,0
41,1,950500,2,1500000US410019505002,4.1002E+11,2,Block Group 2,BG,1346929,0,5.300000191,5.300000191,0,Block Group 2; Census Tract 9505; Baker County; Oregon,884,884,0
41,47,1803,2,1500000US410470018032,4.1047E+11,2,Block Group 2,BG,14920575,0,5.788888905,5.800000191,0.087489081,Block Group 2; Census Tract 18.03; Marion County; Oregon,3118,3078,40
41,67,32110,1,1500000US410670321101,4.1067E+11,1,Block Group 1,BG,10093006,0,6.139999994,6.199999809,0.13564662,Block Group 1; Census Tract 321.10; Washington County; Oregon,2639,2329,310
41,11,103,1,1500000US410110001031,4.1011E+11,1,Block Group 1,BG,166944888,6587191,4.293814406,4.300000191,0.191205871,Block Group 1; Census Tract 1.03; Coos County; Oregon,801,0,801
41,51,7300,1,1500000US410510073001,4.1051E+11,1,Block Group 1,BG,24999856,6391278,7.451351346,7.400000095,0.146345756,Block Group 1; Census Tract 73; Multnomah County; Oregon,1781,1772,9
41,59,950800,1,1500000US410599508001,4.106E+11,1,Block Group 1,BG,22896875,11414670,6.420588227,6.5,0.228523848,Block Group 1; Census Tract 9508; Umatilla County; Oregon,3185,2927,258
41,59,950400,2,1500000US410599504002,4.106E+11,2,Block Group 2,BG,423502807,0,5.809465034,5.800000191,0.246691931,Block Group 2; Census Tract 9504; Umatilla County; Oregon,2292,1941,351
41,57,960401,2,1500000US410579604012,4.1058E+11,2,Block Group 2,BG,305020714,0,5.268465878,5.199999809,0.150566897,Block Group 2; Census Tract 9604.01; Tillamook County; Oregon,1239,0,1239
41,39,404,1,1500000US410390004041,4.1039E+11,1,Block Group 1,BG,34145992,466760,6.425641097,6.400000095,0.083873906,Block Group 1; Census Tract 4.04; Lane County; Oregon,886,0,886
53,71,920400,1,1500000US530719204001,5.30719E+11,1,Block Group 1,BG,2290820,0,6.450000048,6.450000048,0.049999952,Block Group 1; Census Tract 9204; Walla Walla County; Washington,2392,2392,0
53,11,40504,1,1500000US530110405041,5.3011E+11,1,Block Group 1,BG,157612633,85823,5.47955802,5.5,0.207781823,Block Group 1; Census Tract 405.04; Clark County; Washington,2723,0,2723
19,155,30700,4,1500000US191550307004,1.9155E+11,4,Block Group 4,BG,337830,0,7.199999809,7.199999809,8.88E-16,Block Group 4; Census Tract 307; Pottawattamie County; Iowa,834,834,0
46,135,966302,2,1500000US461359663022,4.6136E+11,2,Block Group 2,BG,534000,0,6.013216067,6,0.071935074,Block Group 2; Census Tract 9663.02; Yankton County; South Dakota,1236,1236,0
8,75,966400,1,1500000US080759664001,80759664001,1,Block Group 1,BG,1845063560,518,3.989522343,3.900000095,0.26406627,Block Group 1; Census Tract 9664; Logan County; Colorado,4079,0,4079
31,109,3601,1,1500000US311090036011,3.1109E+11,1,Block Group 1,BG,194262,0,6.797928478,6.799999952,0.100021596,Block Group 1; Census Tract 36.01; Lancaster County; Nebraska,1361,1361,0
31,55,500,1,1500000US310550005001,3.1055E+11,1,Block Group 1,BG,11318663,1262784,7.685714381,7.599999905,0.250306025,Block Group 1; Census Tract 5; Douglas County; Nebraska,1460,1460,0
31,119,960600,4,1500000US311199606004,3.112E+11,4,Block Group 4,BG,9355894,0,6.149999952,6.149999857,0.156524761,Block Group 4; Census Tract 9606; Madison County; Nebraska,2364,2327,37
31,185,969800,2,1500000US311859698002,3.1186E+11,2,Block Group 2,BG,19296147,238464,5.839130402,5.800000191,0.173804333,Block Group 2; Census Tract 9698; York County; Nebraska,1837,1206,631
31,97,967600,1,1500000US310979676001,3.1098E+11,1,Block Group 1,BG,225194625,455060,6.128870302,6.099999905,0.186251225,Block Group 1; Census Tract 9676; Johnson County; Nebraska,2310,0,2310
31,109,3401,3,1500000US311090034013,3.1109E+11,3,Block Group 3,BG,2525324,0,6.500000119,6.450000048,0.187082882,Block Group 3; Census Tract 34.01; Lancaster County; Nebraska,2526,2420,106
46,9,967700,2,1500000US460099677002,4.601E+11,2,Block Group 2,BG,316773443,13487515,5.63460491,5.5,0.301090267,Block Group 2; Census Tract 9677; Bon Homme County; South Dakota,2359,0,2359
31,109,3500,1,1500000US311090035001,3.1109E+11,1,Block Group 1,BG,783310,0,6.65401069,6.699999809,0.169651682,Block Group 1; Census Tract 35; Lancaster County; Nebraska,204,195,9
31,145,963200,2,1500000US311459632002,3.1146E+11,2,Block Group 2,BG,11611728,0,5.471428599,5.400000095,0.12205708,Block Group 2; Census Tract 9632; Red Willow County; Nebraska,1313,1033,280
46,135,966301,2,1500000US461359663012,4.6136E+11,2,Block Group 2,BG,85791086,5264167,5.68020832,5.699999809,0.189637704,Block Group 2; Census Tract 9663.01; Yankton County; South Dakota,2974,1089,1885
56,15,957900,2,1500000US560159579002,5.6016E+11,2,Block Group 2,BG,47679447,34876,4.06666665,4,0.127827476,Block Group 2; Census Tract 9579; Goshen County; Wyoming,2403,1593,810
36,29,980300,1,1500000US360299803001,3.603E+11,1,Block Group 1,BG,3035322,11202,5.599999905,5.599999905,0,Block Group 1; Census Tract 9803; Erie County; New York,2193,2108,85
42,107,902,4,1500000US421070009024,4.2107E+11,4,Block Group 4,BG,1244994,0,7.294439839,7.25,0.105553722,Block Group 4; Census Tract 9.02; Schuylkill County; Pennsylvania,1148,0,1148
42,33,330900,5,1500000US420333309005,4.20333E+11,5,Block Group 5,BG,472695,0,7.030256241,7.049999952,0.053756947,Block Group 5; Census Tract 3309; Clearfield County; Pennsylvania,1745,1745,0
42,127,960900,2,1500000US421279609002,4.2128E+11,2,Block Group 2,BG,47285831,2427865,6.155555575,6.199999809,0.151127484,Block Group 2; Census Tract 9609; Wayne County; Pennsylvania,3610,0,3610
42,69,100200,2,1500000US420691002002,4.20691E+11,2,Block Group 2,BG,738541,0,6.866572065,6.800000191,0.07815338,Block Group 2; Census Tract 1002; Lackawanna County; Pennsylvania,2197,2197,0
42,63,960900,3,1500000US420639609003,4.2064E+11,3,Block Group 3,BG,371668,4381,7.937966381,7.900000095,0.080258515,Block Group 3; Census Tract 9609; Indiana County; Pennsylvania,1189,0,1189
42,119,980101,1,1500000US421199801011,4.212E+11,1,Block Group 1,BG,8648392,199749,6.985714299,7,0.063887596,Block Group 1; Census Tract 9801.01; Union County; Pennsylvania,3005,0,3005
42,119,980501,1,1500000US421199805011,4.212E+11,1,Block Group 1,BG,3803212,0,7.420000076,7.400000095,0.074833076,Block Group 1; Census Tract 9805.01; Union County; Pennsylvania,547,0,547
42,43,21200,2,1500000US420430212002,4.2043E+11,2,Block Group 2,BG,275383,0,8.438240186,8.349999905,0.104279921,Block Group 2; Census Tract 212; Dauphin County; Pennsylvania,1419,1419,0
42,83,421000,3,1500000US420834210003,4.20834E+11,3,Block Group 3,BG,746950,0,6.300000191,6.300000191,0,Block Group 3; Census Tract 4210; McKean County; Pennsylvania,0,0,0
36,15,11200,6,1500000US360150112006,3.6015E+11,6,Block Group 6,BG,4058156,54100,6.425000072,6.400000095,0.043301229,Block Group 6; Census Tract 112; Chemung County; New York,484,0,484
36,13,36300,1,1500000US360130363001,3.6013E+11,1,Block Group 1,BG,21694711,670473,6.004545494,6.149999857,0.40054199,Block Group 1; Census Tract 363; Chautauqua County; New York,1684,0,1684
39,7,101,3,1500000US390070001013,3.9007E+11,3,Block Group 3,BG,9597695,1682880,7.055555503,7.099999905,0.200616328,Block Group 3; Census Tract 1.01; Ashtabula County; Ohio,2578,2516,62
42,33,330700,2,1500000US420333307002,4.20333E+11,2,Block Group 2,BG,228588917,1714527,6.837698409,6.800000191,0.176291908,Block Group 2; Census Tract 3307; Clearfield County; Pennsylvania,1318,0,1318
42,27,11202,1,1500000US420270112021,4.2027E+11,1,Block Group 1,BG,3010664,0,7.566666603,7.599999905,0.047140407,Block Group 1; Census Tract 112.02; Centre County; Pennsylvania,4392,2075,2317
42,39,110202,4,1500000US420391102024,4.20391E+11,4,Block Group 4,BG,137420,0,6.400000095,6.400000095,0,Block Group 4; Census Tract 1102.02; Crawford County; Pennsylvania,1151,0,1151
42,49,10108,1,1500000US420490101081,4.2049E+11,1,Block Group 1,BG,1775550,0,6.199999809,6.199999809,0,Block Group 1; Census Tract 101.08; Erie County; Pennsylvania,2279,0,2279
42,107,400,4,1500000US421070004004,4.2107E+11,4,Block Group 4,BG,817218,0,7.482962392,7.400000095,0.153578883,Block Group 4; Census Tract 4; Schuylkill County; Pennsylvania,1191,1191,0
42,41,981001,1,1500000US420419810011,4.2042E+11,1,Block Group 1,BG,2434052,24479,8.53333346,8.5,0.047140632,Block Group 1; Census Tract 9810.01; Cumberland County; Pennsylvania,2884,2884,0
42,85,32602,4,1500000US420850326024,4.2085E+11,4,Block Group 4,BG,1308380,0,7.080648202,7.099999905,0.146274032,Block Group 4; Census Tract 326.02; Mercer County; Pennsylvania,1581,0,1581
42,81,11701,3,1500000US420810117013,4.2081E+11,3,Block Group 3,BG,2995693,4741,6.966666698,7,0.124721794,Block Group 3; Census Tract 117.01; Lycoming County; Pennsylvania,1349,0,1349
42,79,215600,2,1500000US420792156002,4.20792E+11,2,Block Group 2,BG,695766,268479,6.75,6.75,0.050000191,Block Group 2; Census Tract 2156; Luzerne County; Pennsylvania,293,0,293
42,97,81200,1,1500000US420970812001,4.20971E+11,1,Block Group 1,BG,23465688,115695,7.070370392,7.099999905,0.180153835,Block Group 1; Census Tract 812; Northumberland County; Pennsylvania,3149,2482,667
42,79,211301,3,1500000US420792113013,4.20792E+11,3,Block Group 3,BG,4859896,5343,6.260000038,6.300000191,0.048989982,Block Group 3; Census Tract 2113.01; Luzerne County; Pennsylvania,2163,0,2163
42,33,331700,5,1500000US420333317005,4.20333E+11,5,Block Group 5,BG,842306,5976,7.076029984,7.049999952,0.097360406,Block Group 5; Census Tract 3317; Clearfield County; Pennsylvania,2506,0,2506
36,15,300,1,1500000US360150003001,3.6015E+11,1,Block Group 1,BG,480229,0,6.209158894,6.199999809,0.052977728,Block Group 1; Census Tract 3; Chemung County; New York,1471,1471,0
42,107,400,3,1500000US421070004003,4.2107E+11,3,Block Group 3,BG,912949,0,7.200000048,7.200000048,0.100000143,Block Group 3; Census Tract 4; Schuylkill County; Pennsylvania,2346,0,2346
42,133,1600,2,1500000US421330016002,4.2133E+11,2,Block Group 2,BG,164875,6563,8.562900296,8.599999905,0.106660029,Block Group 2; Census Tract 16; York County; Pennsylvania,907,907,0
42,49,300,3,1500000US420490003003,4.2049E+11,3,Block Group 3,BG,901137,1003685,6.599181879,6.5,0.195021572,Block Group 3; Census Tract 3; Erie County; Pennsylvania,806,806,0
42,53,530100,3,1500000US420535301003,4.20535E+11,3,Block Group 3,BG,839608,0,6.309512364,6.350000143,0.084349778,Block Group 3; Census Tract 5301; Forest County; Pennsylvania,2655,0,2655
53,33,28801,2,1500000US530330288012,5.3033E+11,2,Block Group 2,BG,3407592,0,6.450000048,6.450000048,0.049999952,Block Group 2; Census Tract 288.01; King County; Washington,1821,1821,0
53,33,28801,1,1500000US530330288011,5.3033E+11,1,Block Group 1,BG,1814125,0,6.549999952,6.549999952,0.049999952,Block Group 1; Census Tract 288.01; King County; Washington,1911,1911,0
53,33,8500,1,1500000US530330085001,5.3033E+11,1,Block Group 1,BG,155715,0,6.821493916,7,0.268075261,Block Group 1; Census Tract 85; King County; Washington,1305,1305,0
53,35,92101,1,1500000US530350921011,5.30351E+11,1,Block Group 1,BG,7436684,953410,5.585714272,5.400000095,0.247435735,Block Group 1; Census Tract 921.01; Kitsap County; Washington,1527,1527,0
53,77,2803,2,1500000US530770028032,5.3077E+11,2,Block Group 2,BG,9672717,0,7.336363576,7.300000191,0.177214465,Block Group 2; Census Tract 28.03; Yakima County; Washington,4625,4332,293
53,31,950702,1,1500000US530319507021,5.3032E+11,1,Block Group 1,BG,2857805243,130300164,4.507392316,4.300000191,0.731554753,Block Group 1; Census Tract 9507.02; Jefferson County; Washington,776,0,776
53,27,1602,1,1500000US530270016021,5.3027E+11,1,Block Group 1,BG,219700150,49258755,4.243181761,4.199999809,0.088500394,Block Group 1; Census Tract 16.02; Grays Harbor County; Washington,2859,0,2859
53,45,960600,1,1500000US530459606001,5.3046E+11,1,Block Group 1,BG,28301540,153315,5.103030205,5.099999905,0.067351787,Block Group 1; Census Tract 9606; Mason County; Washington,2139,116,2023
53,73,1000,2,1500000US530730010002,5.3073E+11,2,Block Group 2,BG,202950,0,4.607035781,4.649999857,0.065923494,Block Group 2; Census Tract 10; Whatcom County; Washington,1192,1192,0
53,63,3500,4,1500000US530630035004,5.3063E+11,4,Block Group 4,BG,262433,0,7.100210864,7.149999857,0.070561598,Block Group 4; Census Tract 35; Spokane County; Washington,1027,1027,0
53,67,10520,2,1500000US530670105202,5.3067E+11,2,Block Group 2,BG,983717,0,5.286202988,5.300000191,0.055557294,Block Group 2; Census Tract 105.20; Thurston County; Washington,2138,2138,0
53,33,9400,5,1500000US530330094005,5.3033E+11,5,Block Group 5,BG,272348,0,6.622118176,6.649999857,0.082965602,Block Group 5; Census Tract 94; King County; Washington,1227,1227,0
53,33,8102,2,1500000US530330081022,5.3033E+11,2,Block Group 2,BG,296448,91220,7.153764799,7.099999905,0.208308856,Block Group 2; Census Tract 81.02; King County; Washington,1484,1484,0
53,53,72603,5,1500000US530530726035,5.30531E+11,5,Block Group 5,BG,16991708,20288021,5.799999992,5.800000191,0.125830628,Block Group 5; Census Tract 726.03; Pierce County; Washington,349,0,349
53,33,9300,3,1500000US530330093003,5.3033E+11,3,Block Group 3,BG,6456161,254704,7.225000024,7.25,0.198431369,Block Group 3; Census Tract 93; King County; Washington,1259,1259,0
53,61,52211,1,1500000US530610522111,5.30611E+11,1,Block Group 1,BG,5711236,0,5,5,0.099999905,Block Group 1; Census Tract 522.11; Snohomish County; Washington,3162,3095,67
53,53,72504,1,1500000US530530725041,5.30531E+11,1,Block Group 1,BG,2616271,1063618,5.933333238,6,0.169967373,Block Group 1; Census Tract 725.04; Pierce County; Washington,1697,1697,0
53,63,10401,3,1500000US530630104013,5.3063E+11,3,Block Group 3,BG,4979706,0,5.866666794,5.850000143,0.074535528,Block Group 3; Census Tract 104.01; Spokane County; Washington,3213,3213,0
53,9,2400,3,1500000US530090024003,5.3009E+11,3,Block Group 3,BG,928616670,103459722,3.740948279,3.700000048,0.501416076,Block Group 3; Census Tract 24; Clallam County; Washington,1691,0,1691
53,45,960401,1,1500000US530459604011,5.3046E+11,1,Block Group 1,BG,27546859,397522,5.37575755,5.400000095,0.246220289,Block Group 1; Census Tract 9604.01; Mason County; Washington,1915,124,1791
53,67,12730,1,1500000US530670127301,5.3067E+11,1,Block Group 1,BG,63499659,856755,4.884415664,4.900000095,0.083844208,Block Group 1; Census Tract 127.30; Thurston County; Washington,2400,437,1963
53,21,20802,3,1500000US530210208023,5.3021E+11,3,Block Group 3,BG,567772157,694078,4.806946432,4.800000191,0.146974638,Block Group 3; Census Tract 208.02; Franklin County; Washington,3430,2720,710
53,33,7600,2,1500000US530330076002,5.3033E+11,2,Block Group 2,BG,213478,0,6.199999809,6.199999809,8.88E-16,Block Group 2; Census Tract 76; King County; Washington,1552,1552,0
22,79,980000,1,1500000US220799800001,2.208E+11,1,Block Group 1,BG,7018653,0,7.762500048,7.850000143,0.193245338,Block Group 1; Census Tract 9800; Rapides Parish; Louisiana,325,325,0
22,37,951502,1,1500000US220379515021,2.2038E+11,1,Block Group 1,BG,17164900,55868,6.935294151,6.900000095,0.13694637,Block Group 1; Census Tract 9515.02; East Feliciana Parish; Louisiana,2939,0,2939
22,27,950201,1,1500000US220279502011,2.2028E+11,1,Block Group 1,BG,215772370,411809,7.442583716,7.5,0.235091408,Block Group 1; Census Tract 9502.01; Claiborne Parish; Louisiana,2431,0,2431
22,47,953200,4,1500000US220479532004,2.2048E+11,4,Block Group 4,BG,4085249,29005,8.375,8.449999809,0.227760923,Block Group 4; Census Tract 9532; Iberville Parish; Louisiana,262,0,262
22,3,950502,1,1500000US220039505021,2.2004E+11,1,Block Group 1,BG,42308360,113162,7.330769221,7.300000191,0.174170361,Block Group 1; Census Tract 9505.02; Allen Parish; Louisiana,1103,0,1103
22,9,30701,2,1500000US220090307012,2.2009E+11,2,Block Group 2,BG,24099899,0,7.485714277,7.5,0.180701545,Block Group 2; Census Tract 307.01; Avoyelles Parish; Louisiana,3116,0,3116
22,117,950101,3,1500000US221179501013,2.2118E+11,3,Block Group 3,BG,89937652,2638960,7.856097628,7.900000095,0.193237938,Block Group 3; Census Tract 9501.01; Washington Parish; Louisiana,2286,0,2286
22,125,980000,1,1500000US221259800001,2.2126E+11,1,Block Group 1,BG,69119476,7903308,7.524657576,7.599999905,0.560034483,Block Group 1; Census Tract 9800; West Feliciana Parish; Louisiana,5627,0,5627
28,49,3000,1,1500000US280490030001,2.8049E+11,1,Block Group 1,BG,478572,0,8.694592905,8.650000095,0.066996194,Block Group 1; Census Tract 30; Hinds County; Mississippi,439,439,0
28,127,950500,1,1500000US281279505001,2.8128E+11,1,Block Group 1,BG,10265387,0,8.081818234,8,0.174867222,Block Group 1; Census Tract 9505; Simpson County; Mississippi,1753,0,1753
22,39,950302,3,1500000US220399503023,2.204E+11,3,Block Group 3,BG,8318904,368057,7.585714204,7.599999905,0.098974237,Block Group 3; Census Tract 9503.02; Evangeline Parish; Louisiana,593,0,593
28,163,950100,5,1500000US281639501005,2.8164E+11,5,Block Group 5,BG,15341498,637271,7.866666667,7.800000191,0.184992516,Block Group 5; Census Tract 9501; Yazoo County; Mississippi,4165,4059,106
22,3,950202,1,1500000US220039502021,2.2004E+11,1,Block Group 1,BG,5404494,0,7.225000024,7.25,0.082915756,Block Group 1; Census Tract 9502.02; Allen Parish; Louisiana,1951,1850,101
22,43,20406,1,1500000US220430204061,2.2043E+11,1,Block Group 1,BG,69413553,692251,7.245454521,7.199999809,0.244442354,Block Group 1; Census Tract 204.06; Grant Parish; Louisiana,5270,0,5270
28,121,20500,2,1500000US281210205002,2.8121E+11,2,Block Group 2,BG,11886753,860,7.990000153,7.950000048,0.266270559,Block Group 2; Census Tract 205; Rankin County; Mississippi,3844,3831,13
28,157,950202,1,1500000US281579502021,2.8158E+11,1,Block Group 1,BG,21976273,0,6.734782551,6.699999809,0.178419884,Block Group 1; Census Tract 9502.02; Wilkinson County; Mississippi,1625,0,1625
28,75,10400,2,1500000US280750104002,2.8075E+11,2,Block Group 2,BG,65812211,80648,7.753225796,7.699999809,0.15315791,Block Group 2; Census Tract 104; Lauderdale County; Mississippi,1832,0,1832
28,1,101,2,1500000US280010001012,2.8001E+11,2,Block Group 2,BG,93577051,41602,6.984946256,6.900000095,0.195071639,Block Group 2; Census Tract 1.01; Adams County; Mississippi,1622,0,1622
22,127,960201,3,1500000US221279602013,2.2128E+11,3,Block Group 3,BG,175715251,8085433,7.194252861,7.199999809,0.165297618,Block Group 3; Census Tract 9602.01; Winn Parish; Louisiana,1839,0,1839
48,245,980200,1,1500000US482459802001,4.8246E+11,1,Block Group 1,BG,5088735,155782,8.100000095,8,0.167332074,Block Group 1; Census Tract 9802; Jefferson County; Texas,6169,6169,0
48,241,950400,3,1500000US482419504003,4.8242E+11,3,Block Group 3,BG,149194263,164397,7.419708019,7.400000095,0.255405606,Block Group 3; Census Tract 9504; Jasper County; Texas,1610,114,1496
13,121,6801,1,1500000US131210068011,1.3121E+11,1,Block Group 1,BG,660642,0,9.047507746,9.050000191,0.087354562,Block Group 1; Census Tract 68.01; Fulton County; Georgia,2297,2297,0
13,37,950100,2,1500000US130379501002,1.3038E+11,2,Block Group 2,BG,228872588,3817227,7.235964924,7.300000191,0.32824019,Block Group 2; Census Tract 9501; Calhoun County; Georgia,2049,0,2049
13,21,13603,2,1500000US130210136032,1.3021E+11,2,Block Group 2,BG,25951853,7893,7.540000038,7.5,0.231516751,Block Group 2; Census Tract 136.03; Bibb County; Georgia,2256,0,2256
45,49,920401,1,1500000US450499204011,4.50499E+11,1,Block Group 1,BG,8172344,0,6.212500036,6.25,0.126861235,Block Group 1; Census Tract 9204.01; Hampton County; South Carolina,1215,0,1215
13,89,23802,3,1500000US130890238023,1.3089E+11,3,Block Group 3,BG,5774289,55575,9.066666921,9.100000381,0.124721879,Block Group 3; Census Tract 238.02; DeKalb County; Georgia,1118,1118,0
13,51,10701,3,1500000US130510107013,1.3051E+11,3,Block Group 3,BG,71963554,7244818,7.937662354,8,0.589747663,Block Group 3; Census Tract 107.01; Chatham County; Georgia,2008,2008,0
13,73,30508,1,1500000US130730305081,1.3073E+11,1,Block Group 1,BG,1637373,0,7.75,7.75,0.150000095,Block Group 1; Census Tract 305.08; Columbia County; Georgia,1939,1939,0
13,9,970802,1,1500000US130099708021,1.301E+11,1,Block Group 1,BG,42066656,670446,7.326190506,7.300000191,0.189057233,Block Group 1; Census Tract 9708.02; Baldwin County; Georgia,3656,1052,2604
13,207,50200,1,1500000US132070502001,1.32071E+11,1,Block Group 1,BG,83093458,232547,7.236708889,7.199999809,0.27795695,Block Group 1; Census Tract 502; Monroe County; Georgia,1838,8,1830
13,107,970401,1,1500000US131079704011,1.3108E+11,1,Block Group 1,BG,116303308,1081954,6.881034485,6.900000095,0.293878274,Block Group 1; Census Tract 9704.01; Emanuel County; Georgia,3391,1817,1574
13,141,480400,1,1500000US131414804001,1.31415E+11,1,Block Group 1,BG,178686439,936317,6.601734103,6.599999905,0.179747402,Block Group 1; Census Tract 4804; Hancock County; Georgia,2074,0,2074
13,177,20302,2,1500000US131770203022,1.3177E+11,2,Block Group 2,BG,90967409,906345,7.255172417,7.300000191,0.354205798,Block Group 2; Census Tract 203.02; Lee County; Georgia,2080,0,2080
13,183,970202,1,1500000US131839702021,1.3184E+11,1,Block Group 1,BG,44209931,126228,6.465116301,6.400000095,0.215540116,Block Group 1; Census Tract 9702.02; Long County; Georgia,2291,647,1644
13,55,10501,1,1500000US130550105011,1.3055E+11,1,Block Group 1,BG,5169970,0,7.639999866,7.699999809,0.079999924,Block Group 1; Census Tract 105.01; Chattooga County; Georgia,1543,1412,131
13,167,960201,1,1500000US131679602011,1.3168E+11,1,Block Group 1,BG,123625976,1040880,6.94426229,6.900000095,0.20844827,Block Group 1; Census Tract 9602.01; Johnson County; Georgia,2224,0,2224
13,193,300,1,1500000US131930003001,1.3193E+11,1,Block Group 1,BG,172016267,2780835,7.295209579,7.300000191,0.374455044,Block Group 1; Census Tract 3; Macon County; Georgia,2741,0,2741
13,223,120108,2,1500000US132231201082,1.32231E+11,2,Block Group 2,BG,7567570,11238,8.362500012,8.449999809,0.239465428,Block Group 2; Census Tract 1201.08; Paulding County; Georgia,3283,3270,13
13,215,10606,1,1500000US132150106061,1.3215E+11,1,Block Group 1,BG,2592665,0,8.599999905,8.599999905,0.099999905,Block Group 1; Census Tract 106.06; Muscogee County; Georgia,1715,1715,0
13,267,950202,1,1500000US132679502021,1.3268E+11,1,Block Group 1,BG,114724365,3282282,7.032110092,7,0.336435917,Block Group 1; Census Tract 9502.02; Tattnall County; Georgia,3297,0,3297
13,295,20601,1,1500000US132950206011,1.3295E+11,1,Block Group 1,BG,24848166,103825,7.235999985,7.199999809,0.183040992,Block Group 1; Census Tract 206.01; Walker County; Georgia,2286,15,2271
13,303,950500,1,1500000US133039505001,1.3304E+11,1,Block Group 1,BG,187120250,1211336,6.662295115,6.699999809,0.2633313,Block Group 1; Census Tract 9505; Washington County; Georgia,2436,0,2436
13,315,960100,3,1500000US133159601003,1.3316E+11,3,Block Group 3,BG,23277338,511834,7.309090961,7.300000191,0.112448393,Block Group 3; Census Tract 9601; Wilcox County; Georgia,2393,0,2393
13,287,970300,1,1500000US132879703001,1.3288E+11,1,Block Group 1,BG,28489681,662300,7.373333327,7.450000048,0.2862788,Block Group 1; Census Tract 9703; Turner County; Georgia,1168,653,515
13,309,780200,1,1500000US133097802001,1.33098E+11,1,Block Group 1,BG,95948373,985270,7.168817197,7.199999809,0.226225925,Block Group 1; Census Tract 7802; Wheeler County; Georgia,3047,0,3047
13,109,970300,2,1500000US131099703002,1.311E+11,2,Block Group 2,BG,20333605,462526,6.521052662,6.5,0.244042581,Block Group 2; Census Tract 9703; Evans County; Georgia,1133,0,1133
1,11,952202,3,1500000US010119522023,10119522023,3,Block Group 3,BG,112720244,569991,7.419417465,7.5,0.198077239,Block Group 3; Census Tract 9522.02; Bullock County; Alabama,2331,0,2331
1,5,950200,2,1500000US010059502002,10059502002,2,Block Group 2,BG,213279789,265574,7.414999995,7.400000095,0.184323092,Block Group 2; Census Tract 9502; Barbour County; Alabama,1760,0,1760
13,143,10304,2,1500000US131430103042,1.3143E+11,2,Block Group 2,BG,16718878,0,7.847058857,7.800000191,0.200345795,Block Group 2; Census Tract 103.04; Haralson County; Georgia,1543,1110,433
13,209,950200,3,1500000US132099502003,1.321E+11,3,Block Group 3,BG,91285022,1832391,7.056470596,7.099999905,0.237856626,Block Group 3; Census Tract 9502; Montgomery County; Georgia,1443,0,1443
13,1,950202,1,1500000US130019502021,1.3002E+11,1,Block Group 1,BG,44568888,144916,7.580952395,7.599999905,0.234254801,Block Group 1; Census Tract 9502.02; Appling County; Georgia,1273,503,770
13,285,960600,1,1500000US132859606001,1.3286E+11,1,Block Group 1,BG,54935075,174573,7.532692341,7.5,0.227630895,Block Group 1; Census Tract 9606; Troup County; Georgia,1757,169,1588
13,63,40308,1,1500000US130630403081,1.3063E+11,1,Block Group 1,BG,5679136,7050,9.699999968,9.75,0.163299355,Block Group 1; Census Tract 403.08; Clayton County; Georgia,835,835,0
13,23,790200,3,1500000US130237902003,1.30238E+11,3,Block Group 3,BG,147717128,2178532,7.386428581,7.400000095,0.379513005,Block Group 3; Census Tract 7902; Bleckley County; Georgia,783,109,674
13,305,970500,1,1500000US133059705001,1.3306E+11,1,Block Group 1,BG,17231540,78723,6.829411787,6.900000095,0.160017331,Block Group 1; Census Tract 9705; Wayne County; Georgia,2127,1585,542
13,271,950102,1,1500000US132719501021,1.3272E+11,1,Block Group 1,BG,26748373,707247,7.264000053,7.300000191,0.143888904,Block Group 1; Census Tract 9501.02; Telfair County; Georgia,2072,0,2072
13,205,90401,1,1500000US132050904011,1.32051E+11,1,Block Group 1,BG,46466301,122408,8.182222313,8.199999809,0.300583809,Block Group 1; Census Tract 904.01; Mitchell County; Georgia,1880,0,1880
13,91,960100,1,1500000US130919601001,1.3092E+11,1,Block Group 1,BG,76886580,1303708,7.260256407,7.25,0.189018909,Block Group 1; Census Tract 9601; Dodge County; Georgia,2005,0,2005
13,93,970100,1,1500000US130939701001,1.3094E+11,1,Block Group 1,BG,118032600,1459981,7.271681435,7.400000095,0.430366986,Block Group 1; Census Tract 9701; Dooly County; Georgia,2860,0,2860
13,69,10302,1,1500000US130690103021,1.3069E+11,1,Block Group 1,BG,68923297,456396,7.419047636,7.400000095,0.174444373,Block Group 1; Census Tract 103.02; Coffee County; Georgia,3484,0,3484
13,107,970101,2,1500000US131079701012,1.3108E+11,2,Block Group 2,BG,83588777,2312583,6.761445838,6.800000191,0.272353108,Block Group 2; Census Tract 9701.01; Emanuel County; Georgia,1690,0,1690
13,165,960100,6,1500000US131659601006,1.3166E+11,6,Block Group 6,BG,25479852,251585,6.756521785,6.800000191,0.297564174,Block Group 6; Census Tract 9601; Jenkins County; Georgia,2014,0,2014
13,267,950300,5,1500000US132679503005,1.3268E+11,5,Block Group 5,BG,82182664,881823,6.725000012,6.699999809,0.202792997,Block Group 5; Census Tract 9503; Tattnall County; Georgia,771,0,771
13,299,950200,2,1500000US132999502002,1.33E+11,2,Block Group 2,BG,39496896,289325,7.26486487,7.199999809,0.26934979,Block Group 2; Census Tract 9502; Ware County; Georgia,3410,1711,1699
13,235,950100,2,1500000US132359501002,1.3236E+11,2,Block Group 2,BG,52189649,708421,7.218367372,7.099999905,0.319868249,Block Group 2; Census Tract 9501; Pulaski County; Georgia,1487,0,1487
13,231,10101,2,1500000US132310101012,1.3231E+11,2,Block Group 2,BG,33593601,267728,7.157575723,7.099999905,0.163355546,Block Group 2; Census Tract 101.01; Pike County; Georgia,1152,0,1152
13,173,950201,2,1500000US131739502012,1.3174E+11,2,Block Group 2,BG,3236112,0,7.466666698,7.400000095,0.094280814,Block Group 2; Census Tract 9502.01; Lanier County; Georgia,1310,0,1310
13,121,1301,2,1500000US131210013012,1.3121E+11,2,Block Group 2,BG,240584,0,9.399999619,9.399999619,0,Block Group 2; Census Tract 13.01; Fulton County; Georgia,1208,1208,0
13,5,970202,1,1500000US130059702021,1.3006E+11,1,Block Group 1,BG,59396275,378832,7.229090925,7.199999809,0.196026651,Block Group 1; Census Tract 9702.02; Bacon County; Georgia,1355,0,1355
13,153,21402,1,1500000US131530214021,1.3153E+11,1,Block Group 1,BG,38771400,903889,7.438461585,7.300000191,0.348340736,Block Group 1; Census Tract 214.02; Houston County; Georgia,2914,1781,1133
13,283,960200,5,1500000US132839602005,1.3284E+11,5,Block Group 5,BG,53482555,660644,7.019230723,7,0.166454471,Block Group 5; Census Tract 9602; Treutlen County; Georgia,1581,0,1581
45,53,950203,4,1500000US450539502034,4.5054E+11,4,Block Group 4,BG,4263250,38078,6.5,6.599999905,0.141421221,Block Group 4; Census Tract 9502.03; Jasper County; South Carolina,1296,0,1296
45,37,970400,3,1500000US450379704003,4.5038E+11,3,Block Group 3,BG,32839302,470825,6.670588213,6.649999857,0.333898014,Block Group 3; Census Tract 9704; Edgefield County; South Carolina,1216,0,1216
1,5,950400,2,1500000US010059504002,10059504002,2,Block Group 2,BG,92544762,300468,7.195348828,7.199999809,0.168375963,Block Group 2; Census Tract 9504; Barbour County; Alabama,2171,0,2171
13,271,950101,3,1500000US132719501013,1.3272E+11,3,Block Group 3,BG,23796588,257848,7.108333329,7.099999905,0.322640978,Block Group 3; Census Tract 9501.01; Telfair County; Georgia,2319,0,2319
13,259,950400,2,1500000US132599504002,1.326E+11,2,Block Group 2,BG,394013184,5339252,7.106976749,7.099999905,0.301208429,Block Group 2; Census Tract 9504; Stewart County; Georgia,2156,0,2156
13,245,600,3,1500000US132450006003,1.3245E+11,3,Block Group 3,BG,1544139,0,8.699999809,8.699999809,0.199999809,Block Group 3; Census Tract 6; Richmond County; Georgia,730,730,0
13,109,970300,1,1500000US131099703001,1.311E+11,1,Block Group 1,BG,3452788,118308,6.675000072,6.700000048,0.129903916,Block Group 1; Census Tract 9703; Evans County; Georgia,909,0,909
13,21,13900,2,1500000US130210139002,1.3021E+11,2,Block Group 2,BG,1406357,0,7.881970415,7.900000095,0.198817756,Block Group 2; Census Tract 139; Bibb County; Georgia,309,309,0
45,5,970500,4,1500000US450059705004,4.5006E+11,4,Block Group 4,BG,289140671,3428659,6.067025084,6.099999905,0.238398408,Block Group 4; Census Tract 9705; Allendale County; South Carolina,1447,0,1447
1,51,30103,1,1500000US010510301031,10510301031,1,Block Group 1,BG,59130244,1616794,8.132142893,8,0.265321295,Block Group 1; Census Tract 301.03; Elmore County; Alabama,5534,0,5534
1,53,970400,2,1500000US010539704002,10539704002,2,Block Group 2,BG,38134666,84367,7.675675676,7.699999809,0.283229864,Block Group 2; Census Tract 9704; Escambia County; Alabama,1674,0,1674
1,73,12200,2,1500000US010730122002,10730122002,2,Block Group 2,BG,41136579,2705908,7.620454571,7.599999905,0.200657509,Block Group 2; Census Tract 122; Jefferson County; Alabama,2846,0,2846
1,131,34801,2,1500000US011310348012,11310348012,2,Block Group 2,BG,8572505,0,7.389999914,7.350000143,0.207123152,Block Group 2; Census Tract 348.01; Wilcox County; Alabama,1148,0,1148
1,31,10500,1,1500000US010310105001,10310105001,1,Block Group 1,BG,65438431,266859,7.242187522,7.199999809,0.334852912,Block Group 1; Census Tract 105; Coffee County; Alabama,1225,0,1225
1,103,600,1,1500000US011030006001,11030006001,1,Block Group 1,BG,4184244,84090,7.950000127,7.900000095,0.076376345,Block Group 1; Census Tract 6; Morgan County; Alabama,1628,1628,0
1,83,20805,2,1500000US010830208052,10830208052,2,Block Group 2,BG,20094060,208228,7.161904766,7.199999809,0.25350149,Block Group 2; Census Tract 208.05; Limestone County; Alabama,3556,220,3336
1,37,961000,2,1500000US010379610002,10379610002,2,Block Group 2,BG,56236718,547243,7.661538463,7.599999905,0.239513818,Block Group 2; Census Tract 9610; Coosa County; Alabama,1202,0,1202
1,121,11200,1,1500000US011210112001,11210112001,1,Block Group 1,BG,115339035,6549614,7.64750003,7.599999905,0.297198745,Block Group 1; Census Tract 112; Talladega County; Alabama,1881,0,1881
1,115,40507,1,1500000US011150405071,11150405071,1,Block Group 1,BG,26873286,145668,7.325925915,7.300000191,0.162372694,Block Group 1; Census Tract 405.07; St. Clair County; Alabama,1824,0,1824
1,51,30901,3,1500000US010510309013,10510309013,3,Block Group 3,BG,9543174,36031,8.036363732,8.100000381,0.143163701,Block Group 3; Census Tract 309.01; Elmore County; Alabama,2110,0,2110
1,51,30600,1,1500000US010510306001,10510306001,1,Block Group 1,BG,19899389,198397,7.975000095,7.950000048,0.23848477,Block Group 1; Census Tract 306; Elmore County; Alabama,1470,300,1170
1,3,10903,3,1500000US010030109033,10030109033,3,Block Group 3,BG,30673908,89509,7.285714286,7.25,0.221543809,Block Group 3; Census Tract 109.03; Baldwin County; Alabama,2222,0,2222
1,97,3901,1,1500000US010970039011,10970039011,1,Block Group 1,BG,1687418,0,8.650000095,8.650000095,0.049999714,Block Group 1; Census Tract 39.01; Mobile County; Alabama,1062,1062,0
1,101,5501,2,1500000US011010055012,11010055012,2,Block Group 2,BG,4499125,86716,8.374999762,8.399999619,0.108972506,Block Group 2; Census Tract 55.01; Montgomery County; Alabama,1520,1349,171
1,117,30701,3,1500000US011170307013,11170307013,3,Block Group 3,BG,33755,0,8.338914516,8.25,0.174372236,Block Group 3; Census Tract 307.01; Shelby County; Alabama,600,0,600
1,101,900,2,1500000US011010009002,11010009002,2,Block Group 2,BG,2969636,690434,8.899999936,8.899999619,0.08164958,Block Group 2; Census Tract 9; Montgomery County; Alabama,1515,1364,151
1,121,10700,1,1500000US011210107001,11210107001,1,Block Group 1,BG,10059054,59181,7.7,7.699999809,0.100000095,Block Group 1; Census Tract 107; Talladega County; Alabama,2966,1594,1372
1,107,50300,3,1500000US011070503003,11070503003,3,Block Group 3,BG,55643643,178747,6.910714328,6.900000095,0.17896382,Block Group 3; Census Tract 503; Pickens County; Alabama,2398,0,2398
1,73,1600,1,1500000US010730016001,10730016001,1,Block Group 1,BG,688038,0,9.65967354,9.75,0.187550501,Block Group 1; Census Tract 16; Jefferson County; Alabama,869,869,0
1,93,964401,1,1500000US010939644011,10939644011,1,Block Group 1,BG,156030994,179050,6.577215183,6.599999905,0.22072915,Block Group 1; Census Tract 9644.01; Marion County; Alabama,2093,0,2093
1,101,5101,1,1500000US011010051011,11010051011,1,Block Group 1,BG,56299640,4799621,8.503333314,8.5,0.253618289,Block Group 1; Census Tract 51.01; Montgomery County; Alabama,968,69,899
1,93,964401,2,1500000US010939644012,10939644012,2,Block Group 2,BG,20033706,0,6.915789429,7,0.232295545,Block Group 2; Census Tract 9644.01; Marion County; Alabama,1620,0,1620
1,7,10009,2,1500000US010070100092,10070100092,2,Block Group 2,BG,51485343,1270974,7.709615414,7.699999809,0.176787192,Block Group 2; Census Tract 100.09; Bibb County; Alabama,667,0,667
1,125,12600,2,1500000US011250126002,11250126002,2,Block Group 2,BG,2938152,5274,8.300000191,8.25,0.187082946,Block Group 2; Census Tract 126; Tuscaloosa County; Alabama,1192,1192,0
28,41,950102,2,1500000US280419501022,2.8042E+11,2,Block Group 2,BG,256623047,2043303,7.954693954,8,0.206101871,Block Group 2; Census Tract 9501.02; Greene County; Mississippi,3487,0,3487
49,49,10503,2,1500000US490490105032,4.9049E+11,2,Block Group 2,BG,56067502,622493,5.943103503,6,0.07902866,Block Group 2; Census Tract 105.03; Utah County; Utah,2862,1629,1233
49,39,972300,1,1500000US490399723001,4.904E+11,1,Block Group 1,BG,901241096,22463203,4.24212721,4.300000191,0.415771039,Block Group 1; Census Tract 9723; Sanpete County; Utah,679,0,679
49,35,112818,1,1500000US490351128181,4.90351E+11,1,Block Group 1,BG,3128654,0,6.666666508,6.699999809,0.047140407,Block Group 1; Census Tract 1128.18; Salt Lake County; Utah,3159,3159,0
39,29,951402,1,1500000US390299514021,3.903E+11,1,Block Group 1,BG,18441118,0,7.400000042,7.400000095,0.115470035,Block Group 1; Census Tract 9514.02; Columbiana County; Ohio,2879,0,2879
26,75,5800,1,1500000US260750058001,2.6075E+11,1,Block Group 1,BG,1611208,693,6.900000095,6.900000095,0,Block Group 1; Census Tract 58; Jackson County; Michigan,6133,6133,0
39,101,10202,1,1500000US391010102021,3.9101E+11,1,Block Group 1,BG,1158540,11383,7.800000191,7.800000191,0,Block Group 1; Census Tract 102.02; Marion County; Ohio,2418,2418,0
39,29,951100,3,1500000US390299511003,3.903E+11,3,Block Group 3,BG,1469040,9517,7.804109679,7.800000191,0.119085261,Block Group 3; Census Tract 9511; Columbiana County; Ohio,991,0,991
26,161,980300,1,1500000US261619803001,2.6162E+11,1,Block Group 1,BG,779521,0,7.350000143,7.350000143,0.049999952,Block Group 1; Census Tract 9803; Washtenaw County; Michigan,2012,2001,11
26,161,980600,1,1500000US261619806001,2.6162E+11,1,Block Group 1,BG,1329590,0,7.350000143,7.350000143,0.049999952,Block Group 1; Census Tract 9806; Washtenaw County; Michigan,1603,1603,0
21,19,31003,4,1500000US210190310034,2.1019E+11,4,Block Group 4,BG,291696,0,7.099999905,7.099999905,8.88E-16,Block Group 4; Census Tract 310.03; Boyd County; Kentucky,1230,1230,0
21,19,31003,1,1500000US210190310031,2.1019E+11,1,Block Group 1,BG,3345961,1295,7.224999905,7.199999809,0.043301435,Block Group 1; Census Tract 310.03; Boyd County; Kentucky,751,751,0
26,91,61701,1,1500000US260910617011,2.60911E+11,1,Block Group 1,BG,26676892,0,7.340625048,7.350000143,0.09636971,Block Group 1; Census Tract 617.01; Lenawee County; Michigan,4900,3671,1229
39,3,11200,1,1500000US390030112001,3.9003E+11,1,Block Group 1,BG,2457860,13566,8.399999936,8.399999619,0.08164958,Block Group 1; Census Tract 112; Allen County; Ohio,1521,1360,161
39,129,21300,1,1500000US391290213001,3.9129E+11,1,Block Group 1,BG,5147772,167257,8.150000095,8.150000095,0.049999714,Block Group 1; Census Tract 213; Pickaway County; Ohio,3494,0,3494
39,165,31700,1,1500000US391650317001,3.9165E+11,1,Block Group 1,BG,7768083,823,9.449999928,9.449999809,0.331662396,Block Group 1; Census Tract 317; Warren County; Ohio,3193,3193,0
39,93,91200,1,1500000US390930912001,3.90931E+11,1,Block Group 1,BG,21895902,4240,7.399999971,7.400000095,0.186500995,Block Group 1; Census Tract 912; Lorain County; Ohio,2433,0,2433
39,101,10202,2,1500000US391010102022,3.9101E+11,2,Block Group 2,BG,4203182,28526,7.774999976,7.75,0.082915756,Block Group 2; Census Tract 102.02; Marion County; Ohio,2557,2556,1
39,139,1700,1,1500000US391390017001,3.9139E+11,1,Block Group 1,BG,2119758,4737,8.100000143,8.100000143,0.200000048,Block Group 1; Census Tract 17; Richland County; Ohio,4986,4986,0
39,99,813800,2,1500000US390998138002,3.90998E+11,2,Block Group 2,BG,5270074,186484,7.199999968,7.199999809,0.173205099,Block Group 2; Census Tract 8138; Mahoning County; Ohio,1343,1254,89
39,173,22500,2,1500000US391730225002,3.9173E+11,2,Block Group 2,BG,63869169,134250,7.727999999,7.699999809,0.136196024,Block Group 2; Census Tract 225; Wood County; Ohio,2156,1258,898
39,151,712400,4,1500000US391517124004,3.91517E+11,4,Block Group 4,BG,2860795,0,8.498018181,8.5,0.082976103,Block Group 4; Census Tract 7124; Stark County; Ohio,1121,1121,0
39,99,800502,1,1500000US390998005021,3.90998E+11,1,Block Group 1,BG,1115824,2278,7.914183881,7.900000095,0.212922283,Block Group 1; Census Tract 8005.02; Mahoning County; Ohio,959,959,0
39,113,60300,3,1500000US391130603003,3.91131E+11,3,Block Group 3,BG,2054199,0,8.349999905,8.349999905,0.049999714,Block Group 3; Census Tract 603; Montgomery County; Ohio,1529,1517,12
39,35,109701,2,1500000US390351097012,3.90351E+11,2,Block Group 2,BG,401392,0,9.364482984,9.300000191,0.095697711,Block Group 2; Census Tract 1097.01; Cuyahoga County; Ohio,2294,2294,0
39,49,8730,1,1500000US390490087301,3.9049E+11,1,Block Group 1,BG,4662709,93440,8.21666654,8.199999809,0.037267942,Block Group 1; Census Tract 87.30; Franklin County; Ohio,1987,1987,0
39,147,963700,2,1500000US391479637002,3.9148E+11,2,Block Group 2,BG,45058591,351570,7.627659503,7.599999905,0.100429139,Block Group 2; Census Tract 9637; Seneca County; Ohio,1423,206,1217
39,141,955604,1,1500000US391419556041,3.9142E+11,1,Block Group 1,BG,57182954,852187,7.375862048,7.400000095,0.210344845,Block Group 1; Census Tract 9556.04; Ross County; Ohio,6967,4685,2282
39,95,1202,1,1500000US390950012021,3.9095E+11,1,Block Group 1,BG,2544817,206917,8.550000191,8.600000381,0.149999936,Block Group 1; Census Tract 12.02; Lucas County; Ohio,2332,2332,0
39,155,920700,1,1500000US391559207001,3.91559E+11,1,Block Group 1,BG,5703784,0,7.657142707,7.699999809,0.049487119,Block Group 1; Census Tract 9207; Trumbull County; Ohio,2796,2649,147
39,97,41000,2,1500000US390970410002,3.9097E+11,2,Block Group 2,BG,10329567,0,8.109090935,8.199999809,0.156405868,Block Group 2; Census Tract 410; Madison County; Ohio,2555,86,2469
39,93,95100,1,1500000US390930951001,3.90931E+11,1,Block Group 1,BG,6901616,0,7.522222201,7.5,0.062853876,Block Group 1; Census Tract 951; Lorain County; Ohio,2633,607,2026
39,3,11200,2,1500000US390030112002,3.9003E+11,2,Block Group 2,BG,12360720,160395,8.350000064,8.449999809,0.184842206,Block Group 2; Census Tract 112; Allen County; Ohio,1322,907,415
39,93,71500,1,1500000US390930715001,3.90931E+11,1,Block Group 1,BG,11580761,7723,7.381250083,7.300000191,0.113019573,Block Group 1; Census Tract 715; Lorain County; Ohio,955,86,869
39,49,8340,4,1500000US390490083404,3.9049E+11,4,Block Group 4,BG,3784950,147367,8.225000143,8.200000286,0.129903526,Block Group 4; Census Tract 83.40; Franklin County; Ohio,1249,1249,0
39,155,934000,4,1500000US391559340004,3.91559E+11,4,Block Group 4,BG,5989306,9923,8.037500143,8.050000191,0.111102425,Block Group 4; Census Tract 9340; Trumbull County; Ohio,716,712,4
39,97,41000,1,1500000US390970410001,3.9097E+11,1,Block Group 1,BG,1781780,0,8.166666667,8.199999809,0.047140182,Block Group 1; Census Tract 410; Madison County; Ohio,2273,0,2273
39,159,50401,2,1500000US391590504012,3.91591E+11,2,Block Group 2,BG,1048042,0,8,8,0,Block Group 2; Census Tract 504.01; Union County; Ohio,2502,2502,0
39,35,109701,1,1500000US390351097011,3.90351E+11,1,Block Group 1,BG,364359,0,9.289118074,9.300000191,0.082371521,Block Group 1; Census Tract 1097.01; Cuyahoga County; Ohio,24,24,0
39,153,504200,2,1500000US391535042002,3.91535E+11,2,Block Group 2,BG,552466,0,8.003032978,8.099999905,0.178188002,Block Group 2; Census Tract 5042; Summit County; Ohio,943,943,0
39,145,2200,4,1500000US391450022004,3.9145E+11,4,Block Group 4,BG,9219922,261818,6.711111122,6.699999809,0.119670417,Block Group 4; Census Tract 22; Scioto County; Ohio,1856,0,1856
39,159,50303,1,1500000US391590503031,3.91591E+11,1,Block Group 1,BG,24985190,406882,8.132142953,8.100000381,0.240614628,Block Group 1; Census Tract 503.03; Union County; Ohio,1959,1647,312
39,145,2800,2,1500000US391450028002,3.9145E+11,2,Block Group 2,BG,29261205,1034734,6.810000006,6.800000191,0.127410153,Block Group 2; Census Tract 28; Scioto County; Ohio,1534,645,889
39,61,2800,1,1500000US390610028001,3.9061E+11,1,Block Group 1,BG,1696749,73393,9.687351768,9.650000095,0.240145582,Block Group 1; Census Tract 28; Hamilton County; Ohio,701,701,0
39,153,506800,1,1500000US391535068001,3.91535E+11,1,Block Group 1,BG,2732373,0,8.225000143,8.200000286,0.1920286,Block Group 1; Census Tract 5068; Summit County; Ohio,1592,1592,0
39,99,801700,1,1500000US390998017001,3.90998E+11,1,Block Group 1,BG,1091325,0,7.892203962,8.099999905,0.267619022,Block Group 1; Census Tract 8017; Mahoning County; Ohio,333,333,0
39,95,2800,1,1500000US390950028001,3.9095E+11,1,Block Group 1,BG,806587,0,8.104532494,8.100000381,0.138907487,Block Group 1; Census Tract 28; Lucas County; Ohio,994,994,0
40,55,967100,1,1500000US400559671001,4.0056E+11,1,Block Group 1,BG,794538298,10253166,5.215249997,5.199999809,0.354425506,Block Group 1; Census Tract 9671; Greer County; Oklahoma,1377,0,1377
48,1,950402,1,1500000US480019504021,4.8002E+11,1,Block Group 1,BG,71134275,2626492,7.067142875,7.099999905,0.298913003,Block Group 1; Census Tract 9504.02; Anderson County; Texas,7115,0,7115
48,215,23530,4,1500000US482150235304,4.8215E+11,4,Block Group 4,BG,37964339,0,8.233333328,8.199999809,0.343481866,Block Group 4; Census Tract 235.30; Hidalgo County; Texas,4217,0,4217
48,373,210203,1,1500000US483732102031,4.83732E+11,1,Block Group 1,BG,4338797,0,7.750000119,7.800000191,0.150000056,Block Group 1; Census Tract 2102.03; Polk County; Texas,3842,0,3842
48,227,950802,2,1500000US482279508022,4.8228E+11,2,Block Group 2,BG,21574089,15337,6.328571433,6.300000191,0.335435533,Block Group 2; Census Tract 9508.02; Howard County; Texas,5384,5217,167
48,21,950506,2,1500000US480219505062,4.8022E+11,2,Block Group 2,BG,8047435,6651,6.12499994,6.099999905,0.156124944,Block Group 2; Census Tract 9505.06; Bastrop County; Texas,3307,1326,1981
48,201,100001,2,1500000US482011000012,4.82011E+11,2,Block Group 2,BG,1062631,28976,9.494506849,9.449999809,0.096424925,Block Group 2; Census Tract 1000.01; Harris County; Texas,3390,3390,0
5,143,11302,3,1500000US051430113023,51430113023,3,Block Group 3,BG,528379,0,8.133336835,8.199999809,0.212394386,Block Group 3; Census Tract 113.02; Washington County; Arkansas,808,808,0
5,91,20400,1,1500000US050910204001,50910204001,1,Block Group 1,BG,2318802,0,8.049999952,8.049999952,0.149999857,Block Group 1; Census Tract 204; Miller County; Arkansas,1359,1359,0
40,109,110000,4,1500000US401091100004,4.01091E+11,4,Block Group 4,BG,1993800,0,9.081311524,9.299999714,0.575572342,Block Group 4; Census Tract 1100; Oklahoma County; Oklahoma,780,780,0
48,453,2214,3,1500000US484530022143,4.8453E+11,3,Block Group 3,BG,6601269,88925,7.900000027,7.900000095,0.106904522,Block Group 3; Census Tract 22.14; Travis County; Texas,1498,379,1119
48,439,100602,1,1500000US484391006021,4.84391E+11,1,Block Group 1,BG,5473877,0,8.025000095,8.000000238,0.129903756,Block Group 1; Census Tract 1006.02; Tarrant County; Texas,2214,2214,0
48,255,970200,2,1500000US482559702002,4.8256E+11,2,Block Group 2,BG,253637286,1523706,7.306557386,7.300000191,0.164086016,Block Group 2; Census Tract 9702; Karnes County; Texas,1377,0,1377
48,465,950502,2,1500000US484659505022,4.8466E+11,2,Block Group 2,BG,73569563,876237,8.108823587,8.050000191,0.519257197,Block Group 2; Census Tract 9505.02; Val Verde County; Texas,3648,3456,192
48,489,950400,1,1500000US484899504001,4.849E+11,1,Block Group 1,BG,92013966,437975,7.561627915,7.599999905,0.283322781,Block Group 1; Census Tract 9504; Willacy County; Texas,4314,3619,695
40,5,587600,1,1500000US400055876001,4.00056E+11,1,Block Group 1,BG,539208851,12387529,6.150000003,6.099999905,0.296384055,Block Group 1; Census Tract 5876; Atoka County; Oklahoma,1022,0,1022
40,17,300702,3,1500000US400173007023,4.00173E+11,3,Block Group 3,BG,187307663,1418097,6.89230769,6.900000095,0.271839795,Block Group 3; Census Tract 3007.02; Canadian County; Oklahoma,1147,0,1147
40,107,80700,2,1500000US401070807002,4.01071E+11,2,Block Group 2,BG,121423535,1367819,6.072499994,6.049999952,0.199149201,Block Group 2; Census Tract 807; Okfuskee County; Oklahoma,1649,0,1649
40,27,202405,5,1500000US400272024055,4.00272E+11,5,Block Group 5,BG,62274231,581962,5.881159444,5.800000191,0.210778665,Block Group 5; Census Tract 2024.05; Cleveland County; Oklahoma,1643,0,1643
40,27,202405,3,1500000US400272024053,4.00272E+11,3,Block Group 3,BG,1546182,88925,6.166666667,6.199999809,0.124721964,Block Group 3; Census Tract 2024.05; Cleveland County; Oklahoma,1084,0,1084
40,109,108110,1,1500000US401091081101,4.01091E+11,1,Block Group 1,BG,8459070,0,7.557142803,7.5,0.129362521,Block Group 1; Census Tract 1081.10; Oklahoma County; Oklahoma,1350,1117,233
40,47,1500,5,1500000US400470015005,4.0047E+11,5,Block Group 5,BG,3876613,5963,7.460000038,7.5,0.079999924,Block Group 5; Census Tract 15; Garfield County; Oklahoma,1563,1543,20
40,125,501005,1,1500000US401255010051,4.01255E+11,1,Block Group 1,BG,10718413,0,6.790909117,6.800000191,0.202055545,Block Group 1; Census Tract 5010.05; Pottawatomie County; Oklahoma,2148,0,2148
40,121,486300,1,1500000US401214863001,4.01215E+11,1,Block Group 1,BG,8543820,283720,7.122222212,7.199999809,0.139664503,Block Group 1; Census Tract 4863; Pittsburg County; Oklahoma,1417,824,593
48,39,661901,1,1500000US480396619011,4.80397E+11,1,Block Group 1,BG,30061646,409028,6.100000012,6.099999905,0.271198112,Block Group 1; Census Tract 6619.01; Brazoria County; Texas,1826,0,1826
48,325,302,2,1500000US483250003022,4.8325E+11,2,Block Group 2,BG,47550578,92828,6.657777744,6.699999809,0.411765222,Block Group 2; Census Tract 3.02; Medina County; Texas,3368,1386,1982
48,471,790402,2,1500000US484717904022,4.84718E+11,2,Block Group 2,BG,2470345,87427,7.599999905,7.599999905,0,Block Group 2; Census Tract 7904.02; Walker County; Texas,2625,2625,0
48,445,950300,3,1500000US484459503003,4.8446E+11,3,Block Group 3,BG,7766231,15523,5.480000019,5.450000048,0.166132491,Block Group 3; Census Tract 9503; Terry County; Texas,744,163,581
48,245,980300,1,1500000US482459803001,4.8246E+11,1,Block Group 1,BG,3933001,39199,7.699999928,7.699999809,0.070710779,Block Group 1; Census Tract 9803; Jefferson County; Texas,4824,0,4824
40,17,300702,4,1500000US400173007024,4.00173E+11,4,Block Group 4,BG,7119076,309508,7.25,7.25,0.217944931,Block Group 4; Census Tract 3007.02; Canadian County; Oklahoma,1217,0,1217
40,109,107101,1,1500000US401091071011,4.01091E+11,1,Block Group 1,BG,23631310,89157,8.816666702,9,0.497214481,Block Group 1; Census Tract 1071.01; Oklahoma County; Oklahoma,1243,1243,0
5,143,11200,1,1500000US051430112001,51430112001,1,Block Group 1,BG,1839484,0,8.200000286,8.200000286,0.099999905,Block Group 1; Census Tract 112; Washington County; Arkansas,2033,2033,0
48,113,17006,2,1500000US481130170062,4.8113E+11,2,Block Group 2,BG,6615752,202149,7.549999952,7.549999952,0.095742619,Block Group 2; Census Tract 170.06; Dallas County; Texas,3042,3042,0
48,37,11102,1,1500000US480370111021,4.8037E+11,1,Block Group 1,BG,2293767,0,7.699999809,7.699999809,0,Block Group 1; Census Tract 111.02; Bowie County; Texas,1225,1225,0
48,439,105902,4,1500000US484391059024,4.84391E+11,4,Block Group 4,BG,707212,0,7.318038674,7.350000143,0.059342487,Block Group 4; Census Tract 1059.02; Tarrant County; Texas,47,47,0
48,297,950100,5,1500000US482979501005,4.8298E+11,5,Block Group 5,BG,97959379,130467,7.235227265,7.199999809,0.295049996,Block Group 5; Census Tract 9501; Live Oak County; Texas,1698,0,1698
48,41,401,3,1500000US480410004013,4.8041E+11,3,Block Group 3,BG,181510,0,6.812369786,6.800000191,0.045105686,Block Group 3; Census Tract 4.01; Brazos County; Texas,900,900,0
40,15,161601,1,1500000US400151616011,4.00152E+11,1,Block Group 1,BG,110845266,437205,6.173076914,6.199999809,0.368267992,Block Group 1; Census Tract 1616.01; Caddo County; Oklahoma,5284,0,5284
48,169,980000,1,1500000US481699800001,4.817E+11,1,Block Group 1,BG,240872,0,4.683558868,4.599999905,0.200758901,Block Group 1; Census Tract 9800; Garza County; Texas,1768,0,1768
48,491,21000,3,1500000US484910210003,4.8491E+11,3,Block Group 3,BG,3156989,30166,6.599999905,6.599999905,0.070710611,Block Group 3; Census Tract 210; Williamson County; Texas,962,962,0
40,63,484800,1,1500000US400634848001,4.00635E+11,1,Block Group 1,BG,36330047,477473,6.378048769,6.400000095,0.194450048,Block Group 1; Census Tract 4848; Hughes County; Oklahoma,2285,447,1838
40,5,587900,2,1500000US400055879002,4.00056E+11,2,Block Group 2,BG,321454341,1751133,5.89183008,5.900000095,0.190540813,Block Group 2; Census Tract 5879; Atoka County; Oklahoma,1966,0,1966
48,39,661902,2,1500000US480396619022,4.80397E+11,2,Block Group 2,BG,27130542,586590,6.538461593,6.5,0.237092853,Block Group 2; Census Tract 6619.02; Brazoria County; Texas,1817,0,1817
48,167,724300,1,1500000US481677243001,4.81677E+11,1,Block Group 1,BG,572717,0,6.833133564,6.900000095,0.171671538,Block Group 1; Census Tract 7243; Galveston County; Texas,546,546,0
40,101,1200,2,1500000US401010012002,4.0101E+11,2,Block Group 2,BG,74766550,4137642,7.062500042,7,0.314791614,Block Group 2; Census Tract 12; Muskogee County; Oklahoma,2410,0,2410
48,95,950300,2,1500000US480959503002,4.8096E+11,2,Block Group 2,BG,1648823229,3133165,5.863507425,5.900000095,0.359538454,Block Group 2; Census Tract 9503; Concho County; Texas,2570,0,2570
48,99,10201,1,1500000US480990102011,4.8099E+11,1,Block Group 1,BG,4403726,6847,5.433333397,5.400000095,0.047140407,Block Group 1; Census Tract 102.01; Coryell County; Texas,3552,3263,289
40,79,40602,1,1500000US400790406021,4.0079E+11,1,Block Group 1,BG,291689526,968863,7.14175437,7.199999809,0.258695269,Block Group 1; Census Tract 406.02; Le Flore County; Oklahoma,1465,0,1465
48,401,950502,2,1500000US484019505022,4.8402E+11,2,Block Group 2,BG,68159798,0,7.027941157,7,0.216825729,Block Group 2; Census Tract 9505.02; Rusk County; Texas,2667,1994,673
48,185,180400,1,1500000US481851804001,4.81852E+11,1,Block Group 1,BG,30319546,1417880,6.893548396,6.900000095,0.158491833,Block Group 1; Census Tract 1804; Grimes County; Texas,2668,0,2668
48,25,950201,1,1500000US480259502011,4.8026E+11,1,Block Group 1,BG,1218273,0,6.764589231,6.699999809,0.158131126,Block Group 1; Census Tract 9502.01; Bee County; Texas,4413,0,4413
48,1,950401,1,1500000US480019504011,4.8002E+11,1,Block Group 1,BG,16509268,298419,6.882352969,6.900000095,0.233226195,Block Group 1; Census Tract 9504.01; Anderson County; Texas,5782,0,5782
48,161,600,4,1500000US481610006004,4.8161E+11,4,Block Group 4,BG,123444947,82240,6.384873995,6.400000095,0.140610079,Block Group 4; Census Tract 6; Freestone County; Texas,2131,0,2131
48,497,150405,1,1500000US484971504051,4.84972E+11,1,Block Group 1,BG,62278252,384827,6.124590162,6,0.402311236,Block Group 1; Census Tract 1504.05; Wise County; Texas,1564,0,1564
48,471,790500,1,1500000US484717905001,4.84718E+11,1,Block Group 1,BG,1080530,12351,7.523920941,7.450000048,0.117921666,Block Group 1; Census Tract 7905; Walker County; Texas,839,791,48
48,375,14401,1,1500000US483750144011,4.8375E+11,1,Block Group 1,BG,29870789,1559751,5.308333317,5.300000191,0.356974176,Block Group 1; Census Tract 144.01; Potter County; Texas,5585,5447,138
48,415,950100,4,1500000US484159501004,4.8416E+11,4,Block Group 4,BG,29469246,17261,5.225925887,5.199999809,0.166872337,Block Group 4; Census Tract 9501; Scurry County; Texas,1136,17,1119
48,5,1001,2,1500000US480050010012,4.8005E+11,2,Block Group 2,BG,3404659,302,7.599999905,7.599999905,0.070710611,Block Group 2; Census Tract 10.01; Angelina County; Texas,1473,0,1473
48,147,950401,3,1500000US481479504013,4.8148E+11,3,Block Group 3,BG,1259194,0,6.099999905,6.099999905,0,Block Group 3; Census Tract 9504.01; Fannin County; Texas,2001,0,2001
48,255,970301,1,1500000US482559703011,4.8256E+11,1,Block Group 1,BG,311016173,1377355,6.452758649,6.400000095,0.193896449,Block Group 1; Census Tract 9703.01; Karnes County; Texas,2971,0,2971
48,283,950302,3,1500000US482839503023,4.8284E+11,3,Block Group 3,BG,3956013,14917,6.600000024,6.549999952,0.122474565,Block Group 3; Census Tract 9503.02; La Salle County; Texas,1530,0,1530
48,471,790101,3,1500000US484717901013,4.84718E+11,3,Block Group 3,BG,6292904,20873,7.214285646,7.199999809,0.223149952,Block Group 3; Census Tract 7901.01; Walker County; Texas,3135,0,3135
48,401,950700,1,1500000US484019507001,4.8402E+11,1,Block Group 1,BG,11459962,43773,7.059999943,7.049999952,0.111355181,Block Group 1; Census Tract 9507; Rusk County; Texas,3749,3576,173
48,225,950700,3,1500000US482259507003,4.8226E+11,3,Block Group 3,BG,356760105,2023715,6.806764718,6.800000191,0.248018302,Block Group 3; Census Tract 9507; Houston County; Texas,3335,0,3335
48,313,100,2,1500000US483130001002,4.8313E+11,2,Block Group 2,BG,159551280,4697264,6.859999992,6.900000095,0.20339061,Block Group 2; Census Tract 1; Madison County; Texas,2709,0,2709
48,189,950600,1,1500000US481899506001,4.819E+11,1,Block Group 1,BG,436382293,20812,4.672146109,4.699999809,0.254279273,Block Group 1; Census Tract 9506; Hale County; Texas,2115,1470,645
48,131,950100,5,1500000US481319501005,4.8132E+11,5,Block Group 5,BG,875350121,2356507,6.643602489,6.599999905,0.234320875,Block Group 5; Census Tract 9501; Duval County; Texas,1482,0,1482
48,53,960301,2,1500000US480539603012,4.8054E+11,2,Block Group 2,BG,9584313,9927,6.320000029,6.400000095,0.231516715,Block Group 2; Census Tract 9603.01; Burnet County; Texas,1791,716,1075
48,145,800,3,1500000US481450008003,4.8145E+11,3,Block Group 3,BG,48529974,278919,6.60222222,6.5,0.332324394,Block Group 3; Census Tract 8; Falls County; Texas,1490,13,1477
48,73,950900,4,1500000US480739509004,4.8074E+11,4,Block Group 4,BG,1538857,0,7.400000095,7.400000095,0.099999905,Block Group 4; Census Tract 9509; Cherokee County; Texas,1759,0,1759
48,41,205,3,1500000US480410002053,4.8041E+11,3,Block Group 3,BG,30672649,2804364,6.833333333,6.800000191,0.149071237,Block Group 3; Census Tract 2.05; Brazos County; Texas,1877,0,1877
48,49,951300,2,1500000US480499513002,4.805E+11,2,Block Group 2,BG,589842370,2141488,5.149192108,5.199999809,0.255327903,Block Group 2; Census Tract 9513; Brown County; Texas,2555,507,2048
48,471,790401,1,1500000US484717904011,4.84718E+11,1,Block Group 1,BG,1543162,75076,7.641817552,7.599999905,0.098735507,Block Group 1; Census Tract 7904.01; Walker County; Texas,3746,3746,0
48,471,790600,3,1500000US484717906003,4.84718E+11,3,Block Group 3,BG,119313,0,7.599999905,7.599999905,8.88E-16,Block Group 3; Census Tract 7906; Walker County; Texas,1466,1466,0
48,113,16902,2,1500000US481130169022,4.8113E+11,2,Block Group 2,BG,3859883,14071,8.375,8.449999809,0.227760923,Block Group 2; Census Tract 169.02; Dallas County; Texas,2187,2187,0
48,157,673700,1,1500000US481576737001,4.81577E+11,1,Block Group 1,BG,8915580,69024,7.966666857,7.950000048,0.110554246,Block Group 1; Census Tract 6737; Fort Bend County; Texas,2203,2181,22
48,99,10201,2,1500000US480990102012,4.8099E+11,2,Block Group 2,BG,3308187,10812,5.666666667,5.599999905,0.094281039,Block Group 2; Census Tract 102.01; Coryell County; Texas,3759,2993,766
48,179,950100,4,1500000US481799501004,4.818E+11,4,Block Group 4,BG,14533210,0,5.21818187,5.300000191,0.401855109,Block Group 4; Census Tract 9501; Gray County; Texas,1363,0,1363
48,499,950200,2,1500000US484999502002,4.85E+11,2,Block Group 2,BG,7403263,56398,7.300000032,7.400000095,0.223606798,Block Group 2; Census Tract 9502; Wood County; Texas,1905,0,1905
48,371,950500,1,1500000US483719505001,4.8372E+11,1,Block Group 1,BG,4015116,0,6.299999952,6.299999952,0.100000143,Block Group 1; Census Tract 9505; Pecos County; Texas,1154,0,1154
48,145,400,2,1500000US481450004002,4.8145E+11,2,Block Group 2,BG,2803145,6086,6.675000072,6.700000048,0.129903916,Block Group 2; Census Tract 4; Falls County; Texas,1180,1159,21
48,291,700900,4,1500000US482917009004,4.82917E+11,4,Block Group 4,BG,1917160,0,7.5,7.5,0.099999905,Block Group 4; Census Tract 7009; Liberty County; Texas,3859,0,3859
48,25,950201,2,1500000US480259502012,4.8026E+11,2,Block Group 2,BG,1417406,0,6.793140207,6.800000191,0.137657178,Block Group 2; Census Tract 9502.01; Bee County; Texas,2793,0,2793
48,303,10513,2,1500000US483030105132,4.8303E+11,2,Block Group 2,BG,27617833,388978,5.747826058,5.599999905,0.532320276,Block Group 2; Census Tract 105.13; Lubbock County; Texas,1472,269,1203
48,457,950201,1,1500000US484579502011,4.8458E+11,1,Block Group 1,BG,95934511,532496,7.013684233,7,0.187285596,Block Group 1; Census Tract 9502.01; Tyler County; Texas,2506,0,2506
48,55,960200,3,1500000US480559602003,4.8056E+11,3,Block Group 3,BG,9032517,54303,6.516666651,6.599999905,0.157232869,Block Group 3; Census Tract 9602; Caldwell County; Texas,1410,224,1186
48,115,950402,1,1500000US481159504021,4.8116E+11,1,Block Group 1,BG,80933469,183008,4.945000005,4.900000095,0.250948199,Block Group 1; Census Tract 9504.02; Dawson County; Texas,1905,118,1787
48,123,970201,2,1500000US481239702012,4.8124E+11,2,Block Group 2,BG,13492862,416760,6.645454537,6.699999809,0.137269733,Block Group 2; Census Tract 9702.01; DeWitt County; Texas,438,0,438
48,75,950100,2,1500000US480759501002,4.8076E+11,2,Block Group 2,BG,5033833,24126,5.320000076,5.300000191,0.074833229,Block Group 2; Census Tract 9501; Childress County; Texas,886,0,886
48,411,950200,2,1500000US484119502002,4.8412E+11,2,Block Group 2,BG,1472873899,4267583,5.488151327,5.5,0.209794609,Block Group 2; Census Tract 9502; San Saba County; Texas,1793,0,1793
48,253,20102,1,1500000US482530201021,4.8253E+11,1,Block Group 1,BG,4894874,1393151,6.599999984,6.649999857,0.199999928,Block Group 1; Census Tract 201.02; Jones County; Texas,4822,0,4822
48,37,11501,5,1500000US480370115015,4.8037E+11,5,Block Group 5,BG,946065,0,8.097442275,8.100000381,0.159671437,Block Group 5; Census Tract 115.01; Bowie County; Texas,2836,0,2836
48,39,663100,3,1500000US480396631003,4.80397E+11,3,Block Group 3,BG,22538904,1061921,6.450000048,6.400000095,0.238841929,Block Group 3; Census Tract 6631; Brazoria County; Texas,1071,0,1071
40,31,2005,1,1500000US400310020051,4.0031E+11,1,Block Group 1,BG,37754815,190660,6.375609758,6.400000095,0.401691819,Block Group 1; Census Tract 20.05; Comanche County; Oklahoma,3025,169,2856
40,153,953200,1,1500000US401539532001,4.0154E+11,1,Block Group 1,BG,411093439,6946994,5.227710835,5.199999809,0.344146672,Block Group 1; Census Tract 9532; Woodward County; Oklahoma,1912,0,1912
40,119,11400,4,1500000US401190114004,4.0119E+11,4,Block Group 4,BG,6533062,16999,7.020000076,6.900000095,0.278567835,Block Group 4; Census Tract 114; Payne County; Oklahoma,2231,599,1632
40,109,105101,2,1500000US401091051012,4.01091E+11,2,Block Group 2,BG,1544595,0,8.333333333,8.399999619,0.169967093,Block Group 2; Census Tract 1051.01; Oklahoma County; Oklahoma,1314,1314,0
40,109,106100,6,1500000US401091061006,4.01091E+11,6,Block Group 6,BG,2089165,0,7.800000032,7.699999809,0.216024925,Block Group 6; Census Tract 1061; Oklahoma County; Oklahoma,456,456,0
40,31,1902,1,1500000US400310019021,4.0031E+11,1,Block Group 1,BG,42748430,0,6.638461541,6.5,0.554522445,Block Group 1; Census Tract 19.02; Comanche County; Oklahoma,1424,1325,99
40,9,966800,2,1500000US400099668002,4.001E+11,2,Block Group 2,BG,61474537,18231,5.032307698,5.099999905,0.234099023,Block Group 2; Census Tract 9668; Beckham County; Oklahoma,3038,0,3038
40,113,940001,2,1500000US401139400012,4.01139E+11,2,Block Group 2,BG,411090708,7544014,6.395000014,6.400000095,0.289825483,Block Group 2; Census Tract 9400.01; Osage County; Oklahoma,2204,0,2204
40,109,107306,3,1500000US401091073063,4.01091E+11,3,Block Group 3,BG,2621322,0,8.962250489,8.699999809,0.555020299,Block Group 3; Census Tract 1073.06; Oklahoma County; Oklahoma,932,932,0
40,3,956000,1,1500000US400039560001,4.0004E+11,1,Block Group 1,BG,850896703,1276944,6.386492627,6.400000095,0.280443264,Block Group 1; Census Tract 9560; Alfalfa County; Oklahoma,2912,0,2912
40,143,2500,3,1500000US401430025003,4.0143E+11,3,Block Group 3,BG,1030337,0,8.491492707,8.300000191,0.339538388,Block Group 3; Census Tract 25; Tulsa County; Oklahoma,2565,2565,0
48,485,13100,5,1500000US484850131005,4.8485E+11,5,Block Group 5,BG,1793760,0,6.775103075,6.699999809,0.086677099,Block Group 5; Census Tract 131; Wichita County; Texas,3662,0,3662
48,291,700200,1,1500000US482917002001,4.82917E+11,1,Block Group 1,BG,9801832,0,7.08888891,7,0.223330528,Block Group 1; Census Tract 7002; Liberty County; Texas,1524,1459,65
48,163,950301,2,1500000US481639503012,4.8164E+11,2,Block Group 2,BG,6526367,0,5.999999932,6,0.169030811,Block Group 2; Census Tract 9503.01; Frio County; Texas,1991,0,1991
48,39,663000,3,1500000US480396630003,4.80397E+11,3,Block Group 3,BG,26015124,853575,6.434615355,6.400000095,0.231952095,Block Group 3; Census Tract 6630; Brazoria County; Texas,963,0,963
48,29,161902,3,1500000US480291619023,4.80292E+11,3,Block Group 3,BG,25692014,901060,7.6,7.599999905,0.195959216,Block Group 3; Census Tract 1619.02; Bexar County; Texas,9476,6896,2580
48,209,10917,1,1500000US482090109171,4.8209E+11,1,Block Group 1,BG,4737186,23727,7.179999924,7.199999809,0.132665023,Block Group 1; Census Tract 109.17; Hays County; Texas,4750,4711,39
48,471,790101,1,1500000US484717901011,4.84718E+11,1,Block Group 1,BG,343548543,15342547,7.129275362,7,0.348305717,Block Group 1; Census Tract 7901.01; Walker County; Texas,4035,0,4035
48,251,130413,2,1500000US482511304132,4.82511E+11,2,Block Group 2,BG,49619754,356213,6.604166677,6.5,0.377468736,Block Group 2; Census Tract 1304.13; Johnson County; Texas,2454,0,2454
48,237,950100,2,1500000US482379501002,4.8238E+11,2,Block Group 2,BG,927971802,7978087,5.202417572,5.199999809,0.221718274,Block Group 2; Census Tract 9501; Jack County; Texas,1920,0,1920
48,201,250304,3,1500000US482012503043,4.82013E+11,3,Block Group 3,BG,5546015,54750,9.760000038,9.800000191,0.195959343,Block Group 3; Census Tract 2503.04; Harris County; Texas,2303,2303,0
48,39,661901,3,1500000US480396619013,4.80397E+11,3,Block Group 3,BG,40255997,375811,6.165853628,6.199999809,0.145852861,Block Group 3; Census Tract 6619.01; Brazoria County; Texas,2735,0,2735
48,429,950500,3,1500000US484299505003,4.843E+11,3,Block Group 3,BG,866490248,3789222,5.441498232,5.400000095,0.200717229,Block Group 3; Census Tract 9505; Stephens County; Texas,1037,0,1037
48,371,980000,1,1500000US483719800001,4.8372E+11,1,Block Group 1,BG,257790,0,6.637555473,6.599999905,0.047329119,Block Group 1; Census Tract 9800; Pecos County; Texas,604,8,596
48,437,950200,2,1500000US484379502002,4.8438E+11,2,Block Group 2,BG,903465515,11752805,4.338631351,4.300000191,0.220444838,Block Group 2; Census Tract 9502; Swisher County; Texas,1084,0,1084
48,401,950400,1,1500000US484019504001,4.8402E+11,1,Block Group 1,BG,75536109,0,6.788888878,6.800000191,0.162920907,Block Group 1; Census Tract 9504; Rusk County; Texas,1566,0,1566
48,471,790200,1,1500000US484717902001,4.84718E+11,1,Block Group 1,BG,35249071,467139,7.244117653,7.300000191,0.186596772,Block Group 1; Census Tract 7902; Walker County; Texas,2011,1421,590
48,157,672901,2,1500000US481576729012,4.81577E+11,2,Block Group 2,BG,9932547,403249,8.109091065,8.100000381,0.066804167,Block Group 2; Census Tract 6729.01; Fort Bend County; Texas,10154,10154,0
48,335,950200,1,1500000US483359502001,4.8336E+11,1,Block Group 1,BG,3243694,0,5.100000143,5.100000143,0.200000048,Block Group 1; Census Tract 9502; Mitchell County; Texas,2093,2084,9
48,167,721902,3,1500000US481677219023,4.81677E+11,3,Block Group 3,BG,33654096,4744744,7.60588235,7.5,0.26450971,Block Group 3; Census Tract 7219.02; Galveston County; Texas,2347,1339,1008
48,201,980200,1,1500000US482019802001,4.8202E+11,1,Block Group 1,BG,662528,36430,9.431027444,9.399999619,0.077218532,Block Group 1; Census Tract 9802; Harris County; Texas,8296,8296,0
8,43,980300,1,1500000US080439803001,80439803001,1,Block Group 1,BG,13738323,160404,4.778571504,4.800000191,0.055787636,Block Group 1; Census Tract 9803; Fremont County; Colorado,4001,0,4001
8,43,980200,1,1500000US080439802001,80439802001,1,Block Group 1,BG,2601343,0,4.699999809,4.699999809,0,Block Group 1; Census Tract 9802; Fremont County; Colorado,2532,0,2532
8,41,302,2,1500000US080410003022,80410003022,2,Block Group 2,BG,1816342,45585,4.75,4.75,0.050000191,Block Group 2; Census Tract 3.02; El Paso County; Colorado,982,982,0
8,63,962100,1,1500000US080639621001,80639621001,1,Block Group 1,BG,1105259813,778299,4.515627747,4.5,0.175550838,Block Group 1; Census Tract 9621; Kit Carson County; Colorado,1546,0,1546
8,41,4501,1,1500000US080410045011,80410045011,1,Block Group 1,BG,5071459,6226,5.166666508,5.199999809,0.047140407,Block Group 1; Census Tract 45.01; El Paso County; Colorado,2118,2118,0
8,25,969602,1,1500000US080259696021,80259696021,1,Block Group 1,BG,149790646,858311,4.115999947,4.099999905,0.1316966,Block Group 1; Census Tract 9696.02; Crowley County; Colorado,1676,0,1676
8,25,969601,2,1500000US080259696012,80259696012,2,Block Group 2,BG,51837087,1547947,4.057142858,4,0.191662972,Block Group 2; Census Tract 9696.01; Crowley County; Colorado,2278,0,2278
8,31,4110,1,1500000US080310041101,80310041101,1,Block Group 1,BG,871197,32253,7.260397909,7.25,0.051069909,Block Group 1; Census Tract 41.10; Denver County; Colorado,2058,2058,0
8,1,8200,3,1500000US080010082003,80010082003,3,Block Group 3,BG,2204517,2155,7.133333206,7.199999809,0.094280814,Block Group 3; Census Tract 82; Adams County; Colorado,1830,1830,0
8,59,980400,1,1500000US080599804001,80599804001,1,Block Group 1,BG,801490,0,6.79583798,6.800000191,0.070833165,Block Group 1; Census Tract 9804; Jefferson County; Colorado,1109,1109,0
8,73,961700,2,1500000US080739617002,80739617002,2,Block Group 2,BG,322891552,1337649,4.014159307,4,0.159201862,Block Group 2; Census Tract 9617; Lincoln County; Colorado,1419,0,1419
8,15,402,1,1500000US080150004021,80150004021,1,Block Group 1,BG,7024727,88623,4.549999952,4.549999952,0.049999952,Block Group 1; Census Tract 4.02; Chaffee County; Colorado,2851,2788,63
8,101,300,1,1500000US081010003001,81010003001,1,Block Group 1,BG,1250491,0,5.327224289,5.350000143,0.098414475,Block Group 1; Census Tract 3; Pueblo County; Colorado,1495,1495,0
8,71,800,2,1500000US080710008002,80710008002,2,Block Group 2,BG,3781625,0,3.6,3.599999905,0.08944274,Block Group 2; Census Tract 8; Las Animas County; Colorado,29,0,29
8,43,980100,1,1500000US080439801001,80439801001,1,Block Group 1,BG,739742,0,5.131390941,5.099999905,0.043770333,Block Group 1; Census Tract 9801; Fremont County; Colorado,564,564,0
8,29,964800,3,1500000US080299648003,80299648003,3,Block Group 3,BG,11902118,0,4.554545446,4.599999905,0.197086211,Block Group 3; Census Tract 9648; Delta County; Colorado,477,0,477
8,45,952003,2,1500000US080459520032,80459520032,2,Block Group 2,BG,735078659,1684494,3.449416339,3.5,0.438703482,Block Group 2; Census Tract 9520.03; Garfield County; Colorado,845,346,499
8,11,966701,1,1500000US080119667011,80119667011,1,Block Group 1,BG,11037200,938237,4.390909108,4.400000095,0.108330734,Block Group 1; Census Tract 9667.01; Bent County; Colorado,2081,0,2081
56,7,967600,2,1500000US560079676002,5.6008E+11,2,Block Group 2,BG,5099629354,6610558,3.447949415,3.400000095,0.208081626,Block Group 2; Census Tract 9676; Carbon County; Wyoming,1506,0,1506
45,89,970802,1,1500000US450899708021,4.509E+11,1,Block Group 1,BG,225960,0,5.616901514,5.599999905,0.106609027,Block Group 1; Census Tract 9708.02; Williamsburg County; South Carolina,1319,0,1319
45,89,970801,1,1500000US450899708011,4.509E+11,1,Block Group 1,BG,130936651,150402,5.327906952,5.300000191,0.226526429,Block Group 1; Census Tract 9708.01; Williamsburg County; South Carolina,1223,0,1223
45,15,20102,2,1500000US450150201022,4.5015E+11,2,Block Group 2,BG,142016413,232310,5.954609918,5.900000095,0.259151728,Block Group 2; Census Tract 201.02; Berkeley County; South Carolina,2549,0,2549
45,35,10400,1,1500000US450350104001,4.5035E+11,1,Block Group 1,BG,29994272,21894,6.048275816,6.099999905,0.096920386,Block Group 1; Census Tract 104; Dorchester County; South Carolina,1861,0,1861
40,151,954300,3,1500000US401519543003,4.0152E+11,3,Block Group 3,BG,17684446,40386,6.304545468,6.300000191,0.158048566,Block Group 3; Census Tract 9543; Woods County; Oklahoma,1598,1083,515
40,35,373300,3,1500000US400353733003,4.00354E+11,3,Block Group 3,BG,16885882,0,7.662500054,7.649999857,0.242061433,Block Group 3; Census Tract 3733; Craig County; Oklahoma,1144,210,934
5,35,30302,1,1500000US050350303021,50350303021,1,Block Group 1,BG,1257737,0,7.950000048,7.950000048,0.049999952,Block Group 1; Census Tract 303.02; Crittenden County; Arkansas,1975,1975,0
21,147,960401,2,1500000US211479604012,2.1148E+11,2,Block Group 2,BG,23451011,296653,6.921739205,6.900000095,0.134992787,Block Group 2; Census Tract 9604.01; McCreary County; Kentucky,1889,0,1889
5,93,10900,3,1500000US050930109003,50930109003,3,Block Group 3,BG,209070810,49191,8.352912616,8.349999905,0.334963016,Block Group 3; Census Tract 109; Mississippi County; Arkansas,927,0,927
5,93,11100,2,1500000US050930111002,50930111002,2,Block Group 2,BG,12529507,0,8.473333232,8.5,0.118133816,Block Group 2; Census Tract 111; Mississippi County; Arkansas,2439,1828,611
47,157,20210,2,1500000US471570202102,4.7157E+11,2,Block Group 2,BG,20704274,264330,7.135000014,7.099999905,0.388940817,Block Group 2; Census Tract 202.10; Shelby County; Tennessee,1212,520,692
47,157,21200,1,1500000US471570212001,4.7157E+11,1,Block Group 1,BG,2275393,0,8.399999936,8.300000191,0.216024631,Block Group 1; Census Tract 212; Shelby County; Tennessee,1689,1689,0
47,167,41000,2,1500000US471670410002,4.7167E+11,2,Block Group 2,BG,68644223,0,6.831343288,6.800000191,0.140584075,Block Group 2; Census Tract 410; Tipton County; Tennessee,2095,0,2095
47,37,13002,1,1500000US470370130021,4.7037E+11,1,Block Group 1,BG,3839815,462204,7.400000095,7.400000095,0,Block Group 1; Census Tract 130.02; Davidson County; Tennessee,1398,1398,0
47,81,950500,1,1500000US470819505001,4.7082E+11,1,Block Group 1,BG,281246702,226241,5.98417268,6,0.131268777,Block Group 1; Census Tract 9505; Hickman County; Tennessee,2676,0,2676
47,181,950100,2,1500000US471819501002,4.7182E+11,2,Block Group 2,BG,222654470,2792359,6.295964126,6.300000191,0.226162853,Block Group 2; Census Tract 9501; Wayne County; Tennessee,2460,0,2460
47,97,50100,2,1500000US470970501002,4.70971E+11,2,Block Group 2,BG,150177077,11696451,7.022981374,6.900000095,0.416320537,Block Group 2; Census Tract 501; Lauderdale County; Tennessee,2381,0,2381
47,169,90100,3,1500000US471690901003,4.71691E+11,3,Block Group 3,BG,112434896,1162846,6.624999987,6.599999905,0.329637248,Block Group 3; Census Tract 901; Trousdale County; Tennessee,4164,0,4164
47,69,950200,4,1500000US470699502004,4.707E+11,4,Block Group 4,BG,1576365,0,6.5,6.5,0.099999905,Block Group 4; Census Tract 9502; Hardeman County; Tennessee,1496,0,1496
47,3,950100,2,1500000US470039501002,4.7004E+11,2,Block Group 2,BG,92216405,0,6.606593404,6.599999905,0.255404078,Block Group 2; Census Tract 9501; Bedford County; Tennessee,2554,0,2554
47,129,110300,3,1500000US471291103003,4.71291E+11,3,Block Group 3,BG,43609100,0,7.054347826,7,0.174089557,Block Group 3; Census Tract 1103; Morgan County; Tennessee,3047,0,3047
47,95,960100,3,1500000US470959601003,4.7096E+11,3,Block Group 3,BG,1140995,0,7.686770411,7.699999809,0.138263051,Block Group 3; Census Tract 9601; Lake County; Tennessee,2053,0,2053
47,7,953200,2,1500000US470079532002,4.7008E+11,2,Block Group 2,BG,8792820,20721,7.220000076,7.300000191,0.172046557,Block Group 2; Census Tract 9532; Bledsoe County; Tennessee,2293,0,2293
47,37,12802,3,1500000US470370128023,4.7037E+11,3,Block Group 3,BG,11986226,731340,7.671428578,7.649999857,0.228124546,Block Group 3; Census Tract 128.02; Davidson County; Tennessee,2409,2378,31
56,25,1802,2,1500000US560250018022,5.6025E+11,2,Block Group 2,BG,295798615,1121202,3.768674698,3.799999952,0.154979781,Block Group 2; Census Tract 18.02; Natrona County; Wyoming,1373,5,1368
56,45,951100,2,1500000US560459511002,5.6046E+11,2,Block Group 2,BG,4105332203,3640658,5.64922944,5.5,0.567132998,Block Group 2; Census Tract 9511; Weston County; Wyoming,1990,0,1990
56,13,940302,3,1500000US560139403023,5.60139E+11,3,Block Group 3,BG,21725496,525341,3.99545455,4,0.070564363,Block Group 3; Census Tract 9403.02; Fremont County; Wyoming,832,160,672
56,27,957200,1,1500000US560279572001,5.6028E+11,1,Block Group 1,BG,4437393519,2538798,5.169197797,5.099999905,0.454022408,Block Group 1; Census Tract 9572; Niobrara County; Wyoming,1411,0,1411
38,93,967300,1,1500000US380939673001,3.8094E+11,1,Block Group 1,BG,25001201,0,4.750000064,4.800000191,0.080622708,Block Group 1; Census Tract 9673; Stutsman County; North Dakota,2881,2179,702
38,15,10800,2,1500000US380150108002,3.8015E+11,2,Block Group 2,BG,2050318,0,5.058249261,5.099999905,0.094655816,Block Group 2; Census Tract 108; Burleigh County; North Dakota,1743,1743,0
38,15,10900,2,1500000US380150109002,3.8015E+11,2,Block Group 2,BG,1730030,0,4.900000095,4.900000095,0,Block Group 2; Census Tract 109; Burleigh County; North Dakota,1316,1316,0
38,41,964800,1,1500000US380419648001,3.8042E+11,1,Block Group 1,BG,77092011,65544,4.228260854,4.199999809,0.097050172,Block Group 1; Census Tract 9648; Hettinger County; North Dakota,737,0,737
38,15,11200,3,1500000US380150112003,3.8015E+11,3,Block Group 3,BG,12678931,918323,4.757894767,4.800000191,0.081536618,Block Group 3; Census Tract 112; Burleigh County; North Dakota,2339,1674,665
51,195,930700,3,1500000US511959307003,5.11959E+11,3,Block Group 3,BG,89193,0,6.847431826,6.850000143,0.050065871,Block Group 3; Census Tract 9307; Wise County; Virginia,744,0,744
51,195,931500,4,1500000US511959315004,5.11959E+11,4,Block Group 4,BG,38426074,188644,6.383720919,6.400000095,0.194015387,Block Group 4; Census Tract 9315; Wise County; Virginia,1116,0,1116
18,123,952200,3,1500000US181239522003,1.8124E+11,3,Block Group 3,BG,110769687,814424,6.79913046,6.800000191,0.170163969,Block Group 3; Census Tract 9522; Perry County; Indiana,2434,0,2434
18,77,966400,3,1500000US180779664003,1.8078E+11,3,Block Group 3,BG,19775492,745331,7.82631583,7.800000191,0.155062366,Block Group 3; Census Tract 9664; Jefferson County; Indiana,2766,1343,1423
21,21,930100,1,1500000US210219301001,2.10219E+11,1,Block Group 1,BG,17501840,714127,7.252941188,7.300000191,0.149971229,Block Group 1; Census Tract 9301; Boyle County; Kentucky,2131,477,1654
21,67,3701,2,1500000US210670037012,2.1067E+11,2,Block Group 2,BG,30692759,0,7.274193533,7.300000191,0.16257556,Block Group 2; Census Tract 37.01; Fayette County; Kentucky,2106,1797,309
21,185,30200,3,1500000US211850302003,2.1185E+11,3,Block Group 3,BG,7948876,335214,7.840000057,7.900000095,0.111355344,Block Group 3; Census Tract 302; Oldham County; Kentucky,2371,2340,31
21,185,30200,1,1500000US211850302001,2.1185E+11,1,Block Group 1,BG,8195521,80315,7.450000048,7.400000095,0.111803292,Block Group 1; Census Tract 302; Oldham County; Kentucky,1249,0,1249
21,71,920500,3,1500000US210719205003,2.10719E+11,3,Block Group 3,BG,12827096,942,6.546666654,6.599999905,0.170749976,Block Group 3; Census Tract 9205; Floyd County; Kentucky,535,0,535
21,129,950100,4,1500000US211299501004,2.113E+11,4,Block Group 4,BG,24239306,166301,6.603571432,6.549999952,0.152320495,Block Group 4; Census Tract 9501; Lee County; Kentucky,1985,0,1985
21,175,950400,3,1500000US211759504003,2.1176E+11,3,Block Group 3,BG,70483827,613472,6.280000046,6.300000191,0.097979678,Block Group 3; Census Tract 9504; Morgan County; Kentucky,2866,0,2866
21,211,40504,2,1500000US212110405042,2.1211E+11,2,Block Group 2,BG,9640333,365122,7.790909074,7.800000191,0.137870537,Block Group 2; Census Tract 405.04; Shelby County; Kentucky,2165,42,2123
21,63,920101,2,1500000US210639201012,2.10639E+11,2,Block Group 2,BG,1336884,77214,6.199999809,6.199999809,0,Block Group 2; Census Tract 9201.01; Elliott County; Kentucky,1068,0,1068
21,51,950302,1,1500000US210519503021,2.1052E+11,1,Block Group 1,BG,16289990,135465,6.90625003,6.900000095,0.108793104,Block Group 1; Census Tract 9503.02; Clay County; Kentucky,2256,0,2256
51,105,950302,2,1500000US511059503022,5.1106E+11,2,Block Group 2,BG,12750506,122080,6.918181896,6.900000095,0.111340337,Block Group 2; Census Tract 9503.02; Lee County; Virginia,2165,0,2165
51,195,931200,3,1500000US511959312003,5.11959E+11,3,Block Group 3,BG,80456,0,6.699999809,6.699999809,0,Block Group 3; Census Tract 9312; Wise County; Virginia,899,899,0
51,167,30402,2,1500000US511670304022,5.1167E+11,2,Block Group 2,BG,77816584,675257,6.71558439,6.699999809,0.173628177,Block Group 2; Census Tract 304.02; Russell County; Virginia,1424,0,1424
23,29,956100,2,1500000US230299561002,2.303E+11,2,Block Group 2,BG,55433205,76493006,4.024285701,4,0.147779451,Block Group 2; Census Tract 9561; Washington County; Maine,962,0,962
23,13,970401,3,1500000US230139704013,2.3014E+11,3,Block Group 3,BG,30322041,2349586,4.264864922,4.300000191,0.04773943,Block Group 3; Census Tract 9704.01; Knox County; Maine,1442,0,1442
23,5,4803,4,1500000US230050048034,2.3005E+11,4,Block Group 4,BG,11437969,65373,4.969230799,4.900000095,0.113575454,Block Group 4; Census Tract 48.03; Cumberland County; Maine,2258,247,2011
23,19,31200,1,1500000US230190312001,2.3019E+11,1,Block Group 1,BG,105031183,33017,4.057499943,4.099999905,0.108522172,Block Group 1; Census Tract 312; Penobscot County; Maine,1551,0,1551
23,13,970401,2,1500000US230139704012,2.3014E+11,2,Block Group 2,BG,27116394,595381,4.168749899,4.199999809,0.076801314,Block Group 2; Census Tract 9704.01; Knox County; Maine,1411,0,1411
36,71,11500,1,1500000US360710115001,3.6071E+11,1,Block Group 1,BG,6436317,189446,5.816666762,5.800000191,0.068718496,Block Group 1; Census Tract 115; Orange County; New York,1271,0,1271
25,27,707500,2,1500000US250277075002,2.50277E+11,2,Block Group 2,BG,10515744,92625,4.907692396,4.900000095,0.099703608,Block Group 2; Census Tract 7075; Worcester County; Massachusetts,2123,1696,427
36,31,960502,1,1500000US360319605021,3.6032E+11,1,Block Group 1,BG,256663378,1438393,4.340484476,4.300000191,0.121927077,Block Group 1; Census Tract 9605.02; Essex County; New York,1188,288,900
36,121,970201,1,1500000US361219702011,3.6122E+11,1,Block Group 1,BG,667201,0,5.33785073,5.350000143,0.051454868,Block Group 1; Census Tract 9702.01; Wyoming County; New York,2090,0,2090
36,29,980400,1,1500000US360299804001,3.603E+11,1,Block Group 1,BG,3568790,45008,5.375000119,5.400000095,0.043301229,Block Group 1; Census Tract 9804; Erie County; New York,1110,1092,18
36,35,970601,1,1500000US360359706011,3.6036E+11,1,Block Group 1,BG,23966613,0,5.484375015,5.5,0.083326743,Block Group 1; Census Tract 9706.01; Fulton County; New York,1317,71,1246
36,45,62400,3,1500000US360450624003,3.60451E+11,3,Block Group 3,BG,52855078,197432,4.609677338,4.599999905,0.079736799,Block Group 3; Census Tract 624; Jefferson County; New York,1979,464,1515
36,55,9500,2,1500000US360550095002,3.6055E+11,2,Block Group 2,BG,325156,0,5.800000191,5.800000191,8.88E-16,Block Group 2; Census Tract 95; Monroe County; New York,1110,1110,0
36,99,950802,3,1500000US360999508023,3.61E+11,3,Block Group 3,BG,27176742,17742652,5.791428634,5.800000191,0.090621533,Block Group 3; Census Tract 9508.02; Seneca County; New York,1017,0,1017
36,89,491400,4,1500000US360894914004,3.60895E+11,4,Block Group 4,BG,3850187,1229546,5.166666746,5.25,0.159861097,Block Group 4; Census Tract 4914; St. Lawrence County; New York,1246,1246,0
36,111,954500,2,1500000US361119545002,3.6112E+11,2,Block Group 2,BG,67579359,468344,5.613698639,5.599999905,0.205616373,Block Group 2; Census Tract 9545; Ulster County; New York,1970,1412,558
36,21,1300,2,1500000US360210013002,3.6021E+11,2,Block Group 2,BG,1094006,0,5.950000048,5.950000048,0.049999952,Block Group 2; Census Tract 13; Columbia County; New York,384,379,5
36,111,955400,2,1500000US361119554002,3.6112E+11,2,Block Group 2,BG,14297611,100314,5.716666566,5.699999809,0.106718793,Block Group 2; Census Tract 9554; Ulster County; New York,1989,0,1989
36,19,103512,2,1500000US360191035122,3.60191E+11,2,Block Group 2,BG,898136,0,4.5,4.5,0,Block Group 2; Census Tract 1035.12; Clinton County; New York,2216,0,2216
36,11,42100,3,1500000US360110421003,3.6011E+11,3,Block Group 3,BG,505199,14009,5.565236249,5.5,0.059109678,Block Group 3; Census Tract 421; Cayuga County; New York,1790,1790,0
36,45,60202,2,1500000US360450602022,3.60451E+11,2,Block Group 2,BG,20729097,1895743,4.673076905,4.699999809,0.11621501,Block Group 2; Census Tract 602.02; Jefferson County; New York,1587,390,1197
36,51,31000,1,1500000US360510310001,3.6051E+11,1,Block Group 1,BG,6019437,0,5.885714327,5.900000095,0.098974365,Block Group 1; Census Tract 310; Livingston County; New York,875,0,875
36,27,640001,1,1500000US360276400011,3.60276E+11,1,Block Group 1,BG,325380,0,5.876526707,5.800000191,0.148938484,Block Group 1; Census Tract 6400.01; Dutchess County; New York,767,0,767
36,33,950502,2,1500000US360339505022,3.6034E+11,2,Block Group 2,BG,31179940,60586,5.181249887,5.199999809,0.06817949,Block Group 2; Census Tract 9505.02; Franklin County; New York,3670,1160,2510
36,89,492700,7,1500000US360894927007,3.60895E+11,7,Block Group 7,BG,27398721,230497,4.61935474,4.599999905,0.089512442,Block Group 7; Census Tract 4927; St. Lawrence County; New York,1781,0,1781
36,39,80800,1,1500000US360390808001,3.60391E+11,1,Block Group 1,BG,1630719,0,5.800000191,5.800000191,0,Block Group 1; Census Tract 808; Greene County; New York,2160,2160,0
36,65,26600,1,1500000US360650266001,3.6065E+11,1,Block Group 1,BG,2598046,0,5.275000095,5.300000191,0.043301435,Block Group 1; Census Tract 266; Oneida County; New York,2152,2003,149
36,119,982000,1,1500000US361199820001,3.612E+11,1,Block Group 1,BG,264916,0,6.528402437,6.300000191,0.467797235,Block Group 1; Census Tract 9820; Westchester County; New York,1367,1367,0
36,11,40800,2,1500000US360110408002,3.6011E+11,2,Block Group 2,BG,40099556,28722,5.037777742,5.099999905,0.097271323,Block Group 2; Census Tract 408; Cayuga County; New York,2186,0,2186
36,31,960502,3,1500000US360319605023,3.6032E+11,3,Block Group 3,BG,6048975,0,4.539999962,4.5,0.101980293,Block Group 3; Census Tract 9605.02; Essex County; New York,689,0,689
36,27,640002,1,1500000US360276400021,3.60276E+11,1,Block Group 1,BG,1658142,7417,5.649999857,5.649999857,0.049999952,Block Group 1; Census Tract 6400.02; Dutchess County; New York,559,559,0
36,73,40602,1,1500000US360730406021,3.6073E+11,1,Block Group 1,BG,778588,0,5.29990676,5.300000191,0.049953541,Block Group 1; Census Tract 406.02; Orleans County; New York,1472,1472,0
36,19,104200,4,1500000US360191042004,3.60191E+11,4,Block Group 4,BG,58780717,588016,4.72950815,4.699999809,0.058237266,Block Group 4; Census Tract 1042; Clinton County; New York,1368,0,1368
36,105,951100,2,1500000US361059511002,3.6106E+11,2,Block Group 2,BG,13575883,446315,5.750000068,5.800000191,0.118019444,Block Group 2; Census Tract 9511; Sullivan County; New York,2223,2076,147
36,99,950801,1,1500000US360999508011,3.61E+11,1,Block Group 1,BG,2037050,0,5.699999809,5.699999809,0,Block Group 1; Census Tract 9508.01; Seneca County; New York,991,0,991
36,65,25900,1,1500000US360650259001,3.6065E+11,1,Block Group 1,BG,2173115,0,5,5,0,Block Group 1; Census Tract 259; Oneida County; New York,1338,0,1338
26,117,971000,4,1500000US261179710004,2.6118E+11,4,Block Group 4,BG,85522148,233239,5.923711408,5.900000095,0.091688771,Block Group 4; Census Tract 9710; Montcalm County; Michigan,5930,0,5930
26,57,400,1,1500000US260570004001,2.6057E+11,1,Block Group 1,BG,579022,0,6,6,0,Block Group 1; Census Tract 4; Gratiot County; Michigan,3205,3205,0
26,67,982200,1,1500000US260679822001,2.6068E+11,1,Block Group 1,BG,1987829,0,6.400000095,6.400000095,0.099999905,Block Group 1; Census Tract 9822; Ionia County; Michigan,5533,5521,12
26,23,951301,2,1500000US260239513012,2.6024E+11,2,Block Group 2,BG,5281572,0,6.950000048,6.950000048,0.049999952,Block Group 2; Census Tract 9513.01; Branch County; Michigan,1485,34,1451
26,121,402,1,1500000US261210004021,2.6121E+11,1,Block Group 1,BG,5956593,1520,6.239999962,6.199999809,0.048989982,Block Group 1; Census Tract 4.02; Muskegon County; Michigan,4421,4421,0
26,95,960100,3,1500000US260959601003,2.6096E+11,3,Block Group 3,BG,22306491,58905,4.71851854,4.699999809,0.188634564,Block Group 3; Census Tract 9601; Luce County; Michigan,1092,0,1092
26,93,744600,2,1500000US260937446002,2.60937E+11,2,Block Group 2,BG,1979732,18274,7.649999857,7.649999857,0.049999952,Block Group 2; Census Tract 7446; Livingston County; Michigan,340,340,0
26,33,980300,1,1500000US260339803001,2.6034E+11,1,Block Group 1,BG,295328,0,4.964161035,4.950000048,0.051966612,Block Group 1; Census Tract 9803; Chippewa County; Michigan,0,0,0
18,141,11001,2,1500000US181410110012,1.8141E+11,2,Block Group 2,BG,20426123,0,7.334782621,7.300000191,0.143280525,Block Group 2; Census Tract 110.01; St. Joseph County; Indiana,740,723,17
18,91,40100,1,1500000US180910401001,1.8091E+11,1,Block Group 1,BG,451443,0,7.653717931,7.599999905,0.113514789,Block Group 1; Census Tract 401; LaPorte County; Indiana,2351,2351,0
26,67,32100,2,1500000US260670321002,2.6067E+11,2,Block Group 2,BG,11834975,662305,6.523076901,6.5,0.089044814,Block Group 2; Census Tract 321; Ionia County; Michigan,2133,1824,309
26,163,506400,2,1500000US261635064002,2.61635E+11,2,Block Group 2,BG,837834,0,8.300000191,8.300000191,0,Block Group 2; Census Tract 5064; Wayne County; Michigan,155,155,0
26,33,980200,1,1500000US260339802001,2.6034E+11,1,Block Group 1,BG,349853,0,4.911747884,5,0.07237606,Block Group 1; Census Tract 9802; Chippewa County; Michigan,2320,2320,0
26,99,218002,1,1500000US260992180021,2.60992E+11,1,Block Group 1,BG,13834501,48993,7.18750006,7.25,0.199609011,Block Group 1; Census Tract 2180.02; Macomb County; Michigan,3090,1347,1743
26,145,10101,1,1500000US261450101011,2.6145E+11,1,Block Group 1,BG,53700315,480392,6.219047584,6.199999809,0.105193998,Block Group 1; Census Tract 101.01; Saginaw County; Michigan,6028,4608,1420
26,87,336500,1,1500000US260873365001,2.60873E+11,1,Block Group 1,BG,309085,0,6.699999809,6.699999809,8.88E-16,Block Group 1; Census Tract 3365; Lapeer County; Michigan,997,997,0
26,161,445000,2,1500000US261614450002,2.61614E+11,2,Block Group 2,BG,47562465,4184254,7.05882352,7,0.231089905,Block Group 2; Census Tract 4450; Washtenaw County; Michigan,1719,0,1719
5,65,960300,2,1500000US050659603002,50659603002,2,Block Group 2,BG,141071236,0,6.069343059,6,0.165472995,Block Group 2; Census Tract 9603; Izard County; Arkansas,819,0,819
5,119,980200,1,1500000US051199802001,51199802001,1,Block Group 1,BG,1745002,3432,8.848026466,8.799999714,0.11093489,Block Group 1; Census Tract 9802; Pulaski County; Arkansas,565,565,0
5,69,2103,3,1500000US050690021033,50690021033,3,Block Group 3,BG,7869574,52590,7.677777714,7.699999809,0.147405565,Block Group 3; Census Tract 21.03; Jefferson County; Arkansas,2616,2487,129
5,69,102,1,1500000US050690001021,50690001021,1,Block Group 1,BG,28073640,129855,8.251851877,8.199999809,0.321305616,Block Group 1; Census Tract 1.02; Jefferson County; Arkansas,1645,0,1645
5,123,960600,3,1500000US051239606003,51239606003,3,Block Group 3,BG,11444088,0,6.892857211,6.900000095,0.096097291,Block Group 3; Census Tract 9606; St. Francis County; Arkansas,3916,687,3229
5,59,20500,2,1500000US050590205002,50590205002,2,Block Group 2,BG,114924980,1453067,7.435964932,7.400000095,0.223264173,Block Group 2; Census Tract 205; Hot Spring County; Arkansas,3649,0,3649
5,67,480402,1,1500000US050674804021,50674804021,1,Block Group 1,BG,217753094,1333915,8.746226443,8.699999809,0.378097158,Block Group 1; Census Tract 4804.02; Jackson County; Arkansas,2941,0,2941
5,79,960600,2,1500000US050799606002,50799606002,2,Block Group 2,BG,85234331,6025756,7.645882332,7.699999809,0.282240211,Block Group 2; Census Tract 9606; Lincoln County; Arkansas,3714,0,3714
5,77,470100,1,1500000US050774701001,50774701001,1,Block Group 1,BG,499934983,29711373,7.332442755,7.400000095,0.270313905,Block Group 1; Census Tract 4701; Lee County; Arkansas,1953,0,1953
5,125,10514,2,1500000US051250105142,51250105142,2,Block Group 2,BG,17125483,17811,7.305882342,7.300000191,0.162591495,Block Group 2; Census Tract 105.14; Saline County; Arkansas,2303,0,2303
5,17,80100,1,1500000US050170801001,50170801001,1,Block Group 1,BG,492957238,24480324,8.490239073,8.399999619,0.566779823,Block Group 1; Census Tract 801; Chicot County; Arkansas,1354,0,1354
5,119,4005,2,1500000US051190040052,51190040052,2,Block Group 2,BG,96643627,7832567,7.691176508,7.699999809,0.258238023,Block Group 2; Census Tract 40.05; Pulaski County; Arkansas,2140,0,2140
5,119,4005,1,1500000US051190040051,51190040051,1,Block Group 1,BG,29525534,536373,7.560606046,7.599999905,0.239872952,Block Group 1; Census Tract 40.05; Pulaski County; Arkansas,1128,384,744
28,133,950100,5,1500000US281339501005,2.8134E+11,5,Block Group 5,BG,275309066,1025146,7.300357149,7.300000191,0.293196453,Block Group 5; Census Tract 9501; Sunflower County; Mississippi,4185,0,4185
28,135,950300,2,1500000US281359503002,2.8136E+11,2,Block Group 2,BG,9117129,0,7.489999962,7.599999905,0.164012123,Block Group 2; Census Tract 9503; Tallahatchie County; Mississippi,2484,0,2484
28,93,950402,3,1500000US280939504023,2.8094E+11,3,Block Group 3,BG,10126711,0,6.649999936,6.699999809,0.104083315,Block Group 3; Census Tract 9504.02; Marshall County; Mississippi,2974,2526,448
28,59,42202,1,1500000US280590422021,2.8059E+11,1,Block Group 1,BG,1105254,0,9.073384754,8.899999619,0.259337819,Block Group 1; Census Tract 422.02; Jackson County; Mississippi,748,748,0
29,175,490600,1,1500000US291754906001,2.91755E+11,1,Block Group 1,BG,86384854,79826,6.848101272,6.800000191,0.178503457,Block Group 1; Census Tract 4906; Randolph County; Missouri,2714,0,2714
20,99,950700,1,1500000US200999507001,2.01E+11,1,Block Group 1,BG,36400115,716477,7.325714316,7.400000095,0.14410885,Block Group 1; Census Tract 9507; Labette County; Kansas,1168,0,1168
20,103,71102,2,1500000US201030711022,2.01031E+11,2,Block Group 2,BG,21012069,877314,7.247368411,7.300000191,0.239227782,Block Group 2; Census Tract 711.02; Leavenworth County; Kansas,2257,2071,186
20,177,3100,1,1500000US201770031001,2.0177E+11,1,Block Group 1,BG,2852756,2091,6.699999968,6.699999809,0.081649775,Block Group 1; Census Tract 31; Shawnee County; Kansas,1989,1989,0
29,225,470402,2,1500000US292254704022,2.92255E+11,2,Block Group 2,BG,98655985,151395,6.405434842,6.400000095,0.132995615,Block Group 2; Census Tract 4704.02; Webster County; Missouri,1951,0,1951
29,63,80102,1,1500000US290630801021,2.90631E+11,1,Block Group 1,BG,203773076,2493400,6.327830204,6.300000191,0.215505134,Block Group 1; Census Tract 801.02; DeKalb County; Missouri,3462,1770,1692
29,215,480102,1,1500000US292154801021,2.92155E+11,1,Block Group 1,BG,10044977,26334,6.222222275,6.300000191,0.147405617,Block Group 1; Census Tract 4801.02; Texas County; Missouri,2319,0,2319
29,27,70302,1,1500000US290270703021,2.90271E+11,1,Block Group 1,BG,11170669,119266,6.5090909,6.5,0.123983352,Block Group 1; Census Tract 703.02; Callaway County; Missouri,940,726,214
29,95,15200,3,1500000US290950152003,2.9095E+11,3,Block Group 3,BG,2680929,205297,7.950000048,7.900000095,0.165831081,Block Group 3; Census Tract 152; Jackson County; Missouri,344,344,0
20,103,981900,2,1500000US201039819002,2.0104E+11,2,Block Group 2,BG,4358957,85000,6.725000024,6.700000048,0.34910589,Block Group 2; Census Tract 9819; Leavenworth County; Kansas,1802,1748,54
29,77,5801,1,1500000US290770058011,2.9077E+11,1,Block Group 1,BG,1898568,21913,7.901671938,8,0.32801638,Block Group 1; Census Tract 58.01; Greene County; Missouri,1299,1299,0
29,27,70301,2,1500000US290270703012,2.90271E+11,2,Block Group 2,BG,9100581,227945,6.609999943,6.599999905,0.122065553,Block Group 2; Census Tract 703.01; Callaway County; Missouri,2537,2281,256
29,51,20198,1,1500000US290510201981,2.9051E+11,1,Block Group 1,BG,39221182,3362695,6.870454528,6.800000191,0.33749046,Block Group 1; Census Tract 201.98; Cole County; Missouri,4093,0,4093
29,117,480100,1,1500000US291174801001,2.91175E+11,1,Block Group 1,BG,146405186,939314,6.548051936,6.599999905,0.180986005,Block Group 1; Census Tract 4801; Livingston County; Missouri,2465,1321,1144
29,147,470500,3,1500000US291474705003,2.91475E+11,3,Block Group 3,BG,127924884,224450,6.536842145,6.5,0.21572528,Block Group 3; Census Tract 4705; Nodaway County; Missouri,2166,262,1904
29,135,385400,3,1500000US291353854003,2.91354E+11,3,Block Group 3,BG,7812518,43537,6.387499988,6.350000143,0.202715881,Block Group 3; Census Tract 3854; Moniteau County; Missouri,1293,0,1293
29,21,600,3,1500000US290210006003,2.9021E+11,3,Block Group 3,BG,2714528,3335,6.400000095,6.400000095,0.099999905,Block Group 3; Census Tract 6; Buchanan County; Missouri,2325,2325,0
29,53,950200,1,1500000US290539502001,2.9054E+11,1,Block Group 1,BG,1826555,460592,7.25,7.25,0.050000191,Block Group 1; Census Tract 9502; Cooper County; Missouri,1633,1633,0
20,103,70500,4,1500000US201030705004,2.01031E+11,4,Block Group 4,BG,4095421,0,6.824999928,6.799999952,0.129903916,Block Group 4; Census Tract 705; Leavenworth County; Kansas,2548,2548,0
29,27,70302,2,1500000US290270703022,2.90271E+11,2,Block Group 2,BG,1288721,0,6.899533899,6.900000095,0.109375211,Block Group 2; Census Tract 703.02; Callaway County; Missouri,1186,1186,0
30,27,30100,4,1500000US300270301004,3.0027E+11,4,Block Group 4,BG,1596689419,693241,4.527367869,4.5,0.466680872,Block Group 4; Census Tract 301; Fergus County; Montana,1422,0,1422
30,111,300,1,1500000US301110003001,3.0111E+11,1,Block Group 1,BG,3547825,176811,4.624999881,4.599999905,0.043301229,Block Group 1; Census Tract 3; Yellowstone County; Montana,779,779,0
30,21,300,1,1500000US300210003001,3.0021E+11,1,Block Group 1,BG,12084977,586202,4.717647048,4.699999809,0.078480508,Block Group 1; Census Tract 3; Dawson County; Montana,2030,1961,69
30,111,300,2,1500000US301110003002,3.0111E+11,2,Block Group 2,BG,546273,0,4.601754358,4.599999905,0.049146218,Block Group 2; Census Tract 3; Yellowstone County; Montana,1092,1092,0
20,155,800,4,1500000US201550008004,2.0155E+11,4,Block Group 4,BG,1670017,0,6.5,6.5,0,Block Group 4; Census Tract 8; Reno County; Kansas,1062,1062,0
20,53,86700,4,1500000US200530867004,2.00531E+11,4,Block Group 4,BG,5391094,0,5.680000019,5.699999809,0.17204653,Block Group 4; Census Tract 867; Ellsworth County; Kansas,1505,0,1505
20,15,20102,1,1500000US200150201021,2.0015E+11,1,Block Group 1,BG,2030918,7837,7.049999952,7.049999952,0.049999952,Block Group 1; Census Tract 201.02; Butler County; Kansas,1197,0,1197
20,145,970200,4,1500000US201459702004,2.0146E+11,4,Block Group 4,BG,14986829,59280,5.083333307,5.099999905,0.146249364,Block Group 4; Census Tract 9702; Pawnee County; Kansas,721,0,721
20,163,974600,2,1500000US201639746002,2.0164E+11,2,Block Group 2,BG,8762207,0,5.966666645,6,0.169967269,Block Group 2; Census Tract 9746; Rooks County; Kansas,1516,0,1516
20,137,951700,1,1500000US201379517001,2.0138E+11,1,Block Group 1,BG,266940158,0,5.891970789,5.900000095,0.220999165,Block Group 1; Census Tract 9517; Norton County; Kansas,1426,0,1426
20,35,493500,3,1500000US200354935003,2.00355E+11,3,Block Group 3,BG,24903785,60085,6.432142854,6.350000143,0.259193265,Block Group 3; Census Tract 4935; Cowley County; Kansas,2111,1835,276
20,155,1100,3,1500000US201550011003,2.0155E+11,3,Block Group 3,BG,20631772,905815,6.395833333,6.599999905,0.534227828,Block Group 3; Census Tract 11; Reno County; Kansas,1510,918,592
20,173,4301,1,1500000US201730043011,2.0173E+11,1,Block Group 1,BG,1376088,0,7.76044481,7.75,0.130333898,Block Group 1; Census Tract 43.01; Sedgwick County; Kansas,1160,1160,0
18,95,11600,1,1500000US180950116001,1.8095E+11,1,Block Group 1,BG,1535580,0,8.699999809,8.699999809,0,Block Group 1; Census Tract 116; Madison County; Indiana,2523,2520,3
18,63,210701,2,1500000US180632107012,1.80632E+11,2,Block Group 2,BG,5985556,93397,9.125000119,9.100000381,0.06614363,Block Group 2; Census Tract 2107.01; Hendricks County; Indiana,4626,4618,8
18,113,972500,3,1500000US181139725003,1.8114E+11,3,Block Group 3,BG,93421435,168065,7.920370486,7.900000095,0.117661873,Block Group 3; Census Tract 9725; Noble County; Indiana,2005,0,2005
18,91,42602,1,1500000US180910426021,1.8091E+11,1,Block Group 1,BG,6331397,0,7.599999905,7.599999905,0.063245493,Block Group 1; Census Tract 426.02; LaPorte County; Indiana,3110,3004,106
18,97,340111,2,1500000US180973401112,1.80973E+11,2,Block Group 2,BG,2446544,0,9.599999905,9.599999905,0.099999905,Block Group 2; Census Tract 3401.11; Marion County; Indiana,2113,2113,0
18,81,611400,4,1500000US180816114004,1.80816E+11,4,Block Group 4,BG,39324026,974296,7.576595793,7.5,0.284502394,Block Group 4; Census Tract 6114; Johnson County; Indiana,2241,0,2241
18,133,956600,4,1500000US181339566004,1.8134E+11,4,Block Group 4,BG,613170,37252,7.567439988,7.549999952,0.052954226,Block Group 4; Census Tract 9566; Putnam County; Indiana,2035,0,2035
18,103,952900,1,1500000US181039529001,1.8104E+11,1,Block Group 1,BG,12229831,6730,8.662500024,8.600000381,0.161535524,Block Group 1; Census Tract 9529; Miami County; Indiana,6063,6042,21
18,65,975500,3,1500000US180659755003,1.8066E+11,3,Block Group 3,BG,1767202,0,8.375,8.349999905,0.147902156,Block Group 3; Census Tract 9755; Henry County; Indiana,3044,0,3044
18,97,352700,1,1500000US180973527001,1.80974E+11,1,Block Group 1,BG,1309247,0,9.810292676,9.800000191,0.121502304,Block Group 1; Census Tract 3527; Marion County; Indiana,939,939,0
46,103,10907,1,1500000US461030109071,4.6103E+11,1,Block Group 1,BG,28773827,0,5.55454546,5.599999905,0.137269689,Block Group 1; Census Tract 109.07; Pennington County; South Dakota,3363,3335,28
46,65,977800,3,1500000US460659778003,4.6066E+11,3,Block Group 3,BG,41223048,158148,4.391304389,4.400000095,0.161280338,Block Group 3; Census Tract 9778; Hughes County; South Dakota,1817,677,1140
25,25,981100,3,1500000US250259811003,2.5026E+11,3,Block Group 3,BG,570555,1953,6.240060562,6.25,0.089976582,Block Group 3; Census Tract 9811; Suffolk County; Massachusetts,91,91,0
25,23,980200,1,1500000US250239802001,2.5024E+11,1,Block Group 1,BG,6851832,328265,5.722222222,5.699999809,0.078567555,Block Group 1; Census Tract 9802; Plymouth County; Massachusetts,1575,1567,8
25,17,383101,1,1500000US250173831011,2.50174E+11,1,Block Group 1,BG,1634327,1743,6.149999857,6.149999857,0.049999952,Block Group 1; Census Tract 3831.01; Middlesex County; Massachusetts,2215,2183,32
25,21,409101,3,1500000US250214091013,2.50214E+11,3,Block Group 3,BG,779357,13670,5.794066913,5.900000095,0.115762317,Block Group 3; Census Tract 4091.01; Norfolk County; Massachusetts,1484,1484,0
25,17,388200,2,1500000US250173882002,2.50174E+11,2,Block Group 2,BG,7320392,43936,5.485714299,5.5,0.083299233,Block Group 2; Census Tract 3882; Middlesex County; Massachusetts,3264,3094,170
25,17,361200,3,1500000US250173612003,2.50174E+11,3,Block Group 3,BG,206596,0,5.5,5.5,0,Block Group 3; Census Tract 3612; Middlesex County; Massachusetts,620,620,0
25,25,980300,1,1500000US250259803001,2.5026E+11,1,Block Group 1,BG,2081297,27540,6.300000032,6.400000095,0.141421446,Block Group 1; Census Tract 9803; Suffolk County; Massachusetts,113,113,0
25,21,411302,1,1500000US250214113021,2.50214E+11,1,Block Group 1,BG,123118,0,5.900000095,5.900000095,0,Block Group 1; Census Tract 4113.02; Norfolk County; Massachusetts,0,0,0
25,17,361300,4,1500000US250173613004,2.50174E+11,4,Block Group 4,BG,8952830,198218,5.277777831,5.300000191,0.091624675,Block Group 4; Census Tract 3613; Middlesex County; Massachusetts,1764,1200,564
25,27,713100,4,1500000US250277131004,2.50277E+11,4,Block Group 4,BG,47882576,1090074,5.336363636,5.400000095,0.207464036,Block Group 4; Census Tract 7131; Worcester County; Massachusetts,3316,1449,1867
25,27,761402,2,1500000US250277614022,2.50278E+11,2,Block Group 2,BG,13970095,189416,5.506666724,5.400000095,0.152606952,Block Group 2; Census Tract 7614.02; Worcester County; Massachusetts,1390,1390,0
25,23,530600,3,1500000US250235306003,2.50235E+11,3,Block Group 3,BG,42171625,3174285,5.338775586,5.300000191,0.102651271,Block Group 3; Census Tract 5306; Plymouth County; Massachusetts,1210,880,330
51,183,870202,1,1500000US511838702021,5.11839E+11,1,Block Group 1,BG,1454865,0,6.25,6.25,0.050000191,Block Group 1; Census Tract 8702.02; Sussex County; Virginia,700,0,700
51,41,100821,1,1500000US510411008211,5.10411E+11,1,Block Group 1,BG,34605666,700043,6.779999965,6.699999809,0.242369288,Block Group 1; Census Tract 1008.21; Chesterfield County; Virginia,1921,595,1326
51,149,850100,1,1500000US511498501001,5.11499E+11,1,Block Group 1,BG,3157101,220374,7.099999905,7.099999905,0.099999905,Block Group 1; Census Tract 8501; Prince George County; Virginia,3927,3914,13
51,175,200300,1,1500000US511752003001,5.11752E+11,1,Block Group 1,BG,10497846,84844,6.189999962,6.199999809,0.094339888,Block Group 1; Census Tract 2003; Southampton County; Virginia,1319,0,1319
51,111,930100,1,1500000US511119301001,5.11119E+11,1,Block Group 1,BG,64888917,166335,6.18571429,6.199999809,0.135526248,Block Group 1; Census Tract 9301; Lunenburg County; Virginia,1739,0,1739
51,143,10500,3,1500000US511430105003,5.1143E+11,3,Block Group 3,BG,92943182,965149,6.048387092,6,0.130023037,Block Group 3; Census Tract 105; Pittsylvania County; Virginia,2522,0,2522
51,760,30200,2,1500000US517600302002,5.176E+11,2,Block Group 2,BG,731441,0,7.512772842,7.549999952,0.103668689,Block Group 2; Census Tract 302; Richmond city; Virginia,133,133,0
51,173,30500,1,1500000US511730305001,5.1173E+11,1,Block Group 1,BG,24399899,38713,6.844444416,6.900000095,0.440818537,Block Group 1; Census Tract 305; Smyth County; Virginia,1294,592,702
51,117,930300,3,1500000US511179303003,5.11179E+11,3,Block Group 3,BG,136210142,97810,6.297122276,6.300000191,0.20069754,Block Group 3; Census Tract 9303; Mecklenburg County; Virginia,1445,0,1445
51,25,930202,1,1500000US510259302021,5.10259E+11,1,Block Group 1,BG,2816521,0,6.26666673,6.300000191,0.047140632,Block Group 1; Census Tract 9302.02; Brunswick County; Virginia,1595,0,1595
51,620,90100,3,1500000US516200901003,5.16201E+11,3,Block Group 3,BG,4880995,29429,5.780000019,5.800000191,0.116619139,Block Group 3; Census Tract 901; Franklin city; Virginia,1598,1573,25
51,81,880102,1,1500000US510818801021,5.10819E+11,1,Block Group 1,BG,393965,0,6.176882993,6.149999857,0.056768814,Block Group 1; Census Tract 8801.02; Greensville County; Virginia,3099,0,3099
51,81,880101,3,1500000US510818801013,5.10819E+11,3,Block Group 3,BG,47802471,708645,6.117391286,6.099999905,0.155065707,Block Group 3; Census Tract 8801.01; Greensville County; Virginia,1274,191,1083
51,83,930602,1,1500000US510839306021,5.10839E+11,1,Block Group 1,BG,19006833,269056,6.283333328,6.25,0.214087261,Block Group 1; Census Tract 9306.02; Halifax County; Virginia,2194,1623,571
51,21,40100,3,1500000US510210401003,5.1021E+11,3,Block Group 3,BG,189731991,1094202,6.421025643,6.400000095,0.279227824,Block Group 3; Census Tract 401; Bland County; Virginia,1762,0,1762
51,89,10700,1,1500000US510890107001,5.1089E+11,1,Block Group 1,BG,13168529,35862,6.135714224,6.099999905,0.104246576,Block Group 1; Census Tract 107; Henry County; Virginia,1175,45,1130
19,103,303,1,1500000US191030003031,1.9103E+11,1,Block Group 1,BG,9320726,0,7.977777852,8,0.062853979,Block Group 1; Census Tract 3.03; Johnson County; Iowa,2818,2818,0
19,153,701,3,1500000US191530007013,1.9153E+11,3,Block Group 3,BG,1398130,131161,7.350000143,7.350000143,0.049999952,Block Group 3; Census Tract 7.01; Polk County; Iowa,1005,1005,0
19,187,900,3,1500000US191870009003,1.9187E+11,3,Block Group 3,BG,27825360,465898,6.1366666,6.199999809,0.111005493,Block Group 3; Census Tract 9; Webster County; Iowa,2060,1685,375
19,153,10702,2,1500000US191530107022,1.9153E+11,2,Block Group 2,BG,6626113,0,7,7,0.092581922,Block Group 2; Census Tract 107.02; Polk County; Iowa,2464,0,2464
19,153,4702,2,1500000US191530047022,1.9153E+11,2,Block Group 2,BG,2575878,0,6.900000095,6.900000095,0.070710611,Block Group 2; Census Tract 47.02; Polk County; Iowa,1813,1813,0
19,113,2900,4,1500000US191130029004,1.9113E+11,4,Block Group 4,BG,4188110,0,7.5,7.5,0.070710611,Block Group 4; Census Tract 29; Linn County; Iowa,1321,1321,0
19,99,980000,1,1500000US190999800001,1.91E+11,1,Block Group 1,BG,1063742,0,7.299999952,7.299999952,0.100000143,Block Group 1; Census Tract 9800; Jasper County; Iowa,1340,0,1340
19,145,490400,3,1500000US191454904003,1.91455E+11,3,Block Group 3,BG,1075084,0,6.924820457,6.900000095,0.120837483,Block Group 3; Census Tract 4904; Page County; Iowa,1111,1104,7
19,25,950300,2,1500000US190259503002,1.9026E+11,2,Block Group 2,BG,426271260,103685,5.969517569,6,0.088435329,Block Group 2; Census Tract 9503; Calhoun County; Iowa,1703,0,1703
19,87,970400,4,1500000US190879704004,1.9088E+11,4,Block Group 4,BG,2195118,0,7.199999809,7.199999809,0,Block Group 4; Census Tract 9704; Henry County; Iowa,1933,1933,0
19,179,960300,3,1500000US191799603003,1.918E+11,3,Block Group 3,BG,9760237,15505,7.033333355,7,0.156347133,Block Group 3; Census Tract 9603; Wapello County; Iowa,1317,1068,249
19,187,700,2,1500000US191870007002,1.9187E+11,2,Block Group 2,BG,925350,57218,6.053017786,6,0.081793427,Block Group 2; Census Tract 7; Webster County; Iowa,367,367,0
19,33,950300,3,1500000US190339503003,1.9034E+11,3,Block Group 3,BG,1430891,57740,6.299999952,6.299999952,0.100000143,Block Group 3; Census Tract 9503; Cerro Gordo County; Iowa,935,935,0
19,127,951000,1,1500000US191279510001,1.9128E+11,1,Block Group 1,BG,7121126,0,7.059999943,7.099999905,0.101980293,Block Group 1; Census Tract 9510; Marshall County; Iowa,1294,1257,37
4,21,807,1,1500000US040210008071,40210008071,1,Block Group 1,BG,1515029,0,6.159021657,6.25,0.165661536,Block Group 1; Census Tract 8.07; Pinal County; Arizona,2892,2892,0
4,21,903,1,1500000US040210009031,40210009031,1,Block Group 1,BG,822091,0,6.236139813,6.25,0.051885681,Block Group 1; Census Tract 9.03; Pinal County; Arizona,6544,6544,0
4,21,2005,1,1500000US040210020051,40210020051,1,Block Group 1,BG,2576482,0,5.331651527,5.199999809,0.189540002,Block Group 1; Census Tract 20.05; Pinal County; Arizona,6003,0,6003
4,13,610002,2,1500000US040136100022,40136100022,2,Block Group 2,BG,62638377,48476,6.609836102,6.599999905,0.383557522,Block Group 2; Census Tract 6100.02; Maricopa County; Arizona,2540,394,2146
4,21,804,1,1500000US040210008041,40210008041,1,Block Group 1,BG,42917213,0,6.13095237,6.049999952,0.368709485,Block Group 1; Census Tract 8.04; Pinal County; Arizona,915,807,108
4,9,961700,1,1500000US040099617001,40099617001,1,Block Group 1,BG,605847951,6289033,5.54709897,5.599999905,0.352756258,Block Group 1; Census Tract 9617; Graham County; Arizona,1593,0,1593
4,13,723306,1,1500000US040137233061,40137233061,1,Block Group 1,BG,2308412834,169306,7.636696451,7.599999905,0.725788856,Block Group 1; Census Tract 7233.06; Maricopa County; Arizona,4662,0,4662
4,19,4430,1,1500000US040190044301,40190044301,1,Block Group 1,BG,57641600,372097,4.462962972,4.5,0.264082124,Block Group 1; Census Tract 44.30; Pima County; Arizona,3274,2198,1076
4,19,980100,1,1500000US040199801001,40199801001,1,Block Group 1,BG,2784033,0,4.328649044,4.300000191,0.197227722,Block Group 1; Census Tract 9801; Pima County; Arizona,1918,0,1918
4,9,961600,3,1500000US040099616003,40099616003,3,Block Group 3,BG,888803,7301,5.251777712,5.300000191,0.094826567,Block Group 3; Census Tract 9616; Graham County; Arizona,874,0,874
4,3,503,1,1500000US040030005031,40030005031,1,Block Group 1,BG,137716028,157158,4.244117646,4.25,0.199545364,Block Group 1; Census Tract 5.03; Cochise County; Arizona,2063,0,2063
4,13,981000,1,1500000US040139810001,40139810001,1,Block Group 1,BG,643550,0,9.100000381,9.100000381,0,Block Group 1; Census Tract 9810; Maricopa County; Arizona,803,803,0
4,13,61017,1,1500000US040130610171,40130610171,1,Block Group 1,BG,3369691,0,10.46666654,10.39999962,0.249444013,Block Group 1; Census Tract 610.17; Maricopa County; Arizona,3288,3288,0
4,7,1200,1,1500000US040070012001,40070012001,1,Block Group 1,BG,19043300,18777,4.429999924,4.199999809,0.37828566,Block Group 1; Census Tract 12; Gila County; Arizona,1172,354,818
4,9,961600,2,1500000US040099616002,40099616002,2,Block Group 2,BG,336496,0,3.700000048,3.700000048,8.88E-16,Block Group 2; Census Tract 9616; Graham County; Arizona,659,0,659
4,27,980005,1,1500000US040279800051,40279800051,1,Block Group 1,BG,56315499,0,5.941818185,5.800000191,0.3897276,Block Group 1; Census Tract 9800.05; Yuma County; Arizona,503,0,503
4,17,960500,2,1500000US040179605002,40179605002,2,Block Group 2,BG,1749754475,8676887,3.634358677,3.599999905,0.30951815,Block Group 2; Census Tract 9605; Navajo County; Arizona,2242,432,1810
4,19,980200,1,1500000US040199802001,40199802001,1,Block Group 1,BG,2948108,0,4.200000048,4.200000048,0.100000143,Block Group 1; Census Tract 9802; Pima County; Arizona,4855,0,4855
4,13,114704,1,1500000US040131147041,40131147041,1,Block Group 1,BG,1296138,0,10.31573032,10.4000001,0.203674825,Block Group 1; Census Tract 1147.04; Maricopa County; Arizona,1761,1761,0