FID,FACILITYID,NAME,ADDRESS,CITY,STATE,ZIP,ZIP4,TELEPHONE,TYPE,STATUS,POPULATION,COUNTY,COUNTYFIPS,COUNTRY,SECURELVL,degx,degy,EBF_PFS,PM25F_PFS,TPF,EB_ET,PM25_ET,TC,CC,N_ENY_EOMI,N_PLN_EOMI,washu_mean,pm25_et_wa,pm25_2019,thresh_dif
"59","10002616",UTAH COUNTY JAIL,3075 N MAIN ST,SPANISH FORK,UT,"84660","-999",(801) 851-4210,FEDERAL,OPEN,"689",UTAH,"49049",USA,MAXIMUM,-111.659735,40.148890,0.380000000000000,0.220000000000000,3825.000000000000000,"0","0","0",0.000000000000000,"0","0",5.928571491451054,"0",6.000000000000000,
"93","10003464","UTAH STATE PRISON, DRAPER - NORTH COMPLEX",WEST 13800 SOUTH,DRAPER,UT,"84020","-999",(801) 576-7000,STATE,OPEN,"994",SALT LAKE,"49035",USA,MAXIMUM,-111.895247,40.497912,,0.270000000000000,2336.000000000000000,"0","0","0",0.000000000000000,"0","0",6.666666507720948,"0",6.699999968210860,
"94","10003465","UTAH STATE PRISON, DRAPER - SOUTH COMPLEX",14425 BITTERBRUSH LANE,DRAPER,UT,"84020","-999",(801) 576-7000,STATE,OPEN,"1839",SALT LAKE,"49035",USA,MAXIMUM,-111.901718,40.490781,,0.270000000000000,2336.000000000000000,"0","0","0",0.000000000000000,"0","0",6.666666507720948,"0",6.599999904632570,
"97","10002617",CENTRAL UTAH CORRECTIONAL FACILITY,255 E 300 N ST,GUNNISON,UT,"84634","-999",(435) 528-6000,STATE,OPEN,"1700",SANPETE,"49039",USA,MAXIMUM,-111.811498,39.166243,0.570000000000000,0.010000000000000,6188.000000000000000,"0","0","0",0.000000000000000,"0","0",4.264945377304396,"0",4.850000143051150,
"134","10001080",NORTH CENTRAL CORRECTIONAL FACILITY,313 LANEDALE,ROCKWELL CITY,IA,"50579","-999",(712) 297-7521,STATE,OPEN,"485",CALHOUN,"19025",USA,MINIMUM,-94.604377,42.392228,0.900000000000000,0.280000000000000,2140.000000000000000,"1","0","0",0.000000000000000,"1","0",5.962412619924212,"0",5.800000190734860,
"135","10001082",ANAMOSA STATE PENITENTIARY,406 N HIGH ST,ANAMOSA,IA,"52205","-999",(319) 462-3504,STATE,OPEN,"927",JONES,"19105",USA,MAXIMUM,-91.291272,42.111291,0.780000000000000,0.540000000000000,4693.000000000000000,"0","0","0",0.000000000000000,"0","0",7.047058778650620,"0",6.799999952316280,
"136","10001091",IOWA MEDICAL & CLASSIFICATION CENTER,2700 CORAL RIDGE AVE,CORALVILLE,IA,"52241","-999",(319) 626-2391,STATE,OPEN,"894",JOHNSON,"19103",USA,MEDIUM,-91.611826,41.713696,0.080000000000000,0.560000000000000,10245.000000000000000,"0","0","0",0.000000000000000,"0","0",7.830000019073486,"0",8.000000000000000,
"139","10001090",NEWTON CORRECTIONAL FACILITY,307 SOUTH 60TH AVENUE WEST,NEWTON,IA,"50208","-999",(641) 792-7552,STATE,OPEN,"1292",JASPER,"19099",USA,MEDIUM,-93.056968,41.627170,0.660000000000000,0.300000000000000,5286.000000000000000,"0","0","0",0.000000000000000,"0","1",7.112032076891730,"0",7.299999952316280,
"192","10004024",FCI CUMBERLAND,14601 BURBRIDGE RD SE,CUMBERLAND,MD,"21502","-999",(301) 784-1000,FEDERAL,OPEN,"1011",ALLEGANY,"24001",USA,MEDIUM,-78.762356,39.595485,0.810000000000000,0.120000000000000,3977.000000000000000,"0","0","0",0.000000000000000,"0","0",6.756818218664690,"0",7.049999952316280,
"199","10001936",BUTTE PRE-RELEASE / WOMEN'S TRANSITIONAL CENTER,62 W BROADWAY ST,BUTTE,MT,"59701","-999",(406) 496-5070,STATE,OPEN,"204",SILVER BOW,"30093",USA,MINIMUM,-112.537641,46.013336,0.870000000000000,0.020000000000000,5114.000000000000000,"0","0","9",5.000000000000000,"0","1",3.974999964237213,"0",3.900000095367430,
"211","10001925",GOODMAN CORRECTIONAL INSTITUTION,4556 BROAD RIVER RD,COLUMBIA,SC,"29210","-999",(803) 896-8565,STATE,OPEN,"436",RICHLAND,"45079",USA,MINIMUM,-81.107856,34.076208,,0.400000000000000,4439.000000000000000,"0","0","4",3.000000000000000,"0","0",7.275000095367432,"0",7.199999809265140,
"228","10001590",NOTTOWAY WORK CENTER,2892 SCHUTT RD,BURKEVILLE,VA,"23922","-999",(434) 767-5543,STATE,OPEN,"195",NOTTOWAY,"51135",USA,MINIMUM,-78.172363,37.185089,0.940000000000000,0.180000000000000,7510.000000000000000,"1","0","2",2.000000000000000,"1","0",6.217322841403992,"0",6.199999809265140,
"240","10000356",HOLMES CORRECTIONAL INSTITUTION,3142 THOMAS DR,BONIFAY,FL,"32425","0190",(850) 547-8600,STATE,OPEN,"1197",HOLMES,"12059",USA,CLOSE,-85.670159,30.755451,0.840000000000000,0.330000000000000,6668.000000000000000,"0","0","2",2.000000000000000,"0","0",7.282887693394952,"0",7.799999952316280,
"248","10000187",COFFIELD UNIT,2661 FM 2054,TENNESSEE COLONY,TX,"75884","-999",(903) 928-2211,STATE,OPEN,"4100",ANDERSON,"48001",USA,MAXIMUM,-95.892880,31.789303,0.630000000000000,0.660000000000000,7511.000000000000000,"0","0","0",0.000000000000000,"0","0",7.059722238116796,"0",7.133333206176760,
"249","10002941",LOPEZ STATE JAIL,1203 EL CIBOLO RD,EDINBURG,TX,"78542","-999",(956) 316-3810,STATE,OPEN,"1002",HIDALGO,"48215",USA,MEDIUM,-98.117007,26.417225,0.800000000000000,0.910000000000000,5133.000000000000000,"0","1","3",3.000000000000000,"1","0",8.163333320617676,"0",8.399999618530270,cejstonly
"250","10000186",MICHAEL STATE PRISON,2664 FM 2054,TENNESSEE COLONY,TX,"75886","-999",(903) 928-2311,STATE,OPEN,"2902",ANDERSON,"48001",USA,MAXIMUM,-95.903193,31.794695,0.630000000000000,0.660000000000000,7511.000000000000000,"0","0","0",0.000000000000000,"0","0",7.059722238116796,"0",7.199999809265140,
"251","10000205",POLUNSKY PRISON,3872 FM 350 S,LIVINGSTON,TX,"77351","-999",(936) 967-8082,STATE,OPEN,"2956",POLK,"48373",USA,MAXIMUM,-95.014748,30.698556,0.810000000000000,0.780000000000000,6408.000000000000000,"0","0","3",2.000000000000000,"0","0",7.200000019634472,"0",7.650000095367430,
"253","10000257",DEER RIDGE CORRECTIONAL INSTITUTION,3920 EAST ASHWOOD RD,MADRAS,OR,"97741","-999",(541) 325-5999,STATE,OPEN,"940",JEFFERSON,"41031",USA,MEDIUM,-121.051023,44.637493,0.610000000000000,0.110000000000000,2553.000000000000000,"0","0","0",0.000000000000000,"0","0",4.509131863115266,"0",4.866666793823240,
"257","10004143",ODOM CORRECTIONAL INSTITUTION,485 ODOM RD,JACKSON,NC,"27845","0036",(252) 534-5611,STATE,OPEN,"462",NORTHAMPTON,"37131",USA,MINIMUM,-77.430714,36.328499,0.960000000000000,0.140000000000000,6073.000000000000000,"1","0","4",3.000000000000000,"1","0",6.172233386778496,"0",6.099999904632570,
"274","10004146",WARREN CORRECTIONAL INSTITUTION,379 COLLINS RD,MANSON,NC,"27553","-999",(252) 456-3400,STATE,OPEN,"667",WARREN,"37185",USA,CLOSE,-78.270230,36.416820,0.840000000000000,0.240000000000000,5814.000000000000000,"0","0","3",2.000000000000000,"0","0",6.423137281455246,"0",6.400000095367430,
"285","10002998",TONOPAH CONSERVATION CAMP,"HC 76, BOX 8045",TONOPAH,NV,"89049","-999",(775) 482-6700,STATE,OPEN,"147",NYE,"32023",USA,MINIMUM,-117.107415,38.168681,0.720000000000000,0.000000000000000,2117.000000000000000,"0","0","2",2.000000000000000,"0","1",4.947803793107444,"0",4.800000190734860,
"339","10001866",WOMEN'S RESIDENTIAL CORRECTIONAL FACILITY,1917 HICKMAN ROAD,DES MOINES,IA,"50314","-999",(515) 242-6325,STATE,OPEN,"49",POLK,"19153",USA,NOT AVAILABLE,-93.644522,41.616068,0.270000000000000,0.300000000000000,3460.000000000000000,"0","0","0",0.000000000000000,"0","0",7.425000071525574,"0",7.300000190734860,
"341","10006614",STEIN FORENSIC UNIT,6161 WEST CHARLESTON BLVD,LAS VEGAS,NV,"89146","-999",(702) 486-4400,STATE,OPEN,"12",CLARK,"32003",USA,MAXIMUM,-115.226878,36.156866,0.520000000000000,0.160000000000000,4595.000000000000000,"0","0","1",1.000000000000000,"0","0",5.750000000000000,"0",5.699999809265140,
"372","10003800",ELY CONSERVATION CAMP,HC 10 BOX 10813,ELY,NV,"89301","-999",(775) 289-8430,STATE,OPEN,"125",WHITE PINE,"32033",USA,MINIMUM,-114.726357,39.041767,0.460000000000000,0.000000000000000,6321.000000000000000,"0","0","2",1.000000000000000,"0","0",4.261416335643961,"0",4.000000000000000,
"374","10003014",CASA GRANDE TRANSITIONAL HOUSING,3955 W RUSSELL RD,LAS VEGAS,NV,"89118","2316",(702) 486-9906,STATE,OPEN,"331",CLARK,"32003",USA,MINIMUM,-115.192319,36.085784,0.700000000000000,0.170000000000000,1914.000000000000000,"0","0","2",2.000000000000000,"0","0",6.600000023841858,"0",6.300000190734860,
"380","10000258",WELLS CONSERVATION CAMP,HC 67-50,WELLS,NV,"89835","-999",(775) 478-5120,STATE,OPEN,"142",ELKO,"32007",USA,MINIMUM,-114.702568,41.090238,0.680000000000000,0.000000000000000,1789.000000000000000,"0","0","0",0.000000000000000,"0","0",4.385842381929261,"0",4.250000000000000,
"389","10006328",EVERGLADES RE-ENTRY CENTER,1601 S.W. 187TH AVENUE,MIAMI,FL,"33194","-999",(305) 228-4400,STATE,OPEN,"386",MIAMI-DADE,"12086",USA,NOT AVAILABLE,-80.494485,25.749514,0.300000000000000,0.360000000000000,13848.000000000000000,"0","0","0",0.000000000000000,"0","0",7.299999952316284,"0",7.549999952316280,
"407","10000409",MAYO CORRECTIONAL INSTITUTION ANNEX,8784 US HWY 27 W,MAYO,FL,"32066","3458",(386) 294-4500,STATE,OPEN,"1104",LAFAYETTE,"12067",USA,CLOSE,-83.305142,30.138462,0.490000000000000,0.200000000000000,2574.000000000000000,"0","0","3",2.000000000000000,"0","1",6.924590175920498,"0",7.400000095367430,
"409","10000525",FORT MYERS WORK CAMP,2575 ORTIZ AVE,FORT MYERS,FL,"33994","1107",(239) 332-6915,STATE,OPEN,"115",LEE,"12071",USA,NOT AVAILABLE,-81.810403,26.631522,0.460000000000000,0.200000000000000,9106.000000000000000,"0","0","2",1.000000000000000,"0","0",7.805882397819968,"0",7.400000095367430,
"420","10006365",PHILADELPHIA CCC #4,1628-1630 NORTH 15TH STREET,PHILADELPHIA,PA,"19121","-999",(215) 560-5328,STATE,OPEN,"0",PHILADELPHIA,"42101",USA,MINIMUM,-75.159892,39.978542,0.990000000000000,0.690000000000000,2686.000000000000000,"1","0","12",7.000000000000000,"1","1",7.683211773080580,"0",7.699999809265140,
"423","10003138",WATERTOWN CORRECTIONAL FACILITY,23147 SWAN RD,WATERTOWN,NY,"13601","9340",(315) 782-7490,STATE,OPEN,"526",JEFFERSON,"36045",USA,MEDIUM,-75.907987,43.924313,0.750000000000000,0.040000000000000,4555.000000000000000,"0","0","0",0.000000000000000,"0","1",4.515562903802128,"0",4.549999952316280,
"454","10001068",PLAINFIELD CORRECTIONAL FACILITY,727 MOON RD,PLAINFIELD,IN,"46168","-999",(317) 839-2513,STATE,OPEN,"1650",HENDRICKS,"18063",USA,MEDIUM,-86.413097,39.690301,0.300000000000000,0.790000000000000,12597.000000000000000,"0","0","0",0.000000000000000,"0","0",9.052499985694883,"0",9.100000381469730,
"458","10005599",INDIANA STATE PRISON,1 PARK ROW,MICHIGAN CITY,IN,"46360","-999",(219) 874-7258,STATE,OPEN,"2300",LAPORTE,"18091",USA,MAXIMUM,-86.917317,41.703431,0.890000000000000,0.480000000000000,4307.000000000000000,"0","0","2",2.000000000000000,"0","0",7.433333290947808,"0",7.699999809265140,
"464","10001518",BAYSIDE STATE PRISON FARM,4293 STATE ROUTE 47,LEESBURG,NJ,"08327","-999",(856) 785-0040,STATE,OPEN,"512",CUMBERLAND,"34011",USA,MINIMUM,-74.961903,39.234797,,0.180000000000000,4970.000000000000000,"0","0","0",0.000000000000000,"0","0",5.740000057220460,"0",5.800000190734860,
"499","10003135",FCI RAY BROOK,128 RAY BROOK RD,RAY BROOK,NY,"12977","-999",(518) 897-4000,FEDERAL,OPEN,"628",ESSEX,"36031",USA,MEDIUM,-74.092850,44.290320,0.570000000000000,0.020000000000000,5934.000000000000000,"0","0","0",0.000000000000000,"0","0",4.341988985051108,"0",4.549999952316280,
"500","10003202",FCI OTISVILLE,TWO MILE DR,OTISVILLE,NY,"10963","-999",(845) 386-6700,FEDERAL,OPEN,"588",ORANGE,"36071",USA,MEDIUM,-74.527543,41.496619,0.700000000000000,0.140000000000000,6731.000000000000000,"0","0","0",0.000000000000000,"0","0",5.677142878941128,"0",5.850000143051150,
"513","10003175",WYOMING CORRECTIONAL FACILITY,3203 DUNBAR RD,ATTICA,NY,"14011","0501",(585) 591-1010,STATE,OPEN,"1392",WYOMING,"36121",USA,MEDIUM,-78.262004,42.849492,0.570000000000000,0.100000000000000,7117.000000000000000,"0","0","0",0.000000000000000,"0","0",5.431481533580358,"0",5.350000143051150,
"514","10003144",ORLEANS CORRECTIONAL FACILITY,3531 GAINES BASIN RD,ALBION,NY,"14411","9199",(585) 589-6820,STATE,OPEN,"993",ORLEANS,"36073",USA,MEDIUM,-78.220185,43.243761,0.900000000000000,0.130000000000000,7310.000000000000000,"1","0","2",2.000000000000000,"1","0",5.141562433540822,"0",5.300000190734860,
"527","10003145",ALBION CORRECTIONAL FACILITY,3595 STATE SCHOOL RD,ALBION,NY,"14411","9399",(585) 589-5511,STATE,OPEN,"1083",ORLEANS,"36073",USA,MEDIUM,-78.214903,43.244950,0.900000000000000,0.130000000000000,7310.000000000000000,"1","0","2",2.000000000000000,"1","0",5.141562433540822,"0",5.300000190734860,
"528","10003227",QUEENSBORO CORRECTIONAL FACILITY,47-04 VAN DAM ST,LONG ISLAND CITY,NY,"11101","3081",(718) 361-8920,STATE,OPEN,"217",QUEENS,"36081",USA,MINIMUM,-73.934482,40.742611,0.780000000000000,0.650000000000000,697.000000000000000,"0","0","11",5.000000000000000,"0","1",7.800000190734864,"0",8.000000000000000,
"529","10003124",OGDENSBURG CORRECTIONAL FACILITY,ONE CORRECTION WAY,OGDENSBURG,NY,"13669","2288",(315) 393-0281,STATE,OPEN,"584",ST. LAWRENCE,"36089",USA,MEDIUM,-75.445940,44.725028,0.660000000000000,0.160000000000000,5175.000000000000000,"0","0","0",0.000000000000000,"0","0",5.152941114762250,"0",5.300000190734860,
"530","10003196",ULSTER CORRECTIONAL FACILITY,750 BERME RD,NAPANOCH,NY,"12458","0800",(845) 647-1670,STATE,OPEN,"785",ULSTER,"36111",USA,MEDIUM,-74.356551,41.743331,0.630000000000000,0.090000000000000,4480.000000000000000,"0","0","0",0.000000000000000,"0","0",5.630275227607938,"0",6.099999904632570,
"531","10003200",SULLIVAN CORRECTIONAL FACILITY,325 RIVERSIDE DR,FALLSBURG,NY,"12733","0116",(845) 434-2080,STATE,OPEN,"439",SULLIVAN,"36105",USA,MAXIMUM,-74.590057,41.742929,0.970000000000000,0.090000000000000,3139.000000000000000,"1","0","0",0.000000000000000,"1","0",5.681538435129020,"0",5.850000143051150,
"548","10002298",ADULT DIAGNOSTIC AND TREATMENT CENTER,"8 PRODUCTION WAY, P.O. BOX 190",WOODBRIDGE,NJ,"07095","-999",(732) 574-2250,STATE,OPEN,"491",MIDDLESEX,"34023",USA,NOT AVAILABLE,-74.271581,40.589593,0.270000000000000,0.500000000000000,7199.000000000000000,"0","0","4",2.000000000000000,"0","1",7.442857197352818,"0",7.350000023841860,
"552","10000760",LAKEVIEW SHOCK INCARCERATION CF - ANNEX,9300 LAKE AVE,BROCTON,NY,"14716","-999",(716) 792-7100,STATE,OPEN,"0",CHAUTAUQUA,"36013",USA,MEDIUM,-79.437585,42.404438,0.750000000000000,0.210000000000000,4649.000000000000000,"0","0","1",1.000000000000000,"0","0",5.900000034679066,"0",6.400000095367430,
"557","10004018",BAYSIDE STATE PRISON,4293 RTE 47,LEESBURG,NJ,"08327","-999",(856) 785-0040,STATE,OPEN,"1143",CUMBERLAND,"34011",USA,MEDIUM,-74.951449,39.243797,,0.180000000000000,4970.000000000000000,"0","0","0",0.000000000000000,"0","0",5.740000057220460,"0",5.649999856948850,
"558","10002305",BAYSIDE STATE PRISON - ANCORA,301 SPRING GARDEN RD,HAMMONDTON,NJ,"08037","-999",(856) 785-0040,STATE,OPEN,"254",CAMDEN,"34007",USA,MINIMUM,-74.865463,39.681516,0.570000000000000,0.300000000000000,4750.000000000000000,"0","0","0",0.000000000000000,"0","0",5.785000014305116,"0",5.699999809265140,
"559","10003996",EAST JERSEY STATE PRISON,1100 WOODBRIDGE RD,RAHWAY,NJ,"07065","-999",(732) 499-5010,STATE,OPEN,"1203",MIDDLESEX,"34023",USA,MAXIMUM,-74.269597,40.590564,0.270000000000000,0.500000000000000,7199.000000000000000,"0","0","4",2.000000000000000,"0","1",7.442857197352818,"0",7.350000023841860,
"560","10004002",CRAF JONES FARM,721 BEAR TAVERN RD,TRENTON,NJ,"08628","-999",(609) 984-6000,STATE,OPEN,"149",MERCER,"34021",USA,MINIMUM,-74.829314,40.274645,0.320000000000000,0.390000000000000,5899.000000000000000,"0","0","0",0.000000000000000,"0","1",6.682352935566622,"0",6.450000047683720,
"562","10003993",EDNA MAHAN CORRECTIONAL FACILITY FOR WOMEN,"30 COUNTY RD 513, P.O. BOX 4004",CLINTON,NJ,"08809","-999",(908) 735-7111,STATE,OPEN,"646",HUNTERDON,"34019",USA,MAXIMUM,-74.934574,40.628887,0.240000000000000,0.390000000000000,5560.000000000000000,"0","0","0",0.000000000000000,"0","0",6.273214263575418,"0",6.500000000000000,
"567","10001516",MID-STATE CORRECTIONAL FACILITY,866 RANGE RD,WRIGHTSTOWN,NJ,"08562","-999",(609) 723-4221,STATE,OPEN,"-999",BURLINGTON,"34005",USA,MEDIUM,-74.583393,39.998564,0.410000000000000,0.230000000000000,3248.000000000000000,"0","0","0",0.000000000000000,"0","1",5.757692318696242,"0",6.000000000000000,
"570","10004003",NEW JERSEY STATE PRISON,600 CASS ST,TRENTON,NJ,"08608","-999",(609) 292-9700,STATE,OPEN,"1587",MERCER,"34021",USA,MAXIMUM,-74.756369,40.207273,,0.350000000000000,485.000000000000000,"0","0","4",4.000000000000000,"0","1",7.199999809265138,"0",7.199999809265140,
"571","10003990",NORTHERN STATE PRISON,168 FRONTAGE RD,NEWARK,NJ,"07114","-999",(973) 465-0068,STATE,OPEN,"2378",ESSEX,"34013",USA,MEDIUM,-74.173518,40.712792,,0.640000000000000,2594.000000000000000,"0","0","7",4.000000000000000,"0","1",7.833333492279054,"0",7.700000047683720,
"587","10002281",CAYUGA CORRECTIONAL FACILITY,2202 STATE ROUTE 38A,MORAVIA,NY,"13118","1150",(315) 497-1110,STATE,OPEN,"926",CAYUGA,"36011",USA,MEDIUM,-76.396192,42.721999,0.840000000000000,0.030000000000000,4712.000000000000000,"0","0","0",0.000000000000000,"0","0",5.195305150439482,"0",4.800000190734860,
"588","10004916",RIVERSIDE RESIDENTIAL CENTER,1415 N PENNSYLVANIA ST,INDIANAPOLIS,IN,"46202","-999",NOT AVAILABLE,NOT AVAILABLE,NOT AVAILABLE,"-999",MARION,"18097",USA,MINIMUM,-86.155354,39.786470,0.460000000000000,0.860000000000000,2421.000000000000000,"0","0","0",0.000000000000000,"0","1",9.899999618530273,"1",9.899999618530270,washuonly
"616","10004241",FCI YAZOO CITY LOW CAMP,2225 HALEY BARBOUR PARKWAY,YAZOO CITY,MS,"39194","-999",(662) 751-4800,FEDERAL,OPEN,"179",YAZOO,"28163",USA,MINIMUM,-90.425564,32.878964,0.890000000000000,0.660000000000000,8666.000000000000000,"0","0","3",2.000000000000000,"0","0",7.117718120549350,"0",7.599999904632570,
"620","10006598",ANN KLEIN FORENSIC CENTER,STUYVESANT AVENUE,WEST TRENTON,NJ,"08628","-999",(609) 633-0900,STATE,OPEN,"193",MERCER,"34021",USA,NOT AVAILABLE,-74.801885,40.247051,0.460000000000000,0.370000000000000,4488.000000000000000,"0","0","2",2.000000000000000,"0","0",6.900000095367432,"0",6.900000095367430,
"631","10000754",FIVE POINTS CORRECTIONAL FACILITY,6600 STATE ROUTE 96,ROMULUS,NY,"14541","-999",(607) 869-5111,STATE,OPEN,"1259",SENECA,"36099",USA,MAXIMUM,-76.840400,42.711978,0.910000000000000,0.040000000000000,5947.000000000000000,"1","0","3",3.000000000000000,"1","1",5.719291332199818,"0",5.649999856948850,
"632","10003235",MCC NEW YORK,150 PARK ROW,NEW YORK,NY,"10007","-999",(646) 836-6300,FEDERAL,OPEN,"767",NEW YORK,"36061",USA,MAXIMUM,-74.001563,40.713209,0.380000000000000,0.680000000000000,5924.000000000000000,"0","0","9",5.000000000000000,"0","1",8.200267612852276,"0",8.199999809265140,
"633","10006320",QUEENS DETENTION FACILITY,182-22 150TH AVENUE,JAMAICA,NY,"11413","-999",(718) 553-5420,FEDERAL,OPEN,"-999",QUEENS,"36081",USA,NOT AVAILABLE,-73.765086,40.656907,0.700000000000000,0.370000000000000,4930.000000000000000,"0","0","0",0.000000000000000,"0","0",8.200000286102297,"0",8.600000381469730,
"636","10000763",SHAWANGUNK CORRECTIONAL FACILITY,200 QUICK RD,WALLKILL,NY,"12589","0750",(845) 895-2081,STATE,OPEN,"541",ULSTER,"36111",USA,MAXIMUM,-74.163172,41.636473,0.680000000000000,0.150000000000000,4279.000000000000000,"0","0","0",0.000000000000000,"0","0",5.740624949336052,"0",5.699999809265140,
"637","10001496",ALTONA CORRECTIONAL FACILITY,555 DEVILS DEN RD,ALTONA,NY,"12910","3000",(518) 236-7841,STATE,OPEN,"739",CLINTON,"36019",USA,MEDIUM,-73.659950,44.891321,0.800000000000000,0.080000000000000,6473.000000000000000,"0","0","2",2.000000000000000,"0","1",4.699099084493276,"0",4.750000000000000,
"641","10004921",FCI TERRE HAUTE,4200 BUREAU RD N,TERRE HAUTE,IN,"47808","-999",(812) 238-1531,FEDERAL,OPEN,"966",VIGO,"18167",USA,MEDIUM,-87.451172,39.417028,0.570000000000000,0.620000000000000,8963.000000000000000,"0","0","0",0.000000000000000,"0","0",8.550819647116739,"0",8.699999809265140,
"644","10004923",USP TERRE HAUTE,4700 BUREAU RD S,TERRE HAUTE,IN,"47802","-999",(812) 244-4400,FEDERAL,OPEN,"1355",VIGO,"18167",USA,MAXIMUM,-87.454525,39.407581,0.570000000000000,0.620000000000000,8963.000000000000000,"0","0","0",0.000000000000000,"0","0",8.550819647116739,"0",8.800000190734860,
"646","10001504",GREEN HAVEN CORRECTIONAL FACILITY,594 STATE ROUTE 216,STORMVILLE,NY,"12582","0010",(845) 221-2711,STATE,OPEN,"2038",DUTCHESS,"36027",USA,MAXIMUM,-73.716524,41.580370,0.180000000000000,0.150000000000000,2106.000000000000000,"0","0","0",0.000000000000000,"0","0",5.699999809265138,"0",5.699999809265140,
"648","10005600",INDIANA STATE PRISON ISO,201 WOODLAWN AVENUE,MICHIGAN CITY,IN,"46360","-999",(219) 874-7258,STATE,OPEN,"280",LAPORTE,"18091",USA,MEDIUM,-86.917847,41.701407,0.890000000000000,0.480000000000000,4307.000000000000000,"0","0","2",2.000000000000000,"0","0",7.433333290947808,"0",7.699999809265140,
"649","10003140",WASHINGTON CORRECTIONAL FACILITY,72 LOCK 11 LANE,COMSTOCK,NY,"12821","0180",(518) 639-4486,STATE,OPEN,"868",WASHINGTON,"36115",USA,MEDIUM,-73.429535,43.468449,0.800000000000000,0.110000000000000,6052.000000000000000,"0","0","0",0.000000000000000,"0","0",4.897791806831722,"0",4.775000095367430,
"650","10001065",INDIANA WOMEN'S PRISON,2596 GIRLS SCHOOL ROAD,INDIANAPOLIS,IN,"46214","-999",(317) 244-3387,STATE,OPEN,"609",MARION,"18097",USA,MAXIMUM,-86.291898,39.800940,0.350000000000000,0.840000000000000,3863.000000000000000,"0","0","0",0.000000000000000,"0","0",9.600000000000000,"1",9.549999952316281,washuonly
"654","10003141",GREAT MEADOW CORRECTIONAL FACILITY,11739 STATE ROUTE 22,COMSTOCK,NY,"12821","0051",(518) 639-5516,STATE,OPEN,"1649",WASHINGTON,"36115",USA,MAXIMUM,-73.432999,43.457588,0.800000000000000,0.110000000000000,6052.000000000000000,"0","0","0",0.000000000000000,"0","0",4.897791806831722,"0",4.800000190734860,
"659","10003128",CLINTON CORRECTIONAL FACILITY - ANNEX,1074 RT. 374,DANNEMORA,NY,"12929","-999",(518) 492-2511,STATE,OPEN,"839",CLINTON,"36019",USA,MAXIMUM,-73.717113,44.724849,0.860000000000000,0.050000000000000,7056.000000000000000,"0","0","0",0.000000000000000,"0","1",4.574261588889336,"0",4.500000000000000,
"660","10000745",AUBURN CORRECTIONAL FACILITY,135 STATE ST,AUBURN,NY,"13024","9000",(315) 253-8401,STATE,OPEN,"1601",CAYUGA,"36011",USA,MAXIMUM,-76.574225,42.934589,0.850000000000000,0.040000000000000,4177.000000000000000,"0","0","3",2.000000000000000,"0","0",5.566666603088380,"0",5.599999904632570,
"664","10000744",CAPE VINCENT CORRECTIONAL FACILITY,36560 STATE ROUTE 12E,CAPE VINCENT,NY,"13618","0599",(315) 654-4100,STATE,OPEN,"856",JEFFERSON,"36045",USA,MEDIUM,-76.187976,44.197833,0.930000000000000,0.090000000000000,7134.000000000000000,"1","0","0",0.000000000000000,"1","0",4.590909095393454,"0",4.800000190734860,
"666","10004895",CHAIN O'LAKES CORRECTIONAL FACILITY,3516 E 75 SOUTH,ALBION,IN,"46701","-999",(260) 636-3114,STATE,OPEN,"119",NOBLE,"18113",USA,MINIMUM,-85.353103,41.337010,0.680000000000000,0.530000000000000,6609.000000000000000,"0","0","0",0.000000000000000,"0","0",7.926943121796446,"0",7.900000095367430,
"667","10004920",EDINBURGH CORRECTIONAL FACILITY,"P.O. BOX 470, 23RD & SCHOOLHOUSE RD",EDINBURGH,IN,"46124","-999",(812) 526-8434,STATE,OPEN,"315",JOHNSON,"18081",USA,MINIMUM,-86.038603,39.351453,0.490000000000000,0.640000000000000,8106.000000000000000,"0","0","0",0.000000000000000,"0","1",7.665641085306804,"0",7.766666571299240,
"668","10003131",BARE HILL CORRECTIONAL FACILITY,181 BRAND RD,MALONE,NY,"12953","0020",(518) 483-8411,STATE,OPEN,"1424",FRANKLIN,"36033",USA,MEDIUM,-74.324156,44.880364,0.750000000000000,0.060000000000000,5745.000000000000000,"0","0","0",0.000000000000000,"0","0",4.785937462002040,"0",5.199999809265140,
"676","10002290",BEDFORD HILLS CORRECTIONAL FACILITY,247 HARRIS RD,BEDFORD HILLS,NY,"10507","2400",(914) 241-3100,STATE,OPEN,"823",WESTCHESTER,"36119",USA,MAXIMUM,-73.680785,41.238403,,0.310000000000000,1288.000000000000000,"0","0","0",0.000000000000000,"0","0",5.776328288384604,"0",5.775000095367430,
"677","10003127",CLINTON CORRECTIONAL FACILITY - MAIN,1156 RT. 374,DANNEMORA,NY,"12929","2000",(518) 492-2511,STATE,OPEN,"2652",CLINTON,"36019",USA,MAXIMUM,-73.721319,44.723556,0.860000000000000,0.050000000000000,7056.000000000000000,"0","0","0",0.000000000000000,"0","1",4.574261588889336,"0",4.500000000000000,
"687","10003199",DOWNSTATE CORRECTIONAL FACILITY,121 RED SCHOOLHOUSE ROAD,FISHKILL,NY,"12524","0445",(845) 831-6600,STATE,OPEN,"1196",DUTCHESS,"36027",USA,MAXIMUM,-73.945534,41.532353,,0.200000000000000,1442.000000000000000,"0","0","1",1.000000000000000,"0","0",5.877519863155620,"0",5.900000095367430,
"689","10003195",EASTERN NY CORRECTIONAL FACILITY,30 INSTITUTION RD,NAPANOCH,NY,"12458","0338",(845) 647-7400,STATE,OPEN,"900",ULSTER,"36111",USA,MAXIMUM,-74.361827,41.741523,0.630000000000000,0.090000000000000,4480.000000000000000,"0","0","0",0.000000000000000,"0","0",5.630275227607938,"0",6.000000000000000,
"690","10003166",COLLINS CORRECTIONAL FACILITY,"P.O. BOX 490, MIDDLE RD",COLLINS,NY,"14034","0490",(716) 532-4588,STATE,OPEN,"1059",ERIE,"36029",USA,MEDIUM,-78.938952,42.491832,0.800000000000000,0.130000000000000,2791.000000000000000,"0","0","2",2.000000000000000,"0","1",5.599999904632568,"0",5.700000047683720,
"691","10003188",COXSACKIE CORRECTIONAL FACILITY,11260 ROUTE 9 WEST,COXSACKIE,NY,"12051","0200",(518) 731-2781,STATE,OPEN,"901",GREENE,"36039",USA,MAXIMUM,-73.835788,42.343432,,0.090000000000000,2595.000000000000000,"0","0","0",0.000000000000000,"0","0",5.800000190734864,"0",5.800000190734860,
"692","10003198",FISHKILL CORRECTIONAL FACILITY,18 STRACK DRIVE,BEACON,NY,"12508","0307",(845) 831-4800,STATE,OPEN,"1635",DUTCHESS,"36027",USA,MEDIUM,-73.950397,41.523156,0.930000000000000,0.200000000000000,1442.000000000000000,"1","0","4",3.000000000000000,"1","0",5.699999968210856,"0",5.699999968210860,
"698","10003132",FRANKLIN CORRECTIONAL FACILITY,62 BARE HILL RD,MALONE,NY,"12953","0010",(518) 483-6040,STATE,OPEN,"1453",FRANKLIN,"36033",USA,MEDIUM,-74.313437,44.868928,0.750000000000000,0.060000000000000,5745.000000000000000,"0","0","0",0.000000000000000,"0","0",4.785937462002040,"0",5.233333269755050,
"700","10003122",GOUVERNEUR CORRECTIONAL FACILITY,112 SCOTCH SETTLEMENT RD,GOUVERNEUR,NY,"13642","0370",(315) 287-7351,STATE,OPEN,"976",ST. LAWRENCE,"36089",USA,MEDIUM,-75.441885,44.340189,0.810000000000000,0.070000000000000,7018.000000000000000,"0","0","2",2.000000000000000,"0","0",4.633333245913188,"0",4.666666666666670,
"702","10003189",GREENE CORRECTIONAL FACILITY,165 PLANK RD,COXSACKIE,NY,"12051","0008",(518) 731-2741,STATE,OPEN,"1648",GREENE,"36039",USA,MEDIUM,-73.822263,42.346542,,0.090000000000000,2595.000000000000000,"0","0","0",0.000000000000000,"0","0",5.800000190734864,"0",5.800000190734860,
"715","10001054",SOUTH BEND COMMUNITY RE ENTRY CENTER,4650 OLD CLEVELAND RD,SOUTH BEND,IN,"46628","-999",(574) 234-4094,STATE,OPEN,"150",ST. JOSEPH,"18141",USA,MINIMUM,-86.312072,41.721511,0.210000000000000,0.580000000000000,6980.000000000000000,"0","0","0",0.000000000000000,"0","0",7.353658524955192,"0",7.199999809265140,
"716","10001060",CORRECTIONAL INDUSTRIAL FACILITY,5124 W REFORMATORY RD,PENDLETON,IN,"46064","-999",(765) 778-8011,STATE,OPEN,"1420",MADISON,"18095",USA,MEDIUM,-85.771359,39.975985,0.960000000000000,0.620000000000000,3116.000000000000000,"1","0","2",2.000000000000000,"1","0",8.679999923706054,"0",8.599999904632570,
"717","10001075",BRANCHVILLE CORRECTIONAL FACILITY,21390 OLD STATE RD 37,BRANCHVILLE,IN,"47514","-999",(812) 843-5921,STATE,OPEN,"1460",PERRY,"18123",USA,MEDIUM,-86.599801,38.151378,0.720000000000000,0.670000000000000,5344.000000000000000,"0","0","0",0.000000000000000,"0","1",6.826240017700196,"0",7.099999904632570,
"722","10003152",MID-STATE CORRECTIONAL FACILITY,9005 OLD RIVER RD,MARCY,NY,"13403","0216",(315) 768-8581,STATE,OPEN,"1584",ONEIDA,"36065",USA,MEDIUM,-75.297109,43.168787,0.000000000000000,0.060000000000000,2328.000000000000000,"0","0","2",2.000000000000000,"0","0",5.275000095367432,"0",5.266666730244950,
"724","10003149",MOHAWK CORRECTIONAL FACILITY,6514 ROUTE 26,ROME,NY,"13442","-999",(315) 339-5232,STATE,OPEN,"1389",ONEIDA,"36065",USA,MEDIUM,-75.481851,43.181042,0.000000000000000,0.050000000000000,1607.000000000000000,"0","0","3",2.000000000000000,"0","0",5.000000000000000,"0",5.000000000000000,
"728","10001072",WABASH VALLEY CORRECTIONAL FACILITY,6908 S OLD US HWY 41,CARLISLE,IN,"47838","-999",(812) 398-5050,STATE,OPEN,"2000",SULLIVAN,"18153",USA,MAXIMUM,-87.400303,38.977929,0.850000000000000,0.710000000000000,3957.000000000000000,"0","0","0",0.000000000000000,"0","1",8.164925436475384,"0",8.066666920979820,
"729","10001071",PUTNAMVILLE CORRECTIONAL FACILITY,1946 W US HWY 40,GREENCASTLE,IN,"46135","-999",(765) 653-8441,STATE,OPEN,"1950",PUTNAM,"18133",USA,MEDIUM,-86.886665,39.565037,0.810000000000000,0.630000000000000,5979.000000000000000,"0","0","0",0.000000000000000,"0","1",7.565217399597168,"0",7.599999904632570,
"739","10001051",WESTVILLE CORRECTIONAL FACILITY,5501 S 1100 W,WESTVILLE,IN,"46391","-999",(219) 785-2511,STATE,OPEN,"3200",LAPORTE,"18091",USA,MEDIUM,-86.908085,41.525753,0.490000000000000,0.530000000000000,8251.000000000000000,"0","0","0",0.000000000000000,"0","1",7.235513981257644,"0",7.699999809265140,
"741","10001059",MIAMI CORRECTIONAL FACILITY,3038 W 850 S,BUNKER HILL,IN,"46914","9810",(765) 689-8920,STATE,OPEN,"3150",MIAMI,"18103",USA,MAXIMUM,-86.135300,40.645930,0.830000000000000,0.480000000000000,2657.000000000000000,"0","0","1",1.000000000000000,"0","0",8.662500023841858,"0",8.800000190734860,
"744","10003204",OTISVILLE CORRECTIONAL FACILITY,57 SANITORIUM ROAD,OTISVILLE,NY,"10963","0008",(845) 386-1490,STATE,OPEN,"581",ORANGE,"36071",USA,MEDIUM,-74.525178,41.487398,0.700000000000000,0.140000000000000,6731.000000000000000,"0","0","0",0.000000000000000,"0","0",5.677142878941128,"0",5.833333492279050,
"745","10006198",USP YAZOO CITY,2225 HALEY BARBOUR PARKWAY,YAZOO CITY,MS,"39194","-999",(662) 716-1241,FEDERAL,OPEN,"562",YAZOO,"28163",USA,MAXIMUM,-90.445938,32.891762,0.890000000000000,0.660000000000000,8666.000000000000000,"0","0","3",2.000000000000000,"0","0",7.117718120549350,"0",8.000000000000000,
"746","10002713",WHEELER STATE JAIL,986 COUNTY RD AA,PLAINVIEW,TX,"79072","-999",(806) 293-1081,STATE,OPEN,"529",HALE,"48189",USA,MEDIUM,-101.646270,34.180299,0.320000000000000,0.130000000000000,4519.000000000000000,"0","0","0",0.000000000000000,"0","0",4.657319379396766,"0",5.250000000000000,
"749","10003197",WALLKILL CORRECTIONAL FACILITY,50 MCKENDRICK RD,WALLKILL,NY,"12589","0286",(845) 895-2021,STATE,OPEN,"550",ULSTER,"36111",USA,MEDIUM,-74.162573,41.628397,0.680000000000000,0.150000000000000,4279.000000000000000,"0","0","0",0.000000000000000,"0","0",5.740624949336052,"0",5.800000190734860,
"753","10005554",LEFLORE COUNTY RESTITUTION CENTER,308 STATE HIGHWAY 7 NORTH REAR,GREENWOOD,MS,"38930","-999",(662) 453-5134,STATE,OPEN,"5",LEFLORE,"28083",USA,MINIMUM,-90.150086,33.519616,0.990000000000000,0.590000000000000,3455.000000000000000,"1","0","9",4.000000000000000,"1","0",7.222257061064430,"0",7.199999928474430,
"784","10001816",EAST MISSISSIPPI CORRECTIONAL FACILITY,10641 HWY 80 W,MERIDIAN,MS,"39307","-999",(601) 485-5255,STATE,OPEN,"1266",LAUDERDALE,"28075",USA,MAXIMUM,-88.798755,32.338667,0.900000000000000,0.730000000000000,2708.000000000000000,"1","0","0",0.000000000000000,"1","0",7.689959813313312,"0",7.566666762034100,
"819","10001547",ROXBURY CORRECTIONAL INSTITUTION,18701 ROXBURY RD,HAGERSTOWN,MD,"21746","-999",(240) 420-3000,STATE,OPEN,"1749",WASHINGTON,"24043",USA,MEDIUM,-77.717326,39.556112,,0.360000000000000,6501.000000000000000,"0","0","0",0.000000000000000,"0","0",7.450000047683716,"0",7.500000000000000,
"824","10004121",NH CORRECTIONAL FACILITY FOR WOMEN,317 MAST RD,GOFFSTOWN,NH,"03045","-999",(603) 668-6137,STATE,OPEN,"162",HILLSBOROUGH,"33011",USA,CLOSE,-71.539627,43.010273,0.780000000000000,0.000000000000000,8306.000000000000000,"0","0","0",0.000000000000000,"0","0",5.185714244842530,"0",5.133333365122480,
"831","10006377",JOHNSTOWN CCC,301 WASHINGTON STREET,JOHNSTOWN,PA,"15901","-999",(814) 533-2416,STATE,OPEN,"0",CAMBRIA,"42021",USA,MINIMUM,-78.920298,40.328301,0.880000000000000,0.310000000000000,1122.000000000000000,"0","0","10",4.000000000000000,"0","0",8.150000095367432,"0",8.100000381469730,
"834","10006379",PROGRESS CCC,179 PROGRESS AVENUE,WAYNESBURG,PA,"15370","8090",(724) 852-5560,STATE,OPEN,"0",GREENE,"42059",USA,MINIMUM,-80.134473,39.904213,0.460000000000000,0.240000000000000,4660.000000000000000,"0","0","0",0.000000000000000,"0","0",6.984210503728766,"0",7.500000000000000,
"840","10001586",FCI PETERSBURG MEDIUM,1060 RIVER RD,HOPEWELL,VA,"23860","-999",(804) 504-7200,FEDERAL,OPEN,"1601",PRINCE GEORGE,"51149",USA,MEDIUM,-77.346679,37.304454,0.880000000000000,0.280000000000000,4524.000000000000000,"0","0","2",2.000000000000000,"0","0",7.349999944369000,"0",7.199999809265140,
"862","10001582",CENTRAL VIRGINIA CORRECTIONAL UNIT #13,6900 COURTHOUSE RD,CHESTERFIELD,VA,"23832","-999",(804) 796-4277,STATE,OPEN,"140",CHESTERFIELD,"51041",USA,MINIMUM,-77.563473,37.403277,0.210000000000000,0.300000000000000,4848.000000000000000,"0","0","0",0.000000000000000,"0","0",6.643076926011306,"0",7.000000000000000,
"866","10001825",GROSSMAN CENTER,4715 BREWER PL,LEAVENWORTH,KS,"66048","-999",(913) 222-8420,FEDERAL,OPEN,"-999",LEAVENWORTH,"20103",USA,MINIMUM,-94.893975,39.271122,0.720000000000000,0.430000000000000,5013.000000000000000,"0","0","2",2.000000000000000,"0","1",6.866666634877522,"0",7.000000000000000,
"869","10001578",BUCKINGHAM CORRECTIONAL CENTER,1349 CORRECTIONAL CENTER ROAD,DILLWYN,VA,"23936","-999",(434) 983-4400,STATE,OPEN,"1132",BUCKINGHAM,"51029",USA,CLOSE,-78.474329,37.566675,0.950000000000000,0.150000000000000,5740.000000000000000,"1","0","1",1.000000000000000,"1","0",5.972156887428434,"0",5.800000190734860,
"874","10006378",PITTSBURGH CCC,535 SOUTH AIKEN AVENUE,PITTSBURGH,PA,"15232","-999",(412) 681-5204,STATE,OPEN,"0",ALLEGHENY,"42003",USA,MINIMUM,-79.937581,40.454860,0.240000000000000,0.870000000000000,4278.000000000000000,"0","0","0",0.000000000000000,"0","1",9.194900383297000,"1",9.100000381469730,washuonly
"881","10006375",YORK CCC,317 WEST MARKET STREET,YORK,PA,"17401","-999",(717) 771-4541,STATE,OPEN,"0",YORK,"42133",USA,MINIMUM,-76.735403,39.960313,0.700000000000000,0.630000000000000,1588.000000000000000,"0","0","10",5.000000000000000,"0","1",8.567502923214327,"0",8.500000000000000,
"886","10003268",FLUVANNA CORRECTIONAL CENTER FOR WOMEN,144 PRISON LANE,TROY,VA,"22974","-999",(434) 984-3700,STATE,OPEN,"1181",FLUVANNA,"51065",USA,MAXIMUM,-78.270179,37.982639,0.520000000000000,0.150000000000000,6181.000000000000000,"0","0","0",0.000000000000000,"0","0",5.870940204359528,"0",6.000000000000000,
"896","10003327",GREENSVILLE CORRECTIONAL CENTER,901 CORRECTIONS WAY,JARRATT,VA,"23870","9614",(434) 535-7000,STATE,OPEN,"2976",GREENSVILLE,"51081",USA,CLOSE,-77.486365,36.798728,,0.160000000000000,3123.000000000000000,"0","0","1",1.000000000000000,"0","0",6.177147359606132,"0",6.199999968210860,
"946","10001096",MT. PLEASANT CORRECTIONAL FACILITY,1200 EAST WASHINGTON STREET,MOUNT PLEASANT,IA,"52641","-999",(319) 385-9511,STATE,OPEN,"1000",HENRY,"19087",USA,MINIMUM,-91.536174,40.955814,0.880000000000000,0.550000000000000,4962.000000000000000,"0","0","0",0.000000000000000,"0","0",7.196153860825760,"0",7.199999809265140,
"947","10001077",FORT DODGE CORRECTIONAL FACILITY,1550 L STREET,FORT DODGE,IA,"50501","-999",(515) 574-4700,STATE,OPEN,"1296",WEBSTER,"19187",USA,MEDIUM,-94.196093,42.484893,0.590000000000000,0.320000000000000,4909.000000000000000,"0","0","0",0.000000000000000,"0","0",6.134693807485152,"0",5.900000095367430,
"948","10001087",IOWA CORRECTIONAL INSTITUTION FOR WOMEN,420 MILL STREET SOUTHWEST,MITCHELLVILLE,IA,"50169","-999",(515) 725-5042,STATE,OPEN,"711",POLK,"19153",USA,MEDIUM,-93.366104,41.662996,0.350000000000000,0.290000000000000,6277.000000000000000,"0","0","0",0.000000000000000,"0","0",7.022395821909110,"0",7.000000000000000,
"949","10001099",CLARINDA CORRECTIONAL FACILITY,2000 NORTH 16TH STREET,CLARINDA,IA,"51632","-999",(712) 542-5634,STATE,OPEN,"1002",PAGE,"19145",USA,MEDIUM,-95.035826,40.762491,0.540000000000000,0.270000000000000,3218.000000000000000,"0","0","0",0.000000000000000,"0","0",6.848275842337774,"0",6.900000095367430,
"950","10005639",WATERLOO WOMEN'S CENTER FOR CHANGE,1515 LAFAYETTE,WATERLOO,IA,"50703","-999",(319) 292-0900,STATE,OPEN,"39",BLACK HAWK,"19013",USA,NOT AVAILABLE,-92.323414,42.493643,0.660000000000000,0.490000000000000,3861.000000000000000,"0","0","2",2.000000000000000,"0","1",7.150000027247838,"0",7.000000000000000,
"951","10001100",IOWA STATE PENITENTIARY,2111 330TH AVENUE,FORT MADISON,IA,"52627","-999",(319) 372-5432,STATE,OPEN,"688",LEE,"19111",USA,MAXIMUM,-91.303268,40.653619,0.610000000000000,0.620000000000000,3331.000000000000000,"0","0","0",0.000000000000000,"0","0",7.480000042915346,"0",7.300000190734860,
"952","10001856",DUBUQUE RESIDENTIAL FACILITY,1494 ELM ST,DUBUQUE,IA,"52001","-999",(563) 556-6196,STATE,OPEN,"71",DUBUQUE,"19061",USA,NOT AVAILABLE,-90.663734,42.508183,0.920000000000000,0.600000000000000,3040.000000000000000,"1","0","10",7.000000000000000,"1","1",7.724999964237214,"0",7.800000190734860,
"953","10001853",WEST UNION RESIDENTIAL FACILITY,500 S PINE ST,WEST UNION,IA,"52175","-999",(563) 422-5758,STATE,OPEN,"45",FAYETTE,"19065",USA,NOT AVAILABLE,-91.804868,42.955350,0.720000000000000,0.450000000000000,2679.000000000000000,"0","0","0",0.000000000000000,"0","0",6.946875035762788,"0",7.000000000000000,
"954","10001852",BEJE CLARK RESIDENTIAL CENTER(MASON CITY RES),818 15TH ST SW,MASON CITY,IA,"50402","1226",(641) 424-3817,STATE,OPEN,"49",CERRO GORDO,"19033",USA,NOT AVAILABLE,-93.213379,43.137840,0.730000000000000,0.400000000000000,4585.000000000000000,"0","0","0",0.000000000000000,"0","1",6.381818121129816,"0",6.199999809265140,
"955","10001078",FORT DODGE RESIDENTIAL CENTER,311 1ST AVENUE SOUTH,FORT DODGE,IA,"50501","-999",(515) 955-6393,STATE,OPEN,"52",WEBSTER,"19187",USA,NOT AVAILABLE,-94.193289,42.502987,0.750000000000000,0.330000000000000,1619.000000000000000,"0","0","2",2.000000000000000,"0","0",6.099999904632568,"0",6.099999904632570,
"956","10001863",MARSHALLTOWN RESIDENTIAL CENTER,1401 S 17TH AVE,MARSHALLTOWN,IA,"50158","-999",(641) 753-5571,STATE,OPEN,"52",MARSHALL,"19127",USA,NOT AVAILABLE,-92.886524,42.031421,0.750000000000000,0.350000000000000,4226.000000000000000,"0","0","0",0.000000000000000,"0","0",7.078947343324360,"0",7.099999904632570,
"957","10001076",SHELDON RESIDENTIAL FACILITY,720 WESTERN AVE,SHELDON,IA,"51201","-999",(712) 324-5384,STATE,OPEN,"30",SIOUX,"19167",USA,NOT AVAILABLE,-95.862416,43.184514,0.680000000000000,0.140000000000000,3790.000000000000000,"0","0","0",0.000000000000000,"0","0",5.832649295899406,"0",6.000000000000000,
"959","10001089",FORT DES MOINES COMMUNITY CORRECTIONS COMPLEX,68 THAYER ST,DES MOINES,IA,"50315","-999",(515) 242-6600,STATE,OPEN,"249",POLK,"19153",USA,NOT AVAILABLE,-93.619652,41.521571,0.180000000000000,0.290000000000000,2552.000000000000000,"0","0","4",3.000000000000000,"0","1",6.900000095367432,"0",6.950000047683720,
"960","10001862",GERALD R HINZMAN CENTER (CEDAR RAPIDS RESIDENTIAL),1051 29TH AVENUE SOUTHWEST,CEDAR RAPIDS,IA,"52404","-999",(319) 398-3668,STATE,OPEN,"84",LINN,"19113",USA,MINIMUM,-91.683485,41.948104,0.380000000000000,0.580000000000000,4730.000000000000000,"0","0","0",0.000000000000000,"0","1",7.477777798970540,"0",7.599999904632570,
"961","10001861",LARY A NELSON CENTER (CEDAR RAPIDS WORK RELEASE),1001 29TH AVENUE SOUTHWEST,CEDAR RAPIDS,IA,"52404","-999",(319) 398-3600,STATE,OPEN,"112",LINN,"19113",USA,MINIMUM,-91.682391,41.947476,0.380000000000000,0.580000000000000,4730.000000000000000,"0","0","0",0.000000000000000,"0","1",7.477777798970540,"0",7.599999904632570,
"963","10001871",BURLINGTON RESIDENTIAL FACILITY,835 VALLEY STREET,BURLINGTON,IA,"52601","-999",(319) 753-5478,STATE,OPEN,"59",DES MOINES,"19057",USA,NOT AVAILABLE,-91.110205,40.810165,0.930000000000000,0.640000000000000,3340.000000000000000,"1","0","2",2.000000000000000,"1","0",7.200000047683716,"0",7.199999968210860,
"965","10001869",OTTUMWA RESIDENTIAL FACILITY,245 OSAGE DR,OTTUMWA,IA,"52501","-999",(641) 682-3069,STATE,OPEN,"73",WAPELLO,"19179",USA,NOT AVAILABLE,-92.402542,41.068973,0.490000000000000,0.410000000000000,4523.000000000000000,"0","0","0",0.000000000000000,"0","0",6.790909073569558,"0",7.099999904632570,
"1016","10003073",SCI MAHANOY,301 MOREA RD,FRACKVILLE,PA,"17932","-999",(570) 773-2158,STATE,OPEN,"2363",SCHUYLKILL,"42107",USA,MEDIUM,-76.180815,40.792862,0.850000000000000,0.310000000000000,5751.000000000000000,"0","0","0",0.000000000000000,"0","1",7.082568820463408,"0",7.200000047683720,
"1049","10001597",BRUNSWICK WORK CENTER,1147 PLANTERS RD,LAWRENCEVILLE,VA,"23868","-999",(434) 848-4131,STATE,OPEN,"172",BRUNSWICK,"51025",USA,MINIMUM,-77.827157,36.775066,,0.190000000000000,1760.000000000000000,"0","0","1",1.000000000000000,"0","0",6.300000190734864,"0",6.300000190734860,
"1061","10003316",HALIFAX CORRECTIONAL UNIT #23,1200 FARM RD,HALIFAX,VA,"24558","-999",(434) 572-2683,STATE,OPEN,"247",HALIFAX,"51083",USA,MINIMUM,-78.931004,36.727549,0.940000000000000,0.290000000000000,4778.000000000000000,"1","0","5",4.000000000000000,"1","0",6.063725522920198,"0",6.200000047683720,
"1063","10000387",CALHOUN WORK CAMP,19564 SE INSTITUTION DR,BLOUNTSTOWN,FL,"32424","5156",(850) 237-6632,STATE,OPEN,"283",CALHOUN,"12013",USA,NOT AVAILABLE,-85.063945,30.405850,0.780000000000000,0.260000000000000,7810.000000000000000,"0","0","0",0.000000000000000,"0","0",7.040533349355062,"0",7.300000190734860,
"1079","10005831",JESSUP CORRECTIONAL INSTITUTION,"P O BOX 549, HOUSE OF CORRECTION RD",JESSUP,MD,"20794","-999",NOT AVAILABLE,STATE,OPEN,"0",ANNE ARUNDEL,"24003",USA,MEDIUM,-76.778852,39.143484,,0.460000000000000,6264.000000000000000,"0","0","0",0.000000000000000,"0","1",7.000000000000000,"0",7.450000047683720,
"1098","10000360",WALTON CORRECTIONAL INSTITUTION,691 INSTITUTION RD,DEFUNIAK SPRINGS,FL,"32433","1831",(850) 951-1300,STATE,OPEN,"1238",WALTON,"12131",USA,CLOSE,-86.103185,30.778680,0.720000000000000,0.300000000000000,5933.000000000000000,"0","0","2",2.000000000000000,"0","0",7.360000008344652,"0",8.000000238418584,
"1099","10000370",QUINCY ANNEX,2225 PAT THOMAS PKWY,QUINCY,FL,"32351","8645",(850) 627-5400,STATE,OPEN,"385",GADSDEN,"12039",USA,CLOSE,-84.589887,30.552905,0.880000000000000,0.390000000000000,5822.000000000000000,"0","0","9",4.000000000000000,"0","0",7.279999993064188,"0",8.099999904632570,
"1101","10002843",TRAVIS COUNTY UNIT,8101 FM 969,AUSTIN,TX,"78724","-999",(512) 926-4482,STATE,OPEN,"1085",TRAVIS,"48453",USA,MEDIUM,-97.646662,30.268888,0.570000000000000,0.820000000000000,8360.000000000000000,"0","0","1",1.000000000000000,"0","0",7.825000007947286,"0",7.900000095367430,
"1102","10006364",PHILADELPHIA CCC #2,407 NORTH 8TH STREET,PHILADELPHIA,PA,"19123","3907",(215) 560-3041,STATE,OPEN,"0",PHILADELPHIA,"42101",USA,MINIMUM,-75.151634,39.958899,0.040000000000000,0.680000000000000,3287.000000000000000,"0","0","0",0.000000000000000,"0","1",8.041735926316086,"0",8.199999809265140,
"1103","10002987",CARLIN CONSERVATION CAMP,124 SUZIE CREEK RD,CARLIN,NV,"89822","-999",(775) 754-6307,STATE,OPEN,"111",ELKO,"32007",USA,MINIMUM,-116.083772,40.728127,0.380000000000000,0.010000000000000,2025.000000000000000,"0","0","0",0.000000000000000,"0","0",4.078501613598305,"0",4.300000190734860,
"1106","10002988",HUMBOLDT CONSERVATION CAMP,8105 CONSERVATION RD,WINNEMUCCA,NV,"89446","-999",(775) 623-6530,STATE,OPEN,"122",HUMBOLDT,"32013",USA,MINIMUM,-117.921761,40.900215,0.440000000000000,0.030000000000000,5739.000000000000000,"0","0","0",0.000000000000000,"0","1",4.905644904638978,"0",4.850000143051150,
"1112","10003012",JEAN CONSERVATION CAMP,3 PRISON RD,JEAN,NV,"89019","-999",(702) 874-2509,STATE,OPEN,"184",CLARK,"32003",USA,MINIMUM,-115.315356,35.773193,0.860000000000000,0.010000000000000,934.000000000000000,"0","0","2",2.000000000000000,"0","0",5.404786509114956,"0",5.300000190734860,
"1113","10003002",PIOCHE CONSERVATION CAMP,1 HARDTIMES RD,PIOCHE,NV,"89043","-999",(775) 962-5125,STATE,OPEN,"213",LINCOLN,"32017",USA,MINIMUM,-114.417957,37.955821,0.570000000000000,0.000000000000000,2814.000000000000000,"0","0","0",0.000000000000000,"0","1",4.934281923536474,"0",5.199999809265140,
"1116","10002997",STEWART CONSERVATION CAMP,1721 SNYDER AVE,CARSON CITY,NV,"89702","-999",(775) 887-9310,STATE,OPEN,"357",CARSON CITY (CITY),"32510",USA,MINIMUM,-119.746854,39.106328,0.150000000000000,0.160000000000000,4854.000000000000000,"0","0","0",0.000000000000000,"0","0",5.292307688639714,"0",5.199999809265140,
"1117","10003006",THREE LAKES VALLEY CONSERVATION & BOOT CAMP,20825 COLD CREEK RD,INDIAN SPRINGS,NV,"89070","-999",(702) 879-5472,STATE,OPEN,"330",CLARK,"32003",USA,MINIMUM,-115.561132,36.514520,0.440000000000000,0.010000000000000,3718.000000000000000,"0","0","0",0.000000000000000,"0","1",6.133707863025452,"0",7.000000000000000,
"1118","10000261",FLORENCE MCCLURE WOMEN'S CORRECTIONAL CENTER,4370 SMILEY RD,LAS VEGAS,NV,"89115","1808",(702) 668-7200,STATE,OPEN,"991",CLARK,"32003",USA,CLOSE,-115.076968,36.257518,0.770000000000000,0.160000000000000,7246.000000000000000,"0","0","3",3.000000000000000,"0","0",7.322222232818604,"0",7.199999809265140,
"1119","10003004",HIGH DESERT STATE PRISON,22010 COLD CREEK RD,INDIAN SPRINGS,NV,"89070","-999",(702) 879-6789,STATE,OPEN,"3669",CLARK,"32003",USA,MEDIUM,-115.584662,36.516022,0.800000000000000,0.010000000000000,4856.000000000000000,"0","0","3",3.000000000000000,"0","1",6.150727290240202,"0",6.800000190734860,
"1120","10003799",ELY STATE PRISON,4569 N STATE ROUTE,ELY,NV,"89301","-999",(775) 289-8800,STATE,OPEN,"1142",WHITE PINE,"32033",USA,MAXIMUM,-114.938472,39.385538,0.460000000000000,0.000000000000000,6321.000000000000000,"0","0","2",1.000000000000000,"0","0",4.261416335643961,"0",4.000000000000000,
"1121","10000260",NORTHERN NEVADA TRANSITIONAL HOUSING,225 SUNSHINE LANE,RENO,NV,"89502","-999",(775) 688-1140,STATE,OPEN,"104",WASHOE,"32031",USA,MINIMUM,-119.788673,39.526859,0.460000000000000,0.280000000000000,1731.000000000000000,"0","0","3",3.000000000000000,"0","0",6.599999904632568,"0",6.599999904632570,
"1122","10005258",SUGAR PINE CONSERVATION CAMP #9,15905 SUGAR PINE CAMP ROAD,BELLA VISTA,CA,"96008","-999",(530) 472-3027,STATE,OPEN,"-999",SHASTA,"06089",USA,MINIMUM,-122.092614,40.745950,0.750000000000000,0.910000000000000,5123.000000000000000,"0","1","0",0.000000000000000,"1","1",5.604795606068846,"0",5.800000190734860,cejstonly
"1138","10006331",CROSS CITY EAST UNIT,568 NE 255TH ST,CROSS CITY,FL,"32628","-999",(352) 498-4900,STATE,OPEN,"364",DIXIE,"12029",USA,NOT AVAILABLE,-83.086680,29.637211,0.810000000000000,0.160000000000000,5537.000000000000000,"0","0","3",2.000000000000000,"0","1",6.756302533029508,"0",7.400000095367430,
"1142","10002991",LOVELOCK CORRECTIONAL CENTER,1200 PRISON RD,LOVELOCK,NV,"89419","-999",(775) 273-1300,STATE,OPEN,"1681",PERSHING,"32027",USA,CLOSE,-118.388806,40.223072,0.720000000000000,0.050000000000000,6615.000000000000000,"0","0","0",0.000000000000000,"0","1",5.038099220078856,"0",5.099999904632570,
"1147","10002995",WARM SPRINGS CORRECTIONAL CENTER,3301 E 5TH ST,CARSON CITY,NV,"89701","-999",(775) 684-3000,STATE,OPEN,"573",CARSON CITY (CITY),"32510",USA,MEDIUM,-119.737223,39.156777,0.300000000000000,0.170000000000000,6546.000000000000000,"0","0","1",1.000000000000000,"0","0",5.312500059604646,"0",5.400000095367430,
"1150","10002996",NORTHERN NEVADA CORRECTIONAL CENTER,1721 SNYDER AVE,CARSON CITY,NV,"89701","-999",(775) 887-9297,STATE,OPEN,"1411",CARSON CITY (CITY),"32510",USA,MEDIUM,-119.744029,39.108852,0.150000000000000,0.160000000000000,4854.000000000000000,"0","0","0",0.000000000000000,"0","0",5.292307688639714,"0",5.199999809265140,
"1151","10003005",SOUTHERN DESERT CORRECTIONAL CENTER,20825 COLD CREEK RD,INDIAN SPRINGS,NV,"89070","-999",(702) 879-3800,STATE,OPEN,"2150",CLARK,"32003",USA,MEDIUM,-115.554597,36.514890,0.800000000000000,0.010000000000000,4856.000000000000000,"0","0","3",3.000000000000000,"0","1",6.150727290240202,"0",7.000000000000000,
"1157","10006613",LAKE'S CROSSING CENTER,500 GALLETTI WAY,SPARKS,NV,"89431","-999",(775) 688-1900,STATE,OPEN,"-999",WASHOE,"32031",USA,MAXIMUM,-119.778144,39.531542,0.320000000000000,0.270000000000000,4518.000000000000000,"0","0","0",0.000000000000000,"0","1",6.664999842643738,"0",6.699999809265140,
"1162","10005319",OWENS VALLEY CONSERVATION CAMP #26,2781 SOUTH ROUND VALLEY ROAD,BISHOP,CA,"93514","-999",(760) 387-2686,STATE,OPEN,"96",INYO,"06027",USA,MINIMUM,-118.551535,37.389244,0.490000000000000,0.110000000000000,1878.000000000000000,"0","0","0",0.000000000000000,"0","0",6.219043146154894,"0",6.099999904632570,
"1165","10005272",PARLIN FORK CONSERVATION CAMP #6,23000 STATE HIGHWAY 20,FORT BRAGG,CA,"95437","-999",(707) 964-3766,STATE,OPEN,"100",MENDOCINO,"06045",USA,MINIMUM,-123.655822,39.369602,0.840000000000000,0.500000000000000,4115.000000000000000,"0","0","0",0.000000000000000,"0","0",5.534722214653378,"0",5.549999952316280,
"1166","10005267",SALT CREEK CONSERVATION CAMP #7,10655 ROUND VALLEY ROAD,PASKENTA,CA,"96074","-999",(530) 833-5497,STATE,OPEN,"120",TEHAMA,"06103",USA,MINIMUM,-122.629254,39.812021,0.800000000000000,0.610000000000000,4433.000000000000000,"0","0","5",3.000000000000000,"0","1",6.066581127274434,"0",4.900000095367430,
"1167","10005362",VENTURA CONSERVATION CAMP #46,2800 WRIGHT ROAD,CAMARILLO,CA,"93010","-999",(805) 983-1332,STATE,OPEN,"79",VENTURA,"06111",USA,MINIMUM,-119.106778,34.246176,0.150000000000000,0.720000000000000,4099.000000000000000,"0","0","0",0.000000000000000,"0","0",6.652898546578228,"0",7.099999904632570,
"1175","10005275",VALLEY VIEW CONSERVATION CAMP #34,3339 COUNTY ROAD 307,ELK CREEK,CA,"95939","-999",(530) 968-5107,STATE,OPEN,"107",GLENN,"06021",USA,MINIMUM,-122.721732,39.652463,0.770000000000000,0.810000000000000,1956.000000000000000,"0","0","0",0.000000000000000,"0","0",6.017309113375958,"0",6.199999809265140,
"1178","10000811",MIRAMONTE CONSERVATION CAMP #5,49039 ORCHARD DRIVE,MIRAMONTE,CA,"93641","-999",(559) 336-2312,STATE,OPEN,"78",FRESNO,"06019",USA,MINIMUM,-119.085739,36.672532,0.850000000000000,0.480000000000000,6101.000000000000000,"0","0","0",0.000000000000000,"0","0",6.762408426393082,"0",7.400000095367430,
"1179","10000840",PRADO CONSERVATION CAMP #28,14467 CENTRAL AVENUE,CHINO,CA,"91710","-999",(909) 597-3917,STATE,OPEN,"78",SAN BERNARDINO,"06071",USA,MINIMUM,-117.686832,33.991167,0.060000000000000,0.980000000000000,18685.000000000000000,"0","1","0",0.000000000000000,"1","0",12.963636311617764,"1",13.899999618530300,both
"1188","10002322","CALIFORNIA STATE PRISON, SACRAMENTO (SAC)",100 PRISON ROAD,REPRESA,CA,"95671","-999",(916) 985-8610,STATE,OPEN,"2167",SACRAMENTO,"06067",USA,MAXIMUM,-121.153904,38.694444,0.150000000000000,0.920000000000000,4860.000000000000000,"0","1","0",0.000000000000000,"1","0",6.824999928474426,"0",6.699999809265140,cejstonly
"1218","10000492",HARDEE WORK CAMP,6899 STATE RD 62,BOWLING GREEN,FL,"33834","9505",(863) 767-4500,STATE,OPEN,"279",HARDEE,"12049",USA,NOT AVAILABLE,-82.006875,27.593694,0.900000000000000,0.140000000000000,8864.000000000000000,"1","0","4",3.000000000000000,"1","0",6.662612629366350,"0",7.400000095367430,
"1219","10004116",NORTHERN NH CORRECTIONAL FACILITY,138 EAST MILAN RD,BERLIN,NH,"03570","-999",(603) 752-2906,STATE,OPEN,"641",COOS,"33007",USA,CLOSE,-71.145077,44.512850,0.970000000000000,0.010000000000000,4749.000000000000000,"1","0","4",3.000000000000000,"1","1",4.400000095367432,"0",4.300000190734860,
"1220","10002176",AVON PARK WORK CAMP,8100 HIGHWAY 64 EAST,AVON PARK,FL,"33825","-999",(863) 452-8801,STATE,OPEN,"496",POLK,"12105",USA,NOT AVAILABLE,-81.358779,27.659214,0.810000000000000,0.120000000000000,4366.000000000000000,"0","0","6",3.000000000000000,"0","0",6.048823533338660,"0",6.300000190734860,
"1221","10006596",NORTH END TRANSITIONAL HOUSING UNIT / WORK CENTER,1 PERIMETER ROAD,CONCORD,NH,"03302","-999",(603) 271-3957,STATE,OPEN,"45",MERRIMACK,"33013",USA,MINIMUM,-71.555647,43.225827,0.520000000000000,0.010000000000000,4083.000000000000000,"0","0","0",0.000000000000000,"0","0",5.393750071525574,"0",5.300000190734860,
"1222","10006208",NEW RIVER CORRECTIONAL WORK CAMP,PO BOX 900,RAIFORD,FL,"32083","-999",(386) 431-4450,STATE,OPEN,"421",UNION,"12125",USA,NOT AVAILABLE,-82.188005,30.068693,0.780000000000000,0.230000000000000,3822.000000000000000,"0","0","3",2.000000000000000,"0","0",6.573154353455410,"0",7.199999809265140,
"1232","10006597",CONCORD TRANSITIONAL WORK CENTER,275 NORTH STATE STREET,CONCORD,NH,"03302","-999",(603) 271-1924,STATE,OPEN,"153",MERRIMACK,"33013",USA,MINIMUM,-71.555090,43.225436,0.520000000000000,0.010000000000000,4083.000000000000000,"0","0","0",0.000000000000000,"0","0",5.393750071525574,"0",5.300000190734860,
"1237","10006389",CALUMET TRANSITIONAL HOUSING UNIT,126 LOWELL STREET,MANCHESTER,NH,"03104","-999",(603) 271-1928,STATE,OPEN,"69",HILLSBOROUGH,"33011",USA,MINIMUM,-71.458698,42.993882,0.930000000000000,0.010000000000000,2194.000000000000000,"1","0","12",6.000000000000000,"1","0",5.199999809265138,"0",5.199999809265140,
"1238","10003579",CI GREAT PLAINS,700 SUGAR CREEK DRIVE,HINTON,OK,"73047","-999",(405) 542-3711,FEDERAL,OPEN,"1849",CADDO,"40015",USA,MEDIUM,-98.367759,35.447188,0.730000000000000,0.490000000000000,6349.000000000000000,"0","0","0",0.000000000000000,"0","0",5.856547626711074,"0",5.599999904632570,
"1239","10001737",SHEA FARM TRANSITIONAL HOUSING UNIT,60 IRON WORKS RD,CONCORD,NH,"03302","-999",(603) 271-6368,STATE,OPEN,"49",MERRIMACK,"33013",USA,MINIMUM,-71.551807,43.180028,0.380000000000000,0.010000000000000,3602.000000000000000,"0","0","0",0.000000000000000,"0","0",5.300000190734864,"0",5.200000047683720,
"1240","10000619",CENTRAL ARIZONA FLORENCE CORRECTIONAL COMPLEX,1155 N PINAL PKWY,FLORENCE,AZ,"85132","-999",(520) 868-3668,MULTI,OPEN,"1278",PINAL,"04021",USA,MAXIMUM,-111.375498,33.044173,0.850000000000000,0.090000000000000,4765.000000000000000,"0","0","3",2.000000000000000,"0","0",6.150000035762788,"0",6.199999809265140,
"1241","10006505",FCI ENGLEWOOD CAMP,9595 WEST QUINCY AVENUE,LITTLETON,CO,"80123","-999",(303) 763-4300,FEDERAL,OPEN,"159",JEFFERSON,"08059",USA,MINIMUM,-105.101891,39.643275,,0.220000000000000,1308.000000000000000,"0","0","0",0.000000000000000,"0","0",6.796172400422996,"0",6.800000190734860,
"1247","10000155",TULIA TRANSFER FACILITY,4000 HWY 86 W,TULIA,TX,"79088","-999",(806) 995-4109,STATE,OPEN,"584",SWISHER,"48437",USA,MEDIUM,-101.812789,34.531230,0.610000000000000,0.090000000000000,1960.000000000000000,"0","0","0",0.000000000000000,"0","1",4.274358970594471,"0",4.800000190734860,
"1270","10001790",ANSON CI - FEMALE,552 PRISON CAMP RD,POLKTON,NC,"28135","-999",(704) 695-1013,STATE,OPEN,"1000",ANSON,"37007",USA,CLOSE,-80.180471,34.988988,0.780000000000000,0.270000000000000,7496.000000000000000,"0","0","0",0.000000000000000,"0","0",6.390506335451634,"0",6.599999904632570,
"1272","10001776",MAURY CORRECTIONAL INSTITUTION,2568 MOORE ROUSE RD,HOOKERTON,NC,"28538","-999",(252) 747-1400,STATE,OPEN,"1258",GREENE,"37079",USA,CLOSE,-77.607648,35.448761,0.880000000000000,0.110000000000000,5224.000000000000000,"0","0","2",1.000000000000000,"0","0",5.890740738974678,"0",6.149999856948850,
"1275","10006507",FCI TALLAHASSEE DETENTION CENTER,525 CAPITAL CIR NE,TALLAHASSEE,FL,"32301","-999",(850) 878-2173,FEDERAL,OPEN,"92",LEON,"12073",USA,MAXIMUM,-84.225128,30.445116,0.460000000000000,0.380000000000000,4440.000000000000000,"0","0","0",0.000000000000000,"0","0",7.566666682561238,"0",7.599999904632570,
"1287","10002897",YOUNG MEDICAL FACILITY COMPLEX,5509 ATTWATER AVE,DICKINSON,TX,"77539","-999",(409) 948-0001,STATE,OPEN,"432",GALVESTON,"48167",USA,MAXIMUM,-94.981528,29.426402,0.460000000000000,0.660000000000000,11251.000000000000000,"0","0","4",3.000000000000000,"0","1",7.638461545797496,"0",7.400000095367430,
"1292","10001301",FCI SHERIDAN,27072 BALLSTON RD,SHERIDAN,OR,"97378","-999",(503) 843-4442,FEDERAL,OPEN,"1176",YAMHILL,"41071",USA,MEDIUM,-123.381620,45.083826,0.210000000000000,0.160000000000000,6426.000000000000000,"0","0","0",0.000000000000000,"0","0",5.353055549992456,"0",5.300000190734860,
"1296","10006513",FDC SHERIDAN,27072 BALLSTON RD,SHERIDAN,OR,"97378","-999",(503) 843-4442,FEDERAL,OPEN,"26",YAMHILL,"41071",USA,MEDIUM,-123.389313,45.083960,0.210000000000000,0.160000000000000,6426.000000000000000,"0","0","0",0.000000000000000,"0","0",5.353055549992456,"0",5.300000190734860,
"1305","10000917",CHESAPEAKE DETENTION FACILITY,401 E MADISON ST,BALTIMORE,MD,"21202","-999",(410) 539-5445,STATE,OPEN,"415",BALTIMORE (CITY),"24510",USA,MAXIMUM,-76.609415,39.298328,,0.540000000000000,3326.000000000000000,"0","0","5",3.000000000000000,"0","1",8.296500862519778,"0",8.600000381469730,
"1308","10001550",BALTIMORE PRE-RELEASE UNIT,926 GREENMOUNT AVE,BALTIMORE,MD,"21202","-999",(410) 209-4237,STATE,OPEN,"193",BALTIMORE (CITY),"24510",USA,MINIMUM,-76.608409,39.298085,,0.540000000000000,3326.000000000000000,"0","0","5",3.000000000000000,"0","1",8.296500862519778,"0",8.600000381469730,
"1312","10000182",CI BIG SPRING,1701 APRON DRIVE,BIG SPRING,TX,"79720","-999",(432) 264-0060,FEDERAL,OPEN,"3424",HOWARD,"48227",USA,MEDIUM,-101.514411,32.226394,0.840000000000000,0.280000000000000,5565.000000000000000,"0","0","0",0.000000000000000,"0","1",6.313043490700100,"0",6.300000071525570,
"1326","10000879",PUERTA LA CRUZ CONSERVATION CAMP #14,32363 STATE HIGHWAY 79,WARNER SPRINGS,CA,"92086","-999",(760) 782-3547,STATE,OPEN,"120",SAN DIEGO,"06073",USA,MINIMUM,-116.683210,33.324497,0.780000000000000,0.280000000000000,3045.000000000000000,"0","0","3",2.000000000000000,"0","0",7.359442244297956,"0",7.099999904632570,
"1327","10004922",FCI TERRE HAUTE CAMP,4200 BUREAU RD N,TERRE HAUTE,IN,"47808","-999",(812) 238-1531,FEDERAL,OPEN,"324",VIGO,"18167",USA,MINIMUM,-87.456844,39.411044,0.570000000000000,0.620000000000000,8963.000000000000000,"0","0","0",0.000000000000000,"0","0",8.550819647116739,"0",8.699999809265140,
"1334","10001636",SOUTHEAST CORRECTIONAL CENTER,300 E PEDRO SIMMONS DR,CHARLESTON,MO,"63834","-999",(573) 683-4409,STATE,OPEN,"1600",MISSISSIPPI,"29133",USA,MAXIMUM,-89.350055,36.895366,0.890000000000000,0.670000000000000,3629.000000000000000,"0","0","3",2.000000000000000,"0","0",7.503041833072562,"0",7.400000095367430,
"1335","10001614",NORTHEAST CORRECTIONAL CENTER,13698 AIRPORT RD,BOWLING GREEN,MO,"63334","-999",(573) 324-9975,STATE,OPEN,"2072",PIKE,"29163",USA,MEDIUM,-91.225178,39.369863,0.810000000000000,0.470000000000000,5954.000000000000000,"0","0","4",4.000000000000000,"0","1",7.076840861676142,"0",7.250000000000000,
"1353","10006148",FCI BUTNER MEDIUM I,OLD N CAROLINA HWY 75,BUTNER,NC,"27509","-999",(919) 575-4541,FEDERAL,OPEN,"662",GRANVILLE,"37077",USA,MEDIUM,-78.804770,36.139406,0.300000000000000,0.410000000000000,9200.000000000000000,"0","0","0",0.000000000000000,"0","0",6.562051279116900,"0",7.049999952316280,
"1354","10002347",CALIPATRIA STATE PRISON (CAL),7018 BLAIR ROAD,CALIPATRIA,CA,"92233","-999",(760) 348-7000,STATE,OPEN,"3711",IMPERIAL,"06025",USA,MAXIMUM,-115.484344,33.165693,0.990000000000000,0.410000000000000,4137.000000000000000,"1","0","8",6.000000000000000,"1","1",7.246825409944726,"0",7.900000095367430,
"1355","10001761",FCI BUTNER MEDIUM II,OLD N CAROLINA HWY 75,BUTNER,NC,"27509","-999",(919) 575-8000,FEDERAL,OPEN,"1549",GRANVILLE,"37077",USA,MEDIUM,-78.806007,36.146498,0.300000000000000,0.410000000000000,9200.000000000000000,"0","0","0",0.000000000000000,"0","0",6.562051279116900,"0",7.099999904632570,
"1358","10001826",LEAVENWORTH DETENTION CENTER,100 HWY TERRACE,LEAVENWORTH,KS,"66048","-999",(913) 727-3246,FEDERAL,OPEN,"1100",LEAVENWORTH,"20103",USA,MAXIMUM,-94.892108,39.272291,0.720000000000000,0.430000000000000,5013.000000000000000,"0","0","2",2.000000000000000,"0","1",6.866666634877522,"0",7.000000000000000,
"1361","10001023",ALEXANDER CORRECTIONAL INSTITUTION,633 OLD LANDFILL RD,TAYLORSVILLE,NC,"28681","-999",(828) 632-1331,STATE,OPEN,"1180",ALEXANDER,"37003",USA,CLOSE,-81.176728,35.884430,0.520000000000000,0.390000000000000,6372.000000000000000,"0","0","0",0.000000000000000,"0","0",6.525000001254836,"0",6.400000095367430,
"1364","10001759",BERTIE CORRECTIONAL INSTITUTION,218 COOPER HILL RD,WINDSOR,NC,"27983","-999",(252) 794-8600,STATE,OPEN,"1504",BERTIE,"37015",USA,CLOSE,-76.908593,35.969252,0.960000000000000,0.080000000000000,6535.000000000000000,"1","0","4",4.000000000000000,"1","0",5.559440580281344,"0",5.333333492279050,
"1367","10004216",CARTERET CORRECTIONAL CENTER,1084 ORANGE ST,NEWPORT,NC,"28570","-999",(252) 223-5100,STATE,OPEN,"300",CARTERET,"37031",USA,MINIMUM,-76.845311,34.782136,0.540000000000000,0.020000000000000,5363.000000000000000,"0","0","0",0.000000000000000,"0","0",4.940000025431316,"0",4.900000095367430,
"1371","10004177",DAVIDSON CORRECTIONAL CENTER,1400 THOMASON ST,LEXINGTON,NC,"27292","-999",(336) 249-7528,STATE,OPEN,"258",DAVIDSON,"37057",USA,MINIMUM,-80.231186,35.815212,0.980000000000000,0.600000000000000,3141.000000000000000,"1","0","9",4.000000000000000,"1","0",7.483333349227906,"0",7.400000095367430,
"1373","10004219",MORRISON CORRECTIONAL INSTITUTION,1573 MCDONALD CHURCH RD,HOFFMAN,NC,"28347","-999",(910) 281-3161,STATE,OPEN,"739",RICHMOND,"37153",USA,MEDIUM,-79.607127,35.021931,0.680000000000000,0.180000000000000,4315.000000000000000,"0","0","3",2.000000000000000,"0","1",6.525609752996182,"0",6.599999904632570,
"1374","10001763",NASH CORRECTIONAL INSTITUTION,2869 US 64 ALT,NASHVILLE,NC,"27856","-999",(252) 459-4455,STATE,OPEN,"652",NASH,"37127",USA,MEDIUM,-78.015148,35.969104,0.720000000000000,0.220000000000000,7448.000000000000000,"0","0","0",0.000000000000000,"0","0",6.861052638606022,"0",6.900000095367430,
"1378","10001801",NEW HANOVER CORRECTIONAL CENTER,330 DIVISION DR,WILMINGTON,NC,"28402","-999",(910) 251-2666,STATE,OPEN,"387",NEW HANOVER,"37129",USA,MINIMUM,-77.922669,34.266487,0.540000000000000,0.010000000000000,7863.000000000000000,"0","0","2",1.000000000000000,"0","0",5.558620711852766,"0",6.099999904632570,
"1381","10001552",BALTIMORE CITY CORRECTIONAL CENTER,901 GREENMOUNT AVE,BALTIMORE,MD,"21202","-999",(410) 332-4340,STATE,OPEN,"503",BALTIMORE (CITY),"24510",USA,MINIMUM,-76.606462,39.300132,0.960000000000000,0.540000000000000,2858.000000000000000,"1","0","11",6.000000000000000,"1","1",8.347978988765226,"0",8.300000190734860,
"1383","10004173",NORTH CAROLINA CORRECTIONAL INSTITUTION FOR WOMEN,1034 BRAGG ST,RALEIGH,NC,"27610","-999",(919) 733-4340,STATE,OPEN,"1646",WAKE,"37183",USA,CLOSE,-78.620964,35.764706,0.770000000000000,0.490000000000000,4090.000000000000000,"0","0","6",3.000000000000000,"0","0",7.650000095367432,"0",7.650000095367430,
"1384","10004165",ORANGE CORRECTIONAL CENTER,2110 CLARENCE WALTERS RD,HILLSBOROUGH,NC,"27278","-999",(919) 732-9301,STATE,OPEN,"198",ORANGE,"37135",USA,MINIMUM,-79.101184,36.053452,0.240000000000000,0.440000000000000,6039.000000000000000,"0","0","0",0.000000000000000,"0","0",6.633333351877002,"0",7.049999952316280,
"1385","10001788",PAMLICO CORRECTIONAL INSTITUTION,601 N THIRD ST,BAYBORO,NC,"28515","-999",(252) 745-3074,STATE,OPEN,"561",PAMLICO,"37137",USA,MEDIUM,-76.770807,35.160436,0.940000000000000,0.030000000000000,3546.000000000000000,"1","0","8",4.000000000000000,"1","0",5.213136734336056,"0",5.066666603088380,
"1387","10004035",METROPOLITAN TRANSITION CENTER,954 FORREST ST,BALTIMORE,MD,"21202","-999",(410) 230-1452,STATE,OPEN,"202",BALTIMORE (CITY),"24510",USA,MINIMUM,-76.608566,39.300062,,0.540000000000000,3326.000000000000000,"0","0","5",3.000000000000000,"0","1",8.296500862519778,"0",8.300000190734860,
"1390","10001558",BROCKBRIDGE CORRECTIONAL FACILITY,7930 BROCK BRIDGE RD,JESSUP,MD,"20794","-999",(410) 799-1363,STATE,OPEN,"660",ANNE ARUNDEL,"24003",USA,MINIMUM,-76.774638,39.135193,,0.460000000000000,6264.000000000000000,"0","0","0",0.000000000000000,"0","1",7.000000000000000,"0",7.000000000000000,
"1391","10001752",PASQUOTANK CORRECTIONAL INSTITUTION,527 COMMERCE DR,ELIZABETH CITY,NC,"27906","-999",(252) 331-4881,STATE,OPEN,"679",PASQUOTANK,"37139",USA,CLOSE,-76.310739,36.360674,0.490000000000000,0.060000000000000,4871.000000000000000,"0","0","0",0.000000000000000,"0","0",5.167567549525082,"0",5.424999952316280,
"1398","10000053",WYOMING HONOR CONSERVATION CAMP AND BOOT CAMP,40 PIPPIN RD,NEWCASTLE,WY,"82701","-999",(307) 746-4436,STATE,OPEN,"296",WESTON,"56045",USA,CLOSE,-104.186790,43.877372,0.870000000000000,0.000000000000000,3294.000000000000000,"0","0","0",0.000000000000000,"0","1",5.586633595344570,"0",5.300000190734860,
"1399","10002359",CENTRAL MARYLAND CORRECTIONAL FACILITY,7301 BUTTERCUP RD,SYKESVILLE,MD,"21784","-999",(410) 781-4444,STATE,OPEN,"497",CARROLL,"24013",USA,MINIMUM,-76.955690,39.372515,0.210000000000000,0.450000000000000,3844.000000000000000,"0","0","0",0.000000000000000,"0","0",6.537500083446504,"0",6.400000095367430,
"1403","10001753",PASQUOTANK C.I. MINIMUM SECURITY UNIT,527 COMMERCE DR,ELIZABETH CITY,NC,"27906","-999",(252) 331-4881,STATE,OPEN,"-999",PASQUOTANK,"37139",USA,MINIMUM,-76.312475,36.356859,0.490000000000000,0.060000000000000,4871.000000000000000,"0","0","0",0.000000000000000,"0","0",5.167567549525082,"0",5.599999904632570,
"1404","10002364",PATUXENT INSTITUTION,7555 WATERLOO RD,JESSUP,MD,"20794","-999",(410) 799-3400,STATE,OPEN,"915",HOWARD,"24027",USA,MAXIMUM,-76.778072,39.164636,0.100000000000000,0.500000000000000,7315.000000000000000,"0","0","0",0.000000000000000,"0","1",7.190909125588158,"0",7.300000190734860,
"1411","10006353",DORSEY RUN CORRECTIONAL FACILITY,2020 TOULSON ROAD,JESSUP,MD,"20794","-999",(410) 379-6020,STATE,OPEN,"553",ANNE ARUNDEL,"24003",USA,MINIMUM,-76.777751,39.139030,,0.460000000000000,6264.000000000000000,"0","0","0",0.000000000000000,"0","1",7.000000000000000,"0",7.000000000000000,
"1412","10004226",PENDER CORRECTIONAL INSTITUTION,906 PENDERLEA HWY,BURGAW,NC,"28425","-999",(910) 259-8735,STATE,OPEN,"747",PENDER,"37141",USA,MEDIUM,-77.937112,34.554711,0.610000000000000,0.020000000000000,3290.000000000000000,"0","0","0",0.000000000000000,"0","0",5.090769224900466,"0",5.500000000000000,
"1414","10004183",PIEDMONT CORRECTIONAL INSTITUTION,1245 CAMP RD,SALISBURY,NC,"28147","-999",(704) 639-7540,STATE,OPEN,"961",ROWAN,"37159",USA,MEDIUM,-80.545078,35.621279,0.350000000000000,0.570000000000000,5942.000000000000000,"0","0","0",0.000000000000000,"0","1",6.944444444444446,"0",7.049999952316280,
"1417","10001569",EASTERN CORRECTIONAL INSTITUTION,30420 REVELLS NECK RD,WESTOVER,MD,"21890","-999",(410) 845-4000,STATE,OPEN,"2604",SOMERSET,"24039",USA,MEDIUM,-75.704400,38.157385,0.630000000000000,0.070000000000000,3989.000000000000000,"0","0","0",0.000000000000000,"0","1",6.387500107288362,"0",6.400000095367430,
"1418","10001570",EASTERN CORRECTIONAL INSTITUTION - ANNEX,30420 REVELLS NECK RD,WESTOVER,MD,"21890","-999",(410) 845-4000,STATE,OPEN,"597",SOMERSET,"24039",USA,MINIMUM,-75.695252,38.157099,0.630000000000000,0.070000000000000,3989.000000000000000,"0","0","0",0.000000000000000,"0","1",6.387500107288362,"0",6.400000095367430,
"1419","10001556",EASTERN PRE-RELEASE UNIT,700 FLAT IRON SQUARE RD,CHURCH HILL,MD,"21623","-999",(410) 810-5400,STATE,OPEN,"180",QUEEN ANNE'S,"24035",USA,MINIMUM,-75.985893,39.113733,0.660000000000000,0.140000000000000,4532.000000000000000,"0","0","0",0.000000000000000,"0","0",6.304827594757080,"0",5.900000095367430,
"1421","10001553",CENTRAL HOME DETENTION UNIT,2100 GUILFORD AVE,BALTIMORE,MD,"21218","-999",(443) 263-3800,STATE,OPEN,"192",BALTIMORE (CITY),"24510",USA,NOT AVAILABLE,-76.612975,39.313891,0.850000000000000,0.540000000000000,1842.000000000000000,"0","0","9",4.000000000000000,"0","1",7.900000095367432,"0",7.900000095367430,
"1422","10000919",JESSUP CORRECTIONAL INSTITUTION,"P O BOX 534, HOUSE OF CORRECTION RD",JESSUP,MD,"20794","-999",(410) 799-6100,STATE,OPEN,"1619",ANNE ARUNDEL,"24003",USA,MAXIMUM,-76.776644,39.144097,,0.460000000000000,6264.000000000000000,"0","0","0",0.000000000000000,"0","1",7.000000000000000,"0",7.400000095367430,
"1423","10001557",JESSUP PRE-RELEASE UNIT,2000 TOULSON RD,JESSUP,MD,"20794","-999",(410) 540-2700,STATE,OPEN,"0",ANNE ARUNDEL,"24003",USA,MINIMUM,-76.776706,39.137650,,0.460000000000000,6264.000000000000000,"0","0","0",0.000000000000000,"0","1",7.000000000000000,"0",7.000000000000000,
"1424","10001747",POLK CORRECTIONAL INSTITUTION,1001 VEAZEY RD,BUTNER,NC,"27509","-999",(919) 575-3070,STATE,OPEN,"877",GRANVILLE,"37077",USA,CLOSE,-78.785548,36.135816,0.680000000000000,0.440000000000000,4389.000000000000000,"0","0","2",2.000000000000000,"0","0",7.337931073945144,"0",7.099999904632570,
"1430","10004213",SAMPSON CORRECTIONAL INSTITUTION,700 NORTHWEST BLVD HWY 421N,CLINTON,NC,"28328","-999",(910) 592-2151,STATE,OPEN,"458",SAMPSON,"37163",USA,MEDIUM,-78.340896,35.012742,0.770000000000000,0.110000000000000,4681.000000000000000,"0","0","3",2.000000000000000,"0","0",6.288235257653630,"0",6.400000095367430,
"1433","10001777",SANFORD CORRECTIONAL CENTER,417 ADVANCEMENT CENTER RD,SANFORD,NC,"27330","-999",(919) 776-4325,STATE,OPEN,"295",LEE,"37105",USA,MINIMUM,-79.159379,35.472634,0.910000000000000,0.310000000000000,3015.000000000000000,"1","0","10",5.000000000000000,"1","0",6.875000119209290,"0",6.900000095367430,
"1439","10001548",MARYLAND CORRECTIONAL INSTITUTION - HAGERSTOWN,18601 ROXBURY RD,HAGERSTOWN,MD,"21746","-999",(240) 420-1000,STATE,OPEN,"1913",WASHINGTON,"24043",USA,MEDIUM,-77.722543,39.560950,,0.360000000000000,6501.000000000000000,"0","0","0",0.000000000000000,"0","0",7.450000047683716,"0",7.450000047683720,
"1440","10001560",MARYLAND CORRECTIONAL INSTITUTION - JESSUP,"P O BOX 549, HOUSE OF CORRECTION RD",JESSUP,MD,"20794","-999",(410) 799-7610,STATE,OPEN,"997",ANNE ARUNDEL,"24003",USA,MEDIUM,-76.772863,39.141003,,0.460000000000000,6264.000000000000000,"0","0","0",0.000000000000000,"0","1",7.000000000000000,"0",7.200000047683720,
"1441","10001793",SCOTLAND CORRECTIONAL INSTITUTION,22385 MCGIRT'S BRIDGE RD,LAURINBURG,NC,"28353","-999",(910) 844-3078,STATE,OPEN,"1615",SCOTLAND,"37165",USA,CLOSE,-79.364947,34.811903,0.860000000000000,0.160000000000000,4495.000000000000000,"0","0","4",3.000000000000000,"0","1",6.304895107562726,"0",6.699999809265140,
"1442","10006582",SOUTHERN CORRECTIONAL INSTITUTION - MINIMUM CUSTODY UNIT,272 GLEN RD,TROY,NC,"27371","-999",(910) 572-3784,STATE,OPEN,"-999",MONTGOMERY,"37123",USA,MINIMUM,-79.876697,35.380691,0.750000000000000,0.260000000000000,7028.000000000000000,"0","0","2",2.000000000000000,"0","0",6.539600004196168,"0",6.750000000000000,
"1443","10004008",FCI FORT DIX CAMP,5756 HARTFORD & POINTVILE RD,FORT DIX,NJ,"08640","-999",(609) 723-1100,FEDERAL,OPEN,"270",BURLINGTON,"34005",USA,MINIMUM,-74.618041,40.000207,0.100000000000000,0.270000000000000,5363.000000000000000,"0","0","1",1.000000000000000,"0","1",5.829411731046790,"0",5.800000190734860,
"1445","10000386",HAMILTON WORK CAMP,10650 SW 46TH ST,JASPER,FL,"32052","1360",(386) 792-5990,STATE,OPEN,"265",HAMILTON,"12047",USA,MINIMUM,-82.959879,30.506490,0.900000000000000,0.210000000000000,8725.000000000000000,"1","0","1",1.000000000000000,"1","0",7.063709685879370,"0",7.199999809265140,
"1446","10006217",SWANNANOA CORRECTIONAL CENTER FOR WOMEN,55 LAKE EDEN ROAD,BLACK MOUNTAIN,NC,"28711","-999",(828) 259-6000,STATE,OPEN,"360",BUNCOMBE,"37021",USA,MINIMUM,-82.373900,35.610942,0.320000000000000,0.080000000000000,6487.000000000000000,"0","0","0",0.000000000000000,"0","1",5.474545461481268,"0",7.799999952316280,
"1448","10001021",TYRRELL PRISON WORK FARM,620 SNELL RD,COLUMBIA,NC,"27925","-999",(252) 796-1085,STATE,OPEN,"639",TYRRELL,"37177",USA,MINIMUM,-76.227915,35.957609,0.950000000000000,0.040000000000000,4095.000000000000000,"1","0","6",4.000000000000000,"1","1",4.947891028149476,"0",5.199999809265140,
"1451","10000502",DESOTO CORRECTIONAL INSTITUTION,13617 SE HWY 70,ARCADIA,FL,"34266","-999",NOT AVAILABLE,STATE,OPEN,"0",DESOTO,"12027",USA,CLOSE,-81.670193,27.207423,0.590000000000000,0.110000000000000,4730.000000000000000,"0","0","6",4.000000000000000,"0","1",5.509523817741412,"0",6.350000143051150,
"1455","10001559",MARYLAND CORRECTIONAL INSTITUTION FOR WOMEN,7943 BROCK BRIDGE RD,JESSUP,MD,"20794","-999",(410) 379-3800,STATE,OPEN,"777",ANNE ARUNDEL,"24003",USA,MAXIMUM,-76.775866,39.131086,,0.460000000000000,6264.000000000000000,"0","0","0",0.000000000000000,"0","1",7.000000000000000,"0",6.950000047683720,
"1457","10004174",WAKE CORRECTIONAL CENTER,1000 ROCK QUARRY RD,RALEIGH,NC,"27610","-999",(919) 733-7988,STATE,OPEN,"407",WAKE,"37183",USA,MINIMUM,-78.617525,35.765296,0.770000000000000,0.490000000000000,4090.000000000000000,"0","0","6",3.000000000000000,"0","0",7.650000095367432,"0",7.500000000000000,
"1461","10006201",FCI HAZELTON,1640 SKY VIEW DR.,BRUCETON MILLS,WV,"26525","-999",(304) 379-1500,FEDERAL,OPEN,"1337",PRESTON,"54077",USA,MEDIUM,-79.514607,39.670529,0.630000000000000,0.110000000000000,7135.000000000000000,"0","0","2",2.000000000000000,"0","1",6.740112982227304,"0",6.950000047683720,
"1463","10001546",MARYLAND CORRECTIONAL TRAINING CENTER,18800 ROXBURY RD,HAGERSTOWN,MD,"21746","-999",(240) 420-1601,STATE,OPEN,"2436",WASHINGTON,"24043",USA,MEDIUM,-77.714874,39.564835,,0.360000000000000,6501.000000000000000,"0","0","0",0.000000000000000,"0","0",7.450000047683716,"0",7.500000000000000,
"1464","10000918","MD RECEPTION, DIAGNOSTIC AND CLASSIFICATION CENTER",550 E MADISON ST,BALTIMORE,MD,"21202","-999",(410) 878-3500,STATE,OPEN,"352",BALTIMORE (CITY),"24510",USA,MAXIMUM,-76.607108,39.299269,,0.540000000000000,3326.000000000000000,"0","0","5",3.000000000000000,"0","1",8.296500862519778,"0",8.600000381469730,
"1465","10001745",CI RIVERS,145 PARKER'S FISHERY RD,WINTON,NC,"27986","-999",(252) 358-5200,FEDERAL,OPEN,"1217",HERTFORD,"37091",USA,NOT AVAILABLE,-76.959669,36.405270,0.970000000000000,0.090000000000000,5736.000000000000000,"1","0","3",3.000000000000000,"1","0",5.731515144579340,"0",6.099999904632570,
"1471","10002600",MILWAUKEE WOMEN'S CORRECTIONAL CENTER,615 W KEEFE AVE,MILWAUKEE,WI,"53212","-999",(414) 267-6101,STATE,OPEN,"106",MILWAUKEE,"55079",USA,MINIMUM,-87.919136,43.081066,0.950000000000000,0.460000000000000,2375.000000000000000,"1","0","11",6.000000000000000,"1","0",8.007502336849210,"0",8.100000381469730,
"1472","10002560",SANGER B. POWERS CORRECTIONAL CENTER,N8375 COUNTY LINE RD,ONEIDA,WI,"54155","9300",(920) 869-1095,STATE,OPEN,"119",OUTAGAMIE,"55087",USA,MINIMUM,-88.191862,44.540721,0.630000000000000,0.120000000000000,4729.000000000000000,"0","0","0",0.000000000000000,"0","0",7.023888908492196,"0",7.000000000000000,
"1474","10001543",NORTH BRANCH CORRECTIONAL INSTITUTION,14100 MCMULLEN HWY SW,CUMBERLAND,MD,"21502","-999",(301) 729-7400,STATE,OPEN,"1252",ALLEGANY,"24001",USA,MAXIMUM,-78.818024,39.602473,0.660000000000000,0.100000000000000,5394.000000000000000,"0","0","0",0.000000000000000,"0","0",7.109999942779542,"0",7.149999856948850,
"1476","10004153",WILKES CORRECTIONAL CENTER,404 STATESVILLE RD,NORTH WILKESBORO,NC,"28659","-999",(336) 667-4533,STATE,OPEN,"266",WILKES,"37193",USA,MINIMUM,-81.132074,36.164556,0.780000000000000,0.260000000000000,3622.000000000000000,"0","0","2",2.000000000000000,"0","1",6.207407403875282,"0",6.300000190734860,
"1478","10004040",POPLAR HILL PRE-RELEASE UNIT,24090 NANTICOKE RD,QUANTICO,MD,"21856","-999",(410) 845-4580,STATE,OPEN,"194",WICOMICO,"24045",USA,MINIMUM,-75.780433,38.361683,0.730000000000000,0.080000000000000,5863.000000000000000,"0","0","0",0.000000000000000,"0","0",6.407213106311736,"0",6.599999904632570,
"1482","10001151",CROSSROADS CORRECTIONAL CENTER,50 CROSSROADS DR,SHELBY,MT,"59474","-999",(406) 434-7055,MULTI,OPEN,"604",TOOLE,"30101",USA,MAXIMUM,-111.894531,48.502056,,0.120000000000000,602.000000000000000,"0","0","1",1.000000000000000,"0","0",4.900000095367432,"0",4.900000095367430,
"1489","10001567",SOUTHERN MARYLAND PRE-RELEASE UNIT,14320 OAKS RD,CHARLOTTE HALL,MD,"20622","-999",(301) 274-4701,STATE,OPEN,"171",CHARLES,"24017",USA,MINIMUM,-76.813085,38.506514,0.380000000000000,0.190000000000000,4805.000000000000000,"0","0","0",0.000000000000000,"0","0",5.614864813314902,"0",5.699999809265140,
"1490","10001542",WESTERN CORRECTIONAL INSTITUTION,13800 MCMULLEN HWY SW,CUMBERLAND,MD,"21502","-999",(301) 729-7000,STATE,OPEN,"1606",ALLEGANY,"24001",USA,MAXIMUM,-78.815420,39.606752,0.660000000000000,0.100000000000000,5394.000000000000000,"0","0","0",0.000000000000000,"0","0",7.109999942779542,"0",7.099999904632570,
"1506","10000533",HOLLYWOOD WORK RELEASE CENTER,8501 W CYPRESS DR,PEMBROKE PINES,FL,"33025","4542",(954) 985-4720,STATE,OPEN,"156",BROWARD,"12011",USA,MINIMUM,-80.256607,26.003976,0.240000000000000,0.330000000000000,4148.000000000000000,"0","0","0",0.000000000000000,"0","0",6.430398679551326,"0",6.500000000000000,
"1507","10000519",ATLANTIC COMMUNITY RELEASE CENTER,263 FAIRGROUNDS RD,WEST PALM BEACH,FL,"33411","3639",(561) 791-4187,STATE,OPEN,"44",PALM BEACH,"12099",USA,MINIMUM,-80.192898,26.682806,0.210000000000000,0.230000000000000,2013.000000000000000,"0","0","0",0.000000000000000,"0","0",7.416666587193808,"0",7.699999809265140,
"1509","10002904",KARNES COUNTY CORRECTIONAL CENTER,810 COMMERCE ST,KARNES CITY,TX,"78118","-999",(830) 780-3525,MULTI,OPEN,"-999",KARNES,"48255",USA,MAXIMUM,-97.911850,28.883499,0.540000000000000,0.700000000000000,4218.000000000000000,"0","0","3",2.000000000000000,"0","1",7.240057641559788,"0",7.400000095367430,
"1510","10002851",VAL VERDE CORRECTIONAL FACILITY,253 FM 2523 HAMILTON LANE,DEL RIO,TX,"78840","-999",(830) 778-0096,MULTI,OPEN,"116",VAL VERDE,"48465",USA,MEDIUM,-100.847750,29.372852,0.680000000000000,0.450000000000000,7695.000000000000000,"0","0","1",1.000000000000000,"0","0",8.171314777131100,"0",9.500000000000000,
"1526","10006348",BURKE CRV CENTER,5161 WESTERN AVE,MORGANTON,NC,"28655","-999",(828) 433-4036,STATE,OPEN,"155",BURKE,"37023",USA,MINIMUM,-81.680421,35.677260,0.570000000000000,0.210000000000000,5654.000000000000000,"0","0","1",1.000000000000000,"0","0",6.199999971823260,"0",6.099999904632570,
"1527","10000060",NORTH CENTRAL UNIT,10 PRISON CIRCLE,CALICO ROCK,AR,"72519","-999",(870) 297-4311,STATE,OPEN,"811",IZARD,"05065",USA,MEDIUM,-92.152121,36.163717,0.910000000000000,0.460000000000000,3681.000000000000000,"1","0","3",3.000000000000000,"1","0",6.036111118616882,"0",6.099999904632570,
"1530","10004181",MARION MINIMUM SECURITY UNIT,4019 STATE HWY 226 S,MARION,NC,"28752","-999",(828) 659-7810,STATE,OPEN,"-999",MCDOWELL,"37111",USA,MINIMUM,-81.953608,35.652140,0.680000000000000,0.150000000000000,7063.000000000000000,"0","0","1",1.000000000000000,"0","0",5.891133026536464,"0",6.199999809265140,
"1531","10001751",CALEDONIA CORRECTIONAL INSTITUTION - MINIMUM,"1984 CALEDONIA DR, STATE RD 1141",TILLERY,NC,"27882","-999",(252) 826-5621,STATE,OPEN,"-999",HALIFAX,"37083",USA,MINIMUM,-77.463332,36.290525,0.990000000000000,0.140000000000000,3168.000000000000000,"1","0","5",4.000000000000000,"1","0",6.093768561275494,"0",6.400000095367430,
"1533","10001555",VOLUNTEERS OF AMERICA-CHESAPEAKE RESIDENTIAL RE-ENTRY CENTER,5000 EAST MONUMENT ST,BALTIMORE,MD,"21205","-999",(410) 276-5880,STATE,OPEN,"-999",BALTIMORE (CITY),"24510",USA,MINIMUM,-76.555548,39.300481,0.830000000000000,0.500000000000000,2061.000000000000000,"0","0","10",5.000000000000000,"0","1",9.049999952316284,"0",9.000000000000000,
"1535","10000219",T DON HUTTO RESIDENTIAL CENTER,1001 WELCH ST,TAYLOR,TX,"76574","-999",(512) 218-2400,FEDERAL,OPEN,"461",WILLIAMSON,"48491",USA,MINIMUM,-97.419745,30.564758,0.830000000000000,0.750000000000000,3207.000000000000000,"0","0","1",1.000000000000000,"0","0",6.499999977293468,"0",6.599999904632570,
"1538","10002885",VANCE UNIT,2 JESTER RD,RICHMOND,TX,"77406","-999",(281) 277-3030,STATE,OPEN,"329",FORT BEND,"48157",USA,MEDIUM,-95.692698,29.621192,0.180000000000000,0.870000000000000,59947.000000000000000,"0","0","0",0.000000000000000,"0","0",8.104444535573323,"0",8.100000381469730,
"1547","10004017",SOUTHERN STATE CORRECTIONAL FACILITY,4295 N DELSEA DR,DELMONT,NJ,"08314","-999",(856) 785-1300,STATE,OPEN,"1689",CUMBERLAND,"34011",USA,MEDIUM,-74.954420,39.234649,,0.180000000000000,4970.000000000000000,"0","0","0",0.000000000000000,"0","0",5.740000057220460,"0",5.800000190734860,
"1550","10001022",NORTH CAROLINA CORRECTIONAL INSTITUTION FOR WOMEN - MINIMUM,1201 S STATE ST,RALEIGH,NC,"27610","-999",(919) 733-4340,STATE,OPEN,"-999",WAKE,"37183",USA,MINIMUM,-78.623904,35.763944,0.770000000000000,0.490000000000000,4090.000000000000000,"0","0","6",3.000000000000000,"0","0",7.650000095367432,"0",7.800000190734860,
"1553","10000252",WILLACY COUNTY STATE JAIL,1695 S BUFFALO DR,RAYMONDVILLE,TX,"78580","-999",(956) 689-4900,STATE,OPEN,"1068",WILLACY,"48489",USA,MEDIUM,-97.765795,26.467576,0.840000000000000,0.900000000000000,6969.000000000000000,"0","1","5",4.000000000000000,"1","0",7.559090917760676,"0",7.599999904632570,cejstonly
"1554","10004589",CITRUS COUNTY DETENTION FACILITY,2604 WEST WOODLAND RIDGE DRIVE,LECANTO,FL,"34461","-999",(352) 527-3332,MULTI,OPEN,"502",CITRUS,"12017",USA,NOT AVAILABLE,-82.476385,28.845229,0.680000000000000,0.220000000000000,5829.000000000000000,"0","0","5",4.000000000000000,"0","0",6.074358989030888,"0",6.500000000000000,
"1555","10002817",HILLTOP UNIT,1500 STATE SCHOOL RD,GATESVILLE,TX,"76598","2996",(254) 865-8901,STATE,OPEN,"448",CORYELL,"48099",USA,MEDIUM,-97.735084,31.475438,0.440000000000000,0.570000000000000,7878.000000000000000,"0","0","0",0.000000000000000,"0","0",5.580000019073486,"0",5.599999904632570,
"1561","10002510",LONGVIEW WORK RELEASE,1821 1ST AVE,LONGVIEW,WA,"98632","-999",(360) 577-2211,STATE,OPEN,"60",COWLITZ,"53015",USA,MINIMUM,-122.918722,46.141112,0.610000000000000,0.120000000000000,4361.000000000000000,"0","0","9",5.000000000000000,"0","1",5.320000171661378,"0",5.300000190734860,
"1569","10006547",MARYLAND CORRECTIONAL TRAINING CENTER HED/EHU,18800 ROXBURY ROAD,HAGERSTOWN,MD,"21746","-999",(240) 420-1601,STATE,OPEN,"387",WASHINGTON,"24043",USA,MINIMUM,-77.722796,39.565207,,0.360000000000000,6501.000000000000000,"0","0","0",0.000000000000000,"0","0",7.450000047683716,"0",7.400000095367430,
"1571","10000990",CHIPPEWA VALLEY CORRECTIONAL TREATMENT FACILITY,2909 E PARK AVE,CHIPPEWA FALLS,WI,"54729","-999",(715) 720-2850,STATE,OPEN,"472",CHIPPEWA,"55017",USA,MINIMUM,-91.349860,44.928481,0.730000000000000,0.230000000000000,5436.000000000000000,"0","0","1",1.000000000000000,"0","0",6.772727272727272,"0",6.800000190734860,
"1574","10006380",RIVERSIDE CCC,3001 BEAVER AVENUE,PITTSBURGH,PA,"15233","-999",(412) 761-1955,STATE,OPEN,"0",ALLEGHENY,"42003",USA,MINIMUM,-80.040165,40.469771,,0.840000000000000,1313.000000000000000,"0","0","4",3.000000000000000,"0","1",9.833333015441895,"1",9.833333015441889,washuonly
"1581","10003592",MACK ALFORD CORRECTIONAL CENTER,13001 NORTH HWY 69,ATOKA,OK,"74525","-999",(580) 346-7301,STATE,OPEN,"777",ATOKA,"40005",USA,MEDIUM,-96.035655,34.525377,0.960000000000000,0.680000000000000,1854.000000000000000,"1","0","4",3.000000000000000,"1","0",6.175406279827378,"0",6.900000095367430,
"1583","10001697",DODGE CORRECTIONAL INSTITUTION,1 W LINCOLN ST,WAUPUN,WI,"53963","-999",(920) 324-5577,STATE,OPEN,"1629",DODGE,"55027",USA,MAXIMUM,-88.739560,43.623477,0.350000000000000,0.230000000000000,7927.000000000000000,"0","0","0",0.000000000000000,"0","0",7.109090805053712,"0",7.099999904632570,
"1584","10003047",SCI WAYMART,11 FAIRVIEW DR,WAYMART,PA,"18472","-999",(570) 488-5811,STATE,OPEN,"1554",WAYNE,"42127",USA,MAXIMUM,-75.429367,41.574452,0.930000000000000,0.170000000000000,6783.000000000000000,"1","0","0",0.000000000000000,"1","1",6.190410943880474,"0",6.350000143051150,
"1585","10003591",HOWARD MCLEOD CORRECTIONAL CENTER,19603 E WHIPPOORWILL LN,ATOKA,OK,"74525","8415",(580) 889-6651,STATE,OPEN,"657",ATOKA,"40005",USA,MINIMUM,-95.820019,34.158450,0.950000000000000,0.700000000000000,4395.000000000000000,"1","0","4",3.000000000000000,"1","0",5.972289169010230,"0",6.200000127156580,
"1588","10002579",TAYCHEEDAH CORRECTIONAL INSTITUTION,751 COUNTY RD K,FOND DU LAC,WI,"54936","1947",(920) 929-3800,STATE,OPEN,"928",FOND DU LAC,"55039",USA,MAXIMUM,-88.385734,43.797849,0.270000000000000,0.180000000000000,8873.000000000000000,"0","0","0",0.000000000000000,"0","0",7.078571429619422,"0",7.250000000000000,
"1589","10003572",UNION CITY COMMUNITY CORRECTIONS CENTER,700 N STATE HWY 81,UNION CITY,OK,"73090","0129",(405) 483-5900,STATE,OPEN,"221",CANADIAN,"40017",USA,MINIMUM,-97.935535,35.399813,0.440000000000000,0.690000000000000,7064.000000000000000,"0","0","0",0.000000000000000,"0","1",7.092214115634742,"0",7.000000000000000,
"1590","10003950",PANAMA CITY COMMUNITY RELEASE CENTER,3609 HIGHWAY 390,PANAMA CITY,FL,"32405","2795",(850) 872-4178,STATE,OPEN,"67",BAY,"12005",USA,NOT AVAILABLE,-85.672071,30.213903,0.300000000000000,0.280000000000000,5690.000000000000000,"0","0","0",0.000000000000000,"0","0",7.763636415654964,"0",7.699999809265140,
"1592","10004573",TAYLOR CORRECTIONAL INSTITUTION ANNEX,8501 HAMPTON SPRINGS ROAD,PERRY,FL,"32348","8747",(850) 838-4002,STATE,OPEN,"895",TAYLOR,"12123",USA,CLOSE,-83.715066,30.036782,0.990000000000000,0.160000000000000,8171.000000000000000,"1","0","3",2.000000000000000,"1","0",6.753389836092392,"0",7.400000095367430,
"1593","10002556",BLACK RIVER CORRECTIONAL CENTER,W6898 E STAFFON RD,BLACK RIVER FALLS,WI,"54615","6426",(715) 333-5681,STATE,OPEN,"130",JACKSON,"55053",USA,MINIMUM,-90.652265,44.357866,0.860000000000000,0.170000000000000,3910.000000000000000,"0","0","0",0.000000000000000,"0","0",6.146415031361130,"0",6.199999809265140,
"1595","10000417",UNION CORRECTIONAL INSTITUTION,25636 NE SR-16,RAIFORD,FL,"32083","-999",(386) 431-2000,STATE,OPEN,"1525",UNION,"12125",USA,MAXIMUM,-82.192787,30.066746,0.780000000000000,0.230000000000000,3822.000000000000000,"0","0","3",2.000000000000000,"0","0",6.573154353455410,"0",7.300000190734860,
"1596","10003587",OKLAHOMA STATE REFORMATORY,1700 E FIRST ST,GRANITE,OK,"73547","0514",(580) 480-3700,STATE,OPEN,"1006",GREER,"40055",USA,MEDIUM,-99.356157,34.955687,0.860000000000000,0.190000000000000,2595.000000000000000,"0","0","4",3.000000000000000,"0","1",5.226525818238236,"0",5.800000190734860,
"1597","10000445",TOMOKA WORK CAMP,3950 TIGER BAY RD,DAYTONA BEACH,FL,"32124","1098",(386) 254-2656,STATE,OPEN,"292",VOLUSIA,"12127",USA,NOT AVAILABLE,-81.159694,29.156013,0.320000000000000,0.140000000000000,2954.000000000000000,"0","0","0",0.000000000000000,"0","0",6.079888290533140,"0",6.450000047683720,
"1598","10000507",ARCADIA ROAD PRISON,2961 NW COUNTY RD 661,ARCADIA,FL,"34266","8203",(863) 452-8801,STATE,OPEN,"95",DESOTO,"12027",USA,MEDIUM,-81.892873,27.233863,0.680000000000000,0.130000000000000,3213.000000000000000,"0","0","4",3.000000000000000,"0","0",5.834339606087164,"0",5.599999904632570,
"1599","10000405",SUWANNEE WORK CAMP,5964 US HWY 90,LIVE OAK,FL,"32060","-999",(386) 963-6532,STATE,OPEN,"278",SUWANNEE,"12121",USA,NOT AVAILABLE,-82.873118,30.238194,0.730000000000000,0.210000000000000,8447.000000000000000,"0","0","0",0.000000000000000,"0","0",6.646666669845582,"0",6.900000095367430,
"1608","10000474",POLK WORK CAMP,10800 EVANS RD,POLK CITY,FL,"33868","6925",(863) 984-2273,STATE,OPEN,"279",POLK,"12105",USA,NOT AVAILABLE,-81.788219,28.195683,0.540000000000000,0.220000000000000,2359.000000000000000,"0","0","0",0.000000000000000,"0","0",7.099000039100648,"0",7.500000000000000,
"1609","10006329",TOMOKA CRC 298,1341 INDIAN LAKE ROAD,DAYTONA BEACH,FL,"32124","-999",(386) 236-3308,STATE,OPEN,"57",VOLUSIA,"12127",USA,NOT AVAILABLE,-81.143078,29.141327,0.320000000000000,0.140000000000000,2954.000000000000000,"0","0","0",0.000000000000000,"0","0",6.079888290533140,"0",6.599999904632570,
"1619","10000980",NORTH CENTRAL CORRECTIONAL COMPLEX,670 MARION-WILLIAMSPORT RD,MARION,OH,"43302","-999",(740) 387-7040,STATE,OPEN,"2290",MARION,"39101",USA,MEDIUM,-83.115151,40.618167,0.000000000000000,0.600000000000000,4992.000000000000000,"0","0","1",1.000000000000000,"0","0",7.783333381017050,"0",7.750000000000000,
"1621","10002152",CENTURY WORK CAMP,400 TEDDER RD,CENTURY,FL,"32535","3659",(850) 256-6505,STATE,OPEN,"222",ESCAMBIA,"12033",USA,NOT AVAILABLE,-87.299500,30.958176,0.840000000000000,0.440000000000000,4791.000000000000000,"0","0","3",2.000000000000000,"0","0",6.951546403550610,"0",6.799999952316280,
"1625","10000025",LAKIN CORRECTIONAL CENTER,11264 OHIO RIVER ROAD,WEST COLUMBIA,WV,"25287","-999",(304) 674-2440,STATE,OPEN,"452",MASON,"54053",USA,MAXIMUM,-82.083593,38.952277,0.910000000000000,0.420000000000000,2990.000000000000000,"1","0","7",6.000000000000000,"1","1",7.333333340244018,"0",7.599999904632570,
"1629","10004586",RE-ENTRY CENTER OF OCALA,2006 NORTHEAST 8TH RD,OCALA,FL,"34470","4231",(352) 662-9593,STATE,OPEN,"98",MARION,"12083",USA,MINIMUM,-82.129071,29.207368,0.910000000000000,0.220000000000000,5428.000000000000000,"1","0","5",5.000000000000000,"1","1",7.033333381017050,"0",7.099999904632570,
"1630","10004598",BRIDGES OF ORLANDO,2011 MERCY DRIVE,ORLANDO,FL,"32808","5613",(407) 770-0980,STATE,OPEN,"147",ORANGE,"12095",USA,MINIMUM,-81.428539,28.569696,0.910000000000000,0.250000000000000,5524.000000000000000,"1","0","11",6.000000000000000,"1","1",8.650000095367432,"0",8.633333206176760,
"1631","10004627",FORT PIERCE COMMUNITY RELEASE CENTER,1203 BELL AVENUE,FORT PIERCE,FL,"34982","6599",(772) 468-3929,STATE,OPEN,"83",ST. LUCIE,"12111",USA,MINIMUM,-80.337410,27.395927,0.570000000000000,0.140000000000000,6874.000000000000000,"0","0","2",1.000000000000000,"0","0",6.371999988555908,"0",6.699999809265140,
"1637","10000335",JACKSON WORK CAMP,5607 10TH ST,MALONE,FL,"32445","9998",(850) 569-5260,STATE,OPEN,"273",JACKSON,"12063",USA,NOT AVAILABLE,-85.169299,30.971930,0.720000000000000,0.330000000000000,3585.000000000000000,"0","0","3",2.000000000000000,"0","1",7.395815905167968,"0",7.850000143051150,
"1639","10000426",GAINESVILLE WORK CAMP,700 NE 55TH BLVD,GAINESVILLE,FL,"32641","6067",(352) 955-2045,STATE,OPEN,"270",ALACHUA,"12001",USA,NOT AVAILABLE,-82.259691,29.656605,0.840000000000000,0.210000000000000,4652.000000000000000,"0","0","4",3.000000000000000,"0","0",7.216666698455812,"0",7.450000047683720,
"1640","10002301",CENTRAL RECEPTION AND ASSIGNMENT FACILITY,2401 STUYVESANT AVENUE,TRENTON,NJ,"08628","-999",(609) 984-6000,STATE,OPEN,"578",MERCER,"34021",USA,MAXIMUM,-74.804526,40.247596,0.320000000000000,0.390000000000000,5899.000000000000000,"0","0","0",0.000000000000000,"0","1",6.682352935566622,"0",6.900000095367430,
"1642","10000429",LANCASTER WORK CAMP,3449 SW STATE RD 26,TRENTON,FL,"32693","5641",(352) 463-4100,STATE,OPEN,"279",GILCHRIST,"12041",USA,NOT AVAILABLE,-82.869188,29.607795,0.240000000000000,0.170000000000000,3497.000000000000000,"0","0","0",0.000000000000000,"0","0",6.730434780535490,"0",7.199999809265140,
"1646","10001448",BRIDGES OF SANTA FE,2901 NE 39TH AVE,GAINESVILLE,FL,"32602","1202",(352) 240-0850,STATE,OPEN,"150",ALACHUA,"12001",USA,MINIMUM,-82.286205,29.682469,0.840000000000000,0.210000000000000,4652.000000000000000,"0","0","4",3.000000000000000,"0","0",7.216666698455812,"0",7.599999904632570,
"1647","10000509",MARTIN WORK CAMP,100 SW ALLAPATTAH ROAD,INDIANTOWN,FL,"34956","4310",(772) 597-1013,STATE,OPEN,"259",MARTIN,"12085",USA,NOT AVAILABLE,-80.483048,27.204710,0.460000000000000,0.160000000000000,3229.000000000000000,"0","0","4",2.000000000000000,"0","0",6.104925049448934,"0",5.800000190734860,
"1650","10000737",SCI SOMERSET,1590 WALTERS MILL RD,SOMERSET,PA,"15510","0001",(814) 443-8100,STATE,OPEN,"2394",SOMERSET,"42111",USA,MEDIUM,-79.039184,39.964590,0.750000000000000,0.130000000000000,6381.000000000000000,"0","0","0",0.000000000000000,"0","0",7.365116258000220,"0",7.250000000000000,
"1654","10004649",MIAMI NORTH COMMUNITY RELEASE CENTER,7090 NORTHWEST 41ST ST,MIAMI,FL,"33166","6817",(305) 470-5580,STATE,OPEN,"176",MIAMI-DADE,"12086",USA,MINIMUM,-80.312364,25.811114,0.660000000000000,0.420000000000000,7792.000000000000000,"0","0","8",6.000000000000000,"0","1",7.442857197352818,"0",7.300000190734860,
"1656","10000413",GULF FORESTRY CAMP,3222 DOC WHITFIELD RD,WHITE CITY,FL,"32465","-999",(850) 827-4000,STATE,OPEN,"287",GULF,"12045",USA,NOT AVAILABLE,-85.137572,29.908580,0.940000000000000,0.160000000000000,4964.000000000000000,"1","0","0",0.000000000000000,"1","1",7.394368335718070,"0",7.400000095367430,
"1657","10006168",SAGO PALM RE-ENTRY CENTER,500 BAY BOTTOM ROAD,PAHOKEE,FL,"33476","-999",(561) 924-4320,STATE,OPEN,"365",PALM BEACH,"12099",USA,MEDIUM,-80.635607,26.839999,0.850000000000000,0.170000000000000,3898.000000000000000,"0","0","10",5.000000000000000,"0","0",8.430337096867936,"0",9.349999904632570,
"1662","10005222",SCRANTON COMMUNITY CORRECTIONS CENTER,240 ADAMS AVE,SCRANTON,PA,"18503","-999",(570) 963-4215,STATE,OPEN,"0",LACKAWANNA,"42069",USA,NOT AVAILABLE,-75.661115,41.407823,0.630000000000000,0.300000000000000,2901.000000000000000,"0","0","9",5.000000000000000,"0","0",6.851872231199816,"0",6.900000095367430,
"1664","10001713",BLEDSOE COUNTY CORRECTIONAL COMPLEX,1045 HORSEHEAD RD,PIKEVILLE,TN,"37367","-999",(423) 881-3251,STATE,OPEN,"2427",BLEDSOE,"47007",USA,MAXIMUM,-85.253579,35.740767,0.750000000000000,0.180000000000000,4743.000000000000000,"0","0","3",3.000000000000000,"0","1",6.838262937438320,"0",7.350000143051150,
"1666","10001145",MCCORMICK CORRECTIONAL INSTITUTION,386 REDEMPTION WAY,MCCORMICK,SC,"29899","-999",(864) 443-2114,STATE,OPEN,"915",MCCORMICK,"45065",USA,MAXIMUM,-82.249545,33.928752,0.910000000000000,0.440000000000000,5524.000000000000000,"1","0","4",4.000000000000000,"1","0",6.735344825119808,"0",6.766666730244950,
"1669","10001725",JESS DUNN CORRECTIONAL CENTER,601 S 124TH ST W,TAFT,OK,"74463","0316",(918) 682-7841,STATE,OPEN,"1109",MUSKOGEE,"40101",USA,MINIMUM,-95.555727,35.754800,0.520000000000000,0.850000000000000,4891.000000000000000,"0","0","0",0.000000000000000,"0","0",7.420571457999094,"0",6.800000190734860,
"1672","10004556",SANTA ROSA WORK CAMP,5850 EAST MILTON ROAD,MILTON,FL,"32583","-999",(850) 981-5250,STATE,OPEN,"415",SANTA ROSA,"12113",USA,NOT AVAILABLE,-86.972891,30.649812,0.660000000000000,0.350000000000000,10146.000000000000000,"0","0","1",1.000000000000000,"0","0",7.562921371352808,"0",8.300000190734860,
"1674","10004585",LOWELL WORK CAMP,11120 NW GAINESVILLE RD,OCALA,FL,"34482","-999",(352) 690-8900,STATE,OPEN,"336",MARION,"12083",USA,NOT AVAILABLE,-82.197061,29.308941,0.590000000000000,0.180000000000000,7997.000000000000000,"0","0","0",0.000000000000000,"0","0",6.456060626290062,"0",6.549999952316280,
"1676","10000433",CROSS CITY WORK CAMP,568 NE 255TH ST,CROSS CITY,FL,"32628","-999",(352) 498-4741,STATE,OPEN,"280",DIXIE,"12029",USA,NOT AVAILABLE,-83.098949,29.631043,0.810000000000000,0.160000000000000,5537.000000000000000,"0","0","3",2.000000000000000,"0","1",6.756302533029508,"0",7.400000095367430,
"1678","10000441",MARION WORK CAMP,PO BOX 158,LOWELL,FL,"32663","0158",(352) 401-6400,STATE,OPEN,"274",MARION,"12083",USA,NOT AVAILABLE,-82.181910,29.304484,0.590000000000000,0.180000000000000,7997.000000000000000,"0","0","0",0.000000000000000,"0","0",6.456060626290062,"0",6.800000190734860,
"1679","10001732",JOSEPH HARP CORRECTIONAL CENTER,16161 MOFFAT RD,LEXINGTON,OK,"73051","0548",(405) 527-5593,STATE,OPEN,"1249",CLEVELAND,"40027",USA,MEDIUM,-97.202707,35.031933,0.770000000000000,0.740000000000000,6547.000000000000000,"0","0","3",3.000000000000000,"0","1",5.885198558710974,"0",5.800000190734860,
"1682","10001729",JOHN H LILLEY CORRECTIONAL CENTER,407971 HWY 62E,BOLEY,OK,"74829","-999",(918) 667-3381,STATE,OPEN,"823",OKFUSKEE,"40107",USA,MINIMUM,-96.473129,35.481087,0.950000000000000,0.750000000000000,3352.000000000000000,"1","0","5",4.000000000000000,"1","0",5.950629744781956,"0",6.150000095367430,
"1684","10001733",LEXINGTON ASSESSMENT AND RECEPTION CENTER,15151 STATE HWY 39,LEXINGTON,OK,"73051","-999",(405) 527-5676,STATE,OPEN,"499",CLEVELAND,"40027",USA,MAXIMUM,-97.220033,35.017356,0.770000000000000,0.740000000000000,6547.000000000000000,"0","0","3",3.000000000000000,"0","1",5.885198558710974,"0",6.250000000000000,
"1685","10003121",SCI GREENE,175 PROGRESS DR,WAYNESBURG,PA,"15370","-999",(724) 852-2902,STATE,OPEN,"1695",GREENE,"42059",USA,CLOSE,-80.137061,39.906239,0.460000000000000,0.240000000000000,4660.000000000000000,"0","0","0",0.000000000000000,"0","0",6.984210503728766,"0",7.500000000000000,
"1686","10001133",EVANS CORRECTIONAL INSTITUTION,610 HWY 9 W,BENNETTSVILLE,SC,"29512","-999",(843) 479-4181,STATE,OPEN,"1313",MARLBORO,"45069",USA,MEDIUM,-79.716548,34.652474,0.780000000000000,0.190000000000000,5036.000000000000000,"0","0","3",3.000000000000000,"0","0",6.279508172488604,"0",6.599999904632570,
"1687","10002688",WATEREE RIVER CORRECTIONAL INSTITUTION,HIGHWAY 261,REMBERT,SC,"29128","-999",(803) 432-6191,STATE,OPEN,"812",SUMTER,"45085",USA,MEDIUM,-80.587239,34.081724,0.950000000000000,0.270000000000000,3044.000000000000000,"1","0","4",4.000000000000000,"1","0",6.371755734654784,"0",6.900000095367430,
"1689","10001176",ST. ANTHONY WORK CAMP,125 N 8TH W,ST. ANTHONY,ID,"83445","-999",(208) 624-3775,STATE,OPEN,"253",FREMONT,"16043",USA,MINIMUM,-111.693542,43.968098,0.700000000000000,0.020000000000000,8466.000000000000000,"0","0","0",0.000000000000000,"0","0",4.292477941091082,"0",4.300000190734860,
"1693","10001716",HARDEMAN COUNTY CORRECTIONAL FACILITY,2520 UNION SPRINGS RD,WHITEVILLE,TN,"38075","-999",(731) 254-6000,STATE,OPEN,"1981",HARDEMAN,"47069",USA,MEDIUM,-89.160379,35.287500,0.880000000000000,0.300000000000000,5917.000000000000000,"0","0","2",2.000000000000000,"0","0",6.389655187212188,"0",6.250000000000000,
"1694","10003077",SCI PINE GROVE,189 FYOCK RD,INDIANA,PA,"15701","-999",(724) 465-9630,STATE,OPEN,"1148",INDIANA,"42063",USA,MAXIMUM,-79.100223,40.647725,0.720000000000000,0.330000000000000,4357.000000000000000,"0","0","0",0.000000000000000,"0","0",8.025000084530223,"0",7.950000047683720,
"1695","10001204",BIRMINGHAM COMMUNITY BASED FACILITY / COMMUNITY WORK CENTER,1216 25TH ST N,BIRMINGHAM,AL,"35234","3196",(205) 252-2994,STATE,OPEN,"239",JEFFERSON,"01073",USA,MINIMUM,-86.808362,33.531046,0.950000000000000,0.830000000000000,3011.000000000000000,"1","0","7",4.000000000000000,"1","1",9.562725243459248,"1",9.600000381469730,washuonly
"1696","10001042",HUTCHINSON C.F.-SOUTH UNIT,1100 EAST AVENUE G,HUTCHINSON,KS,"67504","-999",(620) 662-2321,STATE,OPEN,"270",RENO,"20155",USA,MINIMUM,-97.908652,38.041161,0.920000000000000,0.230000000000000,3240.000000000000000,"1","0","6",5.000000000000000,"1","1",6.342857190540860,"0",6.500000000000000,
"1697","10003082",SCI SMITHFIELD,1120 PIKE ST,HUNTINGDON,PA,"16652","-999",(814) 643-6520,STATE,OPEN,"1346",HUNTINGDON,"42061",USA,CLOSE,-78.035567,40.498664,0.880000000000000,0.340000000000000,7879.000000000000000,"0","0","0",0.000000000000000,"0","0",7.227428575243270,"0",7.500000000000000,
"1698","10001150",RIDGELAND CORRECTIONAL INSTITUTION,5 CORRECTIONAL RD,RIDGELAND,SC,"29936","-999",(803) 896-3200,STATE,OPEN,"969",JASPER,"45053",USA,MEDIUM,-80.967680,32.494519,0.730000000000000,0.250000000000000,8097.000000000000000,"0","0","1",1.000000000000000,"0","0",6.325461257427822,"0",6.599999904632570,
"1702","10000696",DIXON SPRINGS IMPACT INCARCERATION PROGRAM,6695 STATE ROUTE 146 EAST,VIENNA,IL,"62995","-999",(618) 949-3311,STATE,OPEN,"33",JOHNSON,"17087",USA,MINIMUM,-88.768955,37.403282,0.000000000000000,0.670000000000000,2225.000000000000000,"0","0","6",3.000000000000000,"0","0",6.633333365122478,"0",6.750000000000000,
"1704","10001722",ENID COMMUNITY CORRECTIONS CENTER,2020 E MAINE AVE,ENID,OK,"73701","6445",(580) 977-3800,STATE,OPEN,"95",GARFIELD,"40047",USA,MINIMUM,-97.847842,36.395702,0.660000000000000,0.630000000000000,6493.000000000000000,"0","0","3",3.000000000000000,"0","1",7.046464650317876,"0",7.300000190734860,
"1705","10001519",SOUTH WOODS STATE PRISON,215 S BURLINGTON RD,BRIDGETON,NJ,"08302","-999",(856) 459-7000,STATE,OPEN,"3333",CUMBERLAND,"34011",USA,MEDIUM,-75.207672,39.413086,,0.270000000000000,1663.000000000000000,"0","0","1",1.000000000000000,"0","0",6.186689603545770,"0",6.149999856948850,
"1706","10002225",ARROWHEAD CORRECTIONAL CENTER,E. US HIGHWAY 50 AND EVANS BLVD,CANON CITY,CO,"81212","-999",(719) 269-5601,STATE,OPEN,"521",FREMONT,"08043",USA,MINIMUM,-105.159096,38.436103,,0.010000000000000,5952.000000000000000,"0","0","1",1.000000000000000,"0","0",4.778571503502982,"0",4.850000143051150,
"1710","10002629",CLARA WATERS COMMUNITY CORRECTIONS CENTER,9901 N I-35 SERVICE RD,OKLAHOMA CITY,OK,"73131","5228",(405) 254-3200,STATE,OPEN,"297",OKLAHOMA,"40109",USA,MINIMUM,-97.449129,35.571969,0.100000000000000,0.800000000000000,4376.000000000000000,"0","0","0",0.000000000000000,"0","0",7.523076901069056,"0",7.699999809265140,
"1711","10000983",SOUTHEASTERN CORRECTIONAL COMPLEX - LANCASTER,5900 BIS ROAD SW,LANCASTER,OH,"43130","-999",(740) 653-4324,STATE,OPEN,"-999",FAIRFIELD,"39045",USA,MEDIUM,-82.625700,39.641815,0.700000000000000,0.470000000000000,6906.000000000000000,"0","0","0",0.000000000000000,"0","0",7.406666723887126,"0",7.400000095367430,
"1722","10002689",TRENTON CORRECTIONAL INSTITUTION,84 GREENHOUSE RD,TRENTON,SC,"29847","-999",(803) 896-3000,STATE,OPEN,"594",EDGEFIELD,"45037",USA,MEDIUM,-81.840691,33.713915,0.680000000000000,0.470000000000000,3331.000000000000000,"0","0","2",2.000000000000000,"0","0",6.651968512948104,"0",7.049999952316280,
"1723","10003580",MABEL BASSETT CORRECTIONAL CENTER,29501 KICKAPOO RD,MCLOUD,OK,"74851","8339",(405) 964-3020,STATE,OPEN,"1271",POTTAWATOMIE,"40125",USA,MAXIMUM,-97.131048,35.444183,0.630000000000000,0.750000000000000,8715.000000000000000,"0","0","0",0.000000000000000,"0","0",6.650000021375460,"0",6.800000190734860,
"1727","10003585",JACKIE BRANNON CORRECTIONAL CENTER,900 N WEST ST,MCALESTER,OK,"74502","1999",(918) 421-3339,STATE,OPEN,"720",PITTSBURG,"40121",USA,MINIMUM,-95.783421,34.943439,0.460000000000000,0.720000000000000,1412.000000000000000,"0","0","2",2.000000000000000,"0","0",7.122222211625842,"0",7.300000190734860,
"1728","10003584",OKLAHOMA STATE PENITENTIARY,1301 N WEST ST,MCALESTER,OK,"74502","0097",(918) 423-4700,STATE,OPEN,"644",PITTSBURG,"40121",USA,MAXIMUM,-95.783118,34.954756,0.460000000000000,0.720000000000000,1412.000000000000000,"0","0","2",2.000000000000000,"0","0",7.122222211625842,"0",6.900000095367430,
"1744","10003387",EASTERN OHIO CORRECTION CENTER - FEMALE CENTER,227 N MARKET ST,LISBON,OH,"44432","-999",(330) 420-0288,STATE,OPEN,"33",COLUMBIANA,"39029",USA,MEDIUM,-80.768473,40.774275,0.770000000000000,0.510000000000000,4502.000000000000000,"0","0","2",2.000000000000000,"0","1",7.597872277523610,"0",7.900000095367430,
"1746","10000195",WOODMAN STATE JAIL,1210 CORYELL CITY RD,GATESVILLE,TX,"76528","-999",(254) 865-9398,STATE,OPEN,"6478",CORYELL,"48099",USA,MAXIMUM,-97.729909,31.459969,0.440000000000000,0.570000000000000,7878.000000000000000,"0","0","0",0.000000000000000,"0","0",5.580000019073486,"0",5.850000143051150,
"1762","10000770",FCI FORT DIX,5756 HARTFORD & POINTVILE RD,FORT DIX,NJ,"08640","-999",(609) 723-1100,FEDERAL,OPEN,"3114",BURLINGTON,"34005",USA,MINIMUM,-74.614538,39.999630,0.100000000000000,0.270000000000000,5363.000000000000000,"0","0","1",1.000000000000000,"0","1",5.829411731046790,"0",6.050000071525570,
"1774","10000244",STRINGFELLOW PRISON,1200 FM 655,ROSHARON,TX,"77583","-999",(281) 595-3413,STATE,OPEN,"1094",BRAZORIA,"48039",USA,MAXIMUM,-95.547300,29.285806,0.460000000000000,0.770000000000000,15144.000000000000000,"0","0","0",0.000000000000000,"0","0",6.240701762416906,"0",6.300000190734860,
"1776","10000237",TORRES PRISON,125 PRIVATE RD 4303,HONDO,TX,"78861","-999",(830) 426-5325,STATE,OPEN,"1360",MEDINA,"48325",USA,MEDIUM,-99.196148,29.351890,0.000000000000000,0.520000000000000,8046.000000000000000,"0","0","0",0.000000000000000,"0","1",6.516555414339888,"0",7.099999904632570,
"1780","10000160",RUDD TRANSFER FACILITY,2004 LAMESA HWY,BROWNFIELD,TX,"79316","-999",(806) 637-4470,STATE,OPEN,"136",TERRY,"48445",USA,MEDIUM,-102.280220,33.158200,0.680000000000000,0.190000000000000,2648.000000000000000,"0","0","4",3.000000000000000,"0","0",5.538888851801556,"0",5.299999952316280,
"1781","10000211",WYNNE PRISON,810 FM 2821 W,HUNTSVILLE,TX,"77349","-999",(936) 295-9126,STATE,OPEN,"2591",WALKER,"48471",USA,MAXIMUM,-95.576807,30.741243,0.540000000000000,0.740000000000000,12013.000000000000000,"0","0","0",0.000000000000000,"0","0",6.794083974743618,"0",7.599999904632570,
"1785","10000180",WALLACE UNIT,1675 S FM 3525,COLORADO CITY,TX,"79512","-999",(325) 728-2162,STATE,OPEN,"1121",MITCHELL,"48335",USA,MEDIUM,-100.880095,32.399296,0.870000000000000,0.220000000000000,6680.000000000000000,"0","0","0",0.000000000000000,"0","0",4.853783775020290,"0",5.450000047683720,
"1798","10001867",COUNCIL BLUFFS RESIDENTIAL CORRECTIONAL FACILITY,900 9TH AVENUE,COUNCIL BLUFFS,IA,"51501","-999",(712) 396-2245,STATE,OPEN,"71",POTTAWATTAMIE,"19155",USA,NOT AVAILABLE,-95.858334,41.253612,0.610000000000000,0.490000000000000,2976.000000000000000,"0","0","5",4.000000000000000,"0","1",7.166666507720948,"0",7.199999809265140,
"1802","10004580",FLORIDA STATE PRISON,7819 N.W. 228TH STREET,RAIFORD,FL,"32026","1000",(904) 368-2500,STATE,OPEN,"1240",BRADFORD,"12007",USA,MAXIMUM,-82.185337,30.059537,0.630000000000000,0.230000000000000,8677.000000000000000,"0","0","1",1.000000000000000,"0","0",6.607692308914968,"0",7.199999809265140,
"1840","10001875",HUTTONSVILLE CORRECTIONAL CENTER,"US HWY 250 S, P.O. BOX 1",HUTTONSVILLE,WV,"26273","-999",(304) 335-2291,STATE,OPEN,"1131",RANDOLPH,"54083",USA,MAXIMUM,-79.979708,38.694495,0.890000000000000,0.050000000000000,4492.000000000000000,"0","0","4",4.000000000000000,"0","1",6.127263402252042,"0",6.649999856948850,
"1842","10000157",LINDSEY STATE JAIL,1620 FM 3344,JACKSBORO,TX,"76458","-999",(940) 567-2272,STATE,OPEN,"916",JACK,"48237",USA,CLOSE,-98.153235,33.247323,0.750000000000000,0.380000000000000,3070.000000000000000,"0","0","0",0.000000000000000,"0","0",5.279401531962778,"0",5.599999904632570,
"1847","10001061",PENDLETON CORRECTIONAL FACILITY,4490 W REFORMATORY RD,PENDLETON,IN,"46064","9001",(765) 778-2107,STATE,OPEN,"1800",MADISON,"18095",USA,MAXIMUM,-85.760857,39.983381,0.960000000000000,0.620000000000000,3116.000000000000000,"1","0","2",2.000000000000000,"1","0",8.679999923706054,"0",8.650000095367430,
"1867","10001873",OHIO COUNTY CORRECTIONAL CENTER,1501 EOFF ST,WHEELING,WV,"26003","-999",(304) 238-1007,STATE,OPEN,"66",OHIO,"54069",USA,MINIMUM,-80.720108,40.064841,0.980000000000000,0.350000000000000,664.000000000000000,"1","0","13",8.000000000000000,"1","1",8.199999809265138,"0",8.199999809265140,
"1874","10000438",LOWELL ANNEX,11120 NW GAINESVILLE RD,OCALA,FL,"34482","1479",(352) 690-8900,STATE,OPEN,"1262",MARION,"12083",USA,MAXIMUM,-82.201341,29.313490,0.590000000000000,0.180000000000000,7997.000000000000000,"0","0","0",0.000000000000000,"0","0",6.456060626290062,"0",6.450000047683720,
"1884","10006374",HARRISBURG CCC,27 NORTH CAMERON STREET,HARRISBURG,PA,"17101","-999",(717) 787-4427,STATE,OPEN,"0",DAUPHIN,"42043",USA,MINIMUM,-76.874642,40.265681,0.970000000000000,0.630000000000000,2558.000000000000000,"1","0","11",7.000000000000000,"1","1",8.399667519759982,"0",8.500000000000000,
"1895","10000393",COLUMBIA WORK CAMP,216 SE CORRECTIONS WAY,LAKE CITY,FL,"32025","2013",(386) 754-7600,STATE,OPEN,"288",COLUMBIA,"12023",USA,MINIMUM,-82.504801,30.190557,0.700000000000000,0.210000000000000,9262.000000000000000,"0","0","2",2.000000000000000,"0","1",6.959601266686840,"0",7.200000047683720,
"1914","10001507",BRONX COMMUNITY RE-ENTRY CENTER,2534 CRESTON AVE,BRONX,NY,"10468","-999",(718) 561-4155,FEDERAL,OPEN,"-999",BRONX,"36005",USA,MINIMUM,-73.897289,40.863553,0.810000000000000,0.670000000000000,4478.000000000000000,"0","0","10",5.000000000000000,"0","1",7.194711257883418,"0",7.199999809265140,
"1967","10003134",ADIRONDACK CORRECTIONAL FACILITY,196 RAY BROOK RD,RAY BROOK,NY,"12977","0110",(518) 891-1343,STATE,OPEN,"398",ESSEX,"36031",USA,MEDIUM,-74.091477,44.295981,0.570000000000000,0.020000000000000,5934.000000000000000,"0","0","0",0.000000000000000,"0","0",4.341988985051108,"0",4.549999952316280,
"1979","10003136",MORIAH SHOCK INCARCERATION CORRECTIONAL FACILITY,75 BURHART LANE,MINEVILLE,NY,"12956","0999",(518) 942-7561,STATE,OPEN,"187",ESSEX,"36031",USA,MINIMUM,-73.533249,44.107500,0.840000000000000,0.050000000000000,4588.000000000000000,"0","0","0",0.000000000000000,"0","0",4.769117684925304,"0",4.800000190734860,
"1980","10002287",ATTICA CORRECTIONAL FACILITY,639 EXCHANGE ST,ATTICA,NY,"14011","0149",(585) 591-2000,STATE,OPEN,"2009",WYOMING,"36121",USA,MAXIMUM,-78.271301,42.849637,0.570000000000000,0.100000000000000,7117.000000000000000,"0","0","0",0.000000000000000,"0","0",5.431481533580358,"0",5.350000143051150,
"1981","10003165",WENDE CORRECTIONAL FACILITY,3040 WENDE RD,ALDEN,NY,"14004","1187",(716) 937-4000,STATE,OPEN,"872",ERIE,"36029",USA,MAXIMUM,-78.542542,42.931001,,0.190000000000000,1670.000000000000000,"0","0","0",0.000000000000000,"0","0",5.375000119209290,"0",5.350000143051150,
"1982","10003192",ELMIRA CORRECTIONAL FACILITY,1879 DAVIS ST,ELMIRA,NY,"14901","0500",(607) 734-3901,STATE,OPEN,"1800",CHEMUNG,"36015",USA,MAXIMUM,-76.831292,42.114838,,0.030000000000000,1785.000000000000000,"0","0","2",2.000000000000000,"0","1",6.208914797570612,"0",6.199999809265140,
"1983","10003193",SOUTHPORT CORRECTIONAL FACILITY,236 BOB MASIA DR,PINE CITY,NY,"14871","2000",(607) 737-0850,STATE,OPEN,"486",CHEMUNG,"36015",USA,MAXIMUM,-76.796022,42.050727,0.460000000000000,0.030000000000000,4625.000000000000000,"0","0","0",0.000000000000000,"0","0",6.082352929956774,"0",6.433333396911620,
"1985","10003156",HALE CREEK ASACTC,279 MALONEY RD,JOHNSTOWN,NY,"12095","3769",(518) 736-2094,STATE,OPEN,"367",FULTON,"36035",USA,MEDIUM,-74.298360,43.013675,0.660000000000000,0.070000000000000,7373.000000000000000,"0","0","0",0.000000000000000,"0","0",5.456807535019280,"0",5.450000047683720,
"2000","10003130",UPSTATE CORRECTIONAL FACILITY,309 BARE HILL RD,MALONE,NY,"12953","-999",(518) 483-6997,STATE,OPEN,"1221",FRANKLIN,"36033",USA,MAXIMUM,-74.324793,44.886719,0.750000000000000,0.060000000000000,5745.000000000000000,"0","0","0",0.000000000000000,"0","0",4.785937462002040,"0",5.199999809265140,
"2013","10001821",WILKINSON COUNTY CORRECTIONAL FACILITY,2999 US HWY 61 N,WOODVILLE,MS,"39669","-999",(601) 888-3199,STATE,OPEN,"904",WILKINSON,"28157",USA,CLOSE,-91.277349,31.138301,0.990000000000000,0.520000000000000,5073.000000000000000,"1","0","5",4.000000000000000,"1","0",6.910229665999124,"0",6.800000190734860,
"2023","10004447",FMC DEVENS CAMP,42 PATTON ROAD,DEVENS,MA,"01434","-999",(978) 796-1000,FEDERAL,OPEN,"102",WORCESTER,"25027",USA,MINIMUM,-71.620579,42.528228,0.460000000000000,0.050000000000000,6569.000000000000000,"0","0","0",0.000000000000000,"0","1",5.314102582442454,"0",5.400000095367430,
"2030","10001404",MASAC AT PLYMOUTH,1 BUMP POND RD,PLYMOUTH,MA,"02360","-999",(508) 291-2441,STATE,OPEN,"262",PLYMOUTH,"25023",USA,MINIMUM,-70.660555,41.849541,0.660000000000000,0.070000000000000,6614.000000000000000,"0","0","0",0.000000000000000,"0","0",5.298290664314206,"0",5.475000023841860,
"2033","10001601",DEERFIELD WORK CENTER FOR WOMEN,15080 OLD BELFIELD RD,CAPRON,VA,"23829","-999",(434) 658-4368,STATE,OPEN,"154",SOUTHAMPTON,"51175",USA,MINIMUM,-77.251408,36.722693,,0.130000000000000,1280.000000000000000,"0","0","5",3.000000000000000,"0","0",6.199999982660468,"0",6.199999809265140,
"2036","10003308",WISE CORRECTIONAL UNIT,3602 BEAR LANE,COEBURN,VA,"24230","1198",(276) 679-9204,STATE,OPEN,"110",WISE,"51195",USA,MINIMUM,-82.463006,36.916628,0.900000000000000,0.160000000000000,4338.000000000000000,"1","0","8",5.000000000000000,"1","1",6.473958338300388,"0",6.500000000000000,
"2042","10001960",CENTRAL NM CORRECTIONAL FACILITY / MAIN / LEVEL II UNIT,1525 MORRIS RD,LOS LUNAS,NM,"87031","-999",(505) 383-3359,STATE,OPEN,"955",VALENCIA,"35061",USA,MAXIMUM,-106.766266,34.787738,0.490000000000000,0.010000000000000,7167.000000000000000,"0","0","0",0.000000000000000,"0","0",4.961904764175416,"0",5.400000095367430,
"2080","10000751",MARCY CORRECTIONAL FACILITY,9000 OLD RIVER RD,MARCY,NY,"13403","5000",(315) 768-1400,STATE,OPEN,"1148",ONEIDA,"36065",USA,MEDIUM,-75.312386,43.163974,0.000000000000000,0.060000000000000,2328.000000000000000,"0","0","2",2.000000000000000,"0","0",5.275000095367432,"0",5.300000190734860,
"2081","10000759",LAKEVIEW SHOCK INCARCERATION CORRECTIONAL FACILITY,9300 LAKE AVE,BROCTON,NY,"14716","9798",(716) 792-7100,STATE,OPEN,"660",CHAUTAUQUA,"36013",USA,MINIMUM,-79.434568,42.407952,0.750000000000000,0.210000000000000,4649.000000000000000,"0","0","1",1.000000000000000,"0","0",5.900000034679066,"0",6.366666793823240,
"2088","10000378",JEFFERSON CORRECTIONAL INSTITUTION,1050 BIG JOE RD,MONTICELLO,FL,"32344","0430",(850) 342-2600,STATE,OPEN,"1091",JEFFERSON,"12065",USA,CLOSE,-83.801576,30.509736,0.730000000000000,0.310000000000000,5920.000000000000000,"0","0","2",2.000000000000000,"0","0",6.814457835921322,"0",6.799999952316280,
"2090","10002098",MASSACHUSETTS TREATMENT CENTER,30 ADMINISTRATION RD,BRIDGEWATER,MA,"02324","-999",(508) 279-8100,STATE,OPEN,"499",PLYMOUTH,"25023",USA,MEDIUM,-70.957410,41.946020,0.940000000000000,0.110000000000000,1610.000000000000000,"1","0","0",0.000000000000000,"1","0",5.719999980926514,"0",5.800000190734860,
"2091","10003787","CENTRAL NM CORRECTIONAL FACILITY, LEVEL I UNIT",3201 HIGHWAY 314 SW,LOS LUNAS,NM,"87031","-999",(505) 865-2728,STATE,OPEN,"350",VALENCIA,"35061",USA,MINIMUM,-106.750980,34.770150,0.490000000000000,0.010000000000000,7167.000000000000000,"0","0","0",0.000000000000000,"0","0",4.961904764175416,"0",5.124999880790710,
"2092","10003769",SPRINGER CORRECTIONAL CENTER,201 ROAD HWY 468,SPRINGER,NM,"87747","-999",(575) 483-3100,STATE,OPEN,"271",COLFAX,"35007",USA,MINIMUM,-104.626328,36.386992,0.960000000000000,0.000000000000000,5161.000000000000000,"1","0","5",3.000000000000000,"1","1",3.424725007353266,"0",3.500000000000000,
"2096","10003795","SOUTHERN NM CORRECTIONAL FACILITY, LEVEL III UNIT",1983 JOE R SILVA BLVD,LAS CRUCES,NM,"88004","0639",(575) 523-3200,STATE,OPEN,"440",DONA ANA,"35013",USA,MAXIMUM,-106.951674,32.249584,0.180000000000000,0.020000000000000,6601.000000000000000,"0","0","0",0.000000000000000,"0","1",4.893390054478072,"0",4.649999856948850,
"2100","10001249",ROSWELL CORRECTIONAL CENTER,578 W CHICKASAW RD,HAGERMAN,NM,"88232","-999",(575) 625-3100,STATE,OPEN,"339",CHAVES,"35005",USA,MINIMUM,-104.543214,33.140742,0.660000000000000,0.070000000000000,3073.000000000000000,"0","0","0",0.000000000000000,"0","0",4.253093808472990,"0",4.300000190734860,
"2104","10000676",GREENE COUNTY WORK CAMP,UNITED STATES HIGHWAY 67 SOUTH,ROODHOUSE,IL,"62082","-999",(217) 374-2177,STATE,OPEN,"125",GREENE,"17061",USA,MINIMUM,-90.385978,39.461622,0.930000000000000,0.600000000000000,3422.000000000000000,"1","0","0",0.000000000000000,"1","1",7.722000039418538,"0",7.800000190734860,
"2114","10004446",FMC DEVENS,42 PATTON ROAD,DEVENS,MA,"01434","-999",(978) 796-1000,FEDERAL,OPEN,"999",WORCESTER,"25027",USA,MAXIMUM,-71.620681,42.525389,0.460000000000000,0.050000000000000,6569.000000000000000,"0","0","0",0.000000000000000,"0","1",5.314102582442454,"0",5.400000095367430,
"2115","10006307",CAI - OCEAN VIEW,551 SOUTH 35TH STREET,SAN DIEGO,CA,"92113","-999",(619) 232-8600,MULTI,OPEN,"-999",SAN DIEGO,"06073",USA,MINIMUM,-117.118029,32.700253,0.570000000000000,0.850000000000000,4754.000000000000000,"0","0","7",4.000000000000000,"0","1",9.650475027602628,"1",9.750000000000000,washuonly
"2120","10000192",CI REEVES COUNTY I & II,98 W COUNTY RD 204,PECOS,TX,"79772","-999",(432) 447-2926,MULTI,OPEN,"1255",REEVES,"48389",USA,MINIMUM,-103.538558,31.394342,0.920000000000000,0.090000000000000,4295.000000000000000,"1","0","1",1.000000000000000,"1","1",5.832447401629730,"0",8.349999904632570,
"2122","10003781",NORTHWEST NEW MEXICO CORRECTIONAL CENTER,1700 EAST OLD HIGHWAY 66,GRANTS,NM,"87020","-999",(505) 287-2941,STATE,OPEN,"-999",CIBOLA,"35006",USA,MAXIMUM,-107.816947,35.140787,0.720000000000000,0.000000000000000,5413.000000000000000,"0","0","6",4.000000000000000,"0","1",4.786206919571450,"0",4.950000047683720,
"2123","10001246",GUADALUPE COUNTY CORRECTIONAL FACILITY,SOUTH HWY 54,SANTA ROSA,NM,"88435","-999",(575) 472-1001,STATE,OPEN,"588",GUADALUPE,"35019",USA,CLOSE,-104.702851,34.907872,0.990000000000000,0.000000000000000,4353.000000000000000,"1","0","2",1.000000000000000,"1","0",2.851232666233349,"0",3.099999904632570,
"2135","10006612",NEW MEXICO BEHAVIORAL HEALTH INSTITUTE - FORENSIC DIVISION,3695 HOT SPRINGS BLVD,LAS VEGAS,NM,"87701","-999",(505) 454-2100,STATE,OPEN,"-999",SAN MIGUEL,"35047",USA,MAXIMUM,-105.242180,35.608171,0.750000000000000,0.000000000000000,4355.000000000000000,"0","0","4",2.000000000000000,"0","0",3.354545463215221,"0",3.299999952316280,
"2137","10001279",FPC BRYAN,1100 URSULINE AVE,BRYAN,TX,"77803","-999",(979) 823-1879,FEDERAL,OPEN,"897",BRAZOS,"48041",USA,MINIMUM,-96.360594,30.678573,0.720000000000000,0.770000000000000,5081.000000000000000,"0","0","2",2.000000000000000,"0","0",6.866666793823242,"0",6.833333492279050,
"2141","10001401",LEMUEL SHATTUCK HOSPITAL CORRECTIONAL UNIT,180 MORTON ST,JAMAICA PLAIN,MA,"02130","-999",(617) 522-7585,STATE,OPEN,"19",SUFFOLK,"25025",USA,MEDIUM,-71.102979,42.300367,,0.280000000000000,380.000000000000000,"0","0","7",3.000000000000000,"0","0",6.300000031789144,"0",6.350000143051150,
"2142","10001408",MCI - CEDAR JUNCTION,2405 MAIN ST,SOUTH WALPOLE,MA,"02071","-999",(508) 660-8000,STATE,OPEN,"711",NORFOLK,"25021",USA,MAXIMUM,-71.289797,42.106256,0.410000000000000,0.180000000000000,4018.000000000000000,"0","0","0",0.000000000000000,"0","1",5.747058784260470,"0",5.900000095367430,
"2143","10004444",MCI - FRAMINGHAM,99 LORING DRIVE,FRAMINGHAM,MA,"01701","-999",(508) 532-5100,STATE,OPEN,"478",MIDDLESEX,"25017",USA,MEDIUM,-71.407419,42.267513,0.750000000000000,0.150000000000000,3557.000000000000000,"0","0","5",4.000000000000000,"0","1",6.166666507720948,"0",6.099999904632570,
"2146","10002101",MCI - NORFOLK,2 CLARK ST,NORFOLK,MA,"02056","-999",(508) 660-5900,STATE,OPEN,"1417",NORFOLK,"25021",USA,MEDIUM,-71.304171,42.119129,0.410000000000000,0.180000000000000,6260.000000000000000,"0","0","0",0.000000000000000,"0","0",5.760000000000000,"0",5.699999809265140,
"2150","10001393",MCI - SHIRLEY,1 HARVARD RD,SHIRLEY,MA,"01464","-999",(978) 425-4341,STATE,OPEN,"1476",MIDDLESEX,"25017",USA,MEDIUM,-71.644786,42.527775,0.720000000000000,0.030000000000000,7633.000000000000000,"0","0","0",0.000000000000000,"0","0",5.214285680225918,"0",5.450000047683720,
"2151","10006576",WATCH WEST,P.O. BOX G,WARM SPRINGS,MT,"59756","-999",(406) 693-2272,STATE,OPEN,"113",DEER LODGE,"30023",USA,NOT AVAILABLE,-112.794995,46.180457,0.830000000000000,0.010000000000000,3226.000000000000000,"0","0","0",0.000000000000000,"0","1",4.211022841184591,"0",4.800000190734860,
"2153","10004449",NORTH CENTRAL CORRECTIONAL INSTITUTION,500 COLONY ROAD,GARDNER,MA,"01440","-999",(978) 630-6000,STATE,OPEN,"959",WORCESTER,"25027",USA,MEDIUM,-71.941630,42.579791,0.680000000000000,0.010000000000000,5778.000000000000000,"0","0","0",0.000000000000000,"0","0",4.920000049046108,"0",4.875000119209290,
"2154","10001392",NORTHEASTERN CORRECTIONAL INSTITUTION,1 BARRETTS MILL RD,WEST CONCORD,MA,"01742","-999",(978) 371-7941,STATE,OPEN,"193",MIDDLESEX,"25017",USA,MINIMUM,-71.397968,42.472263,0.270000000000000,0.110000000000000,6167.000000000000000,"0","0","0",0.000000000000000,"0","1",5.537837853302828,"0",5.350000143051150,
"2160","10004451",OLD COLONY CORRECTIONAL CENTER,1 ADMINISTRATION ROAD,BRIDGEWATER,MA,"02324","-999",(508) 279-6000,STATE,OPEN,"702",PLYMOUTH,"25023",USA,MEDIUM,-70.955581,41.949287,0.940000000000000,0.110000000000000,1610.000000000000000,"1","0","0",0.000000000000000,"1","0",5.719999980926514,"0",5.800000190734860,
"2161","10000282",PONDVILLE CORRECTIONAL CENTER,1 INDUSTRIES DR,NORFOLK,MA,"02056","-999",(508) 660-3924,STATE,OPEN,"150",NORFOLK,"25021",USA,MINIMUM,-71.293026,42.108442,0.410000000000000,0.180000000000000,6260.000000000000000,"0","0","0",0.000000000000000,"0","0",5.760000000000000,"0",5.900000095367430,
"2162","10004443",SOUTH MIDDLESEX CORRECTIONAL CENTER,135 WESTERN AVENUE,FRAMINGHAM,MA,"01701","-999",(508) 875-2883,STATE,OPEN,"112",MIDDLESEX,"25017",USA,MINIMUM,-71.405921,42.265275,0.750000000000000,0.150000000000000,3557.000000000000000,"0","0","5",4.000000000000000,"0","1",6.166666507720948,"0",6.099999904632570,
"2164","10001396",SOUZA-BARANOWSKI CORRECTIONAL CENTER,1 HARVARD RD,SHIRLEY,MA,"01464","-999",(978) 514-6500,STATE,OPEN,"1075",WORCESTER,"25027",USA,MAXIMUM,-71.648059,42.523398,0.630000000000000,0.040000000000000,8044.000000000000000,"0","0","0",0.000000000000000,"0","0",5.301219504054000,"0",5.500000000000000,
"2180","10002222",COLORADO CORRECTION INC 3905 RESIDENTIAL FACILTY,3950 NORTH NEVADA AVENUE,COLORADO SPRINGS,CO,"80907","-999",(719) 636-5200,NOT AVAILABLE,OPEN,"-999",EL PASO,"08041",USA,MINIMUM,-104.819966,38.890453,0.410000000000000,0.050000000000000,5021.000000000000000,"0","0","3",3.000000000000000,"0","0",4.771428653172086,"0",4.800000190734860,
"2234","10003201",WOODBOURNE CORRECTIONAL FACILITY,99 PRISON RD,WOODBOURNE,NY,"12788","1000",(845) 434-7730,STATE,OPEN,"798",SULLIVAN,"36105",USA,MEDIUM,-74.592222,41.753305,0.970000000000000,0.090000000000000,3139.000000000000000,"1","0","0",0.000000000000000,"1","0",5.681538435129020,"0",5.800000190734860,
"2247","10000165",FMC CARSWELL,"NAVAL AIR STATION, J ST",FORT WORTH,TX,"76127","-999",(817) 782-4000,FEDERAL,OPEN,"1227",TARRANT,"48439",USA,MAXIMUM,-97.418736,32.784091,0.590000000000000,0.730000000000000,3752.000000000000000,"0","0","1",1.000000000000000,"0","1",7.861538446866550,"0",7.700000047683720,
"2252","10003601",NORTH DAKOTA STATE PENITENTIARY,3100 RAILROAD AVE,BISMARCK,ND,"58506","5521",(701) 328-6100,STATE,OPEN,"753",BURLEIGH,"38015",USA,MAXIMUM,-100.741540,46.799967,0.150000000000000,0.130000000000000,4732.000000000000000,"0","0","0",0.000000000000000,"0","0",4.800000031789144,"0",4.975000023841860,
"2253","10003603",JAMES RIVER CORRECTIONAL CENTER,2521 CIRCLE DR,JAMESTOWN,ND,"58401","-999",(701) 253-3660,STATE,OPEN,"439",STUTSMAN,"38093",USA,MAXIMUM,-98.685070,46.883229,0.010000000000000,0.080000000000000,2630.000000000000000,"0","0","0",0.000000000000000,"0","1",4.738461586145254,"0",4.800000190734860,
"2254","10003602",MISSOURI RIVER CORRECTIONAL CENTER,1800 48TH AVE SW,BISMARCK,ND,"58506","-999",(701) 328-9696,STATE,OPEN,"187",BURLEIGH,"38015",USA,MINIMUM,-100.822781,46.753788,0.150000000000000,0.090000000000000,7662.000000000000000,"0","0","0",0.000000000000000,"0","0",4.798750054836274,"0",4.800000190734860,
"2255","10006587",BISMARCK TRANSITION CENTER,2001 LEE AVENUE,BISMARCK,ND,"58504","-999",(701) 222-3440,STATE,OPEN,"83",BURLEIGH,"38015",USA,MINIMUM,-100.760541,46.791539,0.380000000000000,0.120000000000000,3914.000000000000000,"0","0","0",0.000000000000000,"0","0",5.074999928474426,"0",5.199999809265140,
"2256","10006588",NORTH DAKOTA STATE HOSPITAL - TOMPKINS REHABILITATION AND CORRECTIONS CENTER,2605 CIRCLE DRIVE,JAMESTOWN,ND,"58401","-999",(701) 253-3755,STATE,OPEN,"102",STUTSMAN,"38093",USA,MINIMUM,-98.688202,46.882106,0.010000000000000,0.080000000000000,2630.000000000000000,"0","0","0",0.000000000000000,"0","1",4.738461586145254,"0",4.800000190734860,
"2265","10002658",WOMEN'S STATE PRISON - UNIT E,3200 E STATE HWY 34,PIERRE,SD,"57501","-999",(605) 773-6636,STATE,OPEN,"94",HUGHES,"46065",USA,MINIMUM,-100.303734,44.358835,0.490000000000000,0.000000000000000,5537.000000000000000,"0","0","0",0.000000000000000,"0","1",4.451282109969702,"0",4.900000095367430,
"2271","10001575",VIRGINIA CORRECTIONAL CENTER FOR WOMEN,2841 RIVER RD,GOOCHLAND,VA,"23063","-999",(804) 556-7500,STATE,OPEN,"555",GOOCHLAND,"51075",USA,MEDIUM,-77.891222,37.674209,0.440000000000000,0.210000000000000,969.000000000000000,"0","0","0",0.000000000000000,"0","0",6.374999940395356,"0",6.149999856948850,
"2272","10003255",COLD SPRINGS CORRECTIONAL UNIT #10,221 SPITLER CIRCLE,GREENVILLE,VA,"24440","-999",(540) 337-1818,STATE,OPEN,"109",AUGUSTA,"51015",USA,MINIMUM,-79.151359,37.992397,0.830000000000000,0.090000000000000,5260.000000000000000,"0","0","1",1.000000000000000,"0","0",6.125966866372040,"0",6.400000095367430,
"2273","10002377",CAROLINE CORRECTIONAL UNIT #2,31285 CAMP RD,HANOVER,VA,"23069","-999",(804) 994-2161,STATE,OPEN,"135",CAROLINE,"51033",USA,MINIMUM,-77.330436,37.833048,0.630000000000000,0.230000000000000,3352.000000000000000,"0","0","2",2.000000000000000,"0","0",6.157792212127092,"0",6.300000190734860,
"2275","10001585",FCI PETERSBURG LOW CAMP,1100 RIVER RD,HOPEWELL,VA,"23860","-999",(804) 733-7881,FEDERAL,OPEN,"288",PRINCE GEORGE,"51149",USA,MINIMUM,-77.350382,37.298893,0.880000000000000,0.280000000000000,4524.000000000000000,"0","0","2",2.000000000000000,"0","0",7.349999944369000,"0",7.266666571299240,
"2277","10003626",MONTANA WOMEN'S PRISON,701 S 27TH ST,BILLINGS,MT,"59101","-999",(406) 247-5100,STATE,OPEN,"208",YELLOWSTONE,"30111",USA,MAXIMUM,-108.495474,45.775051,0.570000000000000,0.170000000000000,3453.000000000000000,"0","0","5",4.000000000000000,"0","1",4.614285605294364,"0",4.599999904632570,
"2285","10006184",CONNECTIONS CORRECTIONS - BUTTE,111 WEST BROADWAY,BUTTE,MT,"59701","-999",(406) 782-6626,STATE,OPEN,"52",SILVER BOW,"30093",USA,MINIMUM,-112.538003,46.013776,0.870000000000000,0.020000000000000,5114.000000000000000,"0","0","9",5.000000000000000,"0","1",3.974999964237213,"0",3.900000095367430,
"2290","10000461",ORLANDO COMMUNITY RELEASE CENTER,7300 LAUREL HILL DRIVE,ORLANDO,FL,"32818","5278",(407) 578-3510,STATE,OPEN,"82",ORANGE,"12095",USA,MINIMUM,-81.480745,28.569208,0.660000000000000,0.260000000000000,8118.000000000000000,"0","0","1",1.000000000000000,"0","0",7.950000047683716,"0",7.950000047683720,
"2295","10001584",FCI PETERSBURG LOW,1100 RIVER RD,HOPEWELL,VA,"23860","-999",(804) 733-7881,FEDERAL,OPEN,"892",PRINCE GEORGE,"51149",USA,MINIMUM,-77.346950,37.299702,0.880000000000000,0.280000000000000,4524.000000000000000,"0","0","2",2.000000000000000,"0","0",7.349999944369000,"0",7.199999809265140,
"2296","10003329",USP LEE,LEE COUNTY INDUSTRIAL PARK & HICKORY FLATS RD,PENNINGTON GAP,VA,"24277","-999",(276) 546-0150,FEDERAL,OPEN,"1316",LEE,"51105",USA,MAXIMUM,-83.002265,36.702458,0.830000000000000,0.210000000000000,5346.000000000000000,"0","0","4",4.000000000000000,"0","1",6.892000055313110,"0",6.950000047683720,
"2299","10006573",NEXUS TREATMENT CENTER,111 SKYLINE DRIVE,LEWISTOWN,MT,"59457","-999",(406) 535-6660,STATE,OPEN,"82",FERGUS,"30027",USA,NOT AVAILABLE,-109.454331,47.047618,0.860000000000000,0.020000000000000,4888.000000000000000,"0","0","0",0.000000000000000,"0","1",4.444745097268695,"0",4.000000000000000,
"2300","10003330",USP LEE CAMP,LEE COUNTY INDUSTRIAL PARK & HICKORY FLATS RD,PENNINGTON GAP,VA,"24277","-999",(276) 546-0150,FEDERAL,OPEN,"76",LEE,"51105",USA,MINIMUM,-82.994980,36.705993,0.830000000000000,0.210000000000000,5346.000000000000000,"0","0","4",4.000000000000000,"0","1",6.892000055313110,"0",7.000000000000000,
"2301","10001573",AUGUSTA CORRECTIONAL CENTER,1821 ESTALINE VALLEY RD,CRAIGSVILLE,VA,"24430","-999",(540) 997-7000,STATE,OPEN,"1342",AUGUSTA,"51015",USA,CLOSE,-79.367936,38.061639,0.920000000000000,0.060000000000000,4914.000000000000000,"1","0","4",4.000000000000000,"1","0",6.002721103681188,"0",6.299999952316280,
"2302","10001572",COFFEEWOOD CORRECTIONAL CENTER,12352 COFFEEWOOD DR,MITCHELLS,VA,"22729","-999",(540) 829-6483,STATE,OPEN,"1007",CULPEPER,"51047",USA,MEDIUM,-78.017631,38.363779,0.540000000000000,0.140000000000000,6170.000000000000000,"0","0","0",0.000000000000000,"0","0",6.166197158920934,"0",6.049999952316280,
"2303","10001579",DEEP MEADOW CORRECTIONAL CENTER,3500 WOODS WAY,STATE FARM,VA,"23160","-999",(804) 598-5503,STATE,OPEN,"702",POWHATAN,"51145",USA,MEDIUM,-77.850683,37.621543,0.380000000000000,0.200000000000000,2933.000000000000000,"0","0","0",0.000000000000000,"0","0",6.240000002724784,"0",6.299999952316280,
"2304","10003310",GREEN ROCK CORRECTIONAL CENTER,475 GREEN ROCK LANE,CHATHAM,VA,"24531","-999",(434) 797-2000,STATE,OPEN,"1030",PITTSYLVANIA,"51143",USA,CLOSE,-79.421906,36.799947,0.870000000000000,0.260000000000000,5339.000000000000000,"0","0","0",0.000000000000000,"0","0",6.048823516509112,"0",6.099999904632570,
"2305","10001603",GREENSVILLE WORK CENTER,901 CORRECTIONS WAY,JARRATT,VA,"23870","9614",(434) 535-7000,STATE,OPEN,"210",GREENSVILLE,"51081",USA,MINIMUM,-77.486686,36.794466,0.900000000000000,0.180000000000000,4278.000000000000000,"1","0","3",2.000000000000000,"1","0",6.154397364936356,"0",6.199999809265140,
"2309","10003263",HAYNESVILLE CORRECTIONAL UNIT #17,CAMP SEVENTEEN RD,HAYNESVILLE,VA,"22472","-999",(804) 333-3577,STATE,OPEN,"111",RICHMOND,"51159",USA,MINIMUM,-76.673764,37.956137,0.840000000000000,0.090000000000000,3300.000000000000000,"0","0","0",0.000000000000000,"0","0",5.764429527641144,"0",6.099999904632570,
"2310","10000924",INDIAN CREEK CORRECTIONAL CENTER,801 SANDERSON RD,CHESAPEAKE,VA,"23328","6481",(757) 421-0095,STATE,OPEN,"1000",CHESAPEAKE,"51550",USA,MEDIUM,-76.178079,36.614398,0.320000000000000,0.080000000000000,9654.000000000000000,"0","0","0",0.000000000000000,"0","0",5.845161281093476,"0",6.149999856948850,
"2312","10003125",RIVERVIEW CORRECTIONAL FACILITY,1110 TIBBITS DR,OGDENSBURG,NY,"13669","0158",(315) 393-8400,STATE,OPEN,"853",ST. LAWRENCE,"36089",USA,MEDIUM,-75.434315,44.716488,0.660000000000000,0.160000000000000,5175.000000000000000,"0","0","0",0.000000000000000,"0","0",5.152941114762250,"0",5.199999809265140,
"2313","10003170",WILLARD DRUG TREATMENT CAMPUS,7116 COUNTY ROUTE 132,WILLARD,NY,"14588","0303",(607) 869-5500,STATE,OPEN,"692",SENECA,"36099",USA,NOT AVAILABLE,-76.865440,42.679946,0.910000000000000,0.040000000000000,5947.000000000000000,"1","0","3",3.000000000000000,"1","1",5.719291332199818,"0",5.800000190734860,
"2315","10001592",LUNENBURG CORRECTIONAL CENTER,690 FALLS RD,VICTORIA,VA,"23974","-999",(434) 696-2045,STATE,OPEN,"975",LUNENBURG,"51111",USA,MEDIUM,-78.211505,37.015139,0.960000000000000,0.190000000000000,5316.000000000000000,"1","0","3",3.000000000000000,"1","0",6.237867658629138,"0",6.149999856948850,
"2318","10003320",MARION CORRECTIONAL TREATMENT CENTER,110 WRIGHT ST,MARION,VA,"24354","3145",(276) 783-7154,STATE,OPEN,"264",SMYTH,"51173",USA,MAXIMUM,-81.508871,36.829856,0.830000000000000,0.100000000000000,2779.000000000000000,"0","0","1",1.000000000000000,"0","0",6.380136992833386,"0",7.500000000000000,
"2320","10003333",PATRICK HENRY CORRECTIONAL UNIT #28,18155 A L PHILPOTT HWY,RIDGEWAY,VA,"24148","-999",(276) 957-2234,STATE,OPEN,"136",HENRY,"51089",USA,MINIMUM,-79.955219,36.622762,0.900000000000000,0.250000000000000,3426.000000000000000,"1","0","5",4.000000000000000,"1","0",6.166216167243752,"0",6.099999904632570,
"2321","10003278",MEDICAL COLLEGE OF VIRGINIA SECURITY WARD,401 N 12TH ST,RICHMOND,VA,"23219","-999",(804) 828-0804,STATE,OPEN,"15",RICHMOND (CITY),"51760",USA,NOT AVAILABLE,-77.430315,37.540437,0.490000000000000,0.370000000000000,2709.000000000000000,"0","0","0",0.000000000000000,"0","1",7.513316396163128,"0",7.500000000000000,
"2322","10001589",NOTTOWAY CORRECTIONAL CENTER,2892 SCHUTT RD,BURKEVILLE,VA,"23922","-999",(434) 767-5543,STATE,OPEN,"1432",NOTTOWAY,"51135",USA,MAXIMUM,-78.174756,37.183147,0.940000000000000,0.180000000000000,7510.000000000000000,"1","0","2",2.000000000000000,"1","0",6.217322841403992,"0",6.199999809265140,
"2323","10005834",POCAHONTAS STATE CORRECTIONAL CENTER,317 OLD MOUNTAIN ROAD,POCAHONTAS,VA,"24635","0518",(276) 945-9173,STATE,OPEN,"1026",TAZEWELL,"51185",USA,MEDIUM,-81.365434,37.297191,0.880000000000000,0.130000000000000,3081.000000000000000,"0","0","0",0.000000000000000,"0","1",6.392500007152558,"0",6.500000000000000,
"2324","10001581",POWHATAN RECEPTION CENTER,3600 WOODS WAY,STATE FARM,VA,"23160","-999",(804) 598-4251,STATE,OPEN,"326",POWHATAN,"51145",USA,MAXIMUM,-77.834282,37.627694,0.380000000000000,0.200000000000000,2933.000000000000000,"0","0","0",0.000000000000000,"0","0",6.240000002724784,"0",6.300000190734860,
"2326","10006218",RIVER NORTH CORRECTIONAL CENTER,329 DELL BROOK LANE,INDEPENDENCE,VA,"24348","-999",(276) 773-2518,STATE,OPEN,"897",GRAYSON,"51077",USA,MEDIUM,-81.126828,36.615174,0.930000000000000,0.110000000000000,3954.000000000000000,"1","0","6",5.000000000000000,"1","0",6.265000009536744,"0",6.599999904632570,
"2328","10003289",RUSTBURG CORRECTIONAL UNIT #9,479 CAMP NINE RD,RUSTBURG,VA,"24588","-999",(434) 332-7354,STATE,OPEN,"149",CAMPBELL,"51031",USA,MINIMUM,-79.067833,37.267315,0.730000000000000,0.200000000000000,4883.000000000000000,"0","0","0",0.000000000000000,"0","0",6.011797757630938,"0",6.000000000000000,
"2329","10000925",ST. BRIDES CORRECTIONAL CENTER,701 SANDERSON RD,CHESAPEAKE,VA,"23328","6482",(757) 421-6600,STATE,OPEN,"1174",CHESAPEAKE,"51550",USA,MEDIUM,-76.182959,36.610482,0.320000000000000,0.080000000000000,9654.000000000000000,"0","0","0",0.000000000000000,"0","0",5.845161281093476,"0",5.950000047683720,
"2331","10001593",SUSSEX I STATE PRISON,24414 MUSSELWHITE DR,WAVERLY,VA,"23891","1111",(804) 834-9967,STATE,OPEN,"1131",SUSSEX,"51183",USA,MAXIMUM,-77.198808,37.046310,,0.140000000000000,1010.000000000000000,"0","0","0",0.000000000000000,"0","0",6.250000000000000,"0",6.250000000000000,
"2333","10001594",SUSSEX II STATE PRISON,24427 MUSSELWHITE DR,WAVERLY,VA,"23891","2222",(804) 834-2678,STATE,OPEN,"1258",SUSSEX,"51183",USA,MAXIMUM,-77.205455,37.052082,,0.140000000000000,1010.000000000000000,"0","0","0",0.000000000000000,"0","0",6.250000000000000,"0",6.250000000000000,
"2334","10001591",WALLENS RIDGE STATE PRISON,272 DOGWOOD DR,BIG STONE GAP,VA,"24219","-999",(276) 523-3310,STATE,OPEN,"1062",WISE,"51195",USA,MAXIMUM,-82.786752,36.842101,0.630000000000000,0.160000000000000,6840.000000000000000,"0","0","2",2.000000000000000,"0","0",6.860000038146974,"0",6.699999809265140,
"2338","10003284",CHESTERFIELD WOMEN'S DETENTION AND DIVERSION CENTER,7000 COURTHOUSE RD,CHESTERFIELD,VA,"23832","-999",(804) 796-4242,STATE,OPEN,"84",CHESTERFIELD,"51041",USA,MINIMUM,-77.558529,37.401065,0.210000000000000,0.300000000000000,4848.000000000000000,"0","0","0",0.000000000000000,"0","0",6.643076926011306,"0",7.099999904632570,
"2341","10003256",COLD SPRINGS DETENTION AND DIVERSION CENTER,192 SPITLER CIRCLE,GREENVILLE,VA,"24440","-999",(540) 569-3702,STATE,OPEN,"112",AUGUSTA,"51015",USA,MINIMUM,-79.150115,37.991908,0.830000000000000,0.090000000000000,5260.000000000000000,"0","0","1",1.000000000000000,"0","0",6.125966866372040,"0",6.450000047683720,
"2342","10003247",HARRISONBURG DETENTION AND DIVERSION CENTER,6624 BEARD WOODS LANE,HARRISONBURG,VA,"22802","-999",(540) 833-2011,STATE,OPEN,"115",ROCKINGHAM,"51165",USA,MINIMUM,-78.816558,38.531866,0.380000000000000,0.120000000000000,4079.000000000000000,"0","0","0",0.000000000000000,"0","0",6.556122473308018,"0",6.300000190734860,
"2343","10003253",STAFFORD DETENTION AND DIVERSION CENTER,384 ESKIMO HILL RD,STAFFORD,VA,"22554","-999",(540) 659-2093,STATE,OPEN,"109",STAFFORD,"51179",USA,MINIMUM,-77.420343,38.380217,0.460000000000000,0.260000000000000,3258.000000000000000,"0","0","0",0.000000000000000,"0","0",5.999999986178634,"0",5.799999952316280,
"2345","10006672",APPALACHIAN DETENTION AND DIVERSION CENTER,924 CLIFTON FARM ROAD,HONAKER,VA,"24260","-999",(276) 889-7671,STATE,OPEN,"53",RUSSELL,"51167",USA,MINIMUM,-81.928831,36.997660,0.610000000000000,0.140000000000000,2919.000000000000000,"0","0","0",0.000000000000000,"0","1",6.430582537234408,"0",6.599999904632570,
"2347","10000565",KIT CARSON CORRECTIONAL FACILITY,49777 COUNTY ROAD V,BURLINGTON,CO,"80807","-999",(719) 346-9450,STATE,OPEN,"0",KIT CARSON,"08063",USA,MEDIUM,-102.244150,39.303206,0.900000000000000,0.020000000000000,4826.000000000000000,"1","0","0",0.000000000000000,"1","0",4.531719619916416,"0",4.900000095367430,
"2380","10000757",GROVELAND ANNEX,7000 SONYEA RD,SONYEA,NY,"14556","-999",(585) 658-2871,STATE,OPEN,"0",LIVINGSTON,"36051",USA,MINIMUM,-77.826073,42.676040,,0.060000000000000,1749.000000000000000,"0","0","0",0.000000000000000,"0","0",5.885714326586042,"0",5.900000095367430,
"2395","10002108",PAULDING PROBATION DETENTION CENTER,1295 N INDUSTRIAL BLVD,DALLAS,GA,"30132","-999",(478) 988-7024,STATE,OPEN,"150",PAULDING,"13223",USA,MINIMUM,-84.814666,33.949767,0.520000000000000,0.720000000000000,14821.000000000000000,"0","0","0",0.000000000000000,"0","0",8.440000002724783,"0",8.349999904632570,
"2399","10005201",TURNER,514 SOUTH RAILROAD AVE,SYCAMORE,GA,"31790","-999",(229) 567-4301,STATE,OPEN,"1",TURNER,"13287",USA,MEDIUM,-83.633984,31.662150,0.860000000000000,0.340000000000000,3183.000000000000000,"0","0","1",1.000000000000000,"0","0",7.499999996493846,"0",7.699999809265140,
"2400","10002142",WHEELER CORRECTIONAL FACILITY,195 NORTH BROAD STREET,ALAMO,GA,"30411","-999",(912) 568-1731,STATE,OPEN,"2636",WHEELER,"13309",USA,MEDIUM,-82.795008,32.150493,0.930000000000000,0.360000000000000,5383.000000000000000,"1","0","3",2.000000000000000,"1","0",7.172782870243084,"0",7.649999856948850,
"2409","10005378",FCI DANBURY CAMP,ROUTE 37,DANBURY,CT,"06811","-999",(203) 743-6471,FEDERAL,OPEN,"173",FAIRFIELD,"09001",USA,MINIMUM,-73.466515,41.438773,0.460000000000000,0.220000000000000,963.000000000000000,"0","0","0",0.000000000000000,"0","0",6.005310874958074,"0",6.099999904632570,
"2411","10001384",SPECIAL ALTERNATIVE INCARCERATION FACILITY,18901 WATERLOO RD,CHELSEA,MI,"48118","-999",(734) 475-1368,STATE,OPEN,"137",WASHTENAW,"26161",USA,MINIMUM,-84.075576,42.348839,0.350000000000000,0.470000000000000,2782.000000000000000,"0","0","0",0.000000000000000,"0","0",6.976136359301480,"0",7.250000000000000,
"2414","10002800",FCI LA TUNA CAMP,8500 DONIPHAN DR,ANTHONY,TX,"79821","-999",(915) 791-9000,FEDERAL,OPEN,"210",EL PASO,"48141",USA,MINIMUM,-106.590671,31.986209,0.630000000000000,0.180000000000000,4363.000000000000000,"0","0","2",2.000000000000000,"0","0",5.681818051771686,"0",5.649999856948850,
"2415","10002801",FSL LA TUNA (EL PASO),OLD IRONSIDES DRIVE BUILDING 11636,EL PASO,TX,"79906","-999",(915) 791-9000,FEDERAL,OPEN,"251",EL PASO,"48141",USA,MINIMUM,-106.354925,31.863055,0.150000000000000,0.120000000000000,6422.000000000000000,"0","0","0",0.000000000000000,"0","0",5.963510409789054,"0",6.900000095367430,
"2416","10002872",FDC HOUSTON,1200 TEXAS AVE,HOUSTON,TX,"77002","-999",(713) 221-5400,FEDERAL,OPEN,"808",HARRIS,"48201",USA,MAXIMUM,-95.360704,29.758264,0.020000000000000,0.900000000000000,6011.000000000000000,"0","1","0",0.000000000000000,"1","1",9.466666539510092,"1",9.500000000000000,both
"2417","10002860",FCI BEAUMONT LOW,5560 KNAUTH ROAD,BEAUMONT,TX,"77705","-999",(409) 727-8172,FEDERAL,OPEN,"2163",JEFFERSON,"48245",USA,MINIMUM,-94.074120,29.966300,,0.860000000000000,5132.000000000000000,"0","0","0",0.000000000000000,"0","0",7.699999928474426,"0",7.800000190734860,
"2418","10000269",THUMB CORRECTIONAL FACILITY,3225 JOHN CONLEY DR,LAPEER,MI,"48446","-999",(810) 667-2045,STATE,OPEN,"1106",LAPEER,"26087",USA,MEDIUM,-83.348372,43.035119,,0.440000000000000,1268.000000000000000,"0","0","1",1.000000000000000,"0","0",6.699999809265138,"0",6.699999809265140,
"2419","10000274",WOODLAND CENTER CORRECTIONAL FACILITY,9036 E. M-36,WHITMORE LAKE,MI,"48189","-999",(734) 449-3320,STATE,OPEN,"336",LIVINGSTON,"26093",USA,MAXIMUM,-83.772094,42.438442,0.270000000000000,0.610000000000000,2034.000000000000000,"0","0","0",0.000000000000000,"0","1",7.726086927496868,"0",7.750000000000000,
"2424","10002913",FCI THREE RIVERS,US HWY 72 W,THREE RIVERS,TX,"78071","-999",(361) 786-3576,FEDERAL,OPEN,"1020",LIVE OAK,"48297",USA,MEDIUM,-98.324784,28.444311,0.750000000000000,0.710000000000000,4613.000000000000000,"0","0","1",1.000000000000000,"0","1",7.141432467743362,"0",7.699999809265140,
"2425","10002914",FCI THREE RIVERS CAMP,US HWY 72 W,THREE RIVERS,TX,"78071","-999",(361) 786-3576,FEDERAL,OPEN,"244",LIVE OAK,"48297",USA,MINIMUM,-98.317930,28.444323,0.750000000000000,0.710000000000000,4613.000000000000000,"0","0","1",1.000000000000000,"0","1",7.141432467743362,"0",7.699999809265140,
"2426","10002701",FCI ESTILL CAMP,100 PRISON RD,ESTILL,SC,"29918","-999",(803) 625-4607,FEDERAL,OPEN,"242",HAMPTON,"45049",USA,MINIMUM,-81.251587,32.723436,0.950000000000000,0.300000000000000,6634.000000000000000,"1","0","6",5.000000000000000,"1","0",6.081516589033660,"0",6.250000000000000,
"2427","10003116",FDC PHILADELPHIA,700 ARCH ST,PHILADELPHIA,PA,"19106","-999",(215) 521-4000,FEDERAL,OPEN,"955",PHILADELPHIA,"42101",USA,MAXIMUM,-75.152031,39.952581,0.060000000000000,0.690000000000000,2543.000000000000000,"0","0","8",5.000000000000000,"0","1",8.167974396172941,"0",8.199999809265140,
"2428","10003075",FCI SCHUYLKILL,INTERSTATE 81 & 901 W,MINERSVILLE,PA,"17954","-999",(570) 544-7100,FEDERAL,OPEN,"947",SCHUYLKILL,"42107",USA,MEDIUM,-76.343895,40.732805,0.920000000000000,0.330000000000000,7143.000000000000000,"1","0","3",3.000000000000000,"1","1",7.112820503039238,"0",7.300000190734860,
"2433","10005949",NORTHWEST COMMUNITY CORRECTIONS CENTER,1740 E GYPSY LANE RD,BOWLING GREEN,OH,"43402","-999",(419) 354-7444,STATE,OPEN,"54",WOOD,"39173",USA,MINIMUM,-83.617849,41.353624,0.540000000000000,0.570000000000000,4409.000000000000000,"0","0","0",0.000000000000000,"0","0",7.670588223054448,"0",7.599999904632570,
"2438","10006979",ELGIN TREATMENT CENTER,750 SOUTH STATE STREET,ELGIN,IL,"60123","-999",(847) 608-3054,STATE,OPEN,"18",KANE,"17089",USA,MAXIMUM,-88.284486,42.021306,0.300000000000000,0.860000000000000,5565.000000000000000,"0","0","0",0.000000000000000,"0","0",8.785714149475098,"0",8.600000381469730,
"2443","10000092",NORTHEAST CORRECTIONAL COMPLEX WORK CAMP,1266 US ROUTE 5,ST. JOHNSBURY,VT,"05819","-999",(802) 748-8151,STATE,OPEN,"55",CALEDONIA,"50005",USA,MINIMUM,-72.028026,44.394831,0.950000000000000,0.020000000000000,3540.000000000000000,"1","0","2",2.000000000000000,"1","0",4.878181925686924,"0",5.000000000000000,
"2459","10003076",FCI SCHUYLKILL CAMP,INTERSTATE 81 & 901 W,MINERSVILLE,PA,"17954","-999",(570) 544-7100,FEDERAL,OPEN,"210",SCHUYLKILL,"42107",USA,MINIMUM,-76.349499,40.732013,0.920000000000000,0.330000000000000,7143.000000000000000,"1","0","3",3.000000000000000,"1","1",7.112820503039238,"0",7.200000047683720,
"2460","10003066",USP ALLENWOOD,"RT. 15, 2 MILES N OF ALLENWOOD",ALLENWOOD,PA,"17810","-999",(570) 547-0963,FEDERAL,OPEN,"775",UNION,"42119",USA,MAXIMUM,-76.922898,41.133869,0.990000000000000,0.260000000000000,3457.000000000000000,"1","0","0",0.000000000000000,"1","0",6.985714299338206,"0",7.049999952316280,
"2468","10006992",WESTERN VIRGINIA REGIONAL JAIL,5885 W RIVER RD,SALEM,VA,"24153","-999",(540) 378-3700,STATE,OPEN,"883",ROANOKE,"51161",USA,MAXIMUM,-80.170436,37.250229,0.210000000000000,0.170000000000000,4197.000000000000000,"0","0","0",0.000000000000000,"0","0",6.320312492549420,"0",6.699999928474430,
"2485","10003383",STARK REGIONAL COMMUNITY CORRECTION CENTER,4433 LESH ST,LOUISVILLE,OH,"44641","-999",(330) 588-2500,STATE,OPEN,"-999",STARK,"39151",USA,MINIMUM,-81.309656,40.837031,0.590000000000000,0.670000000000000,6870.000000000000000,"0","0","0",0.000000000000000,"0","0",8.464705859913545,"0",8.449999809265140,
"2499","10000264",ALGER CORRECTIONAL FACILITY,N6141 INDUSTRIAL PARK DR,MUNISING,MI,"49862","-999",(906) 387-5000,STATE,OPEN,"886",ALGER,"26003",USA,MAXIMUM,-86.639617,46.378616,0.980000000000000,0.030000000000000,2967.000000000000000,"1","0","0",0.000000000000000,"1","0",4.009494938513245,"0",3.833333412806190,
"2502","10007015",ELMHURST HOSPITAL PRISON WARD,79-01 BROADWAY,QUEENS,NY,"11373","-999",(718) 334-2107,STATE,OPEN,"-999",QUEENS,"36081",USA,NOT AVAILABLE,-73.885530,40.745064,0.440000000000000,0.600000000000000,5353.000000000000000,"0","0","6",5.000000000000000,"0","1",7.336502046144920,"0",7.300000190734860,
"2508","10001364",BELLAMY CREEK CORRECTIONAL FACILITY,1727 W BLUEWATER HWY,IONIA,MI,"48846","-999",(616) 527-2510,STATE,OPEN,"1753",IONIA,"26067",USA,CLOSE,-85.104377,42.977871,,0.410000000000000,3172.000000000000000,"0","0","0",0.000000000000000,"0","0",6.400000095367432,"0",6.466666698455810,
"2509","10002506",WASHINGTON STATE PENITENTIARY,1313 N 13TH AVE,WALLA WALLA,WA,"99362","-999",(509) 525-3610,STATE,OPEN,"2593",WALLA WALLA,"53071",USA,MAXIMUM,-118.364223,46.079868,0.100000000000000,0.420000000000000,2731.000000000000000,"0","0","0",0.000000000000000,"0","1",6.450000047683716,"0",6.425000071525570,
"2510","10003068",FCI ALLENWOOD MEDIUM,"RT. 15, 2 MILES N OF ALLENWOOD",WHITE DEER,PA,"17810","-999",(570) 547-7950,FEDERAL,OPEN,"1231",UNION,"42119",USA,MEDIUM,-76.933057,41.127960,0.990000000000000,0.260000000000000,3457.000000000000000,"1","0","0",0.000000000000000,"1","0",6.985714299338206,"0",6.950000047683720,
"2512","10003616",FCI FORREST CITY LOW CAMP,1400 DALE BUMPERS ROAD,FORREST CITY,AR,"72335","-999",(870) 630-6000,FEDERAL,OPEN,"260",ST. FRANCIS,"05123",USA,MINIMUM,-90.796827,34.980544,0.900000000000000,0.530000000000000,7245.000000000000000,"1","0","3",3.000000000000000,"1","0",6.857142868496124,"0",6.850000143051150,
"2514","10000874",WESTERN REGION DETENTION FACILITY,220 WEST C STREET,SAN DIEGO,CA,"92101","-999",(619) 232-9221,FEDERAL,OPEN,"733",SAN DIEGO,"06073",USA,MAXIMUM,-117.165181,32.716951,0.030000000000000,0.830000000000000,5847.000000000000000,"0","0","0",0.000000000000000,"0","1",10.169537063363414,"1",10.100000381469700,washuonly
"2517","10004659",FCI ENGLEWOOD,9595 WEST QUINCY AVE,LITTLETON,CO,"80123","-999",(303) 763-4300,FEDERAL,OPEN,"637",JEFFERSON,"08059",USA,MINIMUM,-105.105527,39.641920,,0.220000000000000,1308.000000000000000,"0","0","0",0.000000000000000,"0","0",6.796172400422996,"0",6.750000000000000,
"2518","10004660",FCI ENGLEWOOD DETENTION CENTER,9595 WEST QUINCY AVENUE,LITTLETON,CO,"80123","-999",(303) 763-4300,FEDERAL,OPEN,"175",JEFFERSON,"08059",USA,MINIMUM,-105.107768,39.643462,,0.220000000000000,1308.000000000000000,"0","0","0",0.000000000000000,"0","0",6.796172400422996,"0",6.800000190734860,
"2519","10004592",USP COLEMAN I,846 NORTHEAST 54TH TERRACE,SUMTERVILLE,FL,"33521","-999",(352) 689-6000,FEDERAL,OPEN,"1245",SUMTER,"12119",USA,MAXIMUM,-82.004453,28.773791,,0.230000000000000,6876.000000000000000,"0","0","0",0.000000000000000,"0","0",7.359999942779542,"0",7.599999904632570,
"2520","10004593",FCI COLEMAN LOW,846 NORTHEAST 54TH TERRACE,SUMTERVILLE,FL,"33521","-999",(352) 689-4000,FEDERAL,OPEN,"2415",SUMTER,"12119",USA,MINIMUM,-82.011756,28.770648,,0.230000000000000,6876.000000000000000,"0","0","0",0.000000000000000,"0","0",7.359999942779542,"0",7.399999936421710,
"2521","10006179",FCI MENDOTA,33500 WEST CALIFORNIA AVENUE,MENDOTA,CA,"93640","-999",(559) 274-4000,FEDERAL,OPEN,"708",FRESNO,"06019",USA,MEDIUM,-120.392460,36.733641,0.880000000000000,0.810000000000000,7406.000000000000000,"0","0","5",3.000000000000000,"0","0",6.462452410562114,"0",8.600000381469730,
"2522","10006180",FCI MENDOTA CAMP,33500 WEST CALIFORNIA AVENUE,MENDOTA,CA,"93640","-999",(559) 274-4000,FEDERAL,OPEN,"82",FRESNO,"06019",USA,MINIMUM,-120.392375,36.728769,0.880000000000000,0.810000000000000,7406.000000000000000,"0","0","5",3.000000000000000,"0","0",6.462452410562114,"0",8.550000190734860,
"2523","10003846",CHARLES EGELER RECEPTION & GUIDANCE CENTER,3855 COOPER ST,JACKSON,MI,"49201","7547",(517) 780-5600,STATE,OPEN,"950",JACKSON,"26075",USA,MEDIUM,-84.389200,42.299795,,0.470000000000000,5113.000000000000000,"0","0","1",1.000000000000000,"0","0",6.900000095367432,"0",6.900000095367430,
"2524","10006194",USP ATWATER CAMP,1 FEDERAL WAY,ATWATER,CA,"95301","-999",(209) 386-0257,FEDERAL,OPEN,"101",MERCED,"06047",USA,MINIMUM,-120.563511,37.383247,0.700000000000000,0.990000000000000,3231.000000000000000,"0","1","3",3.000000000000000,"1","1",8.966115778142756,"0",9.600000381469730,cejstonly
"2525","10003978",ICE FLORENCE SPC,3250 N. PINAL PARKWAY,FLORENCE,AZ,"85132","-999",(520) 868-5862,FEDERAL,OPEN,"384",PINAL,"04021",USA,NOT AVAILABLE,-111.383296,33.064050,0.570000000000000,0.140000000000000,14287.000000000000000,"0","0","1",1.000000000000000,"0","1",5.923913033112236,"0",5.800000190734860,
"2528","10001981",CI EDEN,702 E BROADWAY ST,EDEN,TX,"76837","-999",(325) 869-2704,MULTI,OPEN,"0",CONCHO,"48095",USA,MINIMUM,-99.833818,31.217805,0.940000000000000,0.250000000000000,3266.000000000000000,"1","0","3",3.000000000000000,"1","0",5.917496922085834,"0",6.400000095367430,
"2531","10004622",BRADENTON BRIDGE,2104 63RD AVENUE EAST,BRADENTON,FL,"34203","5012",(941) 932-9030,STATE,OPEN,"116",MANATEE,"12081",USA,MINIMUM,-82.537678,27.428600,0.320000000000000,0.210000000000000,7119.000000000000000,"0","0","0",0.000000000000000,"0","0",8.626666704813641,"0",8.199999809265140,
"2534","10000278",COOPER STREET CORRECTIONAL FACILITY,3100 COOPER ST,JACKSON,MI,"49201","-999",(517) 780-6175,STATE,OPEN,"1739",JACKSON,"26075",USA,MINIMUM,-84.396994,42.295941,,0.470000000000000,5113.000000000000000,"0","0","1",1.000000000000000,"0","0",6.900000095367432,"0",6.900000095367430,
"2535","10001957",FOUNTAIN CORRECTIONAL FACILITY,9677 AL HWY 21 N,ATMORE,AL,"36503","3800",(251) 368-8122,STATE,OPEN,"1136",ESCAMBIA,"01053",USA,MEDIUM,-87.465375,31.156754,0.830000000000000,0.460000000000000,5625.000000000000000,"0","0","1",1.000000000000000,"0","0",7.550456640382880,"0",8.000000000000000,
"2536","10000132",DONALDSON CORRECTIONAL FACILITY,100 WARRIOR LN,BESSEMER,AL,"35023","7299",(205) 436-3681,STATE,OPEN,"1386",JEFFERSON,"01073",USA,CLOSE,-87.184784,33.513667,0.810000000000000,0.710000000000000,3603.000000000000000,"0","0","0",0.000000000000000,"0","1",7.665254249411114,"0",7.599999904632570,
"2538","10001223",BULLOCK CORRECTIONAL FACILITY,104 BULLOCK DR,UNION SPRINGS,AL,"36089","-999",(334) 738-5625,STATE,OPEN,"1343",BULLOCK,"01011",USA,MEDIUM,-85.672320,32.149403,0.940000000000000,0.560000000000000,5814.000000000000000,"1","0","3",3.000000000000000,"1","0",7.439247318493424,"0",7.699999809265140,
"2539","10001214",ELMORE CORRECTIONAL FACILITY,3520 MARION SPILLWAY ROAD,ELMORE,AL,"36025","-999",(334) 567-1460,STATE,OPEN,"1161",ELMORE,"01051",USA,MEDIUM,-86.320806,32.574305,0.800000000000000,0.640000000000000,9137.000000000000000,"0","0","0",0.000000000000000,"0","0",7.950617322215328,"0",8.400000095367430,
"2540","10001954",BIBB CORRECTIONAL FACILITY,565 BIBB LANE,BRENT,AL,"35034","-999",(205) 926-5252,STATE,OPEN,"1808",BIBB,"01007",USA,MEDIUM,-87.163158,32.920086,0.950000000000000,0.620000000000000,9635.000000000000000,"1","0","1",1.000000000000000,"1","0",7.429735252667834,"0",7.700000047683720,
"2543","10000129",LIMESTONE CORRECTIONAL FACILITY,28779 NICK DAVIS RD,HARVEST,AL,"35749","-999",(256) 233-4600,STATE,OPEN,"2107",LIMESTONE,"01083",USA,CLOSE,-86.804133,34.812544,0.350000000000000,0.460000000000000,8494.000000000000000,"0","0","1",1.000000000000000,"0","0",6.948437482118608,"0",7.400000095367430,
"2544","10000140",STATON CORRECTIONAL FACILITY,2690 MARION SPILLWAY RD,ELMORE,AL,"36025","-999",(334) 567-2221,STATE,OPEN,"1303",ELMORE,"01051",USA,MEDIUM,-86.332489,32.577216,0.800000000000000,0.640000000000000,9137.000000000000000,"0","0","0",0.000000000000000,"0","0",7.950617322215328,"0",8.699999809265140,
"2545","10000149",HOLMAN CORRECTIONAL FACILITY,866 ROSS RD,ATMORE,AL,"36503","-999",(251) 368-8173,STATE,OPEN,"700",ESCAMBIA,"01053",USA,CLOSE,-87.449864,31.134386,0.830000000000000,0.460000000000000,5625.000000000000000,"0","0","1",1.000000000000000,"0","0",7.550456640382880,"0",7.300000190734860,
"2546","10003698",DECATUR COMMUNITY BASED FACILITY / COMMUNITY WORK CENTER,1401 STATE HIGHWAY 20 WEST,DECATUR,AL,"35601","-999",(256) 350-0876,STATE,OPEN,"555",MORGAN,"01103",USA,MINIMUM,-87.005628,34.617567,0.990000000000000,0.520000000000000,2538.000000000000000,"1","0","12",7.000000000000000,"1","1",7.971428734915598,"0",8.100000381469730,
"2548","10000142",CAMDEN COMMUNITY BASED FACILITY / COMMUNITY WORK CENTER,1780 ALABAMA HWY 221,CAMDEN,AL,"36726","-999",(334) 682-4287,STATE,OPEN,"93",WILCOX,"01131",USA,MINIMUM,-87.333123,31.994837,0.940000000000000,0.510000000000000,4549.000000000000000,"1","0","4",2.000000000000000,"1","0",7.450669638812542,"0",7.599999904632570,
"2549","10001226",ELBA COMMUNITY BASED FACILITY / COMMUNITY WORK CENTER,1620 BOSWELL ST,ELBA,AL,"36323","-999",(334) 897-5738,STATE,OPEN,"130",COFFEE,"01031",USA,MINIMUM,-86.083737,31.413124,0.830000000000000,0.400000000000000,4777.000000000000000,"0","0","5",3.000000000000000,"0","0",7.356994826558958,"0",8.100000381469730,
"2550","10001209",CHILDERSBURG COMMUNITY BASED FACILITY / COMMUNITY WORK CENTER,13501 PLANT RD,ALPINE,AL,"35014","-999",(256) 378-3821,STATE,OPEN,"368",TALLADEGA,"01121",USA,MINIMUM,-86.332198,33.364933,0.900000000000000,0.660000000000000,3037.000000000000000,"1","0","4",4.000000000000000,"1","0",7.580663011877578,"0",7.900000095367430,
"2551","10003721",ALEX CITY COMMUNITY BASED FACILITY / COMMUNITY WORK CENTER,HIGHWAY 22 WEST,ALEX CITY,AL,"35011","-999",(256) 234-7533,STATE,OPEN,"201",COOSA,"01037",USA,MINIMUM,-86.008969,32.904471,0.970000000000000,0.590000000000000,3587.000000000000000,"1","0","3",3.000000000000000,"1","0",7.568200833627868,"0",8.000000000000000,
"2552","10003728",FRANK LEE COMMUNITY BASED FACILITY / COMMUNITY WORK CENTER,5305 INGRAM RD.,DEATSVILLE,AL,"36022","-999",(334) 290-3200,STATE,OPEN,"285",ELMORE,"01051",USA,MINIMUM,-86.392218,32.582355,0.460000000000000,0.680000000000000,6379.000000000000000,"0","0","0",0.000000000000000,"0","0",7.972000064849854,"0",7.800000190734860,
"2553","10000150",MOBILE COMMUNITY BASED FACILITY / COMMUNITY WORK CENTER,2423 N BELTLINE HWY,PRITCHARD,AL,"36610","-999",(251) 452-0098,STATE,OPEN,"192",MOBILE,"01097",USA,MINIMUM,-88.109057,30.737881,0.980000000000000,0.650000000000000,2145.000000000000000,"1","0","8",5.000000000000000,"1","0",8.566666603088381,"0",8.600000381469730,
"2554","10000146",LOXLEY COMMUNITY BASED FACILITY / COMMUNITY WORK CENTER,14880 COUNTY RD 64,LOXLEY,AL,"36551","-999",(251) 964-5044,STATE,OPEN,"356",BALDWIN,"01003",USA,MINIMUM,-87.770310,30.615336,0.440000000000000,0.450000000000000,6235.000000000000000,"0","0","0",0.000000000000000,"0","0",7.441176507987228,"0",7.049999952316280,
"2555","10001199",HAMILTON COMMUNITY BASED FACILITY / COMMUNITY WORK CENTER,1826 BEXAR AVE E,HAMILTON,AL,"35570","-999",(205) 921-9308,STATE,OPEN,"220",MARION,"01093",USA,MINIMUM,-87.958960,34.143296,0.890000000000000,0.440000000000000,4866.000000000000000,"0","0","1",1.000000000000000,"0","0",6.542724457318570,"0",6.900000095367430,
"2560","10001216",JULIA TUTWILER PRISON FOR WOMEN,8966 US HWY 231 N,WETUMPKA,AL,"36092","-999",(334) 567-4369,STATE,OPEN,"565",ELMORE,"01051",USA,CLOSE,-86.193593,32.564028,0.780000000000000,0.640000000000000,6834.000000000000000,"0","0","1",1.000000000000000,"0","0",7.758646635184610,"0",8.300000190734860,
"2561","10001197",HAMILTON AGED / INFIRMED,223 SASSER DR,HAMILTON,AL,"35570","-999",(205) 921-7453,STATE,OPEN,"243",MARION,"01093",USA,MEDIUM,-87.991719,34.124346,0.890000000000000,0.440000000000000,4866.000000000000000,"0","0","1",1.000000000000000,"0","0",6.542724457318570,"0",7.099999904632570,
"2562","10001222",MONTGOMERY WOMEN'S FACILITY,12085 WARES FERRY RD,MONTGOMERY,AL,"36117","-999",(334) 215-0756,STATE,OPEN,"274",MONTGOMERY,"01101",USA,MEDIUM,-86.099122,32.389642,0.630000000000000,0.660000000000000,1728.000000000000000,"0","0","0",0.000000000000000,"0","0",8.412000026702882,"0",8.424999952316282,
"2563","10001221",KILBY CORRECTIONAL FACILITY,12201 WARES FERRY RD,MONTGOMERY,AL,"36117","-999",(334) 215-6600,STATE,OPEN,"1231",MONTGOMERY,"01101",USA,CLOSE,-86.100981,32.388357,0.630000000000000,0.660000000000000,1728.000000000000000,"0","0","0",0.000000000000000,"0","0",8.412000026702882,"0",8.400000095367430,
"2564","10003710",SAINT CLAIR CORRECTIONAL FACILITY,1000 SAINT CLAIR ROAD,SPRINGVILLE,AL,"35146","-999",(205) 467-6111,STATE,OPEN,"964",ST. CLAIR,"01115",USA,CLOSE,-86.384374,33.745588,0.700000000000000,0.680000000000000,10775.000000000000000,"0","0","0",0.000000000000000,"0","1",7.482857118334090,"0",7.500000000000000,
"2565","10006241",JULIA TUTWILER PRISON FOR WOMEN ANNEX,8966 US HWY 231 N,WETUMPKA,AL,"36092","-999",(334) 567-4369,STATE,OPEN,"230",ELMORE,"01051",USA,MEDIUM,-86.192027,32.564445,0.780000000000000,0.640000000000000,6834.000000000000000,"0","0","1",1.000000000000000,"0","0",7.758646635184610,"0",8.300000190734860,
"2568","10001210",TAYLOR HARDIN SECURE MEDICAL FACILITY,1301 JACK WARNER PARKWAY NE,TUSCALOOSA,AL,"35404","-999",(205) 462-4500,STATE,OPEN,"-999",TUSCALOOSA,"01125",USA,MAXIMUM,-87.517274,33.218688,0.930000000000000,0.650000000000000,1995.000000000000000,"1","0","0",0.000000000000000,"1","0",8.240000152587893,"0",8.199999809265140,
"2572","10006376",ERIE CCC,137 WEST 2ND STREET,ERIE,PA,"16507","-999",(814) 456-9112,STATE,OPEN,"0",ERIE,"42049",USA,MINIMUM,-80.090469,42.131924,0.800000000000000,0.450000000000000,3374.000000000000000,"0","0","4",3.000000000000000,"0","1",6.450000047683716,"0",6.500000000000000,
"2576","10000143",VENTRESS CORRECTIONAL FACILITY,379 ALABAMA HWY 239 N,CLAYTON,AL,"36016","-999",(334) 775-3331,STATE,OPEN,"1245",BARBOUR,"01005",USA,MEDIUM,-85.492998,31.889029,0.960000000000000,0.500000000000000,3949.000000000000000,"1","0","3",2.000000000000000,"1","0",7.386150712636726,"0",7.500000000000000,
"2578","10000144",EASTERLING CORRECTIONAL FACILITY,200 WALLACE DR,CLIO,AL,"36017","2615",(334) 397-4471,STATE,OPEN,"1229",BARBOUR,"01005",USA,MEDIUM,-85.585559,31.689381,0.810000000000000,0.420000000000000,3817.000000000000000,"0","0","5",4.000000000000000,"0","0",7.175776394257634,"0",7.500000000000000,
"2580","10001345",KINROSS CORRECTIONAL FACILITY,4533 W. INDUSTRIAL PARK DRIVE,KINCHELOE,MI,"49788","-999",(906) 495-2282,STATE,OPEN,"1509",CHIPPEWA,"26033",USA,MEDIUM,-84.454690,46.249085,,0.130000000000000,157.000000000000000,"0","0","1",1.000000000000000,"0","0",4.964162696212560,"0",4.950000047683720,
"2581","10006593",LINCOLN REGIONAL CENTER,WEST PROSPECTOR PLACE AND FOLSOM STREET,LINCOLN,NE,"68509","4949",(402) 479-5410,STATE,OPEN,"-999",LANCASTER,"31109",USA,NOT AVAILABLE,-96.732539,40.780882,,0.360000000000000,17.000000000000000,"0","0","0",0.000000000000000,"0","0",6.654724689672826,"0",6.599999904632570,
"2583","10000999",COLUMBIA CORRECTIONAL INSTITUTION,2925 COLUMBIA DR,PORTAGE,WI,"53901","0950",(608) 742-9100,STATE,OPEN,"828",COLUMBIA,"55021",USA,MAXIMUM,-89.489697,43.566235,0.520000000000000,0.200000000000000,6647.000000000000000,"0","0","0",0.000000000000000,"0","0",6.588095222200666,"0",6.649999856948850,
"2585","10002605",ROBERT E ELLSWORTH CORRECTIONAL CENTER,21425-A SPRING ST,UNION GROVE,WI,"53182","9408",(262) 878-6000,STATE,OPEN,"468",RACINE,"55101",USA,MINIMUM,-88.081517,42.696973,0.440000000000000,0.520000000000000,964.000000000000000,"0","0","5",3.000000000000000,"0","0",7.433333396911622,"0",7.450000047683720,
"2588","10006669",SECURE COMMUNITY TRANSITION FACILITY - KING COUNTY,132 SOUTH SPOKANE STREET,SEATTLE,WA,"98134","-999",(360) 725-2300,STATE,OPEN,"-999",KING,"53033",USA,NOT AVAILABLE,-122.332612,47.571969,0.010000000000000,0.290000000000000,3179.000000000000000,"0","0","0",0.000000000000000,"0","1",7.127272735942494,"0",7.400000095367430,
"2589","10004118",NH STATE PRISON FOR MEN,281 N STATE ST,CONCORD,NH,"03302","-999",(603) 271-1801,STATE,OPEN,"1412",MERRIMACK,"33013",USA,MAXIMUM,-71.558818,43.227109,0.520000000000000,0.010000000000000,4083.000000000000000,"0","0","0",0.000000000000000,"0","0",5.393750071525574,"0",5.350000143051150,
"2590","10002564",SAND RIDGE SECURE TREATMENT CENTER,1111 NORTH RD,MAUSTON,WI,"53948","-999",(608) 847-4438,STATE,OPEN,"350",JUNEAU,"55057",USA,MAXIMUM,-90.101828,43.808800,0.570000000000000,0.190000000000000,4235.000000000000000,"0","0","0",0.000000000000000,"0","0",6.304166674613954,"0",6.366666793823240,
"2595","10003083",FCI LORETTO,772 SAINT JOSEPH ST,LORETTO,PA,"15940","-999",(814) 472-4140,FEDERAL,OPEN,"898",CAMBRIA,"42021",USA,MINIMUM,-78.621868,40.495702,0.810000000000000,0.290000000000000,4376.000000000000000,"0","0","0",0.000000000000000,"0","1",7.451219552900734,"0",7.500000000000000,
"2596","10003084",FCI LORETTO CAMP,772 SAINT JOSEPH ST,LORETTO,PA,"15940","-999",(814) 472-4140,FEDERAL,OPEN,"83",CAMBRIA,"42021",USA,MINIMUM,-78.618874,40.497709,0.810000000000000,0.290000000000000,4376.000000000000000,"0","0","0",0.000000000000000,"0","1",7.451219552900734,"0",7.400000095367430,
"2597","10003067",FCI ALLENWOOD LOW,"RT. 15, 2 MILES N OF ALLENWOOD",ALLENWOOD,PA,"17810","-999",(570) 547-1990,FEDERAL,OPEN,"1331",UNION,"42119",USA,MINIMUM,-76.925038,41.126797,0.990000000000000,0.260000000000000,3457.000000000000000,"1","0","0",0.000000000000000,"1","0",6.985714299338206,"0",7.000000000000000,
"2603","10006524",ALABAMA THERAPEUTIC EDUCATION FACILITY,102 INDUSTRIAL PARKWAY,COLUMBIANA,AL,"35051","-999",(205) 669-1187,STATE,OPEN,"281",SHELBY,"01117",USA,NOT AVAILABLE,-86.624017,33.181005,0.700000000000000,0.740000000000000,4729.000000000000000,"0","0","0",0.000000000000000,"0","0",7.847468412375148,"0",8.399999618530270,
"2609","10000079",BARBARA ESTER UNIT,7500 CORRECTIONS CIRCLE,PINE BLUFF,AR,"71603","-999",(870) 267-6240,STATE,OPEN,"566",JEFFERSON,"05069",USA,MEDIUM,-92.083066,34.221982,0.720000000000000,0.720000000000000,5042.000000000000000,"0","0","0",0.000000000000000,"0","0",7.311111113037726,"0",7.500000000000000,
"2613","10000085",CUMMINS UNIT,STATE HWY 388,GRADY,AR,"71644","0500",(870) 850-8899,STATE,OPEN,"1899",LINCOLN,"05079",USA,MAXIMUM,-91.584072,34.051522,0.900000000000000,0.590000000000000,6274.000000000000000,"1","0","5",4.000000000000000,"1","0",7.613486014553002,"0",8.000000000000000,
"2615","10001005",THOMPSON CORRECTIONAL CENTER,434 STATE FARM RD,DEERFIELD,WI,"53531","9562",(608) 423-3415,STATE,OPEN,"141",DANE,"55025",USA,MINIMUM,-89.044904,43.024409,0.300000000000000,0.520000000000000,7070.000000000000000,"0","0","0",0.000000000000000,"0","0",7.165727704903330,"0",7.300000190734860,
"2616","10000267",OAKS CORRECTIONAL FACILITY,1500 CABERFAE HWY,MANISTEE,MI,"49660","-999",(231) 723-8272,STATE,OPEN,"1039",MANISTEE,"26101",USA,CLOSE,-86.270016,44.245709,0.960000000000000,0.080000000000000,3616.000000000000000,"1","0","2",2.000000000000000,"1","0",4.955903626637286,"0",5.200000047683720,
"2619","10000075",EAST ARKANSAS REGIONAL UNIT,326 LEE ROAD 602,BRICKEYS,AR,"72320","-999",(870) 295-4700,STATE,OPEN,"1663",LEE,"05077",USA,MAXIMUM,-90.598584,34.849149,0.970000000000000,0.530000000000000,2499.000000000000000,"1","0","4",4.000000000000000,"1","0",7.179689528254304,"0",7.400000095367430,
"2620","10000076",BENTON UNIT,6701 US HWY 67,BENTON,AR,"72015","8488",(501) 315-2252,STATE,OPEN,"320",SALINE,"05125",USA,MINIMUM,-92.655268,34.523938,0.350000000000000,0.760000000000000,7173.000000000000000,"0","0","0",0.000000000000000,"0","0",7.295652206393256,"0",7.400000095367430,
"2621","10000088",DELTA REGIONAL UNIT,880 E GAINES ST,DERMOTT,AR,"71638","9505",(870) 538-2000,STATE,OPEN,"618",CHICOT,"05017",USA,MEDIUM,-91.412519,33.517731,0.780000000000000,0.570000000000000,3043.000000000000000,"0","0","3",2.000000000000000,"0","0",8.247496456206273,"0",8.199999809265140,
"2622","10001004",OREGON CORRECTIONAL CENTER,5140 HIGHWAY M,OREGON,WI,"53575","0025",(608) 835-3233,STATE,OPEN,"123",DANE,"55025",USA,MINIMUM,-89.396817,42.951612,0.060000000000000,0.540000000000000,5955.000000000000000,"0","0","0",0.000000000000000,"0","0",7.388571493966240,"0",7.599999904632570,
"2623","10001009",MARSHALL E. SHERRER CORRECTIONAL CENTER,1318 N 14TH ST,MILWAUKEE,WI,"53205","2596",(414) 343-5000,STATE,OPEN,"54",MILWAUKEE,"55079",USA,MINIMUM,-87.929368,43.047571,0.970000000000000,0.480000000000000,1516.000000000000000,"1","0","12",7.000000000000000,"1","1",8.457798546788680,"0",8.699999809265140,
"2626","10000993",NEW LISBON CORRECTIONAL INSTITUTION,2000 PROGRESS RD,NEW LISBON,WI,"53950","2000",(608) 562-6400,STATE,OPEN,"1037",JUNEAU,"55057",USA,MEDIUM,-90.131592,43.881441,0.840000000000000,0.180000000000000,4974.000000000000000,"0","0","0",0.000000000000000,"0","0",6.154385941070424,"0",6.199999928474430,
"2627","10001007",MILWAUKEE SECURE DETENTION FACILITY,1015 N 10TH ST,MILWAUKEE,WI,"53205","0740",(414) 212-3535,STATE,OPEN,"1093",MILWAUKEE,"55079",USA,MEDIUM,-87.924930,43.043894,0.020000000000000,0.470000000000000,4277.000000000000000,"0","0","0",0.000000000000000,"0","1",8.899999936421715,"0",8.699999809265140,
"2629","10000070",GRIMES UNIT,300 CORRECTIONS DRIVE,NEWPORT,AR,"72112","-999",(870) 523-5877,STATE,OPEN,"1069",JACKSON,"05067",USA,MAXIMUM,-91.187898,35.626082,0.940000000000000,0.530000000000000,4596.000000000000000,"1","0","3",3.000000000000000,"1","0",8.430559035709926,"0",8.300000190734860,
"2636","10006381",PINE BLUFF RE-ENTRY CENTER,6841 WEST 13TH STREET,PINE BLUFF,AR,"71602","-999",(870) 730-0381,STATE,OPEN,"54",JEFFERSON,"05069",USA,MINIMUM,-92.082066,34.216175,0.720000000000000,0.720000000000000,5042.000000000000000,"0","0","0",0.000000000000000,"0","0",7.311111113037726,"0",7.599999904632570,
"2638","10001696",JOHN C BURKE CORRECTIONAL CENTER,900 S MADISON ST,WAUPUN,WI,"53963","0900",(920) 324-3460,STATE,OPEN,"284",DODGE,"55027",USA,MINIMUM,-88.737151,43.620742,0.350000000000000,0.230000000000000,7927.000000000000000,"0","0","0",0.000000000000000,"0","0",7.109090805053712,"0",7.149999856948850,
"2639","10000995",REDGRANITE CORRECTIONAL INSTITUTION,1006 COUNTY RD EE,REDGRANITE,WI,"54970","-999",(920) 566-2600,STATE,OPEN,"1012",WAUSHARA,"55137",USA,MEDIUM,-89.108930,44.053840,0.770000000000000,0.140000000000000,4430.000000000000000,"0","0","0",0.000000000000000,"0","0",6.600438557173076,"0",6.450000047683720,
"2644","10001361",ST. LOUIS CORRECTIONAL FACILITY,8585 N CROSWELL RD,ST LOUIS,MI,"48880","-999",(989) 681-6444,STATE,OPEN,"1133",GRATIOT,"26057",USA,CLOSE,-84.592150,43.416549,,0.280000000000000,3748.000000000000000,"0","0","3",3.000000000000000,"0","1",6.000000000000000,"0",6.000000000000000,
"2645","10002608",RACINE CORRECTIONAL INSTITUTION,2019 WISCONSIN ST,STURTEVANT,WI,"53177","1829",(262) 886-3214,STATE,OPEN,"1678",RACINE,"55101",USA,MEDIUM,-87.901636,42.710715,0.410000000000000,0.460000000000000,6641.000000000000000,"0","0","0",0.000000000000000,"0","1",7.500000000000000,"0",7.599999904632570,
"2646","10000066",MISSISSIPPI COUNTY WORK RELEASE CENTER,727 NORTH COUNTY ROAD 599,LUXORA,AR,"72358","-999",(870) 658-2214,STATE,OPEN,"137",MISSISSIPPI,"05093",USA,MINIMUM,-89.964537,35.778620,0.970000000000000,0.500000000000000,2329.000000000000000,"1","0","3",3.000000000000000,"1","0",8.210859736705798,"0",8.000000000000000,
"2647","10000069",MCPHERSON UNIT,302 CORRECTIONS DRIVE,NEWPORT,AR,"72112","-999",(870) 523-2639,STATE,OPEN,"958",JACKSON,"05067",USA,MAXIMUM,-91.193656,35.625985,0.940000000000000,0.530000000000000,4596.000000000000000,"1","0","3",3.000000000000000,"1","0",8.430559035709926,"0",8.300000190734860,
"2648","10000083",MAXIMUM SECURITY UNIT,2501 STATE FARM RD,TUCKER,AR,"72168","8713",(501) 842-3800,STATE,OPEN,"643",JEFFERSON,"05069",USA,MAXIMUM,-91.915529,34.454557,0.000000000000000,0.650000000000000,1657.000000000000000,"0","0","0",0.000000000000000,"0","0",8.251851876576742,"0",7.800000190734860,
"2649","10002537",STANLEY CORRECTIONAL INSTITUTION,100 CORRECTIONS DR,STANLEY,WI,"54768","6500",(715) 644-2960,STATE,OPEN,"1589",CHIPPEWA,"55017",USA,MEDIUM,-90.955009,44.948726,0.880000000000000,0.170000000000000,7224.000000000000000,"0","0","0",0.000000000000000,"0","0",6.346612484474492,"0",6.450000047683720,
"2650","10002591",WISCONSIN SECURE PROGRAM FACILITY,1101 MORRISON DR,BOSCOBEL,WI,"53805","0900",(608) 375-5656,STATE,OPEN,"479",GRANT,"55043",USA,MAXIMUM,-90.682974,43.143069,0.700000000000000,0.330000000000000,4257.000000000000000,"0","0","0",0.000000000000000,"0","0",6.320909070968628,"0",6.500000000000000,
"2651","10002613",KENOSHA CORRECTIONAL CENTER,6353 14TH AVE,KENOSHA,WI,"53143","-999",(262) 653-7099,STATE,OPEN,"119",KENOSHA,"55059",USA,MINIMUM,-87.826542,42.576538,0.780000000000000,0.420000000000000,3390.000000000000000,"0","0","1",1.000000000000000,"0","0",7.695794773294576,"0",7.800000190734860,
"2657","10000082",SOUTHEAST ARKANSAS COMMUNITY CORRECTIONS CENTER,7301 W 13TH AVE,PINE BLUFF,AR,"71602","-999",(870) 879-0661,STATE,OPEN,"0",JEFFERSON,"05069",USA,NOT AVAILABLE,-92.087405,34.217574,0.720000000000000,0.720000000000000,5042.000000000000000,"0","0","0",0.000000000000000,"0","0",7.311111113037726,"0",7.500000000000000,
"2660","10000087",TEXARKANA REGIONAL CORRECTION CENTER,305 EAST 5TH STREET,TEXARKANA,AR,"71854","-999",(870) 779-3939,STATE,OPEN,"128",MILLER,"05091",USA,MINIMUM,-94.041129,33.426152,0.900000000000000,0.790000000000000,2942.000000000000000,"1","0","6",5.000000000000000,"1","1",8.074999928474426,"0",8.100000381469730,
"2661","10000081",RANDALL L. WILLIAMS CORRECTIONAL FACILITY,7206 WEST 7TH AVE,PINE BLUFF,AR,"71603","-999",(870) 267-6800,STATE,OPEN,"546",JEFFERSON,"05069",USA,MEDIUM,-92.077634,34.221694,0.720000000000000,0.720000000000000,5042.000000000000000,"0","0","0",0.000000000000000,"0","0",7.311111113037726,"0",7.699999809265140,
"2664","10000080",PINE BLUFF UNIT,890 FREE LINE DRIVE,PINE BLUFF,AR,"71603","1498",(870) 267-6510,STATE,OPEN,"477",JEFFERSON,"05069",USA,MEDIUM,-92.081708,34.220429,0.720000000000000,0.720000000000000,5042.000000000000000,"0","0","0",0.000000000000000,"0","0",7.311111113037726,"0",7.549999952316280,
"2665","10001382",WOMEN'S HURON VALLEY CORRECTIONAL FACILITY,3201 BEMIS RD,YPSILANTI,MI,"48197","0911",(734) 572-9900,STATE,OPEN,"2213",WASHTENAW,"26161",USA,MAXIMUM,-83.692014,42.175005,,0.630000000000000,2100.000000000000000,"0","0","6",3.000000000000000,"0","0",7.325000166893006,"0",7.300000190734860,
"2669","10006526",SOUTHWEST ARKANSAS COMMUNITY CORRECTION CENTER,506 WALNUT STREET,TEXARKANA,AR,"71854","-999",(870) 779-2036,STATE,OPEN,"473",MILLER,"05091",USA,NOT AVAILABLE,-94.041427,33.426641,0.900000000000000,0.790000000000000,2942.000000000000000,"1","0","6",5.000000000000000,"1","1",8.074999928474426,"0",8.100000381469730,
"2670","10006529",NORTHWEST ARKANSAS COMMUNITY CORRECTION CENTER,114 N COLLEGE AVE,FAYETTEVILLE,AR,"72701","-999",(479) 695-3400,STATE,OPEN,"115",WASHINGTON,"05143",USA,NOT AVAILABLE,-94.157205,36.063788,0.180000000000000,0.710000000000000,8670.000000000000000,"0","0","0",0.000000000000000,"0","0",8.200000127156576,"0",8.100000381469730,
"2673","10002300",TRENTON PSYCHIATRIC HOSPITAL,100 SULLIVAN WAY,WEST TRENTON,NJ,"08628","-999",(609) 633-1500,STATE,OPEN,"382",MERCER,"34021",USA,NOT AVAILABLE,-74.805877,40.243863,0.460000000000000,0.370000000000000,4488.000000000000000,"0","0","2",2.000000000000000,"0","0",6.900000095367432,"0",6.900000095367430,
"2675","10000065",NORTHEAST ARKANSAS COMMUNITY CORRECTION CENTER,1351 CYRO RD,OSCEOLA,AR,"72370","-999",(870) 563-8330,STATE,OPEN,"234",MISSISSIPPI,"05093",USA,NOT AVAILABLE,-89.989467,35.684951,0.700000000000000,0.480000000000000,3064.000000000000000,"0","0","1",1.000000000000000,"0","0",8.389473647402044,"0",8.599999904632570,
"2677","10003229",MDC BROOKLYN,80 29TH ST,BROOKLYN,NY,"11232","-999",(718) 840-4200,FEDERAL,OPEN,"1676",KINGS,"36047",USA,MAXIMUM,-74.003818,40.659909,,0.630000000000000,1897.000000000000000,"0","0","0",0.000000000000000,"0","1",8.350000143051147,"0",8.399999618530270,
"2678","10001909",CENTRAL ARKANSAS COMMUNITY CORRECTION CENTER,4823 W 7TH ST,LITTLE ROCK,AR,"72205","-999",(501) 686-9800,STATE,OPEN,"158",PULASKI,"05119",USA,NOT AVAILABLE,-92.326985,34.747332,0.520000000000000,0.840000000000000,2963.000000000000000,"0","0","0",0.000000000000000,"0","1",8.933333079020182,"0",8.899999618530270,
"2692","10006599",ANCORA PSYCHIATRIC HOSPITAL - HOLLY HALL,301 SPRING GARDEN ROAD,HAMMONTON,NJ,"08037","-999",(609) 561-1700,STATE,OPEN,"-999",CAMDEN,"34007",USA,NOT AVAILABLE,-74.863338,39.680165,0.570000000000000,0.300000000000000,4750.000000000000000,"0","0","0",0.000000000000000,"0","0",5.785000014305116,"0",5.649999856948850,
"2694","10000262",MCF - FARIBAULT,1101 LINDEN LN,FARIBAULT,MN,"55021","6400",(507) 334-0700,STATE,OPEN,"1988",RICE,"27131",USA,MEDIUM,-93.256022,44.282725,0.210000000000000,0.470000000000000,7165.000000000000000,"0","0","0",0.000000000000000,"0","1",5.919047696249826,"0",5.800000190734860,
"2700","10001906",WRIGHTSVILLE UNIT,8400 STATE HIGHWAY 386,WRIGHTSVILLE,AR,"72183","-999",(501) 897-5806,STATE,OPEN,"1305",PULASKI,"05119",USA,MEDIUM,-92.192028,34.602448,0.900000000000000,0.740000000000000,3162.000000000000000,"1","0","2",2.000000000000000,"1","0",7.660447786103434,"0",7.649999856948850,
"2701","10001910",VARNER UNIT,PO BOX 600,GRADY,AR,"71644","0600",(870) 575-1800,STATE,OPEN,"1730",LINCOLN,"05079",USA,MAXIMUM,-91.607459,34.042182,0.900000000000000,0.590000000000000,6274.000000000000000,"1","0","5",4.000000000000000,"1","0",7.613486014553002,"0",7.699999809265140,
"2709","10000078",OUACHITA RIVER UNIT,100 WALCO LANE,MALVERN,AR,"72104","-999",(501) 467-3400,STATE,OPEN,"1854",HOT SPRING,"05059",USA,MEDIUM,-92.842907,34.345125,0.660000000000000,0.730000000000000,5958.000000000000000,"0","0","2",2.000000000000000,"0","0",7.509398511477880,"0",7.900000095367430,
"2713","10000941",MOBERLY CORRECTIONAL CENTER,5201 SOUTH MORLEY ST,MOBERLY,MO,"65270","-999",(660) 263-3778,STATE,OPEN,"1790",RANDOLPH,"29175",USA,MEDIUM,-92.440588,39.362275,0.850000000000000,0.340000000000000,5380.000000000000000,"0","0","0",0.000000000000000,"0","1",6.631509854965712,"0",6.866666793823240,
"2715","10003233",EDGECOMBE RESIDENTIAL TREATMENT FACILITY,611 EDGECOMBE AVE,NEW YORK,NY,"10032","4398",(212) 923-2575,STATE,OPEN,"125",NEW YORK,"36061",USA,MINIMUM,-73.937834,40.836272,0.520000000000000,0.700000000000000,4658.000000000000000,"0","0","5",4.000000000000000,"0","1",7.304416364628668,"0",7.300000190734860,
"2729","10000994",FCI OXFORD,COUNTY RD G & ELK AVE,OXFORD,WI,"53952","-999",(608) 584-5511,FEDERAL,OPEN,"905",ADAMS,"55001",USA,MEDIUM,-89.649524,43.865873,0.960000000000000,0.160000000000000,3585.000000000000000,"1","0","2",2.000000000000000,"1","0",6.231999979886142,"0",6.300000190734860,
"2731","10001324",MCF - ST. CLOUD,2305 MINNESOTA BOULEVARD SE,SAINT CLOUD,MN,"56304","-999",(320) 240-3000,STATE,OPEN,"1020",SHERBURNE,"27141",USA,CLOSE,-94.116399,45.543420,0.270000000000000,0.130000000000000,7639.000000000000000,"0","0","0",0.000000000000000,"0","0",5.552173863286558,"0",5.400000095367430,
"2732","10001330",MCF - STILLWATER,970 PICKETT STREET,BAYPORT,MN,"55003","1490",(651) 779-2700,STATE,OPEN,"1580",WASHINGTON,"27163",USA,CLOSE,-92.789162,45.027801,,0.310000000000000,951.000000000000000,"0","0","0",0.000000000000000,"0","0",7.364029698989010,"0",7.350000143051150,
"2734","10006528",EAST CENTRAL ARKANSAS COMMUNITY CORRECTION CENTER,200 WEST TYLER AVE,WEST MEMPHIS,AR,"72301","-999",(870) 400-3101,STATE,OPEN,"245",CRITTENDEN,"05035",USA,NOT AVAILABLE,-90.189040,35.143330,0.880000000000000,0.670000000000000,2425.000000000000000,"0","0","8",4.000000000000000,"0","0",8.000000158945721,"0",8.000000000000000,
"2738","10003208",TACONIC CORRECTIONAL FACILITY,250 HARRIS RD,BEDFORD HILLS,NY,"10507","2497",(914) 241-3010,STATE,OPEN,"347",WESTCHESTER,"36119",USA,MEDIUM,-73.677895,41.245147,,0.310000000000000,1288.000000000000000,"0","0","0",0.000000000000000,"0","0",5.776328288384604,"0",5.800000190734860,
"2740","10001318",MCF - TOGO,62741 COUNTY ROAD 551,TOGO,MN,"55723","-999",(218) 376-4411,STATE,OPEN,"86",ITASCA,"27061",USA,MINIMUM,-93.239464,47.784639,0.970000000000000,0.030000000000000,3803.000000000000000,"1","0","0",0.000000000000000,"1","0",3.934293323879386,"0",3.799999952316280,
"2741","10001588",BLAND CORRECTIONAL CENTER,256 BLAND FARM RD,BLAND,VA,"24315","9615",(276) 688-3341,STATE,OPEN,"642",BLAND,"51021",USA,MEDIUM,-80.888825,37.168567,0.610000000000000,0.130000000000000,3952.000000000000000,"0","0","0",0.000000000000000,"0","0",6.416424123760074,"0",6.599999904632570,
"2749","10003331",BASKERVILLE CORRECTIONAL CENTER,4150 HAYES MILL RD,BASKERVILLE,VA,"23915","-999",(434) 447-3857,STATE,OPEN,"462",MECKLENBURG,"51117",USA,MEDIUM,-78.300569,36.721494,0.870000000000000,0.220000000000000,3644.000000000000000,"0","0","3",3.000000000000000,"0","1",6.364912284047980,"0",6.250000000000000,
"2753","10001598",DEERFIELD WORK CENTER FOR MEN,15172 OLD BELFIELD RD,CAPRON,VA,"23829","-999",(434) 658-4368,STATE,OPEN,"199",SOUTHAMPTON,"51175",USA,MINIMUM,-77.248414,36.723553,,0.130000000000000,1280.000000000000000,"0","0","5",3.000000000000000,"0","0",6.199999982660468,"0",6.199999809265140,
"2755","10003324",DEERFIELD CORRECTIONAL CENTER,21360 DEERFIELD DR,CAPRON,VA,"23829","-999",(434) 658-4368,STATE,OPEN,"1059",SOUTHAMPTON,"51175",USA,MEDIUM,-77.245662,36.729508,,0.130000000000000,1280.000000000000000,"0","0","5",3.000000000000000,"0","0",6.199999982660468,"0",6.149999856948850,
"2767","10000615",ASPC-EYMAN,4374 E BUTTE AVE,FLORENCE,AZ,"85132","-999",(520) 868-0201,STATE,OPEN,"5293",PINAL,"04021",USA,MAXIMUM,-111.326444,33.036919,0.810000000000000,0.040000000000000,13640.000000000000000,"0","0","4",4.000000000000000,"0","1",5.494883723591650,"0",6.200000127156580,
"2770","10000923",DILLWYN CORRECTIONAL CENTER,1522 PRISON RD,DILLWYN,VA,"23936","-999",(434) 983-4200,STATE,OPEN,"917",BUCKINGHAM,"51029",USA,MEDIUM,-78.470520,37.574622,0.950000000000000,0.150000000000000,5740.000000000000000,"1","0","1",1.000000000000000,"1","0",5.972156887428434,"0",5.699999809265140,
"2775","10000632",ASPC-DOUGLAS,6911 N BDI BLVD,DOUGLAS,AZ,"85607","-999",(520) 364-7521,STATE,OPEN,"1806",COCHISE,"04003",USA,MEDIUM,-109.591230,31.462429,0.900000000000000,0.000000000000000,7594.000000000000000,"1","0","5",4.000000000000000,"1","1",4.252205879138965,"0",4.524999976158140,
"2778","10000600",ASPC-FLORENCE GLOBE UNIT,1000 FAIRGROUNDS RD,GLOBE,AZ,"85501","-999",(928) 425-8141,STATE,OPEN,"244",GILA,"04007",USA,MINIMUM,-110.710785,33.416394,0.660000000000000,0.010000000000000,5102.000000000000000,"0","0","0",0.000000000000000,"0","0",4.418079078534230,"0",4.149999856948850,
"2783","10003262",HAYNESVILLE CORRECTIONAL CENTER,421 BARNFIELD RD,HAYNESVILLE,VA,"22472","-999",(804) 333-3577,STATE,OPEN,"942",RICHMOND,"51159",USA,MEDIUM,-76.670653,37.957475,0.840000000000000,0.090000000000000,3300.000000000000000,"0","0","0",0.000000000000000,"0","0",5.764429527641144,"0",6.049999952316280,
"2787","10001583",KEEN MOUNTAIN CORRECTIONAL CENTER,STATE ROUTE 629,OAKWOOD,VA,"24631","-999",(276) 498-7411,STATE,OPEN,"723",BUCHANAN,"51027",USA,CLOSE,-81.979689,37.223414,0.830000000000000,0.170000000000000,3752.000000000000000,"0","0","5",4.000000000000000,"0","1",6.535135135994302,"0",6.450000047683720,
"2798","10003976",ASPC-FLORENCE,1305 E. BUTTE AVE,FLORENCE,AZ,"85132","-999",(520) 868-4011,STATE,OPEN,"3666",PINAL,"04021",USA,MAXIMUM,-111.370728,33.028170,0.810000000000000,0.040000000000000,13640.000000000000000,"0","0","4",4.000000000000000,"0","1",5.494883723591650,"0",6.099999904632570,
"2807","10003307",RED ONION STATE PRISON,10800 H JACK ROSE HWY,POUND,VA,"24279","-999",(276) 796-7510,STATE,OPEN,"851",WISE,"51195",USA,MAXIMUM,-82.549911,37.111707,0.900000000000000,0.160000000000000,3318.000000000000000,"1","0","7",5.000000000000000,"1","0",6.734020616590362,"0",6.850000143051150,
"2817","10002964",FCI SHERIDAN CAMP,27072 BALLSTON RD,SHERIDAN,OR,"97378","-999",(503) 843-4442,FEDERAL,OPEN,"537",YAMHILL,"41071",USA,MINIMUM,-123.388680,45.086030,0.210000000000000,0.160000000000000,6426.000000000000000,"0","0","0",0.000000000000000,"0","0",5.353055549992456,"0",5.300000190734860,
"2822","10004019",FCI FAIRTON CAMP,655 FAIRTON MILLVILLE RD,FAIRTON,NJ,"08320","-999",(856) 453-1177,FEDERAL,OPEN,"116",CUMBERLAND,"34011",USA,MINIMUM,-75.156248,39.383293,,0.260000000000000,1043.000000000000000,"0","0","0",0.000000000000000,"0","0",5.950000047683716,"0",5.900000095367430,
"2823","10003203",FCI OTISVILLE CAMP,TWO MILE DR,OTISVILLE,NY,"10963","-999",(845) 386-6700,FEDERAL,OPEN,"121",ORANGE,"36071",USA,MINIMUM,-74.529292,41.492715,0.700000000000000,0.140000000000000,6731.000000000000000,"0","0","0",0.000000000000000,"0","0",5.677142878941128,"0",5.800000190734860,
"2830","10003598",FCI GILMER CAMP,201 FCI LANE,GLENVILLE,WV,"26351","-999",(304) 626-2500,FEDERAL,OPEN,"64",GILMER,"54021",USA,MINIMUM,-80.786564,38.912509,0.630000000000000,0.200000000000000,5440.000000000000000,"0","0","0",0.000000000000000,"0","1",6.238095233553932,"0",6.099999904632570,
"2838","10000750",CENTRAL NEW YORK PSYCHIATRIC CENTER,"9005 OLD RIVER RD, PO BOX 300",MARCY,NY,"13403","-999",(315) 765-3600,STATE,OPEN,"-999",ONEIDA,"36065",USA,MAXIMUM,-75.302776,43.167283,0.000000000000000,0.060000000000000,2328.000000000000000,"0","0","2",2.000000000000000,"0","0",5.275000095367432,"0",5.300000190734860,
"2839","10002469",BISHOP LEWIS WORK RELEASE,703 8TH AVE,SEATTLE,WA,"98104","-999",(206) 464-7000,STATE,OPEN,"59",KING,"53033",USA,MINIMUM,-122.326857,47.605885,0.000000000000000,0.290000000000000,4297.000000000000000,"0","0","0",0.000000000000000,"0","1",6.809657255377228,"0",6.800000190734860,
"2840","10006451",SOUTH CORRECTIONAL ENTITY REGIONAL JAIL,20817 17TH AVENUE SOUTH,DES MOINES,WA,"98198","-999",(206) 257-6200,MULTI,OPEN,"-999",KING,"53033",USA,NOT AVAILABLE,-122.312440,47.414729,0.270000000000000,0.310000000000000,3480.000000000000000,"0","0","0",0.000000000000000,"0","1",6.500000000000000,"0",6.599999904632570,
"2858","10002294",BROOKLYN COMMUNITY CORRECTIONAL CENTER,988 MYRTLE AVE,BROOKLYN,NY,"11206","-999",(718) 574-4886,STATE,OPEN,"0",KINGS,"36047",USA,MINIMUM,-73.941779,40.696024,0.770000000000000,0.630000000000000,3863.000000000000000,"0","0","8",4.000000000000000,"0","1",7.599999904632568,"0",7.599999904632570,
"2889","10002463",PENINSULA WORK RELEASE,1340 LLOYD PKWY,PORT ORCHARD,WA,"98367","-999",(360) 895-6158,STATE,OPEN,"50",KITSAP,"53035",USA,MINIMUM,-122.668218,47.522960,0.210000000000000,0.060000000000000,8423.000000000000000,"0","0","0",0.000000000000000,"0","0",5.309411738900578,"0",5.699999809265140,
"2895","10001684",WASHINGTON CORRECTIONS CENTER FOR WOMEN,9601 BUJACICH RD NW,GIG HARBOR,WA,"98332","8300",(253) 858-4200,STATE,OPEN,"987",PIERCE,"53053",USA,CLOSE,-122.613152,47.347426,0.180000000000000,0.150000000000000,5000.000000000000000,"0","0","0",0.000000000000000,"0","0",5.861538410186768,"0",5.699999809265140,
"2899","10001243",NORTHEAST NEW MEXICO DETENTION FACILITY,185 DR. MICHAEL JENKINS RD,CLAYTON,NM,"88415","-999",(575) 374-4005,MULTI,OPEN,"622",UNION,"35059",USA,MEDIUM,-103.123003,36.435236,0.870000000000000,0.000000000000000,4133.000000000000000,"0","0","2",2.000000000000000,"0","1",3.270969029668566,"0",3.099999904632570,
"2903","10001687",COYOTE RIDGE CORRECTIONS CENTER,1301 N EPHRATA AVE,CONNELL,WA,"99326","-999",(509) 543-5800,STATE,OPEN,"2563",FRANKLIN,"53021",USA,MEDIUM,-118.852402,46.680388,0.460000000000000,0.810000000000000,10360.000000000000000,"0","0","1",1.000000000000000,"0","0",5.110407869859420,"0",5.000000000000000,
"2904","10001748",FCI BUTNER LOW,OLD N CAROLINA HWY 75,BUTNER,NC,"27509","-999",(919) 575-5000,FEDERAL,OPEN,"1197",GRANVILLE,"37077",USA,MINIMUM,-78.799593,36.144031,,0.420000000000000,1239.000000000000000,"0","0","0",0.000000000000000,"0","0",6.799999986376082,"0",7.049999952316280,
"2911","10001677",AIRWAY HEIGHTS CORRECTIONS CENTER,11919 W SPRAGUE AVE,AIRWAY HEIGHTS,WA,"99001","1899",(509) 244-6700,STATE,OPEN,"2195",SPOKANE,"53063",USA,CLOSE,-117.576588,47.653485,0.490000000000000,0.900000000000000,7204.000000000000000,"0","1","2",2.000000000000000,"1","0",5.659459423374486,"0",5.900000095367430,cejstonly
"2912","10001520",FCI FAIRTON,655 FAIRTON MILLVILLE RD,FAIRTON,NJ,"08320","-999",(856) 453-1177,FEDERAL,OPEN,"1013",CUMBERLAND,"34011",USA,MEDIUM,-75.160202,39.384826,,0.260000000000000,1043.000000000000000,"0","0","0",0.000000000000000,"0","0",5.950000047683716,"0",5.950000047683720,
"2914","10006175",FCI BERLIN,1 SUCCESS LOOP ROAD,BERLIN,NH,"03570","-999",(603) 342-4000,FEDERAL,OPEN,"867",COOS,"33007",USA,MEDIUM,-71.135235,44.521160,0.970000000000000,0.010000000000000,4749.000000000000000,"1","0","4",3.000000000000000,"1","1",4.400000095367432,"0",4.400000095367430,
"2918","10006196",USP LEAVENWORTH CAMP,1300 METROPOLITAN AVENUE,LEAVENWORTH,KS,"66048","-999",(913) 682-8700,FEDERAL,OPEN,"362",LEAVENWORTH,"20103",USA,MINIMUM,-94.943516,39.332794,0.150000000000000,0.430000000000000,8212.000000000000000,"0","0","0",0.000000000000000,"0","0",6.777419351762342,"0",6.500000000000000,
"2928","10006176",FCI BERLIN CAMP,1 SUCCESS LOOP ROAD,BERLIN,NH,"03570","-999",(603) 342-4000,FEDERAL,OPEN,"63",COOS,"33007",USA,MINIMUM,-71.140000,44.525208,0.970000000000000,0.010000000000000,4749.000000000000000,"1","0","4",3.000000000000000,"1","1",4.400000095367432,"0",4.400000095367430,
"2933","10006219",AHTANUM VIEW WORK RELEASE CENTER,2009 S 64TH AVE,YAKIMA,WA,"98903","-999",(509) 573-6318,STATE,OPEN,"60",YAKIMA,"53077",USA,MINIMUM,-120.592224,46.568559,0.180000000000000,0.660000000000000,8198.000000000000000,"0","0","0",0.000000000000000,"0","0",7.286486471021498,"0",7.599999904632570,
"2938","10000159",CI GILES W DALBY,805 N AVENUE F,POST,TX,"79356","-999",(806) 495-2175,FEDERAL,OPEN,"1639",GARZA,"48169",USA,MINIMUM,-101.374247,33.201533,0.680000000000000,0.160000000000000,6070.000000000000000,"0","0","2",1.000000000000000,"0","0",4.132319220054297,"0",4.500000000000000,
"2953","10002471",MADISON INN WORK RELEASE,102 21ST AVE E,SEATTLE,WA,"98112","-999",(206) 720-3013,STATE,OPEN,"-999",KING,"53033",USA,MINIMUM,-122.304453,47.618650,0.000000000000000,0.300000000000000,4569.000000000000000,"0","0","0",0.000000000000000,"0","1",6.173729429095920,"0",6.199999809265140,
"2959","10001690",LARCH CORRECTIONS CENTER,15314 NE DOLE VALLEY RD,YACOLT,WA,"98675","9531",(360) 260-6300,STATE,OPEN,"473",CLARK,"53011",USA,MINIMUM,-122.342446,45.732339,0.210000000000000,0.100000000000000,4773.000000000000000,"0","0","0",0.000000000000000,"0","0",5.570484581497798,"0",6.000000000000000,
"2960","10001760",FMC BUTNER,OLD N CAROLINA HWY 75,BUTNER,NC,"27509","-999",(919) 575-3900,FEDERAL,OPEN,"945",GRANVILLE,"37077",USA,MAXIMUM,-78.813793,36.137654,0.300000000000000,0.410000000000000,9200.000000000000000,"0","0","0",0.000000000000000,"0","0",6.562051279116900,"0",7.000000000000000,
"2961","10001633",MCFP SPRINGFIELD,1900 W SUNSHINE ST,SPRINGFIELD,MO,"65807","-999",(417) 862-7041,FEDERAL,OPEN,"980",GREENE,"29077",USA,MAXIMUM,-93.324864,37.177769,0.570000000000000,0.530000000000000,5686.000000000000000,"0","0","1",1.000000000000000,"0","1",7.714285646166120,"0",8.000000000000000,
"2962","10001320",FCI SANDSTONE,2300 COUNTY ROAD 29,SANDSTONE,MN,"55072","-999",(320) 245-2262,FEDERAL,OPEN,"1196",PINE,"27115",USA,MINIMUM,-92.854008,46.109230,0.900000000000000,0.030000000000000,4835.000000000000000,"1","0","1",1.000000000000000,"1","0",4.512014473464538,"0",4.699999809265140,
"2967","10003017",FPC DULUTH,4464 RALSTON DRIVE,DULUTH,MN,"55811","-999",(218) 722-8634,FEDERAL,OPEN,"627",ST. LOUIS,"27137",USA,MINIMUM,-92.196546,46.835041,0.180000000000000,0.020000000000000,8107.000000000000000,"0","0","0",0.000000000000000,"0","1",4.803636403517290,"0",4.900000095367430,
"2990","10004168",FCI BUTNER MEDIUM I CAMP,OLD N CAROLINA HWY 75,BUTNER,NC,"27509","-999",(919) 575-4541,FEDERAL,OPEN,"302",GRANVILLE,"37077",USA,MINIMUM,-78.807041,36.137328,0.300000000000000,0.410000000000000,9200.000000000000000,"0","0","0",0.000000000000000,"0","0",6.562051279116900,"0",7.000000000000000,
"2996","10004023",FCI CUMBERLAND CAMP,14601 BURBRIDGE RD SE,CUMBERLAND,MD,"21502","-999",(301) 784-1000,FEDERAL,OPEN,"258",ALLEGANY,"24001",USA,MINIMUM,-78.756903,39.594708,0.810000000000000,0.120000000000000,3977.000000000000000,"0","0","0",0.000000000000000,"0","0",6.756818218664690,"0",7.099999904632570,
"2998","10001678",FDC SEATAC,2425 S 200TH ST,SEATTLE,WA,"98198","-999",(206) 870-5700,FEDERAL,OPEN,"703",KING,"53033",USA,MAXIMUM,-122.301599,47.421971,0.270000000000000,0.310000000000000,3480.000000000000000,"0","0","0",0.000000000000000,"0","1",6.500000000000000,"0",6.400000095367430,
"2999","10004095",FCI OAKDALE I,1507 EAST WHATLEY ROAD,OAKDALE,LA,"71463","-999",(318) 335-4070,FEDERAL,OPEN,"1015",ALLEN,"22003",USA,MINIMUM,-92.640704,30.828419,0.900000000000000,0.670000000000000,5344.000000000000000,"1","0","0",0.000000000000000,"1","0",7.177419339456866,"0",7.250000119209290,
"3007","10000987",CLALLAM BAY CORRECTIONS CENTER,1830 EAGLE CREST WAY,CLALLAM BAY,WA,"98326","-999",(360) 963-2000,STATE,OPEN,"874",CLALLAM,"53009",USA,MAXIMUM,-124.286980,48.239198,0.750000000000000,0.000000000000000,1122.000000000000000,"0","0","0",0.000000000000000,"0","0",3.739965400893795,"0",4.250000000000000,
"3013","10002491",CEDAR CREEK CORRECTIONS CENTER,12200 BORDEAUX RD,LITTLEROCK,WA,"98556","0037",(360) 359-4100,STATE,OPEN,"475",THURSTON,"53067",USA,MINIMUM,-123.143094,46.883645,0.300000000000000,0.120000000000000,7052.000000000000000,"0","0","0",0.000000000000000,"0","0",4.886666750024866,"0",4.900000095367430,
"3016","10001807",MISSISSIPPI STATE PENITENTIARY,US HWY 49 W,PARCHMAN,MS,"38738","-999",(662) 745-6611,STATE,OPEN,"3289",SUNFLOWER,"28133",USA,MAXIMUM,-90.545512,33.926567,0.860000000000000,0.560000000000000,6750.000000000000000,"0","0","3",2.000000000000000,"0","0",7.466108802970982,"0",7.333333492279050,
"3017","10002479",MISSION CREEK CORRECTIONS CENTER FOR WOMEN,3420 NE SAND HILL RD,BELFAIR,WA,"98528","-999",(360) 277-2400,STATE,OPEN,"317",MASON,"53045",USA,MINIMUM,-122.864329,47.484044,0.490000000000000,0.060000000000000,10763.000000000000000,"0","0","0",0.000000000000000,"0","0",5.662721882205038,"0",5.199999809265140,
"3019","10001676",MONROE CORRECTIONAL COMPLEX,16550 177TH AVE SE,MONROE,WA,"98272","-999",(360) 794-2600,STATE,OPEN,"2499",SNOHOMISH,"53061",USA,MAXIMUM,-121.999669,47.844783,0.320000000000000,0.180000000000000,5732.000000000000000,"0","0","0",0.000000000000000,"0","0",5.033333301544190,"0",5.099999904632570,
"3020","10002455",OLYMPIC CORRECTIONS CENTER,11235 HOH MAINLINE,FORKS,WA,"98331","-999",(360) 374-7000,STATE,OPEN,"392",JEFFERSON,"53031",USA,MINIMUM,-124.135300,47.717762,0.950000000000000,0.000000000000000,2282.000000000000000,"1","0","4",4.000000000000000,"1","0",4.831156918380340,"0",3.850000023841860,
"3021","10001681",STAFFORD CREEK CORRECTIONS CENTER,191 CONSTANTINE WAY,ABERDEEN,WA,"98520","-999",(360) 537-1800,STATE,OPEN,"1979",GRAYS HARBOR,"53027",USA,MAXIMUM,-123.919239,46.921650,0.920000000000000,0.030000000000000,6502.000000000000000,"1","0","0",0.000000000000000,"1","0",4.232151830649074,"0",4.400000095367430,
"3022","10001679",WASHINGTON CORRECTIONS CENTER,2321 WEST DAYTON AIRPORT RD,SHELTON,WA,"98584","-999",(360) 426-4433,STATE,OPEN,"1924",MASON,"53045",USA,MAXIMUM,-123.192685,47.238171,0.460000000000000,0.050000000000000,4474.000000000000000,"0","0","0",0.000000000000000,"0","0",5.142372818316444,"0",5.099999904632570,
"3027","10002440",BELLINGHAM WORK RELEASE,1127 N GARDEN ST,BELLINGHAM,WA,"98225","-999",(360) 676-2150,STATE,OPEN,"25",WHATCOM,"53073",USA,MINIMUM,-122.477022,48.746078,0.380000000000000,0.060000000000000,7703.000000000000000,"0","0","0",0.000000000000000,"0","1",4.466666698455812,"0",4.599999904632570,
"3028","10002460",BROWNSTONE WORK RELEASE,223 S BROWNE ST,SPOKANE,WA,"99201","-999",(509) 381-6220,STATE,OPEN,"61",SPOKANE,"53063",USA,MINIMUM,-117.413147,47.653819,0.320000000000000,0.920000000000000,2479.000000000000000,"0","1","9",6.000000000000000,"1","1",7.099999904632568,"0",7.099999904632570,cejstonly
"3039","10002470",HELEN B RATCLIFF WORK RELEASE,1531 13TH AVE S,SEATTLE,WA,"98144","-999",(206) 320-6600,STATE,OPEN,"40",KING,"53033",USA,MINIMUM,-122.316312,47.588974,0.080000000000000,0.300000000000000,7095.000000000000000,"0","0","0",0.000000000000000,"0","1",6.666666507720948,"0",6.699999809265140,
"3040","10002493",OLYMPIA WORK RELEASE,1800 11TH AVE SW,OLYMPIA,WA,"98502","-999",(360) 586-2731,STATE,OPEN,"25",THURSTON,"53067",USA,MINIMUM,-122.925365,47.037783,0.270000000000000,0.150000000000000,6398.000000000000000,"0","0","1",1.000000000000000,"0","0",5.350000143051148,"0",5.300000190734860,
"3043","10000281",MCI - CONCORD,965 ELM ST,CONCORD,MA,"01742","-999",(978) 405-6100,STATE,OPEN,"727",MIDDLESEX,"25017",USA,MEDIUM,-71.395853,42.464869,0.300000000000000,0.100000000000000,7193.000000000000000,"0","0","0",0.000000000000000,"0","1",5.500000000000000,"0",5.500000000000000,
"3044","10002472",REYNOLDS WORK RELEASE,410 4TH AVE,SEATTLE,WA,"98104","-999",(206) 464-6320,STATE,OPEN,"94",KING,"53033",USA,MINIMUM,-122.328954,47.602214,0.000000000000000,0.290000000000000,4908.000000000000000,"0","0","0",0.000000000000000,"0","1",7.149999856948854,"0",6.800000190734860,
"3045","10002505",TRI-CITIES WORK RELEASE,524 E BRUNEAU AVE,KENNEWICK,WA,"99336","-999",(509) 585-2211,STATE,OPEN,"25",BENTON,"53005",USA,MINIMUM,-119.108472,46.209748,0.490000000000000,0.860000000000000,4667.000000000000000,"0","0","1",1.000000000000000,"0","1",6.842857224600656,"0",6.900000095367430,
"3072","10002485",SECURE COMMUNITY TRANSITION FACILITY - PIERCE COUNTY,11150 N 20TH AVE,LOWER PENINSULA,WA,"98303","-999",(360) 902-8316,STATE,OPEN,"11",PIERCE,"53053",USA,NOT AVAILABLE,-122.686388,47.217017,0.700000000000000,0.160000000000000,5534.000000000000000,"0","0","0",0.000000000000000,"0","0",5.603076885908078,"0",5.699999809265140,
"3073","10006668",SPECIAL COMMITMENT CENTER - TOTAL CONFINEMENT FACILITY,11150 N 20TH AVE,MCNEIL ISLAND,WA,"98303","-999",(360) 725-2300,STATE,OPEN,"-999",PIERCE,"53053",USA,NOT AVAILABLE,-122.688123,47.215061,0.700000000000000,0.160000000000000,5534.000000000000000,"0","0","0",0.000000000000000,"0","0",5.603076885908078,"0",5.699999809265140,
"3084","10000094",SOUTHERN STATE CORRECTIONAL FACILITY,700 CHARLESTOWN RD,SPRINGFIELD,VT,"05156","-999",(802) 885-9800,STATE,OPEN,"313",WINDSOR,"50027",USA,NOT AVAILABLE,-72.438051,43.269814,0.880000000000000,0.030000000000000,4018.000000000000000,"0","0","0",0.000000000000000,"0","1",5.183606577701256,"0",4.800000190734860,
"3085","10000981",NORTH CENTRAL CORRECTIONAL COMPLEX CAMP,332 MARION-WILLIAMSPORT RD E,MARION,OH,"43302","-999",(740) 387-7040,STATE,OPEN,"405",MARION,"39101",USA,MINIMUM,-83.124059,40.618549,0.000000000000000,0.600000000000000,4992.000000000000000,"0","0","1",1.000000000000000,"0","0",7.783333381017050,"0",7.700000047683720,
"3095","10000095",MARBLE VALLEY REGIONAL CORRECTIONAL FACILITY,167 STATE ST,RUTLAND,VT,"05701","-999",(802) 786-5830,STATE,OPEN,"130",RUTLAND,"50021",USA,NOT AVAILABLE,-72.990790,43.609690,0.810000000000000,0.110000000000000,2685.000000000000000,"0","0","0",0.000000000000000,"0","0",5.214285646166120,"0",5.250000000000000,
"3096","10001914",CHITTENDEN REGIONAL CORRECTIONAL FACILITY,7 FARRELL ST,SOUTH BURLINGTON,VT,"05403","-999",(802) 863-7356,STATE,OPEN,"142",CHITTENDEN,"50007",USA,NOT AVAILABLE,-73.205638,44.446527,0.320000000000000,0.070000000000000,6349.000000000000000,"0","0","0",0.000000000000000,"0","1",5.309090961109508,"0",5.300000190734860,
"3103","10003790",LEA COUNTY CORRECTIONAL FACILITY,6900 W MILLEN DR,HOBBS,NM,"88240","-999",(575) 392-4055,MULTI,OPEN,"1150",LEA,"35025",USA,MAXIMUM,-103.225286,32.764094,0.440000000000000,0.180000000000000,4002.000000000000000,"0","0","0",0.000000000000000,"0","1",4.210476184407354,"0",5.000000000000000,
"3106","10001913",NORTHERN STATE CORRECTIONAL FACILITY,2559 GLEN RD,NEWPORT,VT,"05855","-999",(802) 334-3364,STATE,OPEN,"414",ORLEANS,"50019",USA,MEDIUM,-72.190936,44.906313,0.890000000000000,0.050000000000000,1905.000000000000000,"0","0","0",0.000000000000000,"0","0",5.079999923706056,"0",5.149999856948850,
"3107","10001116",NORTHWEST STATE CORRECTIONAL FACILITY,3649 LOWER NEWTON RD,SWANTON,VT,"05488","-999",(802) 524-6771,STATE,OPEN,"215",FRANKLIN,"50011",USA,CLOSE,-73.132265,44.850091,0.630000000000000,0.080000000000000,6444.000000000000000,"0","0","0",0.000000000000000,"0","1",4.986046502756518,"0",5.000000000000000,
"3109","10002436",RIVER CITY CORRECTIONAL CENTER,3220 COLERAIN AVE,CINCINNATI,OH,"45225","-999",(513) 946-6800,STATE,OPEN,"212",HAMILTON,"39061",USA,MINIMUM,-84.536424,39.141789,0.700000000000000,0.890000000000000,1396.000000000000000,"0","0","9",5.000000000000000,"0","1",9.549999952316284,"1",9.600000381469730,washuonly
"3114","10003780",CIBOLA COUNTY CORRECTIONAL CENTER,2000 CIBOLA LOOP,MILAN,NM,"87021","-999",(505) 285-4900,FEDERAL,OPEN,"689",CIBOLA,"35006",USA,MINIMUM,-107.907638,35.179814,0.780000000000000,0.000000000000000,5235.000000000000000,"0","0","3",2.000000000000000,"0","1",4.228626317933409,"0",4.549999952316280,
"3115","10001918",NORTHEAST CORRECTIONAL COMPLEX,1270 US ROUTE 5,ST. JOHNSBURY,VT,"05819","-999",(802) 748-8151,STATE,OPEN,"118",CALEDONIA,"50005",USA,NOT AVAILABLE,-72.027876,44.396219,0.950000000000000,0.020000000000000,3540.000000000000000,"1","0","2",2.000000000000000,"1","0",4.878181925686924,"0",5.000000000000000,
"3126","10003791",OTERO COUNTY PRISON FACILITY,10 MCGREGOR RANGE RD,CHAPARRAL,NM,"88081","-999",(575) 824-4884,MULTI,OPEN,"1004",OTERO,"35035",USA,MAXIMUM,-106.278073,32.078423,0.990000000000000,0.010000000000000,10917.000000000000000,"1","0","8",4.000000000000000,"1","1",4.741307728729900,"0",5.000000000000000,
"3127","10003794","SOUTHERN NM CORRECTIONAL FACILITY, LEVEL II UNIT",1983 JOE R SILVA BLVD,LAS CRUCES,NM,"88004","0639",(575) 523-3200,STATE,OPEN,"271",DONA ANA,"35013",USA,MINIMUM,-106.946295,32.249545,0.180000000000000,0.020000000000000,6601.000000000000000,"0","0","0",0.000000000000000,"0","1",4.893390054478072,"0",4.699999809265140,
"3138","10001244",WESTERN NM CORRECTIONAL FACILITY,2111 LOBO CANYON RD,GRANTS,NM,"87020","-999",(505) 876-8300,STATE,OPEN,"357",CIBOLA,"35006",USA,CLOSE,-107.798371,35.180300,0.780000000000000,0.000000000000000,5235.000000000000000,"0","0","3",2.000000000000000,"0","1",4.228626317933409,"0",4.500000000000000,
"3139","10003775","PENITENTIARY OF NEW MEXICO, LEVEL II UNIT",4311 STATE HWY 14,SANTA FE,NM,"87504","-999",(505) 827-8201,STATE,OPEN,"191",SANTA FE,"35049",USA,MINIMUM,-106.064360,35.566537,,0.000000000000000,901.000000000000000,"0","0","1",1.000000000000000,"0","0",3.500000000000000,"0",3.500000000000000,
"3140","10003774","PENITENTIARY OF NEW MEXICO, LEVEL V UNIT",4311 STATE HWY 14,SANTA FE,NM,"87504","-999",(505) 827-8201,STATE,OPEN,"300",SANTA FE,"35049",USA,MAXIMUM,-106.068090,35.561055,,0.000000000000000,901.000000000000000,"0","0","1",1.000000000000000,"0","0",3.500000000000000,"0",3.500000000000000,
"3141","10003773","PENITENTIARY OF NEW MEXICO, LEVEL VI UNIT",4311 STATE HWY 14,SANTA FE,NM,"87504","-999",(505) 827-8201,STATE,OPEN,"300",SANTA FE,"35049",USA,MAXIMUM,-106.069107,35.569048,,0.000000000000000,901.000000000000000,"0","0","1",1.000000000000000,"0","0",3.500000000000000,"0",3.500000000000000,
"3146","10003618",ARKANSAS STATE HOSPITAL,305 SOUTH PALM STREET,LITTLE ROCK,AR,"72205","-999",(501) 686-9000,STATE,OPEN,"-999",PULASKI,"05119",USA,NOT AVAILABLE,-92.324569,34.749815,0.520000000000000,0.840000000000000,2963.000000000000000,"0","0","0",0.000000000000000,"0","1",8.933333079020182,"0",8.799999713897710,
"3147","10000613",FCI SAFFORD,1529 W HWY 366,SAFFORD,AZ,"85546","-999",(928) 428-6600,FEDERAL,OPEN,"873",GRAHAM,"04009",USA,MINIMUM,-109.724515,32.717073,0.680000000000000,0.000000000000000,2929.000000000000000,"0","0","0",0.000000000000000,"0","0",4.180997475755938,"0",5.199999809265140,
"3148","10000830",USP VICTORVILLE,13777 AIR EXPRESSWAY BOULEVARD,VICTORVILLE,CA,"92394","-999",(760) 530-5000,FEDERAL,OPEN,"1163",SAN BERNARDINO,"06071",USA,MAXIMUM,-117.370569,34.565118,0.920000000000000,0.430000000000000,6700.000000000000000,"1","0","9",7.000000000000000,"1","1",8.347619056701660,"0",8.800000190734860,
"3150","10000580",FCI FLORENCE,5880 STATE HIGHWAY 67 SOUTH,FLORENCE,CO,"81226","-999",(719) 784-9100,FEDERAL,OPEN,"993",FREMONT,"08043",USA,MEDIUM,-105.101625,38.358586,,0.010000000000000,3073.000000000000000,"0","0","0",0.000000000000000,"0","0",4.699999809265138,"0",4.699999809265140,
"3188","10004645",KROME NORTH SERVICE PROCESSING CENTER,18201 SOUTHWEST 12TH STREET,MIAMI,FL,"33194","-999",(305) 207-2001,FEDERAL,OPEN,"568",MIAMI-DADE,"12086",USA,NOT AVAILABLE,-80.490666,25.755112,0.300000000000000,0.360000000000000,13848.000000000000000,"0","0","0",0.000000000000000,"0","0",7.299999952316284,"0",7.549999952316280,
"3200","10003385",FCI ELKTON,8730 SCROGGS RD,LISBON,OH,"44432","-999",(330) 420-6200,FEDERAL,OPEN,"2004",COLUMBIANA,"39029",USA,MINIMUM,-80.704781,40.772511,0.770000000000000,0.520000000000000,7650.000000000000000,"0","0","1",1.000000000000000,"0","1",7.376397523820772,"0",7.400000095367430,
"3207","10002097",BRIDGEWATER STATE HOSPITAL,20 ADMINISTRATION RD,BRIDGEWATER,MA,"02324","-999",(508) 279-4500,STATE,OPEN,"191",PLYMOUTH,"25023",USA,MEDIUM,-70.955339,41.942363,0.940000000000000,0.110000000000000,1610.000000000000000,"1","0","0",0.000000000000000,"1","0",5.719999980926514,"0",5.800000190734860,
"3215","10001749",CASWELL CORRECTIONAL CENTER,444 COUNTY HOME RD,BLANCH,NC,"27212","-999",(336) 694-4531,STATE,OPEN,"460",CASWELL,"37033",USA,MEDIUM,-79.342281,36.418907,0.850000000000000,0.310000000000000,5376.000000000000000,"0","0","5",4.000000000000000,"0","0",6.073221763307580,"0",6.300000190734860,
"3223","10002558",JACKSON CORRECTIONAL INSTITUTION,N 6500 HAIPEK RD,BLACK RIVER FALLS,WI,"54615","0232",(715) 284-4550,STATE,OPEN,"982",JACKSON,"55053",USA,MEDIUM,-90.790612,44.305384,0.860000000000000,0.170000000000000,3910.000000000000000,"0","0","0",0.000000000000000,"0","0",6.146415031361130,"0",6.400000095367430,
"3226","10000191",FCI LA TUNA,8500 DONIPHAN ROAD,ANTHONY,TX,"79821","-999",(915) 791-9000,FEDERAL,OPEN,"645",EL PASO,"48141",USA,MINIMUM,-106.589753,31.982247,0.630000000000000,0.180000000000000,4363.000000000000000,"0","0","2",2.000000000000000,"0","0",5.681818051771686,"0",5.649999856948850,
"3227","10002638",CATAWBA CORRECTIONAL CENTER,1347 PRISON CAMP RD,NEWTON,NC,"28658","-999",(828) 466-5521,STATE,OPEN,"246",CATAWBA,"37035",USA,MINIMUM,-81.209592,35.615820,0.410000000000000,0.490000000000000,4542.000000000000000,"0","0","2",2.000000000000000,"0","0",6.734090880914168,"0",6.750000000000000,
"3230","10001974",FCI BIG SPRING CAMP,1900 SIMLER AVE,BIG SPRING,TX,"79720","-999",(432) 466-2300,FEDERAL,OPEN,"183",HOWARD,"48227",USA,MINIMUM,-101.506328,32.225474,0.840000000000000,0.280000000000000,5565.000000000000000,"0","0","0",0.000000000000000,"0","1",6.313043490700100,"0",6.099999904632570,
"3231","10002640",CRAGGY CORRECTIONAL CENTER,2992 RIVERSIDE DRIVE,ASHEVILLE,NC,"28804","-999",(828) 645-5315,STATE,OPEN,"594",BUNCOMBE,"37021",USA,MEDIUM,-82.615177,35.663568,0.180000000000000,0.100000000000000,3861.000000000000000,"0","0","0",0.000000000000000,"0","0",6.668749988079072,"0",6.400000095367430,
"3233","10001975",FCI BIG SPRING,1900 SIMLER AVE,BIG SPRING,TX,"79720","-999",(432) 466-2300,FEDERAL,OPEN,"1035",HOWARD,"48227",USA,MINIMUM,-101.509631,32.225491,0.840000000000000,0.280000000000000,5565.000000000000000,"0","0","0",0.000000000000000,"0","1",6.313043490700100,"0",6.200000047683720,
"3234","10001787",CRAVEN CORRECTIONAL INSTITUTION,600 ALLIGATOR RD,VANCEBORO,NC,"28586","-999",(252) 244-3337,STATE,OPEN,"850",CRAVEN,"37049",USA,MEDIUM,-77.118022,35.317033,0.850000000000000,0.060000000000000,8244.000000000000000,"0","0","3",3.000000000000000,"0","0",5.228110603473154,"0",5.300000190734860,
"3235","10001750",DAN RIVER PRISON WORK FARM,981 MURRAY RD,BLANCH,NC,"27212","-999",(336) 694-1583,STATE,OPEN,"614",CASWELL,"37033",USA,MINIMUM,-79.347200,36.433262,0.850000000000000,0.310000000000000,5376.000000000000000,"0","0","5",4.000000000000000,"0","0",6.073221763307580,"0",6.099999904632570,
"3245","10004159",FORSYTH CORRECTIONAL CENTER,307 CRAFT DR,WINSTON-SALEM,NC,"27105","-999",(336) 896-7041,STATE,OPEN,"248",FORSYTH,"37067",USA,MINIMUM,-80.262550,36.144599,0.920000000000000,0.470000000000000,3641.000000000000000,"1","0","8",6.000000000000000,"1","1",7.857142993382046,"0",7.699999809265140,
"3249","10006306",CAI - BOSTON AVENUE,2727 BOSTON AVENUE,SAN DIEGO,CA,"92113","-999",(619) 232-1066,MULTI,OPEN,"-999",SAN DIEGO,"06073",USA,MINIMUM,-117.135022,32.693541,0.540000000000000,0.830000000000000,2195.000000000000000,"0","0","8",4.000000000000000,"0","1",10.599999904632568,"1",10.399999618530300,washuonly
"3255","10004157",FRANKLIN CORRECTIONAL CENTER,5918 HWY 39 S,BUNN,NC,"27508","-999",(919) 496-6119,STATE,OPEN,"452",FRANKLIN,"37069",USA,MEDIUM,-78.249211,35.945867,0.810000000000000,0.300000000000000,4102.000000000000000,"0","0","3",2.000000000000000,"0","0",6.909677443965790,"0",7.400000095367430,
"3266","10001775",GREENE CORRECTIONAL INSTITUTION,2699 HWY 903,MAURY,NC,"28554","-999",(252) 747-3676,STATE,OPEN,"616",GREENE,"37079",USA,MINIMUM,-77.598958,35.478187,0.880000000000000,0.110000000000000,5224.000000000000000,"0","0","2",1.000000000000000,"0","0",5.890740738974678,"0",5.649999856948850,
"3276","10002656",WATERLOO RESIDENTIAL CORRECTIONAL FACILITY,310-314 E 6TH ST,WATERLOO,IA,"50704","-999",(319) 291-2015,STATE,OPEN,"144",BLACK HAWK,"19013",USA,NOT AVAILABLE,-92.332185,42.497866,0.750000000000000,0.490000000000000,1546.000000000000000,"0","0","10",5.000000000000000,"0","1",6.950000047683716,"0",7.000000000000000,
"3280","10001025",HARNETT CORRECTIONAL INSTITUTION,1210 E MCNEILL ST,LILLINGTON,NC,"27546","-999",(910) 893-2751,STATE,OPEN,"988",HARNETT,"37085",USA,MEDIUM,-78.800777,35.387410,0.730000000000000,0.270000000000000,5321.000000000000000,"0","0","3",2.000000000000000,"0","0",7.013157882188496,"0",6.900000095367430,
"3287","10004193",HYDE CORRECTIONAL INSTITUTION,620 PRISON RD,FAIRFIELD,NC,"27826","-999",(252) 926-1810,STATE,OPEN,"648",HYDE,"37095",USA,MEDIUM,-76.334688,35.494192,0.990000000000000,0.030000000000000,5213.000000000000000,"1","0","5",3.000000000000000,"1","1",5.115230353027180,"0",5.300000190734860,
"3289","10000624",FCI TUCSON,8901 S WILMOT RD,TUCSON,AZ,"85706","-999",(520) 574-7100,FEDERAL,OPEN,"630",PIMA,"04019",USA,MEDIUM,-110.856240,32.089571,,,,"0","0","0",0.000000000000000,"0","0",4.709999990463258,"0",4.650000095367430,
"3294","10002569",WINNEBAGO CORRECTIONAL CENTER,4300 SHERMAN RD,WINNEBAGO,WI,"54985","0128",(920) 424-0402,STATE,OPEN,"289",WINNEBAGO,"55139",USA,MINIMUM,-88.514676,44.079075,0.270000000000000,0.170000000000000,4767.000000000000000,"0","0","0",0.000000000000000,"0","0",7.450000004334884,"0",7.599999904632570,
"3295","10006298",FCI SEAGOVILLE CAMP,2113 NORTH HWY 175,SEAGOVILLE,TX,"75159","-999",(972) 287-2911,FEDERAL,OPEN,"172",DALLAS,"48113",USA,MINIMUM,-96.571429,32.654667,0.730000000000000,0.750000000000000,9961.000000000000000,"0","0","2",1.000000000000000,"0","0",7.187804902472148,"0",7.599999904632570,
"3296","10000601",FCI PHOENIX,37900 N 45TH AVE,PHOENIX,AZ,"85086","-999",(623) 465-9757,FEDERAL,OPEN,"1078",MARICOPA,"04013",USA,MEDIUM,-112.168596,33.833911,0.410000000000000,0.030000000000000,8147.000000000000000,"0","0","0",0.000000000000000,"0","0",6.070322585874990,"0",6.700000047683720,
"3297","10004197",LINCOLN CORRECTIONAL CENTER,464 ROPER DR,LINCOLNTON,NC,"28092","-999",(704) 735-0485,STATE,OPEN,"233",LINCOLN,"37109",USA,MINIMUM,-81.235386,35.484015,0.660000000000000,0.480000000000000,5051.000000000000000,"0","0","2",2.000000000000000,"0","1",6.679999971389772,"0",6.800000190734860,
"3298","10000627",USP TUCSON,9300 S WILMOT RD,TUCSON,AZ,"85756","-999",(520) 663-5000,FEDERAL,OPEN,"1385",PIMA,"04019",USA,MAXIMUM,-110.867108,32.083842,,,,"0","0","0",0.000000000000000,"0","1",4.618367321637212,"0",4.250000000000000,
"3300","10003614",FCI FORREST CITY LOW,1400 DALE BUMPERS ROAD,FORREST CITY,AR,"72335","-999",(870) 630-6000,FEDERAL,OPEN,"1821",ST. FRANCIS,"05123",USA,MINIMUM,-90.803062,34.982339,0.900000000000000,0.530000000000000,7245.000000000000000,"1","0","3",3.000000000000000,"1","0",6.857142868496124,"0",6.900000095367430,
"3302","10003615",FCI FORREST CITY MEDIUM,1400 DALE BUMPERS ROAD,FORREST CITY,AR,"72335","-999",(870) 494-4200,FEDERAL,OPEN,"1054",ST. FRANCIS,"05123",USA,MEDIUM,-90.794903,34.975289,0.900000000000000,0.530000000000000,7245.000000000000000,"1","0","3",3.000000000000000,"1","0",6.857142868496124,"0",6.900000095367430,
"3304","10003392",MARION CORRECTIONAL INSTITUTION,940 MARION-WILLIAMSPORT RD,MARION,OH,"43302","-999",(740) 382-5781,STATE,OPEN,"2296",MARION,"39101",USA,MEDIUM,-83.105727,40.618770,0.000000000000000,0.600000000000000,4992.000000000000000,"0","0","1",1.000000000000000,"0","0",7.783333381017050,"0",7.750000000000000,
"3306","10000141",FPC MONTGOMERY,MAXWELL AIR FORCE BASE,MONTGOMERY,AL,"36112","-999",(334) 293-2100,FEDERAL,OPEN,"858",MONTGOMERY,"01101",USA,MINIMUM,-86.359158,32.394241,0.320000000000000,0.710000000000000,2171.000000000000000,"0","0","0",0.000000000000000,"0","1",8.787500023841858,"0",8.899999618530270,
"3307","10003069",USP LEWISBURG,2400 ROBERT F. MILLER DR,LEWISBURG,PA,"17837","-999",(570) 523-1251,FEDERAL,OPEN,"177",UNION,"42119",USA,MAXIMUM,-76.914962,40.987966,0.000000000000000,0.340000000000000,1557.000000000000000,"0","0","0",0.000000000000000,"0","0",7.420000076293946,"0",7.500000000000000,
"3308","10003070",USP LEWISBURG CAMP,2400 ROBERT F. MILLER DR,LEWISBURG,PA,"17837","-999",(570) 523-1251,FEDERAL,OPEN,"355",UNION,"42119",USA,MINIMUM,-76.911297,40.985831,0.000000000000000,0.340000000000000,1557.000000000000000,"0","0","0",0.000000000000000,"0","0",7.420000076293946,"0",7.500000000000000,
"3311","10003578",FTC OKLAHOMA CITY,7410 S MACARTHUR BLVD,OKLAHOMA CITY,OK,"73169","-999",(405) 682-4075,FEDERAL,OPEN,"1406",OKLAHOMA,"40109",USA,MAXIMUM,-97.616256,35.390826,0.040000000000000,0.850000000000000,8.000000000000000,"0","0","1",1.000000000000000,"0","1",8.816666702429455,"0",9.000000000000000,
"3312","10001027",LUMBERTON CORRECTIONAL INSTITUTION,75 LEGEND RD,LUMBERTON,NC,"28359","-999",(910) 618-5574,STATE,OPEN,"784",ROBESON,"37155",USA,MEDIUM,-79.054786,34.587368,0.990000000000000,0.110000000000000,3352.000000000000000,"1","0","10",4.000000000000000,"1","0",6.304166734218598,"0",5.800000190734860,
"3313","10001770",MARION CORRECTIONAL INSTITUTION,355 OLD GLENWOOD DR,MARION,NC,"28752","-999",(828) 659-7810,STATE,OPEN,"654",MCDOWELL,"37111",USA,CLOSE,-81.946984,35.640263,0.680000000000000,0.150000000000000,7063.000000000000000,"0","0","1",1.000000000000000,"0","0",5.891133026536464,"0",5.950000047683720,
"3314","10000892",MDC LOS ANGELES,535 NORTH ALAMEDA STREET,LOS ANGELES,CA,"90012","-999",(213) 485-0439,FEDERAL,OPEN,"713",LOS ANGELES,"06037",USA,MAXIMUM,-118.238468,34.053631,0.000000000000000,0.960000000000000,1539.000000000000000,"0","1","1",1.000000000000000,"1","1",12.289728475589783,"1",12.399999618530300,both
"3315","10000867",USP LOMPOC CAMP,3901 KLEIN BLVD,LOMPOC,CA,"93436","-999",(805) 735-2771,FEDERAL,OPEN,"253",SANTA BARBARA,"06083",USA,MINIMUM,-120.504256,34.674974,0.180000000000000,0.150000000000000,2879.000000000000000,"0","0","1",1.000000000000000,"0","1",4.613333320617676,"0",4.900000095367430,
"3317","10006542",ANCHOR CENTER,3115 12TH STREET SW,CEDAR RAPIDS,IA,"52404","-999",(319) 297-3500,STATE,OPEN,"13",LINN,"19113",USA,NOT AVAILABLE,-91.685686,41.946644,0.380000000000000,0.580000000000000,4730.000000000000000,"0","0","0",0.000000000000000,"0","1",7.477777798970540,"0",7.599999904632570,
"3318","10000579",USP FLORENCE ADMAX,5880 STATE HIGHWAY 67 SOUTH,FLORENCE,CO,"81226","-999",(719) 784-9464,FEDERAL,OPEN,"428",FREMONT,"08043",USA,MAXIMUM,-105.094890,38.356385,,0.010000000000000,3073.000000000000000,"0","0","0",0.000000000000000,"0","0",4.699999809265138,"0",4.699999809265140,
"3319","10000581",USP FLORENCE HIGH,5880 STATE HIGHWAY 67 SOUTH,FLORENCE,CO,"81226","-999",(719) 784-9454,FEDERAL,OPEN,"820",FREMONT,"08043",USA,MAXIMUM,-105.094963,38.362051,,0.010000000000000,3073.000000000000000,"0","0","0",0.000000000000000,"0","0",4.699999809265138,"0",4.699999809265140,
"3320","10001727",FCI EL RENO,4205 STATE HWY 66 W,EL RENO,OK,"73036","-999",(405) 262-4875,FEDERAL,OPEN,"950",CANADIAN,"40017",USA,MEDIUM,-98.005186,35.533336,0.440000000000000,0.690000000000000,7064.000000000000000,"0","0","0",0.000000000000000,"0","1",7.092214115634742,"0",7.199999809265140,
"3321","10001728",FCI EL RENO CAMP,4205 HWY 66 W,EL RENO,OK,"73036","-999",(405) 262-4875,FEDERAL,OPEN,"262",CANADIAN,"40017",USA,MINIMUM,-98.004175,35.535950,0.440000000000000,0.690000000000000,7064.000000000000000,"0","0","0",0.000000000000000,"0","1",7.092214115634742,"0",7.199999809265140,
"3322","10002206",AURORA DETENTION FACILITY,3130 NORTH OAKLAND STREET,AURORA,CO,"80010","-999",(303) 361-6612,FEDERAL,OPEN,"402",ADAMS,"08001",USA,NOT AVAILABLE,-104.849288,39.760394,0.210000000000000,0.580000000000000,6576.000000000000000,"0","0","2",2.000000000000000,"0","1",7.049999952316284,"0",7.166666507720950,
"3324","10001754",MOUNTAIN VIEW CORRECTIONAL INSTITUTION,545 AMITY PARK RD,SPRUCE PINE,NC,"28777","-999",(828) 766-2555,STATE,OPEN,"895",AVERY,"37011",USA,MEDIUM,-82.001966,35.931136,0.720000000000000,0.060000000000000,5770.000000000000000,"0","0","2",1.000000000000000,"0","0",5.323484847039888,"0",6.200000047683720,
"3328","10005114",FCI TEXARKANA CAMP,4001 LEOPARD DR,TEXARKANA,TX,"75501","-999",(903) 838-4587,FEDERAL,OPEN,"313",BOWIE,"48037",USA,MINIMUM,-94.089065,33.380175,0.610000000000000,0.790000000000000,7654.000000000000000,"0","0","0",0.000000000000000,"0","1",7.804918007772478,"0",7.699999809265140,
"3330","10001095",605 CENTER,605 MAIN STREET,DAVENPORT,IA,"52803","5244",(563) 322-7986,STATE,OPEN,"50",SCOTT,"19163",USA,NOT AVAILABLE,-90.574745,41.526152,0.660000000000000,0.720000000000000,2931.000000000000000,"0","0","4",2.000000000000000,"0","1",8.600000381469728,"0",8.600000381469730,
"3331","10004952","RESIDENTIAL CORRECTIONAL FACILITY, DAVENPORT",1330 WEST 3RD STREET,DAVENPORT,IA,"52802","-999",(563) 324-2131,STATE,OPEN,"133",SCOTT,"19163",USA,NOT AVAILABLE,-90.593229,41.522672,0.240000000000000,0.710000000000000,1979.000000000000000,"0","0","9",6.000000000000000,"0","1",8.800000190734863,"0",8.699999809265140,
"3334","10001782",NEUSE CORRECTIONAL INSTITUTION,701 STEVENS MILL RD,GOLDSBORO,NC,"27533","2087",(919) 731-2023,STATE,OPEN,"15",WAYNE,"37191",USA,MINIMUM,-78.036847,35.387933,0.780000000000000,0.180000000000000,7442.000000000000000,"0","0","0",0.000000000000000,"0","0",6.863440877647810,"0",6.900000095367430,
"3335","10005694",FCI TALLADEGA CAMP,565 EAST RENFROE ROAD,TALLADEGA,AL,"35160","-999",(256) 315-4100,FEDERAL,OPEN,"253",TALLADEGA,"01121",USA,MINIMUM,-86.139967,33.424277,0.940000000000000,0.620000000000000,2972.000000000000000,"1","0","1",1.000000000000000,"1","0",7.700000000000000,"0",7.649999856948850,
"3336","10006173",FCI ALICEVILLE,11070 HIGHWAY 14,ALICEVILLE,AL,"35442","-999",(205) 373-5000,FEDERAL,OPEN,"1267",PICKENS,"10107",USA,MINIMUM,-88.193046,33.176270,0.970000000000000,0.600000000000000,4956.000000000000000,"1","0","5",5.000000000000000,"1","0",6.905555566151938,"0",7.250000000000000,
"3337","10000991",ST. CROIX CORRECTIONAL CENTER,1859 N 4TH ST,NEW RICHMOND,WI,"54017","0036",(715) 246-6971,STATE,OPEN,"104",ST. CROIX,"55109",USA,MINIMUM,-92.570626,45.130498,0.270000000000000,0.210000000000000,5581.000000000000000,"0","0","0",0.000000000000000,"0","0",6.624637596849082,"0",6.699999809265140,
"3338","10006174",FCI ALICEVILLE CAMP,11070 HIGHWAY 14,ALICEVILLE,AL,"35442","-999",(205) 373-5000,FEDERAL,OPEN,"244",PICKENS,"10107",USA,MINIMUM,-88.190734,33.169607,0.970000000000000,0.600000000000000,4956.000000000000000,"1","0","5",5.000000000000000,"1","0",6.905555566151938,"0",7.174999952316280,
"3340","10006193",USP TUCSON CAMP,9300 SOUTH WILMOT,TUCSON,AZ,"85756","-999",(520) 663-5000,FEDERAL,OPEN,"134",PIMA,"04019",USA,MINIMUM,-110.862315,32.081532,,,,"0","0","0",0.000000000000000,"0","1",4.618367321637212,"0",4.366666793823242,
"3344","10006299",USP LOMPOC NORTH CAMP,3901 KLEIN BLVD,LOMPOC,CA,"93436","-999",(805) 735-2771,FEDERAL,OPEN,"123",SANTA BARBARA,"06083",USA,MINIMUM,-120.503421,34.684349,0.180000000000000,0.150000000000000,2879.000000000000000,"0","0","1",1.000000000000000,"0","1",4.613333320617676,"0",4.599999904632570,
"3345","10000582",FCI FLORENCE CAMP,5880 STATE HIGHWAY 67 SOUTH,FLORENCE,CO,"81226","-999",(719) 784-9100,FEDERAL,OPEN,"484",FREMONT,"08043",USA,MINIMUM,-105.102642,38.365339,,0.010000000000000,3073.000000000000000,"0","0","0",0.000000000000000,"0","0",4.699999809265138,"0",4.699999809265140,
"3348","10000935",FCI DANBURY,ROUTE 37,DANBURY,CT,"06811","-999",(203) 743-6471,FEDERAL,OPEN,"815",FAIRFIELD,"09001",USA,MINIMUM,-73.467554,41.436764,0.460000000000000,0.220000000000000,963.000000000000000,"0","0","0",0.000000000000000,"0","0",6.005310874958074,"0",6.099999904632570,
"3349","10000338",FCI MARIANNA CAMP,3625 FCI RD,MARIANNA,FL,"32446","-999",(850) 526-2313,FEDERAL,OPEN,"211",JACKSON,"12063",USA,MINIMUM,-85.190400,30.828098,0.810000000000000,0.320000000000000,4975.000000000000000,"0","0","3",2.000000000000000,"0","0",7.393043498716494,"0",7.299999952316280,
"3350","10000550",FCI MIAMI CAMP,15801 SW 137TH AVE,MIAMI,FL,"33177","-999",(305) 259-2100,FEDERAL,OPEN,"382",MIAMI-DADE,"12086",USA,MINIMUM,-80.412793,25.615178,0.520000000000000,0.320000000000000,4891.000000000000000,"0","0","3",3.000000000000000,"0","1",6.862500011920930,"0",6.800000190734860,
"3351","10000456",FCI COLEMAN LOW CAMP,846 NE 54TH TERRACE,SUMTERVILLE,FL,"33521","-999",(352) 689-5000,FEDERAL,OPEN,"382",SUMTER,"12119",USA,MINIMUM,-82.014919,28.762793,,0.230000000000000,6876.000000000000000,"0","0","0",0.000000000000000,"0","0",7.359999942779542,"0",7.099999904632570,
"3352","10000136",FCI TALLADEGA,565 EAST RENFROE ROAD,TALLADEGA,AL,"35160","-999",(256) 315-4100,FEDERAL,OPEN,"793",TALLADEGA,"01121",USA,MEDIUM,-86.140089,33.420635,0.940000000000000,0.620000000000000,2972.000000000000000,"1","0","1",1.000000000000000,"1","0",7.700000000000000,"0",7.674999952316280,
"3357","10002565",FCI OXFORD CAMP,COUNTY RD G & ELK AVE,OXFORD,WI,"53952","-999",(608) 584-5511,FEDERAL,OPEN,"113",ADAMS,"55001",USA,MINIMUM,-89.644058,43.862784,0.960000000000000,0.160000000000000,3585.000000000000000,"1","0","2",2.000000000000000,"1","0",6.231999979886142,"0",6.300000190734860,
"3359","10006171",FCI EDGEFIELD CAMP,501 GARY HILL RD,EDGEFIELD,SC,"29824","-999",(803) 637-1500,FEDERAL,OPEN,"449",EDGEFIELD,"45037",USA,MINIMUM,-81.914903,33.762166,0.750000000000000,0.430000000000000,7253.000000000000000,"0","0","0",0.000000000000000,"0","0",6.577777774676398,"0",7.300000190734860,
"3362","10006172",FCI MCKEAN CAMP,6975 ROUTE 59,LEWIS RUN,PA,"16738","-999",(814) 362-8900,FEDERAL,OPEN,"215",MCKEAN,"42083",USA,MINIMUM,-78.690948,41.798585,0.730000000000000,0.100000000000000,5653.000000000000000,"0","0","0",0.000000000000000,"0","0",6.082962941534726,"0",6.300000190734860,
"3363","10006238",FCI BASTROP CAMP,1341 HIGHWAY 95 NORTH,BASTROP,TX,"78602","-999",(512) 321-3903,FEDERAL,OPEN,"177",BASTROP,"48021",USA,MINIMUM,-97.307105,30.197087,0.680000000000000,0.730000000000000,8588.000000000000000,"0","0","4",3.000000000000000,"0","1",6.110526295084704,"0",6.500000000000000,
"3367","10003539",WEST TENNESSEE DETENTION FACILITY,6299 FINDE NAIFEH JR DR,MASON,TN,"38049","-999",(901) 294-3060,MULTI,OPEN,"47",TIPTON,"47167",USA,NOT AVAILABLE,-89.549055,35.407233,0.730000000000000,0.400000000000000,2653.000000000000000,"0","0","3",3.000000000000000,"0","0",6.793750014156104,"0",6.799999952316280,
"3370","10004184",PIEDMONT CORRECTIONAL INSTITUTION - MINIMUM SECURITY UNIT,4750 S MAIN ST,SALISBURY,NC,"28147","-999",(704) 639-7540,STATE,OPEN,"-999",ROWAN,"37159",USA,MINIMUM,-80.534088,35.620789,0.350000000000000,0.570000000000000,5942.000000000000000,"0","0","0",0.000000000000000,"0","1",6.944444444444446,"0",7.250000000000000,
"3376","10001771",RANDOLPH CORRECTIONAL CENTER,2760 US HWY 220 BUSINESS,ASHEBORO,NC,"27203","-999",(336) 625-2578,STATE,OPEN,"225",RANDOLPH,"37151",USA,MINIMUM,-79.824242,35.668108,0.700000000000000,0.360000000000000,4695.000000000000000,"0","0","1",1.000000000000000,"0","0",7.112500011920930,"0",6.900000095367430,
"3379","10000683",CENTRALIA CORRECTIONAL CENTER,9330 SHATTUC ROAD,CENTRALIA,IL,"62801","-999",(618) 533-4111,STATE,OPEN,"1281",CLINTON,"17027",USA,MEDIUM,-89.191701,38.553844,0.800000000000000,0.640000000000000,6551.000000000000000,"0","0","0",0.000000000000000,"0","0",8.354166693985462,"0",8.250000000000000,
"3383","10000603",FCI PHOENIX CAMP,37900 N 45TH AVE,PHOENIX,AZ,"85086","-999",(623) 465-9757,FEDERAL,OPEN,"274",MARICOPA,"04013",USA,MINIMUM,-112.162169,33.832709,0.410000000000000,0.030000000000000,8147.000000000000000,"0","0","0",0.000000000000000,"0","0",6.070322585874990,"0",6.800000190734860,
"3387","10000163",FMC FORT WORTH,3150 HORTON RD,FORT WORTH,TX,"76119","-999",(817) 534-8400,FEDERAL,OPEN,"1612",TARRANT,"48439",USA,MINIMUM,-97.287689,32.679862,0.880000000000000,0.770000000000000,6549.000000000000000,"0","0","5",3.000000000000000,"0","0",7.475000023841858,"0",7.333333492279050,
"3389","10000833",FCI VICTORVILLE MEDIUM II CAMP,13777 AIR EXPRESSWAY BOULEVARD,VICTORVILLE,CA,"92394","-999",(760) 530-5700,FEDERAL,OPEN,"278",SAN BERNARDINO,"06071",USA,MINIMUM,-117.369744,34.569007,0.920000000000000,0.430000000000000,6700.000000000000000,"1","0","9",7.000000000000000,"1","1",8.347619056701660,"0",8.733333587646484,
"3390","10001778",RUTHERFORD CORRECTIONAL CENTER,549 LEDBETTER RD,SPINDALE,NC,"28160","-999",(828) 286-4121,STATE,OPEN,"236",RUTHERFORD,"37161",USA,MINIMUM,-81.914543,35.365094,0.770000000000000,0.240000000000000,3821.000000000000000,"0","0","0",0.000000000000000,"0","0",6.349999994039536,"0",6.300000190734860,
"3393","10002250",FLORENCE CORRECTIONAL CENTER,1100 BOWLING RD,FLORENCE,AZ,"85132","-999",(520) 868-9095,FEDERAL,OPEN,"-999",PINAL,"04021",USA,MEDIUM,-111.371780,33.044277,0.850000000000000,0.090000000000000,4765.000000000000000,"0","0","3",2.000000000000000,"0","0",6.150000035762788,"0",6.199999809265140,
"3394","10000831",FCI VICTORVILLE MEDIUM II,13777 AIR EXPRESSWAY BOULEVARD,VICTORVILLE,CA,"92394","-999",(760) 530-5700,FEDERAL,OPEN,"1216",SAN BERNARDINO,"06071",USA,MEDIUM,-117.358315,34.568484,,0.460000000000000,3817.000000000000000,"0","0","1",1.000000000000000,"0","0",8.417647137361413,"0",8.733333587646484,
"3401","10001784",SOUTHERN CORRECTIONAL INSTITUTION,272 GLEN RD,TROY,NC,"27371","-999",(910) 572-3784,STATE,OPEN,"672",MONTGOMERY,"37123",USA,CLOSE,-79.872160,35.379384,0.750000000000000,0.260000000000000,7028.000000000000000,"0","0","2",2.000000000000000,"0","0",6.539600004196168,"0",6.750000000000000,
"3402","10000660",ILLINOIS RIVER CORRECTIONAL CENTER,1300 WEST LOCUST STREET,CANTON,IL,"61520","-999",(309) 647-7030,STATE,OPEN,"1770",FULTON,"17057",USA,MEDIUM,-90.082585,40.556727,0.720000000000000,0.720000000000000,4748.000000000000000,"0","0","0",0.000000000000000,"0","0",7.703124925494194,"0",8.000000000000000,
"3403","10000832",FCI VICTORVILLE MEDIUM I,13777 AIR EXPRESSWAY BOULEVARD,VICTORVILLE,CA,"92394","-999",(760) 246-2400,FEDERAL,OPEN,"1235",SAN BERNARDINO,"06071",USA,MEDIUM,-117.364561,34.565479,,0.460000000000000,3817.000000000000000,"0","0","1",1.000000000000000,"0","0",8.417647137361413,"0",8.800000190734860,
"3404","10000863",FCI LOMPOC,3600 GUARD RD,LOMPOC,CA,"93436","-999",(805) 736-4154,FEDERAL,OPEN,"1257",SANTA BARBARA,"06083",USA,MINIMUM,-120.499462,34.676755,0.180000000000000,0.150000000000000,2879.000000000000000,"0","0","1",1.000000000000000,"0","1",4.613333320617676,"0",4.900000095367430,
"3414","10000685",SOUTHWESTERN ILLINOIS CORRECTIONAL CENTER,950 KINGSHIGHWAY ST,EAST ST LOUIS,IL,"62203","-999",(618) 394-2200,STATE,OPEN,"471",ST. CLAIR,"17163",USA,MINIMUM,-90.090818,38.616913,0.830000000000000,0.760000000000000,3397.000000000000000,"0","0","2",2.000000000000000,"0","0",8.987999992370606,"0",8.949999809265140,
"3415","10004714",VANDALIA WORK CAMP,UNITED STATES HIGHWAY 51 NORTH,VANDALIA,IL,"62471","-999",(618) 283-4170,STATE,OPEN,"404",FAYETTE,"17051",USA,MINIMUM,-89.096591,39.015111,0.490000000000000,0.670000000000000,5161.000000000000000,"0","0","0",0.000000000000000,"0","0",8.200000017881393,"0",7.900000095367430,
"3416","10004724",SOUTHWESTERN ILLINOIS WORK CAMP,950 KINGSHIGHWAY ST,EAST ST LOUIS,IL,"62203","-999",(618) 394-2200,STATE,OPEN,"92",ST. CLAIR,"17163",USA,MINIMUM,-90.090953,38.618313,0.830000000000000,0.760000000000000,3397.000000000000000,"0","0","2",2.000000000000000,"0","0",8.987999992370606,"0",8.899999618530270,
"3418","10000330",FCI MARIANNA,3625 FCI RD,MARIANNA,FL,"32446","-999",(850) 526-2313,FEDERAL,OPEN,"1195",JACKSON,"12063",USA,MEDIUM,-85.192001,30.834602,0.810000000000000,0.320000000000000,4975.000000000000000,"0","0","3",2.000000000000000,"0","0",7.393043498716494,"0",7.400000095367430,
"3419","10000375",FCI TALLAHASSEE,501 CAPITAL CIRCLE NE,TALLAHASSEE,FL,"32301","-999",(850) 878-2173,FEDERAL,OPEN,"925",LEON,"12073",USA,MINIMUM,-84.222537,30.443648,0.460000000000000,0.380000000000000,4440.000000000000000,"0","0","0",0.000000000000000,"0","0",7.566666682561238,"0",7.599999904632570,
"3426","10000183",BILLY MOORE CORRECTIONAL CENTER,8500 N FM 3053,OVERTON,TX,"75684","-999",(903) 834-6186,STATE,OPEN,"496",RUSK,"48401",USA,MINIMUM,-94.965905,32.317310,0.720000000000000,0.750000000000000,5546.000000000000000,"0","0","0",0.000000000000000,"0","0",6.799224823944328,"0",6.599999904632570,
"3428","10003386",FSL ELKTON,8730 SCROGGS RD,LISBON,OH,"44432","-999",(330) 420-6200,FEDERAL,OPEN,"437",COLUMBIANA,"39029",USA,MINIMUM,-80.700483,40.768248,0.770000000000000,0.520000000000000,7650.000000000000000,"0","0","1",1.000000000000000,"0","1",7.376397523820772,"0",7.350000143051150,
"3441","10000116",NORTHPOINT TRAINING CENTER,710 WALTER REED RD,BURGIN,KY,"40310","-999",(859) 239-7012,STATE,OPEN,"1237",BOYLE,"21021",USA,MEDIUM,-84.746357,37.710021,0.440000000000000,0.510000000000000,5765.000000000000000,"0","0","0",0.000000000000000,"0","0",7.231249973177910,"0",7.049999952316280,
"3442","10001799",TABOR CORRECTIONAL INSTITUTION,4600 SWAMP FOX HWY W,TABOR CITY,NC,"28463","-999",(910) 653-6413,STATE,OPEN,"1721",COLUMBUS,"37047",USA,CLOSE,-78.911560,34.187424,0.800000000000000,0.050000000000000,7034.000000000000000,"0","0","2",2.000000000000000,"0","0",5.242957756552898,"0",5.300000190734860,
"3446","10006309",HERITAGE TRAIL CORRECTIONAL FACILITY,501 WEST MAIN STREET,PLAINFIELD,IN,"46168","-999",(317) 839-7751,STATE,OPEN,"858",HENDRICKS,"18063",USA,MINIMUM,-86.407617,39.693662,0.300000000000000,0.790000000000000,12597.000000000000000,"0","0","0",0.000000000000000,"0","0",9.052499985694883,"0",9.150000095367430,
"3447","10000275",FCI MILAN,4004 E ARKONA RD,MILAN,MI,"48160","-999",(734) 439-1511,FEDERAL,OPEN,"1415",WASHTENAW,"26161",USA,MINIMUM,-83.668571,42.094665,0.240000000000000,0.610000000000000,1359.000000000000000,"0","0","0",0.000000000000000,"0","0",7.345435778342498,"0",7.350000143051150,
"3449","10006512",FCI MILAN DETENTION CENTER,4004 E ARKONA RD,MILAN,MI,"48160","-999",(734) 439-1511,FEDERAL,OPEN,"251",WASHTENAW,"26161",USA,MINIMUM,-83.664703,42.095476,0.240000000000000,0.610000000000000,1359.000000000000000,"0","0","0",0.000000000000000,"0","0",7.345435778342498,"0",7.300000190734860,
"3456","10000542",FCI MIAMI,15801 SW 137TH AVE,MIAMI,FL,"33177","-999",(305) 259-2100,FEDERAL,OPEN,"931",MIAMI-DADE,"12086",USA,MINIMUM,-80.410391,25.618327,0.520000000000000,0.320000000000000,4891.000000000000000,"0","0","3",3.000000000000000,"0","1",6.862500011920930,"0",6.866666793823240,
"3461","10001040",ELLSWORTH CORRECTIONAL FACILITY / WORK RELEASE,1607 STATE STREET,ELLSWORTH,KS,"67439","-999",(785) 472-5501,STATE,OPEN,"905",ELLSWORTH,"20053",USA,MAXIMUM,-98.232150,38.743012,0.520000000000000,0.130000000000000,4138.000000000000000,"0","0","0",0.000000000000000,"0","1",5.477949716136350,"0",5.900000095367430,
"3462","10000712",USP CANAAN,3057 ERIC J. WILLIAMS MEMORIAL DRIVE,WAYMART,PA,"18472","-999",(570) 488-8000,FEDERAL,OPEN,"1188",WAYNE,"42127",USA,MAXIMUM,-75.421332,41.562938,0.930000000000000,0.170000000000000,6783.000000000000000,"1","0","0",0.000000000000000,"1","1",6.190410943880474,"0",6.250000000000000,
"3480","10001028",NORTON CORRECTIONAL FACILITY,ROAD EAST 4 AND UNITED STATES HIGHWAY 36,NORTON,KS,"67654","0546",(785) 877-3389,STATE,OPEN,"803",NORTON,"20137",USA,MEDIUM,-99.816373,39.844163,0.800000000000000,0.060000000000000,5446.000000000000000,"0","0","0",0.000000000000000,"0","1",5.779780042554724,"0",6.099999904632570,
"3481","10004812",NCF SATELLITE UNIT - EAST UNIT,1210 SOUTH CEDAR STREET,STOCKTON,KS,"67669","-999",(785) 425-6745,STATE,OPEN,"124",ROOKS,"20163",USA,MINIMUM,-99.274461,39.424354,0.810000000000000,0.070000000000000,2158.000000000000000,"0","0","2",1.000000000000000,"0","0",5.709249324197744,"0",6.000000000000000,
"3491","10003376",MANSFIELD CORRECTIONAL INSTITUTION,1150 N MAIN ST,MANSFIELD,OH,"44901","-999",(419) 525-4455,STATE,OPEN,"2183",RICHLAND,"39139",USA,MAXIMUM,-82.509053,40.791653,0.750000000000000,0.520000000000000,5502.000000000000000,"0","0","1",1.000000000000000,"0","0",8.113043577774713,"0",8.133333365122480,
"3497","10003148",ROCHESTER CORRECTIONAL FACILITY,470 FORD ST,ROCHESTER,NY,"14608","2499",(585) 454-2280,STATE,OPEN,"64",MONROE,"36055",USA,MINIMUM,-77.616716,43.143796,0.590000000000000,0.100000000000000,3177.000000000000000,"0","0","4",4.000000000000000,"0","1",5.756041889357912,"0",5.800000190734860,
"3502","10000713",USP CANAAN CAMP,3057 ERIC J. WILLIAMS MEMORIAL DRIVE,WAYMART,PA,"18472","-999",(570) 488-8000,FEDERAL,OPEN,"116",WAYNE,"42127",USA,MINIMUM,-75.412555,41.567611,0.930000000000000,0.170000000000000,6783.000000000000000,"1","0","0",0.000000000000000,"1","1",6.190410943880474,"0",6.199999809265140,
"3503","10001346",BARAGA CORRECTIONAL FACILITY,13924 WADAGA RD,BARAGA,MI,"49908","9204",(906) 353-7070,STATE,OPEN,"787",BARAGA,"26013",USA,MAXIMUM,-88.511216,46.762549,0.900000000000000,0.010000000000000,4286.000000000000000,"1","0","1",1.000000000000000,"1","0",4.680210378434924,"0",4.450000047683721,
"3504","10001362",CENTRAL MICHIGAN CORRECTIONAL FACILITY,320 N HUBBARD,ST LOUIS,MI,"48880","-999",(989) 681-6668,STATE,OPEN,"2542",GRATIOT,"26057",USA,MINIMUM,-84.592695,43.413494,,0.280000000000000,3748.000000000000000,"0","0","3",3.000000000000000,"0","1",6.000000000000000,"0",6.000000000000000,
"3508","10002416",B B RAYBURN CORRECTIONAL CENTER,27268 STATE HWY 21 N,ANGIE,LA,"70426","-999",(985) 661-6300,STATE,OPEN,"1313",WASHINGTON,"22117",USA,MEDIUM,-89.815843,30.921698,0.860000000000000,0.540000000000000,3677.000000000000000,"0","0","6",4.000000000000000,"0","0",7.737254921906914,"0",8.050000190734860,
"3509","10000967",ALLEN CORRECTIONAL CENTER,3751 LAUDERDALE WOODYARD RD,KINDER,LA,"70648","-999",(337) 639-2943,STATE,OPEN,"1579",ALLEN,"22003",USA,MAXIMUM,-92.789673,30.561483,0.730000000000000,0.640000000000000,8344.000000000000000,"0","0","0",0.000000000000000,"0","0",7.296491225560506,"0",7.375000000000000,
"3511","10002084",CHIPPEWA CORRECTIONAL FACILITY,4269 W. M-80,KINCHELOE,MI,"49784","-999",(906) 495-2275,STATE,OPEN,"2322",CHIPPEWA,"26033",USA,MAXIMUM,-84.455438,46.257396,,0.130000000000000,1262.000000000000000,"0","0","1",1.000000000000000,"0","0",4.912752279865452,"0",4.950000047683720,
"3515","10002095",BOSTON PRE-RELEASE CENTER,430 CANTERBURY ST,ROSLINDALE,MA,"02131","-999",(617) 822-5000,STATE,OPEN,"106",SUFFOLK,"25025",USA,MINIMUM,-71.101384,42.292495,0.590000000000000,0.270000000000000,442.000000000000000,"0","0","5",3.000000000000000,"0","0",6.250000000000000,"0",6.300000190734860,
"3517","10003378",RICHLAND CORRECTIONAL INSTITUTION,1001 OLIVESBURG RD,MANSFIELD,OH,"44905","-999",(419) 526-2100,STATE,OPEN,"2598",RICHLAND,"39139",USA,MEDIUM,-82.500470,40.787725,0.750000000000000,0.520000000000000,5502.000000000000000,"0","0","1",1.000000000000000,"0","0",8.113043577774713,"0",8.125000119209290,
"3526","10000099",FCI ESTILL,100 PRISON RD,ESTILL,SC,"29918","-999",(803) 625-4607,FEDERAL,OPEN,"977",HAMPTON,"45049",USA,MEDIUM,-81.255133,32.721031,0.950000000000000,0.300000000000000,6634.000000000000000,"1","0","6",5.000000000000000,"1","0",6.081516589033660,"0",6.200000047683720,
"3527","10000948",DAVID WADE CORRECTIONAL CENTER,670 BELL HILL RD,HOMER,LA,"71040","-999",(318) 927-0400,STATE,OPEN,"1227",CLAIBORNE,"22027",USA,MAXIMUM,-93.019544,32.901731,0.940000000000000,0.770000000000000,4305.000000000000000,"1","0","2",2.000000000000000,"1","0",7.540366975539322,"0",7.624999880790710,
"3530","10002088",CARSON CITY CORRECTIONAL FACILITY,10274 BOYER RD,CARSON CITY,MI,"48811","9746",(989) 584-3941,STATE,OPEN,"2240",MONTCALM,"26117",USA,CLOSE,-84.870610,43.160553,0.910000000000000,0.320000000000000,6704.000000000000000,"1","0","2",2.000000000000000,"1","0",5.930901345265270,"0",5.900000095367430,
"3531","10001375",DETROIT DETENTION CENTER,17601 MOUND RD,DETROIT,MI,"48212","-999",(313) 368-8300,STATE,OPEN,"-999",WAYNE,"26163",USA,NOT AVAILABLE,-83.047679,42.423728,0.990000000000000,0.850000000000000,2015.000000000000000,"1","0","12",7.000000000000000,"1","1",8.300000190734863,"0",8.300000190734860,
"3532","10001125",FPC YANKTON,1016 DOUGLAS AVE,YANKTON,SD,"57078","-999",(605) 665-3262,FEDERAL,OPEN,"487",YANKTON,"46135",USA,MINIMUM,-97.390359,42.880335,0.120000000000000,0.060000000000000,6347.000000000000000,"0","0","3",3.000000000000000,"0","1",5.991666674613954,"0",6.000000000000000,
"3534","10000226",FCI BASTROP,1341 HIGHWAY 95 NORTH,BASTROP,TX,"78602","-999",(512) 321-3903,FEDERAL,OPEN,"1213",BASTROP,"48021",USA,MINIMUM,-97.307827,30.191505,0.680000000000000,0.730000000000000,8588.000000000000000,"0","0","4",3.000000000000000,"0","1",6.110526295084704,"0",6.333333333333330,
"3535","10001376",DETROIT RE-ENTRY CENTER,17600 RYAN RD,DETROIT,MI,"48212","-999",(313) 368-3200,STATE,OPEN,"-999",WAYNE,"26163",USA,MEDIUM,-83.057848,42.423489,0.990000000000000,0.850000000000000,2015.000000000000000,"1","0","12",7.000000000000000,"1","1",8.300000190734863,"0",8.300000190734860,
"3537","10003826",EARNEST C. BROOKS CORRECTIONAL FACILITY,2500 S SHERIDAN DR,MUSKEGON HEIGHTS,MI,"49444","-999",(231) 773-9200,STATE,OPEN,"1218",MUSKEGON,"26121",USA,MAXIMUM,-86.172665,43.210393,0.930000000000000,0.280000000000000,4302.000000000000000,"1","0","5",4.000000000000000,"1","1",6.239999961853028,"0",6.099999904632570,
"3538","10006944",SOUTHERN MAINE WOMEN'S RE-ENTRY CENTER,230 RIVER ROAD,WINDHAM,ME,"04062","-999",(207) 893-7132,STATE,OPEN,"-999",CUMBERLAND,"23005",USA,MINIMUM,-70.409362,43.728430,0.780000000000000,0.070000000000000,5901.000000000000000,"0","0","0",0.000000000000000,"0","1",5.021818161010742,"0",5.000000000000000,
"3539","10000172",FCI SEAGOVILLE,2113 NORTH HWY 175,SEAGOVILLE,TX,"75159","-999",(972) 287-2911,FEDERAL,OPEN,"1829",DALLAS,"48113",USA,MINIMUM,-96.567606,32.655217,0.730000000000000,0.750000000000000,9961.000000000000000,"0","0","2",1.000000000000000,"0","0",7.187804902472148,"0",7.699999809265140,
"3547","10000277",G ROBERT COTTON CORRECTIONAL FACILITY,3500 N ELM RD,JACKSON,MI,"49201","-999",(517) 780-5000,STATE,OPEN,"1796",JACKSON,"26075",USA,MAXIMUM,-84.389963,42.288168,,0.470000000000000,5113.000000000000000,"0","0","1",1.000000000000000,"0","0",6.900000095367432,"0",6.925000071525570,
"3548","10001387",GUS HARRISON CORRECTIONAL FACILITY,2727 E BEECHER ST,ADRIAN,MI,"49221","-999",(517) 265-3900,STATE,OPEN,"2331",LENAWEE,"26091",USA,MAXIMUM,-84.007292,41.886085,0.630000000000000,0.520000000000000,9442.000000000000000,"0","0","0",0.000000000000000,"0","1",7.320408222626668,"0",7.400000095367430,
"3552","10000272",IONIA CORRECTIONAL FACILITY,1576 W BLUEWATER HWY,IONIA,MI,"48846","-999",(616) 527-6331,STATE,OPEN,"681",IONIA,"26067",USA,MAXIMUM,-85.101654,42.984412,,0.410000000000000,3172.000000000000000,"0","0","0",0.000000000000000,"0","0",6.400000095367432,"0",6.350000143051150,
"3554","10004034",BALTIMORE CENTRAL BOOKING AND INTAKE CENTER,300 E MADISON ST,BALTIMORE,MD,"21202","-999",(410) 545-8080,STATE,OPEN,"166",BALTIMORE (CITY),"24510",USA,MAXIMUM,-76.610500,39.300083,,0.540000000000000,3326.000000000000000,"0","0","5",3.000000000000000,"0","1",8.296500862519778,"0",8.049999952316282,
"3555","10001389",LAKELAND CORRECTIONAL FACILITY,141 FIRST ST,COLDWATER,MI,"49036","-999",(517) 278-6942,STATE,OPEN,"1460",BRANCH,"26023",USA,MEDIUM,-84.995966,41.965443,0.700000000000000,0.460000000000000,5854.000000000000000,"0","0","0",0.000000000000000,"0","0",7.094285697028750,"0",7.000000000000000,
"3557","10001366",MACOMB CORRECTIONAL FACILITY,34625 26 MILE RD,NEW HAVEN,MI,"48048","-999",(586) 749-4900,STATE,OPEN,"1355",MACOMB,"26099",USA,MAXIMUM,-82.763469,42.724437,0.520000000000000,0.680000000000000,8230.000000000000000,"0","0","0",0.000000000000000,"0","0",7.162963001816362,"0",7.400000095367430,
"3558","10003444",SOUTHERN OHIO CORRECTIONAL FACILITY,1724 STATE ROUTE 728,LUCASVILLE,OH,"45699","-999",(740) 259-5544,STATE,OPEN,"1204",SCIOTO,"39145",USA,MAXIMUM,-82.970469,38.874523,0.850000000000000,0.380000000000000,4630.000000000000000,"0","0","3",3.000000000000000,"0","0",6.635779761393136,"0",6.699999809265140,
"3560","10001342",MARQUETTE BRANCH PRISON,1960 US HWY 41 S,MARQUETTE,MI,"49855","-999",(906) 226-6531,STATE,OPEN,"1060",MARQUETTE,"26103",USA,CLOSE,-87.381418,46.510610,0.300000000000000,0.030000000000000,4587.000000000000000,"0","0","0",0.000000000000000,"0","0",4.439285704067776,"0",4.750000000000000,
"3562","10006546",BALTIMORE PRETRIAL COMPLEX,531 EAST MADISON STREET,BALTIMORE,MD,"21202","-999",(410) 209-4130,STATE,OPEN,"313",BALTIMORE (CITY),"24510",USA,NOT AVAILABLE,-76.608435,39.298548,,0.540000000000000,3326.000000000000000,"0","0","5",3.000000000000000,"0","1",8.296500862519778,"0",8.600000381469730,
"3566","10003834",MICHIGAN REFORMATORY,1342 W MAIN ST,IONIA,MI,"48846","-999",(616) 527-2500,STATE,OPEN,"1193",IONIA,"26067",USA,CLOSE,-85.094181,42.975827,0.680000000000000,0.420000000000000,2030.000000000000000,"0","0","2",2.000000000000000,"0","1",6.535294083987966,"0",6.599999904632570,
"3567","10001135",FCI BENNETTSVILLE CAMP,696 MUCKERMAN RD,BENNETTSVILLE,SC,"29512","-999",(843) 454-8200,FEDERAL,OPEN,"117",MARLBORO,"45069",USA,MINIMUM,-79.721911,34.668010,0.780000000000000,0.190000000000000,5036.000000000000000,"0","0","3",3.000000000000000,"0","0",6.279508172488604,"0",6.400000095367430,
"3568","10001435",FPC PENSACOLA,110 RABY AVE,PENSACOLA,FL,"32509","-999",(850) 457-1911,FEDERAL,OPEN,"693",ESCAMBIA,"12033",USA,MINIMUM,-87.339153,30.463463,0.590000000000000,0.380000000000000,2605.000000000000000,"0","0","0",0.000000000000000,"0","0",8.010000014305117,"0",7.800000190734860,
"3574","10001484",FCI MCKEAN,6975 ROUTE 59,LEWIS RUN,PA,"16738","-999",(814) 362-8900,FEDERAL,OPEN,"676",MCKEAN,"42083",USA,MEDIUM,-78.685297,41.798004,0.730000000000000,0.100000000000000,5653.000000000000000,"0","0","0",0.000000000000000,"0","0",6.082962941534726,"0",6.300000190734860,
"3578","10006966",WARNER CREEK CORRECTIONAL FACILITY (WCCF),20654 RABBIT HILL ROAD,LAKEVIEW,OR,"97630","-999",(541) 947-8200,STATE,OPEN,"-999",LAKE,"41037",USA,MINIMUM,-120.379335,42.244647,0.780000000000000,0.460000000000000,4980.000000000000000,"0","0","2",2.000000000000000,"0","0",4.787500017846124,"0",4.950000047683720,
"3581","10003824",MUSKEGON CORRECTIONAL FACILITY,2400 S SHERIDAN DR,MUSKEGON,MI,"49442","-999",(231) 773-3201,STATE,OPEN,"1297",MUSKEGON,"26121",USA,MEDIUM,-86.178855,43.210168,0.930000000000000,0.280000000000000,4302.000000000000000,"1","0","5",4.000000000000000,"1","1",6.239999961853028,"0",6.174999952316280,
"3583","10001341",NEWBERRY CORRECTIONAL FACILITY,13747 E. COUNTY ROAD 428,NEWBERRY,MI,"49868","-999",(906) 293-6200,STATE,OPEN,"1098",LUCE,"26095",USA,MEDIUM,-85.507735,46.330454,0.730000000000000,0.060000000000000,4372.000000000000000,"0","0","0",0.000000000000000,"0","0",4.855882338449066,"0",4.800000190734860,
"3584","10001347",OJIBWAY CORRECTIONAL FACILITY,N 5705 OJIBWAY RD,MARENISCO,MI,"49947","9771",(906) 787-2217,STATE,OPEN,"1112",GOGEBIC,"26053",USA,MINIMUM,-89.706507,46.305625,0.980000000000000,0.010000000000000,2226.000000000000000,"1","0","2",2.000000000000000,"1","0",4.516299870188004,"0",4.300000190734860,
"3588","10006971",SOUTHAMPTON MEMORIAL HOSPITAL PRISON WARD,100 FAIRVIEW DRIVE,FRANKLIN,VA,"23851","-999",(757) 569-6100,STATE,OPEN,"4",FRANKLIN,"51620",USA,NOT AVAILABLE,-76.937107,36.692033,0.540000000000000,0.110000000000000,4435.000000000000000,"0","0","0",0.000000000000000,"0","0",5.922222216924032,"0",5.900000095367430,
"3589","10001386",PARNALL CORRECTIONAL FACILITY,1780 E PARNALL RD,JACKSON,MI,"49201","-999",(517) 780-6004,STATE,OPEN,"1675",JACKSON,"26075",USA,MINIMUM,-84.388278,42.293549,,0.470000000000000,5113.000000000000000,"0","0","1",1.000000000000000,"0","0",6.900000095367432,"0",6.900000095367430,
"3590","10003167",GOWANDA CORRECTIONAL FACILITY,"P O BOX 350, SOUTH RD",GOWANDA,NY,"14070","0350",(716) 532-0177,STATE,OPEN,"1490",ERIE,"36029",USA,MEDIUM,-78.936972,42.488214,0.800000000000000,0.130000000000000,2791.000000000000000,"0","0","2",2.000000000000000,"0","1",5.599999904632568,"0",5.699999968210860,
"3591","10001283",USP BEAUMONT CAMP,6200 KNAUTH ROAD,BEAUMONT,TX,"77705","-999",(409) 727-8188,FEDERAL,OPEN,"595",JEFFERSON,"48245",USA,MINIMUM,-94.082187,29.967416,,0.860000000000000,5132.000000000000000,"0","0","0",0.000000000000000,"0","0",7.699999928474426,"0",7.599999904632570,
"3593","10002330",FCI DUBLIN CAMP,5675 8TH STREET,DUBLIN,CA,"94568","-999",(925) 833-7500,FEDERAL,OPEN,"206",ALAMEDA,"06001",USA,MINIMUM,-121.894906,37.715351,0.040000000000000,0.960000000000000,5664.000000000000000,"0","1","0",0.000000000000000,"1","0",7.155555566151938,"0",7.500000000000000,cejstonly
"3595","10000273",RICHARD A HANDLON CORRECTIONAL FACILITY,1728 BLUEWATER HWY,IONIA,MI,"48846","-999",(616) 527-3100,STATE,OPEN,"1257",IONIA,"26067",USA,MEDIUM,-85.106347,42.983814,,0.410000000000000,3172.000000000000000,"0","0","0",0.000000000000000,"0","0",6.400000095367432,"0",6.300000190734860,
"3596","10001357",SAGINAW CORRECTIONAL FACILITY,9625 PIERCE RD,FREELAND,MI,"48623","-999",(989) 695-9880,STATE,OPEN,"1463",SAGINAW,"26145",USA,CLOSE,-84.103451,43.506947,0.380000000000000,0.350000000000000,9877.000000000000000,"0","0","0",0.000000000000000,"0","1",6.190740691290962,"0",6.300000190734860,
"3597","10003352",LUCAS COUNTY CORRECTIONAL TREATMENT FACILITY,1100 JEFFERSON AVE,TOLEDO,OH,"43624","-999",(419) 213-6200,STATE,OPEN,"-999",LUCAS,"39095",USA,MINIMUM,-83.542591,41.653719,0.630000000000000,0.680000000000000,1401.000000000000000,"0","0","9",5.000000000000000,"0","1",8.131425012420888,"0",8.100000381469730,
"3598","10001989",FCI BEAUMONT MEDIUM,5830 KNAUTH ROAD,BEAUMONT,TX,"77705","-999",(409) 727-0101,FEDERAL,OPEN,"1573",JEFFERSON,"48245",USA,MEDIUM,-94.080558,29.973029,,0.860000000000000,5132.000000000000000,"0","0","0",0.000000000000000,"0","0",7.699999928474426,"0",7.699999809265140,
"3602","10004594",FCI COLEMAN MEDIUM,846 NORTHEAST 54TH TERRACE,SUMTERVILLE,FL,"33521","-999",(352) 689-5000,FEDERAL,OPEN,"1486",SUMTER,"12119",USA,MEDIUM,-82.007539,28.766251,,0.230000000000000,6876.000000000000000,"0","0","0",0.000000000000000,"0","0",7.359999942779542,"0",7.049999952316280,
"3603","10003607",DAKOTA WOMEN'S CORRECTIONAL AND REHABILITATION CENTER,440 MCKENZIE ST,NEW ENGLAND,ND,"58647","-999",(701) 579-5100,STATE,OPEN,"113",HETTINGER,"38041",USA,MINIMUM,-102.867201,46.535412,0.800000000000000,0.010000000000000,1395.000000000000000,"0","0","0",0.000000000000000,"0","1",4.179678822540630,"0",4.099999904632570,
"3604","10004595",USP COLEMAN II,846 NORTHEAST 54TH TERRACE,SUMTERVILLE,FL,"33521","-999",(352) 689-7000,FEDERAL,OPEN,"1374",SUMTER,"12119",USA,MAXIMUM,-82.000055,28.764289,,0.230000000000000,6876.000000000000000,"0","0","0",0.000000000000000,"0","0",7.359999942779542,"0",6.950000047683720,
"3605","10004647",FDC MIAMI,33 NORTHEAST 4TH STREET,MIAMI,FL,"33132","-999",(305) 577-0010,FEDERAL,OPEN,"1389",MIAMI-DADE,"12086",USA,MAXIMUM,-80.193237,25.778490,,0.320000000000000,1302.000000000000000,"0","0","4",4.000000000000000,"0","1",7.125981389862036,"0",7.099999904632570,
"3613","10000605",ASPC-LEWIS,26700 S HWY 85,BUCKEYE,AZ,"85326","-999",(623) 386-6160,STATE,OPEN,"5480",MARICOPA,"04013",USA,MAXIMUM,-112.651463,33.208525,0.590000000000000,0.270000000000000,6413.000000000000000,"0","0","3",2.000000000000000,"0","1",7.635660315471632,"0",8.600000381469730,
"3614","10000606",ASPC-PERRYVILLE,2105 N CITRUS RD,GOODYEAR,AZ,"85395","-999",(623) 853-0304,STATE,OPEN,"4038",MARICOPA,"04013",USA,CLOSE,-112.437766,33.470387,,0.420000000000000,3657.000000000000000,"0","0","0",0.000000000000000,"0","0",10.466666539510092,"1",10.800000190734901,washuonly
"3629","10001134",FCI BENNETTSVILLE,696 MUCKERMAN RD,BENNETTSVILLE,SC,"29512","-999",(843) 454-8200,FEDERAL,OPEN,"1265",MARLBORO,"45069",USA,MEDIUM,-79.718368,34.672253,0.780000000000000,0.190000000000000,5036.000000000000000,"0","0","3",3.000000000000000,"0","0",6.279508172488604,"0",6.433333396911620,
"3633","10002245",ASPC-PHOENIX,2500 E VAN BUREN ST,PHOENIX,AZ,"85008","-999",(602) 685-3100,STATE,OPEN,"612",MARICOPA,"04013",USA,MAXIMUM,-112.025040,33.453130,,0.560000000000000,343.000000000000000,"0","0","2",2.000000000000000,"0","0",9.100000381469727,"1",9.100000381469730,washuonly
"3644","10002249",ASPC-SAFFORD FT. GRANT UNIT,15500 S FORT GRANT RD,SAFFORD,AZ,"85643","-999",(928) 828-3393,STATE,OPEN,"527",GRAHAM,"04009",USA,MINIMUM,-109.946750,32.623207,0.680000000000000,0.000000000000000,2929.000000000000000,"0","0","0",0.000000000000000,"0","0",4.180997475755938,"0",3.700000047683720,
"3648","10000978",NORTHEAST OHIO CORRECTIONAL CENTER,2240 HUBBARD RD,YOUNGSTOWN,OH,"44505","-999",(330) 746-3777,MULTI,OPEN,"362",MAHONING,"39099",USA,MEDIUM,-80.632494,41.131761,0.980000000000000,0.570000000000000,2826.000000000000000,"1","0","9",5.000000000000000,"1","0",7.849999904632568,"0",7.900000095367430,
"3651","10000984",DAYTON CORRECTIONAL INSTITUTION,4104 GERMANTOWN ST,DAYTON,OH,"45417","-999",(937) 263-0060,STATE,OPEN,"863",MONTGOMERY,"39113",USA,CLOSE,-84.257137,39.729451,0.730000000000000,0.770000000000000,4330.000000000000000,"0","0","5",2.000000000000000,"0","0",8.300000000000002,"0",8.449999809265140,
"3652","10002248",ASPC-SAFFORD,896 S COOK RD,SAFFORD,AZ,"85546","-999",(928) 428-4698,STATE,OPEN,"881",GRAHAM,"04009",USA,MEDIUM,-109.563640,32.828101,0.460000000000000,0.000000000000000,5684.000000000000000,"0","0","1",1.000000000000000,"0","0",5.617073165339536,"0",5.500000000000000,
"3655","10000598",ASPC-WINSLOW APACHE UNIT,38322 US HWY 180,ST. JOHNS,AZ,"85936","-999",(928) 337-4845,STATE,OPEN,"306",APACHE,"04001",USA,MINIMUM,-109.390722,34.320831,0.520000000000000,0.000000000000000,4007.000000000000000,"0","0","0",0.000000000000000,"0","0",5.260371750260818,"0",5.750000000000000,
"3656","10000628",ASPC-TUCSON,10000 S WILMOT RD,TUCSON,AZ,"85734","-999",(520) 574-0024,STATE,OPEN,"5077",PIMA,"04019",USA,CLOSE,-110.866312,32.066401,,0.050000000000000,5884.000000000000000,"0","0","1",1.000000000000000,"0","0",4.200000047683716,"0",4.099999904632570,
"3657","10000595",ASPC-WINSLOW,2100 S HWY 87,WINSLOW,AZ,"86047","-999",(928) 289-9551,STATE,OPEN,"1216",NAVAJO,"04017",USA,CLOSE,-110.721089,34.984716,0.720000000000000,0.000000000000000,4791.000000000000000,"0","0","2",2.000000000000000,"0","0",3.992074587035753,"0",3.450000047683720,
"3658","10000622",ASPC-YUMA,7125 E CESAR CHAVEZ BLVD,SAN LUIS,AZ,"85349","-999",(928) 627-8871,STATE,OPEN,"4785",YUMA,"04027",USA,CLOSE,-114.639715,32.487502,,0.370000000000000,247.000000000000000,"0","0","1",1.000000000000000,"0","0",5.941818185286088,"0",6.450000047683720,
"3659","10000618",CENTRAL ARIZONA CORRECTIONAL FACILITY,1401 E DIVERSION DAM RD,FLORENCE,AZ,"85132","-999",(520) 868-4809,STATE,OPEN,"1273",PINAL,"04021",USA,MEDIUM,-111.372753,33.037310,0.810000000000000,0.040000000000000,13640.000000000000000,"0","0","4",4.000000000000000,"0","1",5.494883723591650,"0",6.300000190734860,
"3660","10003348",NORTHEAST REINTEGRATION CENTER,2675 E 30TH ST,CLEVELAND,OH,"44115","-999",(216) 771-6460,STATE,OPEN,"554",CUYAHOGA,"39035",USA,MINIMUM,-81.667609,41.488858,0.990000000000000,0.750000000000000,2410.000000000000000,"1","0","15",7.000000000000000,"1","1",9.329410328643451,"1",9.349999904632570,washuonly
"3661","10003389",ALLEN OAKWOOD CORRECTIONAL INSTITUTION,2338 NORTH WEST ST,LIMA,OH,"45801","-999",(419) 224-8000,STATE,OPEN,"1480",ALLEN,"39003",USA,MAXIMUM,-84.100450,40.778109,0.800000000000000,0.630000000000000,2848.000000000000000,"0","0","0",0.000000000000000,"0","0",8.360000038146975,"0",8.424999952316282,
"3662","10003342",LAKE ERIE CORRECTIONAL INSTITUTION,501 THOMPSON RD,CONNEAUT,OH,"44030","8668",(440) 599-4100,STATE,OPEN,"1766",ASHTABULA,"39007",USA,MEDIUM,-80.538127,41.945939,0.630000000000000,0.390000000000000,4914.000000000000000,"0","0","0",0.000000000000000,"0","0",6.939393910494718,"0",7.049999952316280,
"3663","10003957",ASPC-KINGMAN,4626 WEST ENGLISH DRIVE,GOLDEN VALLEY,AZ,"86414","-999",(928) 565-2460,STATE,OPEN,"3360",MOHAVE,"04015",USA,MEDIUM,-114.179610,35.028915,0.700000000000000,0.000000000000000,7043.000000000000000,"0","0","4",4.000000000000000,"0","1",4.328285710987786,"0",4.850000143051150,
"3664","10006312",ARIZONA STATE PRISON - FLORENCE WEST,915 EAST DIVERSION DAM ROAD,FLORENCE,AZ,"85132","-999",(520) 868-4251,STATE,OPEN,"742",PINAL,"04021",USA,MINIMUM,-111.376565,33.037059,0.810000000000000,0.040000000000000,13640.000000000000000,"0","0","4",4.000000000000000,"0","1",5.494883723591650,"0",6.300000190734860,
"3665","10005784",LA PALMA CORRECTIONAL CENTER,5501 NORTH LA PALMA ROAD,ELOY,AZ,"85131","-999",(520) 464-3200,FEDERAL,OPEN,"3107",PINAL,"04021",USA,MEDIUM,-111.526909,32.813513,0.630000000000000,0.160000000000000,10070.000000000000000,"0","0","3",2.000000000000000,"0","0",4.900000007785096,"0",5.500000000000000,
"3668","10002425",SUMMIT COUNTY COMMUNITY BASED CORRECTIONAL FACILITY,264 E CROSIER ST,AKRON,OH,"44309","-999",(330) 996-7296,STATE,OPEN,"-999",SUMMIT,"39153",USA,MINIMUM,-81.518818,41.058617,0.900000000000000,0.660000000000000,2036.000000000000000,"1","0","9",5.000000000000000,"1","0",8.225000143051147,"0",8.000000000000000,
"3669","10003413",FRANKLIN COUNTY COMMUNITY CORRECTIONAL FACILITY,1745 ALUM CREEK DR,COLUMBUS,OH,"43207","-999",(614) 462-4600,STATE,OPEN,"187",FRANKLIN,"39049",USA,MINIMUM,-82.942897,39.932090,0.970000000000000,0.740000000000000,1931.000000000000000,"1","0","10",5.000000000000000,"1","0",8.216666539510092,"0",8.199999809265140,
"3670","10000626",MARANA COMMUNITY CORRECTIONAL TREATMENT FACILITY,12610 W SILVERBELL RD,MARANA,AZ,"85653","-999",(520) 682-2077,STATE,OPEN,"487",PIMA,"04019",USA,MINIMUM,-111.241216,32.417910,0.540000000000000,0.040000000000000,3088.000000000000000,"0","0","0",0.000000000000000,"0","0",4.462962971793281,"0",4.400000095367430,
"3672","10002244",ASPC-PHOENIX WEST,3402 W COCOPAH ST,PHOENIX,AZ,"85009","-999",(602) 352-0350,STATE,OPEN,"498",MARICOPA,"04013",USA,MINIMUM,-112.132609,33.432777,0.990000000000000,0.710000000000000,5255.000000000000000,"1","0","6",4.000000000000000,"1","1",10.400000095367432,"1",10.500000000000000,washuonly
"3676","10003370",CROSSWAEH COMMUNITY BASED CORRECTIONAL FACILITY F,3091 S STATE ROUTE 100,TIFFIN,OH,"44883","-999",(419) 447-1444,STATE,OPEN,"-999",SENECA,"39147",USA,MINIMUM,-83.151254,41.078936,0.680000000000000,0.550000000000000,5070.000000000000000,"0","0","0",0.000000000000000,"0","0",7.646296245080454,"0",7.599999904632570,
"3690","10003973",SAGUARO CORRECTIONAL CENTER,1250 EAST ARICA ROAD,ELOY,AZ,"85131","-999",(520) 464-0500,STATE,OPEN,"1617",PINAL,"04021",USA,MEDIUM,-111.526436,32.809304,0.630000000000000,0.160000000000000,10070.000000000000000,"0","0","3",2.000000000000000,"0","0",4.900000007785096,"0",5.349999904632570,
"3692","10003974",RED ROCK CORRECTIONAL CENTER,1750 EAST ARICA ROAD,ELOY,AZ,"85131","-999",(520) 464-3800,STATE,OPEN,"1956",PINAL,"04021",USA,MEDIUM,-111.520835,32.809268,0.630000000000000,0.160000000000000,10070.000000000000000,"0","0","3",2.000000000000000,"0","0",4.900000007785096,"0",5.274999856948850,
"3710","10000826",AVENAL STATE PRISON,1 KINGS WAY,AVENAL,CA,"93204","-999",(559) 386-0587,STATE,OPEN,"3887",KINGS,"06031",USA,MEDIUM,-120.123102,35.973949,,0.880000000000000,2972.000000000000000,"0","0","1",1.000000000000000,"0","0",6.066666603088380,"0",6.000000000000000,
"3714","10000852",CALIFORNIA CITY CORRECTIONAL CENTER (CAC),22844 VIRGINIA BLVD,CALIFORNIA CITY,CA,"93505","-999",(760) 246-7600,STATE,OPEN,"2424",KERN,"06029",USA,MEDIUM,-117.858880,35.153251,0.880000000000000,0.240000000000000,4501.000000000000000,"0","0","3",3.000000000000000,"0","1",6.737209305204064,"0",6.900000095367430,
"3716","10000836",CALIFORNIA INSTITUTION FOR MEN (CIM),14901 CENTRAL AVENUE,CHINO,CA,"91710","-999",(909) 597-1821,STATE,OPEN,"3563",SAN BERNARDINO,"06071",USA,MAXIMUM,-117.682392,33.984712,0.060000000000000,0.980000000000000,18685.000000000000000,"0","1","0",0.000000000000000,"1","0",12.963636311617764,"1",13.366666793823200,both
"3718","10002341",CALIFORNIA INSTITUTION FOR WOMEN (CIW),16756 CHINO-CORONA ROAD,CORONA,CA,"92880","-999",(909) 597-1771,STATE,OPEN,"1844",SAN BERNARDINO,"06071",USA,MAXIMUM,-117.636365,33.949745,0.080000000000000,0.980000000000000,13753.000000000000000,"0","1","0",0.000000000000000,"1","0",11.612499988079071,"1",10.849999904632600,both
"3719","10002345",CALIFORNIA MEN'S COLONY (CMC),COLONY DRIVE,SAN LUIS OBISPO,CA,"93409","-999",(805) 547-7900,STATE,OPEN,"4102",SAN LUIS OBISPO,"06079",USA,MEDIUM,-120.698900,35.324574,,0.100000000000000,3075.000000000000000,"0","0","0",0.000000000000000,"0","0",4.985535784862050,"0",4.900000095367430,
"3721","10000794",DEUEL VOCATIONAL INSTITUTION (DVI),23500 KASSON ROAD,TRACY,CA,"95304","-999",(209) 835-4141,STATE,OPEN,"2349",SAN JOAQUIN,"06077",USA,MEDIUM,-121.330626,37.748058,0.570000000000000,0.980000000000000,4129.000000000000000,"0","1","0",0.000000000000000,"1","0",7.739759077508766,"0",7.699999809265140,cejstonly
"3722","10002692",FCI WILLIAMSBURG,8301 HWY 521,SALTERS,SC,"29590","-999",(843) 387-9400,FEDERAL,OPEN,"1227",WILLIAMSBURG,"45089",USA,MEDIUM,-79.877300,33.588174,,0.140000000000000,1266.000000000000000,"0","0","1",1.000000000000000,"0","0",5.615429348920608,"0",5.666666666666670,
"3723","10006311",ALEXANDRIA STAGING FACILITY,96 GEORGE THOMPSON DR,ALEXANDRIA,LA,"71303","-999",(318) 483-1600,FEDERAL,OPEN,"-999",RAPIDES,"22079",USA,MINIMUM,-92.536170,31.317837,0.540000000000000,0.750000000000000,16.000000000000000,"0","0","0",0.000000000000000,"0","0",7.762500047683716,"0",7.900000095367430,
"3729","10001001",FOX LAKE CORRECTIONAL INSTITUTION,W 10237 LAKE EMILY RD,FOX LAKE,WI,"53933","0147",(920) 928-3151,STATE,OPEN,"1345",DODGE,"55027",USA,MEDIUM,-88.912073,43.614557,0.720000000000000,0.230000000000000,4285.000000000000000,"0","0","0",0.000000000000000,"0","0",6.940186906083722,"0",7.000000000000000,
"3731","10000992",GREEN BAY CORRECTIONAL INSTITUTION,2833 RIVERSIDE DR,GREEN BAY,WI,"54307","9033",(920) 432-4877,STATE,OPEN,"1079",BROWN,"55009",USA,MAXIMUM,-88.035449,44.469910,,0.130000000000000,1173.000000000000000,"0","0","0",0.000000000000000,"0","0",7.916343082694664,"0",7.900000095367430,
"3732","10000998",KETTLE MORAINE CORRECTIONAL INSTITUTION,W9071 FOREST DR,PLYMOUTH,WI,"53073","-999",(920) 526-3244,STATE,OPEN,"1186",SHEBOYGAN,"55117",USA,MEDIUM,-88.150398,43.719819,0.410000000000000,0.160000000000000,3605.000000000000000,"0","0","0",0.000000000000000,"0","0",6.551184787569452,"0",6.750000000000000,
"3736","10001003",OAKHILL CORRECTIONAL INSTITUTION,5212 COUNTY HWY M,OREGON,WI,"53575","0140",(608) 835-3101,STATE,OPEN,"721",DANE,"55025",USA,MINIMUM,-89.394253,42.961731,0.060000000000000,0.540000000000000,5955.000000000000000,"0","0","0",0.000000000000000,"0","0",7.388571493966240,"0",7.500000000000000,
"3738","10000785",CALIFORNIA MEDICAL FACILITY (CMF),1600 CALIFORNIA DRIVE,VACAVILLE,CA,"95696","-999",(707) 448-6841,STATE,OPEN,"2570",SOLANO,"06095",USA,MEDIUM,-121.979165,38.328510,,0.940000000000000,6720.000000000000000,"0","1","0",0.000000000000000,"1","0",7.033333301544190,"0",7.033333301544190,cejstonly
"3739","10000824","CALIFORNIA STATE PRISON, CORCORAN (COR)",4001 KING AVENUE,CORCORAN,CA,"93212","-999",(559) 992-8800,STATE,OPEN,"3070",KINGS,"06031",USA,MAXIMUM,-119.549121,36.060818,,0.990000000000000,9035.000000000000000,"0","1","1",1.000000000000000,"1","0",9.899999618530273,"1",9.899999618530270,both
"3740","10006185",EASTERN OHIO CORRECTION CENTER - MALE CENTER,470 STATE ROUTE 43,WINTERSVILLE,OH,"43953","-999",(740) 765-4324,STATE,OPEN,"74",JEFFERSON,"39081",USA,MEDIUM,-80.732192,40.400274,0.800000000000000,0.420000000000000,3650.000000000000000,"0","0","0",0.000000000000000,"0","1",7.447727306322618,"0",7.400000095367430,
"3741","10000825",CA SUBSTANCE ABUSE TREATMENT FACILITY (SATF),900 QUEBEC AVE,CORCORAN,CA,"93212","-999",(559) 992-7100,STATE,OPEN,"5843",KINGS,"06031",USA,NOT AVAILABLE,-119.547821,36.053959,,0.990000000000000,9035.000000000000000,"0","1","1",1.000000000000000,"1","0",9.899999618530273,"1",9.899999618530270,both
"3743","10003424",CORRECTIONAL RECEPTION CENTER,11271 STATE ROUTE 762,ORIENT,OH,"43146","-999",(614) 877-2441,STATE,OPEN,"1656",PICKAWAY,"39129",USA,MAXIMUM,-83.149257,39.800180,,0.630000000000000,3762.000000000000000,"0","0","0",0.000000000000000,"0","0",8.100000095367433,"0",8.174999952316282,
"3744","10003356",GRAFTON REINTEGRATION CENTER,2000 S AVON-BELDEN RD,GRAFTON,OH,"44044","-999",(440) 535-1307,STATE,OPEN,"661",LORAIN,"39093",USA,MEDIUM,-82.025189,41.283154,0.460000000000000,0.530000000000000,8359.000000000000000,"0","0","0",0.000000000000000,"0","0",7.437500000000000,"0",7.599999904632570,
"3745","10003412",FRANKLIN MEDICAL CENTER (ZONE A),1990 HARMON AVE,COLUMBUS,OH,"43223","-999",(614) 445-5960,STATE,OPEN,"598",FRANKLIN,"39049",USA,NOT AVAILABLE,-83.014908,39.920554,0.490000000000000,0.740000000000000,6267.000000000000000,"0","0","3",2.000000000000000,"0","0",8.337499976158142,"0",8.100000381469730,
"3746","10003414",LONDON CORRECTIONAL INSTITUTION,1580 STATE ROUTE 56 SW,LONDON,OH,"43140","-999",(740) 852-2454,STATE,OPEN,"2293",MADISON,"39097",USA,MAXIMUM,-83.483644,39.903137,0.460000000000000,0.640000000000000,5271.000000000000000,"0","0","0",0.000000000000000,"0","0",8.121428591864451,"0",8.199999809265140,
"3747","10000976",LORAIN CORRECTIONAL INSTITUTION,2075 S AVON-BELDEN RD,GRAFTON,OH,"44044","-999",(440) 748-1049,STATE,OPEN,"1276",LORAIN,"39093",USA,MAXIMUM,-82.015686,41.283140,0.520000000000000,0.550000000000000,3776.000000000000000,"0","0","0",0.000000000000000,"0","0",7.453333282470704,"0",7.599999904632570,
"3748","10000801",CENTRAL CALIFORNIA WOMEN'S FACILITY (CCFW),23370 ROAD 22,CHOWCHILLA,CA,"93610","-999",(559) 665-5531,STATE,OPEN,"2992",MADERA,"06039",USA,MAXIMUM,-120.152710,37.093681,0.850000000000000,0.980000000000000,8718.000000000000000,"0","1","7",6.000000000000000,"1","0",8.560194163646512,"0",8.600000381469730,cejstonly
"3749","10003377",MANSFIELD CORRECTIONAL INSTITUTION PRISON CAMP,1150 N MAIN ST,MANSFIELD,OH,"44901","-999",(419) 525-4455,STATE,OPEN,"417",RICHLAND,"39139",USA,MINIMUM,-82.502972,40.789273,0.750000000000000,0.520000000000000,5502.000000000000000,"0","0","1",1.000000000000000,"0","0",8.113043577774713,"0",8.100000143051149,
"3751","10002571",OSHKOSH CORRECTIONAL INSTITUTION,1730 W SNELL RD,OSHKOSH,WI,"54901","-999",(920) 231-4010,STATE,OPEN,"2054",WINNEBAGO,"55139",USA,MEDIUM,-88.557143,44.071620,0.210000000000000,0.170000000000000,5434.000000000000000,"0","0","0",0.000000000000000,"0","0",7.212820444351588,"0",7.149999856948850,
"3753","10001002",PRAIRIE DU CHIEN CORRECTIONAL INSTITUTION,500 E PARRISH ST,PRAIRIE DU CHIEN,WI,"53821","6000",(608) 326-7828,STATE,OPEN,"515",CRAWFORD,"55023",USA,MEDIUM,-91.140451,43.032784,0.840000000000000,0.420000000000000,3645.000000000000000,"0","0","0",0.000000000000000,"0","0",7.093939347700640,"0",7.200000047683720,
"3754","10002323","CALIFORNIA STATE PRISON, SOLANO (SOL)",2100 PEABODY ROAD,VACAVILLE,CA,"95687","-999",(707) 451-0182,STATE,OPEN,"3737",SOLANO,"06095",USA,MAXIMUM,-121.975237,38.320777,,0.940000000000000,6720.000000000000000,"0","1","0",0.000000000000000,"1","0",7.033333301544190,"0",7.049999952316280,cejstonly
"3755","10003415",NOBLE CORRECTIONAL INSTITUTION,15708 MCCONNELSVILLE RD,CALDWELL,OH,"43724","-999",(740) 732-5188,STATE,OPEN,"2433",NOBLE,"39121",USA,MEDIUM,-81.551687,39.744058,0.730000000000000,0.350000000000000,7684.000000000000000,"0","0","3",2.000000000000000,"0","1",7.045454545454546,"0",6.950000047683720,
"3756","10002346",CHUCKAWALLA VALLEY STATE PRISON (CVSP),19025 WILEY'S WELL ROAD,BLYTHE,CA,"92225","-999",(760) 922-5300,STATE,OPEN,"2822",RIVERSIDE,"06065",USA,MEDIUM,-114.909506,33.562579,,0.120000000000000,6196.000000000000000,"0","0","0",0.000000000000000,"0","0",4.833333439297146,"0",4.850000143051150,
"3757","10002607",STURTEVANT TRANSITIONAL FACILITY,9351 RAYNE RD,STURTEVANT,WI,"53177","-999",(262) 884-2410,STATE,OPEN,"149",RACINE,"55101",USA,MEDIUM,-87.898225,42.713023,0.410000000000000,0.460000000000000,6641.000000000000000,"0","0","0",0.000000000000000,"0","1",7.500000000000000,"0",7.599999904632570,
"3759","10001000",WAUPUN CORRECTIONAL INSTITUTION,200 S MADISON ST,WAUPUN,WI,"53963","0351",(920) 324-5571,STATE,OPEN,"1233",DODGE,"55027",USA,MAXIMUM,-88.731571,43.629688,0.350000000000000,0.230000000000000,7927.000000000000000,"0","0","0",0.000000000000000,"0","0",7.109090805053712,"0",7.074999928474430,
"3762","10003425",PICKAWAY CORRECTIONAL INSTITUTION,11781 STATE ROUTE 762,ORIENT,OH,"43146","-999",(614) 877-4362,STATE,OPEN,"2081",PICKAWAY,"39129",USA,MEDIUM,-83.156399,39.797048,,0.630000000000000,3762.000000000000000,"0","0","0",0.000000000000000,"0","0",8.100000095367433,"0",8.199999809265140,
"3763","10002353",CALIFORNIA STATE PRISON-LOS ANGELES COUNTY (LAC),44750 60TH STREET WEST,LANCASTER,CA,"93536","7620",(661) 729-2000,STATE,OPEN,"3418",LOS ANGELES,"06037",USA,MAXIMUM,-118.227614,34.693597,,0.360000000000000,4895.000000000000000,"0","0","0",0.000000000000000,"0","0",7.549999952316284,"0",7.599999904632570,
"3764","10002431",ROSS CORRECTIONAL INSTITUTION,16149 STATE ROUTE 104,CHILLICOTHE,OH,"45601","-999",(740) 774-7050,STATE,OPEN,"2147",ROSS,"39141",USA,CLOSE,-83.011451,39.374435,0.920000000000000,0.470000000000000,5244.000000000000000,"1","0","2",2.000000000000000,"1","0",7.400000000000000,"0",7.500000000000000,
"3765","10002570",DRUG ABUSE CORRECTIONAL CENTER,4280 N SHERMAN RD,WINNEBAGO,WI,"54985","0036",(920) 236-2700,STATE,OPEN,"271",WINNEBAGO,"55139",USA,MINIMUM,-88.517254,44.079424,0.270000000000000,0.170000000000000,4767.000000000000000,"0","0","0",0.000000000000000,"0","0",7.450000004334884,"0",7.699999809265140,
"3766","10001008",FELMERS O. CHANEY CORRECTIONAL CENTER,2825 N 30TH ST,MILWAUKEE,WI,"53210","-999",(414) 874-1600,STATE,OPEN,"105",MILWAUKEE,"55079",USA,MINIMUM,-87.951871,43.070073,0.960000000000000,0.490000000000000,1338.000000000000000,"1","0","10",6.000000000000000,"1","1",7.920445357474962,"0",7.950000047683720,
"3767","10003350",TOLEDO CORRECTIONAL INSTITUTION,2001 E CENTRAL AVE,TOLEDO,OH,"43608","-999",(419) 726-7977,STATE,OPEN,"481",LUCAS,"39095",USA,MAXIMUM,-83.510180,41.680820,0.990000000000000,0.680000000000000,2805.000000000000000,"1","0","10",5.000000000000000,"1","1",8.560000228881838,"0",8.475000143051149,
"3769","10003362",TRUMBULL CORRECTIONAL INSTITUTION,5701 BURNETT RD,LEAVITTSBURG,OH,"44430","-999",(330) 898-0820,STATE,OPEN,"1009",TRUMBULL,"39155",USA,CLOSE,-80.886355,41.230426,0.950000000000000,0.530000000000000,4344.000000000000000,"1","0","6",3.000000000000000,"1","0",7.529166618982952,"0",7.599999904632570,
"3770","10003363",TRUMBULL CORRECTIONAL INSTITUTION CAMP,5701 BURNETT RD,LEAVITTSBURG,OH,"44430","-999",(330) 898-0820,STATE,OPEN,"435",TRUMBULL,"39155",USA,MINIMUM,-80.884636,41.234227,0.950000000000000,0.530000000000000,4344.000000000000000,"1","0","6",3.000000000000000,"1","0",7.529166618982952,"0",7.699999809265140,
"3771","10003432",WARREN CORRECTIONAL INSTITUTION,5787 STATE ROUTE 63,LEBANON,OH,"45036","-999",(513) 932-3388,STATE,OPEN,"1267",WARREN,"39165",USA,CLOSE,-84.307650,39.434254,0.000000000000000,0.840000000000000,5952.000000000000000,"0","0","2",2.000000000000000,"0","0",9.449999928474426,"1",9.750000000000000,washuonly
"3772","10003434",COMMUNITY CORRECTIONAL CENTER,5234 STATE ROUTE 63,LEBANON,OH,"45036","-999",(513) 933-9304,STATE,OPEN,"-999",WARREN,"39165",USA,NOT AVAILABLE,-84.305197,39.440374,0.000000000000000,0.840000000000000,5952.000000000000000,"0","0","2",2.000000000000000,"0","0",9.449999928474426,"1",9.550000190734860,washuonly
"3773","10003369",CROSSWAEH COMMUNITY BASED CORRECTIONAL FACILITY M,3055 S STATE ROUTE 100,TIFFIN,OH,"44883","-999",(419) 447-1444,STATE,OPEN,"-999",SENECA,"39147",USA,MINIMUM,-83.151787,41.080027,0.680000000000000,0.550000000000000,5070.000000000000000,"0","0","0",0.000000000000000,"0","0",7.646296245080454,"0",7.599999904632570,
"3774","10003354",LORAIN / MEDINA COMMUNITY BASED CORRECTIONAL FACILITY,9892 MURRAY RIDGE RD,ELYRIA,OH,"44035","-999",(440) 281-9708,STATE,OPEN,"-999",LORAIN,"39093",USA,MINIMUM,-82.138321,41.346576,0.520000000000000,0.520000000000000,2155.000000000000000,"0","0","0",0.000000000000000,"0","0",7.376190548851376,"0",7.599999904632570,
"3775","10003419",MONDAY COMMUNITY CORRECTIONAL INSTITUTION,1951 S GETTYSBURG AVE,DAYTON,OH,"45408","-999",(937) 496-7300,STATE,OPEN,"276",MONTGOMERY,"39113",USA,MINIMUM,-84.258469,39.726130,0.730000000000000,0.770000000000000,4330.000000000000000,"0","0","5",2.000000000000000,"0","0",8.300000000000002,"0",8.399999618530270,
"3776","10003398",WEST CENTRAL COMMUNITY CORRECTIONAL FACILITY,18200 STATE ROUTE 4 N,MARYSVILLE,OH,"43040","-999",(937) 644-2838,STATE,OPEN,"145",UNION,"39159",USA,MINIMUM,-83.359011,40.265957,0.270000000000000,0.690000000000000,7542.000000000000000,"0","0","0",0.000000000000000,"0","0",8.163888931274414,"0",8.399999618530270,
"3777","10003365",NORTHEAST OHIO COMMUNITY ALTERNATIVE PROGRAM - MALE,411 PINE AVE SE,WARREN,OH,"44483","-999",(330) 675-2669,STATE,OPEN,"130",TRUMBULL,"39155",USA,MINIMUM,-80.812916,41.233077,0.970000000000000,0.540000000000000,989.000000000000000,"1","0","10",5.000000000000000,"1","0",8.037500143051147,"0",7.800000190734860,
"3778","10005978",STAR - ATHENS CAMPUS,7 W TWENTY-NINE DR,NELSONVILLE,OH,"45764","-999",(740) 753-5000,STATE,OPEN,"70",ATHENS,"39009",USA,MINIMUM,-82.243525,39.456493,0.940000000000000,0.340000000000000,4377.000000000000000,"1","0","3",1.000000000000000,"1","1",6.811842083930970,"0",7.000000000000000,
"3779","10005985",STAR COMMUNITY JUSTICE CENTER,4696 GALLIA PIKE,FRANKLIN FURNACE,OH,"45629","-999",(740) 354-9026,STATE,OPEN,"281",SCIOTO,"39145",USA,MINIMUM,-82.841956,38.626594,0.870000000000000,0.360000000000000,4460.000000000000000,"0","0","2",1.000000000000000,"0","0",6.668571404048374,"0",6.599999904632570,
"3780","10003411",FRANKLIN MEDICAL CENTER (ZONE B),1800 HARMON AVE,COLUMBUS,OH,"43223","-999",(614) 445-8600,STATE,OPEN,"473",FRANKLIN,"39049",USA,CLOSE,-83.014758,39.922114,0.490000000000000,0.740000000000000,6267.000000000000000,"0","0","3",2.000000000000000,"0","0",8.337499976158142,"0",8.100000381469730,
"3782","10003390",WESTERN OHIO REGIONAL TREATMENT & REHABILITATION CENTER / WORTH CENTER,243 E BLUELICK RD,LIMA,OH,"45802","-999",(419) 222-3339,STATE,OPEN,"94",ALLEN,"39003",USA,MINIMUM,-84.103537,40.789188,0.800000000000000,0.630000000000000,2848.000000000000000,"0","0","0",0.000000000000000,"0","0",8.360000038146975,"0",8.399999618530270,
"3786","10000841",NORTH KERN STATE PRISON (NKSP),2737 WEST CECIL AVENUE,DELANO,CA,"93215","-999",(661) 721-2345,STATE,OPEN,"4492",KERN,"06029",USA,MEDIUM,-119.309876,35.781885,,0.990000000000000,3267.000000000000000,"0","1","2",2.000000000000000,"1","0",10.349999904632568,"1",10.349999904632600,both
"3787","10000972",ELAYN HUNT CORRECTIONAL CENTER,6925 HWY 74,ST. GABRIEL,LA,"70776","-999",(225) 642-3306,STATE,OPEN,"1999",IBERVILLE,"22047",USA,MAXIMUM,-91.086213,30.265637,0.520000000000000,0.860000000000000,8279.000000000000000,"0","0","3",3.000000000000000,"0","1",8.511347544108721,"0",8.500000000000000,
"3791","10000952",STEVE HOYLE REHABILITATION CENTER,1005 W GREEN ST,TALLULAH,LA,"71282","-999",(318) 574-5740,STATE,OPEN,"0",MADISON,"22065",USA,MEDIUM,-91.203707,32.413893,0.960000000000000,0.510000000000000,3171.000000000000000,"1","0","3",3.000000000000000,"1","0",7.668003595661564,"0",7.800000190734860,
"3792","10002522",FLAMBEAU CORRECTIONAL CENTER,N671 COUNTY RD M,HAWKINS,WI,"54530","9400",(715) 585-6394,STATE,OPEN,"90",SAWYER,"55113",USA,MINIMUM,-90.741727,45.656440,0.970000000000000,0.040000000000000,1553.000000000000000,"1","0","2",2.000000000000000,"1","0",4.661311223115290,"0",4.900000095367430,
"3796","10000953",WINN CORRECTIONAL CENTER,180 CCA BLVD,ATLANTA,LA,"71483","-999",(318) 628-3971,STATE,OPEN,"1469",WINN,"22127",USA,MAXIMUM,-92.779304,31.850677,0.810000000000000,0.740000000000000,6183.000000000000000,"0","0","0",0.000000000000000,"0","1",7.170193991753580,"0",7.375000119209290,
"3800","10002517",GORDON CORRECTIONAL CENTER,10401 E COUNTY RD G,GORDON,WI,"54838","-999",(715) 376-2680,STATE,OPEN,"85",DOUGLAS,"55031",USA,MINIMUM,-91.753772,46.232597,0.750000000000000,0.020000000000000,5194.000000000000000,"0","0","0",0.000000000000000,"0","0",4.319588967417711,"0",4.400000095367430,
"3801","10000988",MCNAUGHTON CORRECTIONAL CENTER,8500 RAINBOW RD,LAKE TOMAHAWK,WI,"54939","9558",(715) 277-2484,STATE,OPEN,"106",ONEIDA,"55085",USA,MINIMUM,-89.632484,45.801077,0.930000000000000,0.020000000000000,2307.000000000000000,"1","0","0",0.000000000000000,"1","0",4.857539767310734,"0",4.850000143051150,
"3814","10000844",KERN VALLEY STATE PRISON (KVSP),3000 WEST CECIL AVENUE,DELANO,CA,"93216","6000",(661) 721-6300,STATE,OPEN,"3709",KERN,"06029",USA,MAXIMUM,-119.325363,35.766475,,0.990000000000000,2231.000000000000000,"0","1","2",2.000000000000000,"1","0",10.200000127156576,"1",10.199999809265099,both
"3815","10002568",WISCONSIN RESOURCE CENTER,1505 NORTH DR,WINNEBAGO,WI,"54985","-999",(920) 426-4310,STATE,OPEN,"380",WINNEBAGO,"55139",USA,NOT AVAILABLE,-88.514995,44.075329,0.270000000000000,0.170000000000000,4767.000000000000000,"0","0","0",0.000000000000000,"0","0",7.450000004334884,"0",7.699999809265140,
"3819","10001177",NAMPA COMMUNITY REENTRY CENTER,1640 11TH AVE N,NAMPA,ID,"83687","-999",(208) 465-8490,STATE,OPEN,"96",CANYON,"16027",USA,MINIMUM,-116.534783,43.598915,0.300000000000000,0.720000000000000,20124.000000000000000,"0","0","1",1.000000000000000,"0","0",6.785714299338204,"0",7.400000095367430,
"3834","10006544",IDAHO CORRECTIONAL ALTERNATIVE PLACEMENT PROGRAM FACILITY,15505 SOUTH PLEASANT VALLEY ROAD,KUNA,ID,"83634","-999",(208) 336-9959,STATE,OPEN,"431",ADA,"16001",USA,MINIMUM,-116.235773,43.461837,0.350000000000000,0.140000000000000,7924.000000000000000,"0","0","0",0.000000000000000,"0","1",5.812246689397334,"0",6.000000000000000,
"3845","10002309",PELICAN BAY STATE PRISON (PBSP),5905 LAKE EARL DRIVE,CRESCENT CITY,CA,"95531","-999",(707) 465-1000,STATE,OPEN,"2384",DEL NORTE,"06015",USA,MAXIMUM,-124.149075,41.854809,0.490000000000000,0.690000000000000,6108.000000000000000,"0","0","0",0.000000000000000,"0","0",4.893805347712694,"0",4.900000095367430,
"3846","10006530",FOLSOM WOMEN'S FACILITY (FWF),570 E NATOMA ST,REPRESA,CA,"95671","-999",NOT AVAILABLE,STATE,OPEN,"397",SACRAMENTO,"06067",USA,MEDIUM,-121.148791,38.693208,0.150000000000000,0.920000000000000,4860.000000000000000,"0","1","0",0.000000000000000,"1","0",6.824999928474426,"0",6.699999809265140,cejstonly
"3849","10000810",PLEASANT VALLEY STATE PRISON(PVSP),24863 WEST JAYNE AVENUE,COALINGA,CA,"93210","-999",(559) 935-4900,STATE,OPEN,"2860",FRESNO,"06019",USA,MAXIMUM,-120.248900,36.131473,,0.840000000000000,3251.000000000000000,"0","0","1",1.000000000000000,"0","0",5.325000047683716,"0",5.149999976158140,
"3850","10000869",R J DONOVAN CORRECTIONAL FACILITY (RJD),480 ALTA ROAD,SAN DIEGO,CA,"92179","-999",(619) 661-6500,STATE,OPEN,"3915",SAN DIEGO,"06073",USA,MAXIMUM,-116.933576,32.584565,0.180000000000000,0.800000000000000,18854.000000000000000,"0","0","0",0.000000000000000,"0","1",11.225000023841858,"1",10.600000381469700,washuonly
"3851","10001183",IDAHO STATE CORRECTIONAL CENTER,14601 S PLEASANT VALLEY RD,KUNA,ID,"83634","-999",(208) 331-2760,STATE,OPEN,"2181",ADA,"16001",USA,CLOSE,-116.237587,43.471199,0.350000000000000,0.140000000000000,7924.000000000000000,"0","0","0",0.000000000000000,"0","1",5.812246689397334,"0",6.099999904632570,
"3852","10000847",WASCO STATE PRISON (WSP),701 SCOFIELD AVENUE,WASCO,CA,"93280","-999",(661) 758-8400,STATE,OPEN,"5127",KERN,"06029",USA,MEDIUM,-119.408332,35.594312,,0.990000000000000,5571.000000000000000,"0","1","2",2.000000000000000,"1","0",9.625000238418581,"1",9.650000095367430,both
"3853","10000802",VALLEY STATE PRISON (VSP),21633 AVENUE 24,CHOWCHILLA,CA,"93610","-999",(559) 665-6100,STATE,OPEN,"3570",MADERA,"06039",USA,MEDIUM,-120.155472,37.105477,0.850000000000000,0.980000000000000,8718.000000000000000,"0","1","7",6.000000000000000,"1","0",8.560194163646512,"0",8.500000000000000,cejstonly
"3855","10003405",BELMONT CAMP,68518 BANNOCK RD,ST. CLAIRSVILLE,OH,"43950","-999",(740) 695-5169,STATE,OPEN,"491",BELMONT,"39013",USA,MINIMUM,-80.977013,40.081752,0.750000000000000,0.330000000000000,6027.000000000000000,"0","0","0",0.000000000000000,"0","1",7.081553389725176,"0",7.500000000000000,
"3858","10000821",SALINAS VALLEY STATE PRISON (SVSP),31625 HIGHWAY 101,SOLEDAD,CA,"93960","-999",(831) 678-5500,STATE,OPEN,"3510",MONTEREY,"06053",USA,MAXIMUM,-121.374394,36.478857,0.080000000000000,0.110000000000000,8821.000000000000000,"0","0","2",1.000000000000000,"0","0",4.899999936421712,"0",5.099999904632570,
"3859","10005251",DEVIL'S GARDEN CONSERVATION CAMP #40,2300 COUNTY ROAD 74,ALTURAS,CA,"96101","-999",(530) 233-3553,STATE,OPEN,"114",MODOC,"06049",USA,MINIMUM,-120.670205,41.523599,0.610000000000000,0.580000000000000,2441.000000000000000,"0","0","0",0.000000000000000,"0","1",4.647200711967828,"0",4.649999856948850,
"3860","10006347",LA CIMA CONSERVATION CAMP #42,15108 SUNRISE HIGHWAY,JULIAN,CA,"92036","-999",(760) 765-3085,STATE,OPEN,"74",SAN DIEGO,"06073",USA,MINIMUM,-116.536892,32.938937,0.520000000000000,0.220000000000000,2235.000000000000000,"0","0","0",0.000000000000000,"0","1",6.709397598634284,"0",7.950000047683720,
"3862","10005248",DEADWOOD CONSERVATION CAMP #23,17148 MCADAMS CREEK ROAD,FORT JONES,CA,"96032","-999",(530) 468-2633,STATE,OPEN,"88",SISKIYOU,"06093",USA,MINIMUM,-122.824078,41.677742,0.520000000000000,0.940000000000000,3777.000000000000000,"0","1","0",0.000000000000000,"1","1",4.996214092244680,"0",4.400000095367430,cejstonly
"3863","10000771",ALDER CONSERVATION CAMP #20,1400 ALDER CAMP ROAD,KLAMATH,CA,"95548","-999",(707) 482-4511,STATE,OPEN,"109",DEL NORTE,"06015",USA,MINIMUM,-124.061403,41.501026,0.780000000000000,0.630000000000000,1251.000000000000000,"0","0","6",4.000000000000000,"0","1",4.892142873718626,"0",5.149999856948850,
"3864","10002428",BELMONT CORRECTIONAL INSTITUTION,68518 BANNOCK RD,ST. CLAIRSVILLE,OH,"43950","-999",(740) 695-5169,STATE,OPEN,"2209",BELMONT,"39013",USA,CLOSE,-80.976599,40.085031,0.750000000000000,0.330000000000000,6027.000000000000000,"0","0","0",0.000000000000000,"0","1",7.081553389725176,"0",7.500000000000000,
"3866","10002432",CHILLICOTHE CORRECTIONAL INSTITUTION / RTU,15802 STATE ROUTE N 104,CHILLICOTHE,OH,"45601","-999",(740) 774-7080,STATE,OPEN,"2715",ROSS,"39141",USA,CLOSE,-83.001829,39.369153,0.920000000000000,0.470000000000000,5244.000000000000000,"1","0","2",2.000000000000000,"1","0",7.400000000000000,"0",7.575000047683720,
"3868","10003433",LEBANON CORRECTIONAL INSTITUTION,3791 STATE ROUTE 63,LEBANON,OH,"45036","-999",(513) 932-1211,STATE,OPEN,"2344",WARREN,"39165",USA,MAXIMUM,-84.299645,39.432990,0.000000000000000,0.840000000000000,5952.000000000000000,"0","0","2",2.000000000000000,"0","0",9.449999928474426,"1",9.350000381469730,washuonly
"3870","10000902",FRANCISQUITO CONSERVATION CAMP #4,35100 NORTH SAN FRANCISQUITO CANYON ROAD,SANTA CLARITA,CA,"91390","-999",(661) 296-4409,STATE,OPEN,"68",LOS ANGELES,"06037",USA,MINIMUM,-118.475808,34.565338,0.570000000000000,0.540000000000000,172.000000000000000,"0","0","0",0.000000000000000,"0","0",4.134415575436184,"0",4.099999904632570,
"3872","10000905",MALIBU CONSERVATION CAMP #13,1250 SOUTH ENCINAL CANYON ROAD,MALIBU,CA,"90265","-999",(310) 457-2253,STATE,OPEN,"75",LOS ANGELES,"06037",USA,MINIMUM,-118.865529,34.083929,0.210000000000000,0.800000000000000,2529.000000000000000,"0","0","0",0.000000000000000,"0","0",6.350000006087284,"0",5.900000095367430,
"3873","10000822",GABILAN CONSERVATION CAMP #38,31801 MCCOY RD,SOLEDAD,CA,"93960","-999",(831) 678-1873,STATE,OPEN,"102",MONTEREY,"06053",USA,MINIMUM,-121.383058,36.464073,0.080000000000000,0.110000000000000,8821.000000000000000,"0","0","2",1.000000000000000,"0","0",4.899999936421712,"0",4.699999809265140,
"3876","10000858",BAUTISTA CONSERVATION CAMP #36,33015 BAUTISTA CANYON ROAD,HEMET,CA,"92544","-999",(951) 927-3600,STATE,OPEN,"103",RIVERSIDE,"06065",USA,MINIMUM,-116.809235,33.642045,0.880000000000000,0.290000000000000,5266.000000000000000,"0","0","0",0.000000000000000,"0","0",6.991509454805146,"0",6.099999904632570,
"3877","10000904",JULIUS KLEIN CONSERVATION CAMP #19,EAST FORK ROAD,AZUSA,CA,"91702","-999",(626) 910-1213,STATE,OPEN,"74",LOS ANGELES,"06037",USA,MINIMUM,-117.822901,34.237830,0.380000000000000,0.640000000000000,796.000000000000000,"0","0","0",0.000000000000000,"0","0",5.676546903903374,"0",8.000000000000000,
"3878","10003357",GRAFTON CORRECTIONAL INSTITUTION,2500 S AVON BELDEN RD,GRAFTON,OH,"44044","-999",(440) 748-1161,STATE,OPEN,"1141",LORAIN,"39093",USA,CLOSE,-82.029388,41.278209,0.460000000000000,0.530000000000000,8359.000000000000000,"0","0","0",0.000000000000000,"0","0",7.437500000000000,"0",7.524999976158140,
"3879","10000982",MADISON CORRECTIONAL INSTITUTION,1851 STATE ROUTE 56,LONDON,OH,"43140","-999",(740) 852-9777,STATE,OPEN,"2371",MADISON,"39097",USA,MEDIUM,-83.469184,39.910058,0.460000000000000,0.640000000000000,5271.000000000000000,"0","0","0",0.000000000000000,"0","0",8.121428591864451,"0",8.174999952316282,
"3882","10006623",LEBANON CORRECTIONAL INSTITUTION CAMP,3791 STATE ROUTE 63,LEBANON,OH,"45036","-999",(513) 932-1211,STATE,OPEN,"167",WARREN,"39165",USA,MINIMUM,-84.302407,39.435705,0.000000000000000,0.840000000000000,5952.000000000000000,"0","0","2",2.000000000000000,"0","0",9.449999928474426,"1",9.600000381469730,washuonly
"3890","10005290",GROWLERSBURG CONSERVATION CAMP #33,5440 LONGVIEW LANE,GEORGETOWN,CA,"95634","-999",(530) 333-4244,STATE,OPEN,"109",EL DORADO,"06017",USA,MINIMUM,-120.870043,38.903133,0.680000000000000,0.380000000000000,7911.000000000000000,"0","0","4",2.000000000000000,"0","0",5.398663112823976,"0",5.500000000000000,
"3891","10005252",EEL RIVER CONSERVATION CAMP #31,3850 REDWOOD DRIVE,REDWAY,CA,"95560","-999",(707) 923-2755,STATE,OPEN,"98",HUMBOLDT,"06023",USA,MINIMUM,-123.822407,40.138253,0.850000000000000,0.270000000000000,3241.000000000000000,"0","0","0",0.000000000000000,"0","0",4.895974576978360,"0",5.500000000000000,
"3897","10003397",OHIO REFORMATORY FOR WOMEN,1479 COLLINS AVE,MARYSVILLE,OH,"43040","-999",(937) 642-1065,STATE,OPEN,"2499",UNION,"39159",USA,MAXIMUM,-83.392683,40.222689,0.410000000000000,0.690000000000000,9835.000000000000000,"0","0","0",0.000000000000000,"0","0",8.133333312140572,"0",8.000000000000000,
"3898","10005253",HIGH ROCK CONSERVATION CAMP #32,23322 AVENUE OF THE GIANTS,WEOTT,CA,"95571","-999",(707) 946-2343,STATE,OPEN,"96",HUMBOLDT,"06023",USA,MINIMUM,-123.931262,40.375077,0.680000000000000,0.250000000000000,4347.000000000000000,"0","0","2",1.000000000000000,"0","0",5.016975311585416,"0",5.300000190734860,
"3900","10003372",OHIO STATE PENITENTIARY,878 COITSVILLE-HUBBARD RD,YOUNGSTOWN,OH,"44505","-999",(330) 743-0700,STATE,OPEN,"465",MAHONING,"39099",USA,MAXIMUM,-80.577006,41.109399,0.900000000000000,0.580000000000000,3149.000000000000000,"1","0","10",5.000000000000000,"1","1",7.430769223433274,"0",7.150000095367430,
"3901","10000014",PRUNTYTOWN CORRECTIONAL CENTER,2006 TRAP SPRINGS RD,GRAFTON,WV,"26354","-999",(304) 265-6111,STATE,OPEN,"369",TAYLOR,"54091",USA,MEDIUM,-80.074128,39.330417,0.540000000000000,0.150000000000000,5225.000000000000000,"0","0","3",3.000000000000000,"0","1",6.559420243553494,"0",6.549999952316280,
"3908","10005263",ANTELOPE CONSERVATION CAMP #25,711-045 CENTER ROAD,SUSANVILLE,CA,"96127","-999",(530) 257-2181,STATE,OPEN,"111",LASSEN,"06035",USA,MINIMUM,-120.510421,40.401699,0.660000000000000,0.370000000000000,9280.000000000000000,"0","0","2",1.000000000000000,"0","0",6.505048101911178,"0",6.500000000000000,
"3911","10005305",MOUNT BULLION CONSERVATION CAMP #39,5730 MOUNT BULLION ACCESS ROAD,MARIPOSA,CA,"95338","-999",(209) 742-5494,STATE,OPEN,"97",MARIPOSA,"06043",USA,MINIMUM,-120.048738,37.535978,0.840000000000000,0.960000000000000,3883.000000000000000,"0","1","4",3.000000000000000,"1","0",7.106355925737802,"0",6.950000047683720,cejstonly
"3913","10000013",ST MARY'S CORRECTIONAL CENTER,2880 N. PLEASANTS HIGHWAY,ST. MARYS,WV,"26170","-999",(304) 684-5500,STATE,OPEN,"610",PLEASANTS,"54073",USA,MEDIUM,-81.169542,39.430655,0.440000000000000,0.300000000000000,3197.000000000000000,"0","0","0",0.000000000000000,"0","0",6.644339631188592,"0",6.933333396911620,
"3915","10006624",OHIO STATE PENITENTIARY CAMP,878 COITSVILLE-HUBBARD RD,YOUNGSTOWN,OH,"44505","-999",(330) 743-0700,STATE,OPEN,"152",MAHONING,"39099",USA,MINIMUM,-80.578437,41.112165,0.900000000000000,0.580000000000000,3149.000000000000000,"1","0","10",5.000000000000000,"1","1",7.430769223433274,"0",7.000000000000000,
"3916","10005264",ISHI CONSERVATION CAMP #18,30500 PLUM CREEK ROAD,PAYNES CREEK,CA,"96075","-999",(530) 597-2846,STATE,OPEN,"110",TEHAMA,"06103",USA,MINIMUM,-121.894959,40.313082,0.810000000000000,0.780000000000000,4948.000000000000000,"0","0","5",3.000000000000000,"0","0",5.872106915899794,"0",5.099999904632570,
"3918","10005324",MOUNTAIN HOME CONSERVATION CAMP #10,45260 BEAR CREEK RD,SPRINGVILLE,CA,"93265","-999",(559) 539-2334,STATE,OPEN,"85",TULARE,"06107",USA,MINIMUM,-118.713928,36.207914,0.960000000000000,0.440000000000000,5237.000000000000000,"1","0","4",3.000000000000000,"1","0",6.513610921346532,"0",7.000000000000000,
"3932","10006204",HOLTON CONSERVATION CAMP #16,12653 N. LITTLE TUJUNGA CANYON ROAD,SYLMAR,CA,"91342","-999",(818) 897-7071,STATE,OPEN,"86",LOS ANGELES,"06037",USA,MINIMUM,-118.360331,34.300037,0.380000000000000,0.770000000000000,461.000000000000000,"0","0","5",3.000000000000000,"0","1",6.094719464235968,"0",7.725000023841860,
"3933","10000856",NORCO CONSERVATION CAMP #0,3195 WESTERN AVENUE,NORCO,CA,"92860","-999",(951) 737-5911,STATE,OPEN,"65",RIVERSIDE,"06065",USA,MINIMUM,-117.575944,33.926918,0.120000000000000,0.980000000000000,3385.000000000000000,"0","1","0",0.000000000000000,"1","1",9.366666793823242,"1",9.300000190734860,both
"3938","10000878",MCCAIN VALLEY CONSERVATION CAMP #21,2550 MCCAIN VALLEY ROAD,BOULEVARD,CA,"91905","-999",(619) 766-4393,STATE,OPEN,"85",SAN DIEGO,"06073",USA,MINIMUM,-116.266774,32.684227,0.720000000000000,0.130000000000000,7998.000000000000000,"0","0","4",3.000000000000000,"0","1",7.294955762508696,"0",7.199999809265140,
"3939","10000855",CUESTA CONSERVATION CAMP #24,635 N. SANTA ROSA STREET,SAN LUIS OBISPO,CA,"93405","-999",(805) 547-7971,STATE,OPEN,"-999",SAN LUIS OBISPO,"06079",USA,MINIMUM,-120.733442,35.329429,0.350000000000000,0.120000000000000,1958.000000000000000,"0","0","0",0.000000000000000,"0","1",4.289568328171325,"0",4.900000095367430,
"3942","10000774",INTERMOUNTAIN CONSERVATION CAMP #22,651-025 FOOTHILL RD,BIEBER,CA,"96009","-999",(530) 294-5361,STATE,OPEN,"70",LASSEN,"06035",USA,MINIMUM,-121.224197,41.123107,0.830000000000000,0.350000000000000,1445.000000000000000,"0","0","3",1.000000000000000,"0","0",5.298757149306158,"0",5.000000000000000,
"3944","10000901",FENNER CANYON CONSERVATION CAMP #41,25900 BIG ROCK CREEK ROAD,VALYERMO,CA,"93563","-999",(661) 944-0173,STATE,OPEN,"94",LOS ANGELES,"06037",USA,MINIMUM,-117.772629,34.390103,0.380000000000000,0.640000000000000,796.000000000000000,"0","0","0",0.000000000000000,"0","0",5.676546903903374,"0",5.099999904632570,
"3945","10000814",BEN LOMOND CONSERVATION CAMP #45,13575 EMPIRE GRADE ROAD,SANTA CRUZ,CA,"95060","-999",(831) 423-1652,STATE,OPEN,"101",SANTA CRUZ,"06087",USA,MINIMUM,-122.169067,37.130265,0.410000000000000,0.290000000000000,4684.000000000000000,"0","0","0",0.000000000000000,"0","0",5.954662407326162,"0",5.524999976158140,
"3946","10000786",DELTA CONSERVATION CAMP #8,6246 LAMBIE ROAD,SUISUN CITY,CA,"94585","-999",(707) 425-4878,STATE,OPEN,"103",SOLANO,"06095",USA,MINIMUM,-121.847224,38.217626,0.440000000000000,0.980000000000000,10676.000000000000000,"0","1","0",0.000000000000000,"1","1",7.096930531577264,"0",7.000000000000000,cejstonly
"3950","10000789",BASELINE CONSERVATION CAMP #30,16809 PEORIA FLAT ROAD,JAMESTOWN,CA,"95327","-999",(209) 984-4464,STATE,OPEN,"100",TUOLUMNE,"06109",USA,MINIMUM,-120.529648,37.924043,0.770000000000000,0.960000000000000,2170.000000000000000,"0","1","0",0.000000000000000,"1","0",6.713012473468474,"0",6.199999809265140,cejstonly
"3951","10002349",ACTON CONSERVATION CAMP #11,8800 SOLEDAD CANYON ROAD,ACTON,CA,"93510","-999",(661) 268-0113,STATE,OPEN,"76",LOS ANGELES,"06037",USA,MINIMUM,-118.287351,34.437432,0.270000000000000,0.530000000000000,4722.000000000000000,"0","0","0",0.000000000000000,"0","0",5.100943389928566,"0",5.599999904632570,
"3953","10006186",NANCY MCDONNELL COMMUNITY CORRECTIONAL FACILITY,3540 CROTON AVE,CLEVELAND,OH,"44115","-999",(216) 698-3100,STATE,OPEN,"160",CUYAHOGA,"39035",USA,MINIMUM,-81.665436,41.487364,0.990000000000000,0.750000000000000,2410.000000000000000,"1","0","15",7.000000000000000,"1","1",9.329410328643451,"1",9.300000190734860,washuonly
"3954","10006349",MAHONING FACILITY,1507 MARKET STREET,YOUNGSTOWN,OH,"44507","-999",(330) 744-5143,STATE,OPEN,"-999",MAHONING,"39099",USA,MINIMUM,-80.656460,41.085712,0.980000000000000,0.580000000000000,1106.000000000000000,"1","0","10",4.000000000000000,"1","0",7.599999904632568,"0",7.599999904632570,
"3955","10001522",SIERRA CONSERVATION CENTER (SCC),5100 O'BYRNES FERRY ROAD,JAMESTOWN,CA,"95327","-999",(209) 984-5291,STATE,OPEN,"4409",TUOLUMNE,"06109",USA,MEDIUM,-120.536540,37.891689,,0.970000000000000,2509.000000000000000,"0","1","0",0.000000000000000,"1","0",6.239180264410388,"0",6.266666730244950,cejstonly
"3956","10002310",HIGH DESERT STATE PRISON (HDSP),475-750 RICE CANYON ROAD,SUSANVILLE,CA,"96127","-999",(530) 251-5100,STATE,OPEN,"3521",LASSEN,"06035",USA,MAXIMUM,-120.513391,40.407869,0.660000000000000,0.370000000000000,9280.000000000000000,"0","0","2",1.000000000000000,"0","0",6.505048101911178,"0",6.475000023841860,
"3958","10006531",DEPARTMENT OF STATE HOSPITALS - COALINGA,24511 WEST JAYNE AVENUE,COALINGA,CA,"93210","5000",(559) 935-4300,STATE,OPEN,"50",FRESNO,"06019",USA,NOT AVAILABLE,-120.240444,36.133433,,0.840000000000000,3251.000000000000000,"0","0","1",1.000000000000000,"0","0",5.325000047683716,"0",5.350000143051150,
"3961","10006532",DEPARTMENT OF STATE HOSPITALS - ATASCADERO,10333 EL CAMINO REAL,ATASCADERO,CA,"93422","-999",(805) 468-2000,STATE,OPEN,"223",SAN LUIS OBISPO,"06079",USA,NOT AVAILABLE,-120.634867,35.464060,0.520000000000000,0.130000000000000,234.000000000000000,"0","0","1",1.000000000000000,"0","0",5.350000143051148,"0",5.400000095367430,
"3963","10005328",PILOT ROCK CONSERVATION FIRE CAMP #15,P.O. BOX 10,CRESTLINE,CA,"92325","-999",(909) 338-1950,STATE,OPEN,"67",SAN BERNARDINO,"06071",USA,MINIMUM,-117.281466,34.271657,0.610000000000000,0.840000000000000,3820.000000000000000,"0","0","0",0.000000000000000,"0","0",7.692093039667884,"0",7.699999809265140,
"3970","10002340",DESERT VIEW MODIFIED COMMUNITY CORRECTIONAL FACILITY,10450 RANCHO ROAD,ADELANTO,CA,"92301","0724",(760) 246-1171,STATE,OPEN,"700",SAN BERNARDINO,"06071",USA,MEDIUM,-117.437288,34.559914,0.770000000000000,0.330000000000000,8697.000000000000000,"0","0","2",2.000000000000000,"0","1",7.786290354113426,"0",8.399999618530270,
"3971","10003367",CLIFF SKEEN COMMUNITY BASED CORRECTIONAL FACILITY FOR WOMEN,941 SHERMAN ST,AKRON,OH,"44311","-999",(330) 374-9610,STATE,OPEN,"-999",SUMMIT,"39153",USA,MINIMUM,-81.515648,41.057122,0.930000000000000,0.660000000000000,1708.000000000000000,"1","0","7",5.000000000000000,"1","0",8.003581612190819,"0",8.000000000000000,
"3977","10005299",VALLECITO CONSERVATION CAMP #1,3225 SIX MILE ROAD,ANGELS CAMP,CA,"95222","-999",(209) 736-4922,STATE,OPEN,"86",CALAVERAS,"06009",USA,MINIMUM,-120.488744,38.106427,0.750000000000000,0.940000000000000,3560.000000000000000,"0","1","0",0.000000000000000,"1","0",5.654117578618668,"0",5.699999809265140,cejstonly
"3978","10005256",TRINITY RIVER CONSERVATION CAMP #3,3325 PETTIJOHN ROAD,LEWISTON,CA,"96052","-999",(530) 286-2886,STATE,OPEN,"110",TRINITY,"06105",USA,MINIMUM,-122.803950,40.789814,0.800000000000000,0.820000000000000,4091.000000000000000,"0","0","0",0.000000000000000,"0","0",6.181013682343168,"0",4.299999952316280,
"3983","10000877",RAINBOW CONSERVATION CAMP #2,8215 RAINBOW HEIGHTS ROAD,FALLBROOK,CA,"92028","-999",(760) 728-2554,STATE,OPEN,"100",SAN DIEGO,"06073",USA,MINIMUM,-117.118328,33.427961,0.490000000000000,0.810000000000000,2175.000000000000000,"0","0","0",0.000000000000000,"0","0",6.328571469443186,"0",5.699999809265140,
"4000","10000756",GROVELAND CORRECTIONAL FACILITY,7000 SONYEA RD,SONYEA,NY,"14556","0050",(585) 658-2871,STATE,OPEN,"1054",LIVINGSTON,"36051",USA,MEDIUM,-77.836735,42.682501,,0.060000000000000,1749.000000000000000,"0","0","0",0.000000000000000,"0","0",5.885714326586042,"0",6.000000000000000,
"4004","10000782",MULE CREEK STATE PRISON (MCSP),4001 STATE HIGHWAY 104,IONE,CA,"95640","-999",(209) 274-4911,STATE,OPEN,"3698",AMADOR,"06005",USA,MAXIMUM,-120.953446,38.370743,0.730000000000000,0.930000000000000,5105.000000000000000,"0","1","0",0.000000000000000,"1","0",5.692574205965100,"0",6.000000000000000,cejstonly
"4006","10006571",CONNECTIONS CORRECTIONS WEST - WARM SPRINGS,725 OROFINO WAY,WARM SPRINGS,MT,"59756","-999",(406) 693-2272,STATE,OPEN,"54",DEER LODGE,"30023",USA,NOT AVAILABLE,-112.794754,46.182056,0.830000000000000,0.010000000000000,3226.000000000000000,"0","0","0",0.000000000000000,"0","1",4.211022841184591,"0",4.800000190734860,
"4010","10001154",HELENA PRE-RELEASE CENTER,805 COLLEEN ST,HELENA,MT,"59601","-999",(406) 442-6572,STATE,OPEN,"111",LEWIS AND CLARK,"30049",USA,MINIMUM,-111.973768,46.593919,0.630000000000000,0.050000000000000,6369.000000000000000,"0","0","0",0.000000000000000,"0","0",5.370000100135804,"0",5.500000000000000,
"4011","10006581",MISSOULA PRE-RELEASE CENTER,2350 MULLAN RD,MISSOULA,MT,"59808","-999",(406) 541-9200,STATE,OPEN,"172",MISSOULA,"30063",USA,NOT AVAILABLE,-114.028855,46.882706,0.630000000000000,0.410000000000000,7859.000000000000000,"0","0","2",2.000000000000000,"0","0",6.836363705721770,"0",6.900000095367430,
"4012","10003628",MONTANA STATE HOSPITAL - FORENSIC MENTAL HEALTH FACILITY,1316 GALEN RD,DEER LODGE,MT,"59722","-999",NOT AVAILABLE,STATE,OPEN,"-999",DEER LODGE,"30023",USA,NOT AVAILABLE,-112.778136,46.234606,0.830000000000000,0.010000000000000,3226.000000000000000,"0","0","0",0.000000000000000,"0","1",4.211022841184591,"0",4.900000095367430,
"4013","10003629",MONTANA STATE HOSPITAL,300 GARNET WAY,WARM SPRINGS,MT,"59756","-999",(406) 693-7000,STATE,OPEN,"168",DEER LODGE,"30023",USA,MAXIMUM,-112.790620,46.181519,0.830000000000000,0.010000000000000,3226.000000000000000,"0","0","0",0.000000000000000,"0","1",4.211022841184591,"0",4.800000190734860,
"4017","10000850",GOLDEN STATE MODIFIED COMMUNITY CORRECTIONAL FACILITY,611 FRONTAGE ROAD,MCFARLAND,CA,"93250","-999",(661) 792-2731,STATE,OPEN,"-999",KERN,"06029",USA,MEDIUM,-119.228056,35.669938,0.700000000000000,0.990000000000000,11517.000000000000000,"0","1","7",5.000000000000000,"1","1",10.299999904632568,"1",10.349999904632600,both
"4018","10000193",CI REEVES COUNTY III,100 W COUNTY RD 204,PECOS,TX,"79772","-999",(432) 447-2909,MULTI,OPEN,"1176",REEVES,"48389",USA,MINIMUM,-103.534863,31.393724,0.920000000000000,0.090000000000000,4295.000000000000000,"1","0","1",1.000000000000000,"1","1",5.832447401629730,"0",8.300000190734860,
"4023","10001708",LOIS M DEBERRY SPECIAL NEEDS FACILITY,7575 COCKRILL BEND BLVD,NASHVILLE,TN,"37209","1057",(615) 350-2700,STATE,OPEN,"637",DAVIDSON,"47037",USA,MAXIMUM,-86.903978,36.193308,,0.430000000000000,877.000000000000000,"0","0","0",0.000000000000000,"0","1",7.740000025431316,"0",7.400000095367430,
"4025","10006326",GADSDEN RE-ENTRY CENTER,630 OPPORTUNITY LANE,HAVANA,FL,"32333","-999",(850) 539-2440,STATE,OPEN,"383",GADSDEN,"12039",USA,MEDIUM,-84.494899,30.546081,0.440000000000000,0.410000000000000,4506.000000000000000,"0","0","0",0.000000000000000,"0","0",7.366896570139918,"0",7.699999809265140,
"4026","10006327",BAKER RE-ENTRY CENTER,17128 US HIGHWAY 90 WEST,SANDERSON,FL,"32087","-999",(386) 719-6300,STATE,OPEN,"397",BAKER,"12003",USA,MEDIUM,-82.318035,30.231598,0.570000000000000,0.220000000000000,8181.000000000000000,"0","0","2",2.000000000000000,"0","0",6.741881186891312,"0",6.699999809265140,
"4030","10005212",FRANKLIN WORK CAMP,1760 HIGHWAY 67,CARRABELLE,FL,"32322","-999",(850) 697-1464,STATE,OPEN,"221",FRANKLIN,"12037",USA,NOT AVAILABLE,-84.645302,29.882341,0.980000000000000,0.180000000000000,3943.000000000000000,"1","0","4",3.000000000000000,"1","1",7.555165315462538,"0",7.300000190734860,
"4031","10004572",TAYLOR WORK CAMP,8501 HAMPTON SPRINGS ROAD,PERRY,FL,"32348","-999",(850) 838-8550,STATE,OPEN,"401",TAYLOR,"12123",USA,NOT AVAILABLE,-83.711032,30.041336,0.990000000000000,0.160000000000000,8171.000000000000000,"1","0","3",2.000000000000000,"1","0",6.753389836092392,"0",7.450000047683720,
"4032","10000332",GRACEVILLE WORK CAMP,5230 EZELL RD,GRACEVILLE,FL,"32440","4289",(850) 263-9230,STATE,OPEN,"264",JACKSON,"12063",USA,NOT AVAILABLE,-85.492224,30.948291,0.730000000000000,0.340000000000000,6141.000000000000000,"0","0","0",0.000000000000000,"0","0",7.106557371837846,"0",7.000000000000000,
"4035","10000361",WALTON WORK CAMP,301 INSTITUTION RD,DEFUNIAK SPRINGS,FL,"32433","-999",(850) 951-1300,STATE,OPEN,"283",WALTON,"12131",USA,NOT AVAILABLE,-86.107366,30.779064,0.720000000000000,0.300000000000000,5933.000000000000000,"0","0","2",2.000000000000000,"0","0",7.360000008344652,"0",8.100000381469730,
"4036","10000357",HOLMES WORK CAMP,3182 THOMAS DR,BONIFAY,FL,"32425","4238",(850) 547-8911,STATE,OPEN,"328",HOLMES,"12059",USA,NOT AVAILABLE,-85.669303,30.747253,0.840000000000000,0.330000000000000,6668.000000000000000,"0","0","2",2.000000000000000,"0","0",7.282887693394952,"0",7.850000143051150,
"4037","10000391","LIBERTY WORK CAMP, SOUTH UNIT",11064 NW DEMPSEY BARRON RD,BRISTOL,FL,"32321","0711",(850) 643-9542,STATE,OPEN,"407",LIBERTY,"12077",USA,NOT AVAILABLE,-84.855881,30.463837,0.940000000000000,0.250000000000000,6145.000000000000000,"1","0","4",3.000000000000000,"1","0",7.210161661716312,"0",7.599999904632570,
"4038","10004558",OKALOOSA WORK CAMP,3189 COLONEL GREG MALLOY RD,CRESTVIEW,FL,"32539","6708",(850) 682-0931,STATE,OPEN,"245",OKALOOSA,"12091",USA,NOT AVAILABLE,-86.524290,30.696366,0.520000000000000,0.330000000000000,6444.000000000000000,"0","0","0",0.000000000000000,"0","1",7.510550459590528,"0",7.599999904632570,
"4040","10000403",BAKER WORK CAMP,20706 US HIGHWAY 90 WEST,SANDERSON,FL,"32087","2359",(386) 719-6130,STATE,OPEN,"284",BAKER,"12003",USA,NOT AVAILABLE,-82.380052,30.211550,0.570000000000000,0.220000000000000,8181.000000000000000,"0","0","2",2.000000000000000,"0","0",6.741881186891312,"0",7.250000000000000,
"4042","10000382",MADISON WORK CAMP,382 SW MCI WAY,MADISON,FL,"32340","4430",(850) 973-5300,STATE,OPEN,"292",MADISON,"12079",USA,NOT AVAILABLE,-83.422992,30.444461,0.910000000000000,0.250000000000000,5834.000000000000000,"1","0","4",4.000000000000000,"1","0",6.604411735254176,"0",6.599999904632570,
"4043","10000410",MAYO WORK CAMP,8976 US 27 W,MAYO,FL,"32066","-999",(386) 294-4752,STATE,OPEN,"304",LAFAYETTE,"12067",USA,NOT AVAILABLE,-83.309603,30.132857,0.490000000000000,0.200000000000000,2574.000000000000000,"0","0","3",2.000000000000000,"0","1",6.924590175920498,"0",7.400000095367430,
"4044","10000420",RMC WORK CAMP,P.O. BOX 628,LAKE BUTLER,FL,"32054","-999",(386) 496-4050,STATE,OPEN,"431",UNION,"12125",USA,NOT AVAILABLE,-82.354800,29.993518,0.610000000000000,0.210000000000000,7657.000000000000000,"0","0","4",3.000000000000000,"0","1",6.506872857149524,"0",7.099999904632570,
"4045","10000416",NEW RIVER CORRECTIONAL INSTITUTION,8000 NW 80TH PLACE,RAIFORD,FL,"32083","-999",(904) 368-1400,STATE,OPEN,"115",BRADFORD,"12007",USA,CLOSE,-82.178092,30.062848,0.810000000000000,0.250000000000000,5788.000000000000000,"0","0","1",1.000000000000000,"0","0",6.576250001788140,"0",7.149999856948850,
"4047","10000503",DESOTO WORK CAMP,13617 SE HWY 70,ARCADIA,FL,"34266","-999",(863) 494-3727,STATE,OPEN,"-999",DESOTO,"12027",USA,NOT AVAILABLE,-81.662260,27.205970,0.590000000000000,0.110000000000000,4730.000000000000000,"0","0","6",4.000000000000000,"0","1",5.509523817741412,"0",6.400000095367430,
"4048","10000518",LOXAHATCHEE ROAD PRISON,230 SUNSHINE RD,WEST PALM BEACH,FL,"33411","3616",(561) 791-4760,STATE,OPEN,"92",PALM BEACH,"12099",USA,NOT AVAILABLE,-80.193874,26.683274,0.210000000000000,0.230000000000000,2013.000000000000000,"0","0","0",0.000000000000000,"0","0",7.416666587193808,"0",7.699999809265140,
"4053","10000665",LOGAN CORRECTIONAL CENTER,1096 1350TH STREET,LINCOLN,IL,"62656","-999",(217) 735-5581,STATE,OPEN,"1510",LOGAN,"17107",USA,MEDIUM,-89.388978,40.112522,0.800000000000000,0.810000000000000,5336.000000000000000,"0","0","0",0.000000000000000,"0","0",7.823327019839168,"0",7.533333301544190,
"4054","10006210",PONTIAC MEDIUM SECURITY UNIT,700 WEST LINCOLN STREET,PONTIAC,IL,"61764","-999",(815) 842-2816,STATE,OPEN,"351",LIVINGSTON,"17105",USA,MEDIUM,-88.637706,40.866675,0.350000000000000,0.710000000000000,5182.000000000000000,"0","0","0",0.000000000000000,"0","0",7.750000000000000,"0",7.699999809265140,
"4055","10000647",STATEVILLE CORRECTIONAL CENTER,16830 SOUTH BROADWAY STREET,JOLIET,IL,"60434","-999",(815) 727-3607,STATE,OPEN,"1173",WILL,"17197",USA,MAXIMUM,-88.094563,41.578738,0.150000000000000,0.900000000000000,3435.000000000000000,"0","1","0",0.000000000000000,"1","1",9.625000238418581,"1",9.600000381469730,both
"4056","10000667",WESTERN ILLINOIS CORRECTIONAL CENTER,2500 RT. 99 SOUTH,MOUNT STERLING,IL,"62353","-999",(217) 773-4441,STATE,OPEN,"1533",BROWN,"17009",USA,MEDIUM,-90.753967,39.962857,0.440000000000000,0.580000000000000,4226.000000000000000,"0","0","0",0.000000000000000,"0","0",8.064705904792339,"0",8.199999809265140,
"4057","10000636",NORTH LAWNDALE ATC,2839 WEST FILLMORE STREET,CHICAGO,IL,"60612","-999",(773) 638-8491,STATE,OPEN,"200",COOK,"17031",USA,MINIMUM,-87.697754,41.867941,0.980000000000000,0.890000000000000,1728.000000000000000,"1","0","14",7.000000000000000,"1","1",9.000000000000000,"0",9.000000000000000,
"4058","10002259",BIG MUDDY RIVER CORRECTIONAL CENTER,251 NORTH ILLINOIS HIGHWAY 37,INA,IL,"62846","-999",(618) 437-5300,STATE,OPEN,"1179",JEFFERSON,"17081",USA,MEDIUM,-88.908351,38.130645,0.890000000000000,0.650000000000000,5352.000000000000000,"0","0","0",0.000000000000000,"0","0",7.771746049608504,"0",8.050000071525570,
"4059","10001786",ALBEMARLE CORRECTIONAL INSTITUTION,44150 AIRPORT RD,NEW LONDON,NC,"28127","-999",(704) 422-3036,STATE,OPEN,"624",STANLY,"37167",USA,MEDIUM,-80.137374,35.416023,0.590000000000000,0.320000000000000,4458.000000000000000,"0","0","0",0.000000000000000,"0","0",6.662195124277256,"0",7.099999904632570,
"4060","10000695",SHAWNEE CORRECTIONAL CENTER,6665 STATE ROUTE 146 EAST,VIENNA,IL,"62995","-999",(618) 658-8331,STATE,OPEN,"1682",JOHNSON,"17087",USA,MEDIUM,-88.775354,37.400385,0.000000000000000,0.670000000000000,2225.000000000000000,"0","0","6",3.000000000000000,"0","0",6.633333365122478,"0",6.750000000000000,
"4061","10000652",SHERIDAN CORRECTIONAL CENTER,4017 EAST 2603 ROAD,SHERIDAN,IL,"60551","-999",(815) 496-2181,STATE,OPEN,"1558",LA SALLE,"17099",USA,MEDIUM,-88.684660,41.516049,0.520000000000000,0.770000000000000,7231.000000000000000,"0","0","0",0.000000000000000,"0","0",7.685430485681192,"0",7.400000095367430,
"4062","10004734",VIENNA CORRECTIONAL CENTER,6695 STATE ROUTE 146 EAST,VIENNA,IL,"62995","-999",(618) 658-8371,STATE,OPEN,"1094",JOHNSON,"17087",USA,MINIMUM,-88.770143,37.405625,0.000000000000000,0.670000000000000,2225.000000000000000,"0","0","6",3.000000000000000,"0","0",6.633333365122478,"0",6.750000000000000,
"4063","10006508",AUSP THOMSON CAMP,1100 ONE MILE ROAD,THOMSON,IL,"61285","-999",(815) 259-1000,FEDERAL,OPEN,"83",CARROLL,"17015",USA,MINIMUM,-90.105688,41.971699,0.800000000000000,0.630000000000000,1523.000000000000000,"0","0","0",0.000000000000000,"0","0",7.734761923835392,"0",8.300000190734860,
"4088","10002258",CLAYTON WORK CAMP,306 CORRECTIONAL DRIVE,CLAYTON,IL,"62324","-999",(217) 894-6577,STATE,OPEN,"45",ADAMS,"17001",USA,MINIMUM,-90.962024,40.027757,0.850000000000000,0.570000000000000,3325.000000000000000,"0","0","0",0.000000000000000,"0","0",7.448915671153242,"0",7.599999904632570,
"4089","10004732",USP MARION CAMP,4500 PRISON ROAD,MARION,IL,"62959","-999",(618) 964-1441,FEDERAL,OPEN,"240",WILLIAMSON,"17199",USA,MINIMUM,-88.989566,37.663367,0.860000000000000,0.670000000000000,5223.000000000000000,"0","0","0",0.000000000000000,"0","1",6.911148652837084,"0",6.599999904632570,
"4090","10000677",VANDALIA CORRECTIONAL CENTER,ROUTE 51 NORTH,VANDALIA,IL,"62471","-999",(618) 283-4170,STATE,OPEN,"1222",FAYETTE,"17051",USA,MINIMUM,-89.096085,39.010893,0.490000000000000,0.670000000000000,5161.000000000000000,"0","0","0",0.000000000000000,"0","0",8.200000017881393,"0",8.000000238418584,
"4091","10000638",FOX VALLEY ATC,1329 N LAKE ST,AURORA,IL,"60506","-999",(630) 897-5610,STATE,OPEN,"128",KANE,"17089",USA,MINIMUM,-88.320292,41.787921,0.570000000000000,0.890000000000000,4695.000000000000000,"0","0","4",3.000000000000000,"0","0",8.474999904632568,"0",8.500000000000000,
"4100","10000457",SUMTER WORK CAMP,9858 COUNTY RD 476B,BUSHNELL,FL,"33513","0667",(352) 569-6114,STATE,OPEN,"287",SUMTER,"12119",USA,NOT AVAILABLE,-82.205476,28.613486,0.660000000000000,0.200000000000000,2251.000000000000000,"0","0","0",0.000000000000000,"0","0",6.039999973773956,"0",6.599999904632570,
"4119","10000635",CROSSROADS ATC,3210 WEST ARTHINGTON STREET,CHICAGO,IL,"60624","-999",(773) 533-5000,STATE,OPEN,"327",COOK,"17031",USA,MINIMUM,-87.706359,41.870484,0.930000000000000,0.890000000000000,2762.000000000000000,"1","0","15",7.000000000000000,"1","1",9.076611314919166,"0",9.100000381469730,
"4121","10000662",DANVILLE CORRECTIONAL CENTER,3820 EAST MAIN STREET,DANVILLE,IL,"61834","-999",(217) 446-0441,STATE,OPEN,"1724",VERMILION,"17183",USA,MEDIUM,-87.536456,40.129567,0.730000000000000,0.570000000000000,6005.000000000000000,"0","0","2",2.000000000000000,"0","0",8.343750059604647,"0",8.800000190734860,
"4123","10000455",SUMTER CORRECTIONAL INSTITUTION AND BASIC TRAINING UNIT,9544 COUNTY RD 476B,BUSHNELL,FL,"33513","0667",(352) 569-6100,STATE,OPEN,"1284",SUMTER,"12119",USA,CLOSE,-82.207543,28.617484,0.990000000000000,0.200000000000000,1783.000000000000000,"1","0","0",0.000000000000000,"1","0",6.649999856948854,"0",6.599999904632570,
"4125","10000669",DECATUR CORRECTIONAL CENTER,2310 EAST MOUND ROAD,DECATUR,IL,"62524","-999",(217) 877-0353,STATE,OPEN,"549",MACON,"17115",USA,MINIMUM,-88.926626,39.895115,0.660000000000000,0.860000000000000,4286.000000000000000,"0","0","1",1.000000000000000,"0","0",8.644444465637209,"0",8.899999618530270,
"4127","10000646",JOLIET TREATMENT CENTER,2848 WEST MCDONOUGH,JOLIET,IL,"60436","-999",(815) 730-4400,STATE,OPEN,"181",WILL,"17197",USA,MAXIMUM,-88.152646,41.512347,0.270000000000000,0.880000000000000,6042.000000000000000,"0","0","0",0.000000000000000,"0","0",9.118750035762787,"1",9.300000190734860,washuonly
"4128","10000674",GRAHAM CORRECTIONAL CENTER,12078 ILLINOIS ROUTE 185,HILLSBORO,IL,"62049","-999",(217) 532-6961,STATE,OPEN,"1919",MONTGOMERY,"17135",USA,MEDIUM,-89.474933,39.126490,0.830000000000000,0.670000000000000,6128.000000000000000,"0","0","0",0.000000000000000,"0","1",7.962760477016370,"0",8.100000381469730,
"4129","10000687",MENARD CORRECTIONAL CENTER,711 KASKASKIA STREET,MENARD,IL,"62259","-999",(618) 826-5071,STATE,OPEN,"2213",RANDOLPH,"17157",USA,MAXIMUM,-89.841978,37.912686,0.780000000000000,0.480000000000000,6148.000000000000000,"0","0","0",0.000000000000000,"0","0",7.629078056795378,"0",7.599999904632570,
"4130","10000682",LAWRENCE CORRECTIONAL CENTER,10940 LAWRENCE ROAD,SUMNER,IL,"62466","-999",(618) 936-2064,STATE,OPEN,"2166",LAWRENCE,"17101",USA,MEDIUM,-87.905910,38.728233,0.930000000000000,0.720000000000000,5391.000000000000000,"1","0","1",1.000000000000000,"1","0",8.105750076770782,"0",8.099999904632570,
"4131","10000664",LINCOLN CORRECTIONAL CENTER,1098 1350TH STREET,LINCOLN,IL,"62656","-999",(217) 735-5411,STATE,OPEN,"1007",LOGAN,"17107",USA,MINIMUM,-89.389083,40.118238,0.800000000000000,0.810000000000000,5336.000000000000000,"0","0","0",0.000000000000000,"0","0",7.823327019839168,"0",7.425000071525570,
"4133","10006351",NORTHERN RECEPTION AND CLASSIFICATION CENTER,16830 SOUTH BROADWAY STREET,JOLIET,IL,"60434","-999",(815) 727-3607,STATE,OPEN,"1302",WILL,"17197",USA,MINIMUM,-88.099028,41.577741,0.150000000000000,0.900000000000000,3435.000000000000000,"0","1","0",0.000000000000000,"1","1",9.625000238418581,"1",9.700000286102290,both
"4134","10000657",PEORIA ATC,607-613 NORTH MAIN,PEORIA,IL,"61602","-999",(309) 671-3162,STATE,OPEN,"237",PEORIA,"17143",USA,MINIMUM,-89.593419,40.694956,0.610000000000000,0.810000000000000,1431.000000000000000,"0","0","9",5.000000000000000,"0","1",8.300000190734863,"0",8.300000190734860,
"4135","10000688",PINCKNEYVILLE CORRECTIONAL CENTER,5835 STATE ROUTE 154,PINCKNEYVILLE,IL,"62274","-999",(618) 357-9722,STATE,OPEN,"2087",PERRY,"17145",USA,MEDIUM,-89.327260,38.086646,0.830000000000000,0.560000000000000,7213.000000000000000,"0","0","2",2.000000000000000,"0","1",7.729870133585744,"0",7.900000095367430,
"4136","10000672",PITTSFIELD WORK CAMP,23540 365TH STREET,PITTSFIELD,IL,"62363","-999",(217) 285-2280,STATE,OPEN,"99",PIKE,"17149",USA,MINIMUM,-90.844540,39.599028,0.660000000000000,0.560000000000000,4483.000000000000000,"0","0","0",0.000000000000000,"0","0",7.759375035762788,"0",7.950000286102290,
"4137","10006352",STATEVILLE MINIMUM SECURITY UNIT,16830 SOUTH BROADWAY STREET,JOLIET,IL,"60434","-999",(815) 727-3607,STATE,OPEN,"199",WILL,"17197",USA,MINIMUM,-88.101374,41.577366,0.150000000000000,0.900000000000000,3435.000000000000000,"0","1","0",0.000000000000000,"1","1",9.625000238418581,"1",9.800000190734860,both
"4138","10000673",TAYLORVILLE CORRECTIONAL CENTER,1144 ILLINOIS ROUTE 29,TAYLORVILLE,IL,"62568","-999",(217) 824-4004,STATE,OPEN,"1067",CHRISTIAN,"17021",USA,MINIMUM,-89.226466,39.515258,0.800000000000000,0.730000000000000,4478.000000000000000,"0","0","0",0.000000000000000,"0","0",7.644533334096272,"0",7.500000000000000,
"4144","10004694",IDHS TREATMENT / DETENTION FACILITY,17019 COUNTY FARM RD,RUSHVILLE,IL,"62681","-999",(217) 322-5115,STATE,OPEN,"250",SCHUYLER,"17169",USA,MAXIMUM,-90.587853,40.123366,0.980000000000000,0.600000000000000,2384.000000000000000,"1","0","5",5.000000000000000,"1","1",7.178287848053736,"0",7.599999904632570,
"4146","10006147",AVERY-MITCHELL CORRECTIONAL INSTITUTION,600 AMITY PARK RD,SPRUCE PINE,NC,"28777","-999",(828) 765-0229,STATE,OPEN,"816",AVERY,"37011",USA,MEDIUM,-82.001191,35.925298,0.720000000000000,0.060000000000000,5770.000000000000000,"0","0","2",1.000000000000000,"0","0",5.323484847039888,"0",5.950000047683720,
"4164","10003542",FCI MEMPHIS CAMP,6696 NAVY RD,MILLINGTON,TN,"38053","-999",(901) 872-2277,FEDERAL,OPEN,"222",SHELBY,"47157",USA,MINIMUM,-89.838170,35.340094,0.490000000000000,0.550000000000000,5754.000000000000000,"0","0","0",0.000000000000000,"0","0",7.299999996467874,"0",7.500000000000000,
"4165","10001718",FCI MEMPHIS,1101 JOHN A DENIE RD,MEMPHIS,TN,"38134","-999",(901) 372-2269,FEDERAL,OPEN,"1048",SHELBY,"47157",USA,MEDIUM,-89.867236,35.155762,,0.670000000000000,1898.000000000000000,"0","0","1",1.000000000000000,"0","0",8.399999936421715,"0",8.300000190734860,
"4201","10004512",WESTERN PRE-RELEASE CENTER,101 BILLY BOULEVARD,BUTLER,GA,"31006","-999",(770) 567-0531,NOT AVAILABLE,NOT AVAILABLE,"-999",TAYLOR,"13269",USA,MEDIUM,-84.259128,32.571418,0.960000000000000,0.490000000000000,4516.000000000000000,"1","0","6",5.000000000000000,"1","0",7.101296297709148,"0",7.250000000000000,
"4209","10000263",FCI WASECA,1000 UNIVERSITY DRIVE SOUTHWEST,WASECA,MN,"56093","-999",(507) 835-8972,FEDERAL,OPEN,"653",WASECA,"27161",USA,MINIMUM,-93.517268,44.070391,0.570000000000000,0.340000000000000,3832.000000000000000,"0","0","1",1.000000000000000,"0","1",5.749999952316284,"0",5.699999809265140,
"4212","10006383",DUVALL CENTER,1848 LUDLOW AVENUE,INDIANAPOLIS,IN,"46201","-999",(317) 327-2500,STATE,OPEN,"13",MARION,"18097",USA,MINIMUM,-86.127390,39.789477,0.960000000000000,0.850000000000000,2492.000000000000000,"1","0","6",5.000000000000000,"1","0",9.800000190734863,"1",9.800000190734860,washuonly
"4214","10001337",FMC ROCHESTER,2110 E CENTER ST,ROCHESTER,MN,"55904","-999",(507) 287-0674,FEDERAL,OPEN,"639",OLMSTED,"27109",USA,MAXIMUM,-92.436381,44.024349,0.080000000000000,0.480000000000000,6745.000000000000000,"0","0","0",0.000000000000000,"0","0",6.604444419013130,"0",6.699999809265140,
"4216","10001325",MCF - LINO LAKES,7525 4TH AVENUE,LINO LAKES,MN,"55014","-999",(651) 717-6100,STATE,OPEN,"1287",ANOKA,"27003",USA,MEDIUM,-93.125869,45.177279,0.010000000000000,0.310000000000000,5664.000000000000000,"0","0","0",0.000000000000000,"0","0",7.018181844191118,"0",7.099999904632570,
"4217","10001331",MCF - OAK PARK HEIGHTS,5329 OSGOOD AVENUE NORTH,STILLWATER,MN,"55082","1117",(651) 779-1400,STATE,OPEN,"396",WASHINGTON,"27163",USA,MAXIMUM,-92.801492,45.025246,,0.320000000000000,413.000000000000000,"0","0","0",0.000000000000000,"0","0",7.239075938531588,"0",7.250000000000000,
"4218","10001322",MCF - RUSH CITY,7600 525TH STREET,RUSH CITY,MN,"55069","-999",(320) 358-0400,STATE,OPEN,"990",CHISAGO,"27025",USA,CLOSE,-92.948232,45.709061,0.610000000000000,0.110000000000000,6865.000000000000000,"0","0","0",0.000000000000000,"0","0",5.550173002130846,"0",5.433333396911620,
"4219","10001333",MCF - SHAKOPEE,1010 WEST 6TH AVENUE,SHAKOPEE,MN,"55379","-999",(952) 496-4440,STATE,OPEN,"625",SCOTT,"27139",USA,MAXIMUM,-93.538543,44.789884,0.060000000000000,0.230000000000000,2733.000000000000000,"0","0","0",0.000000000000000,"0","0",6.699999809265138,"0",6.574999928474430,
"4220","10006211",MCF - WILLOW RIVER,86032 COUNTY HIGHWAY 61,WILLOW RIVER,MN,"55795","-999",(218) 372-3101,STATE,OPEN,"141",PINE,"27017",USA,MINIMUM,-92.828759,46.352368,0.900000000000000,0.020000000000000,3055.000000000000000,"1","0","0",0.000000000000000,"1","0",4.337528120533804,"0",4.599999904632570,
"4221","10007020",MINNESOTA SEX OFFENDER PROGRAM - MOOSE LAKE,1111 HIGHWAY 73,MOOSE LAKE,MN,"55767","-999",(218) 565-6000,STATE,OPEN,"-999",CARLTON,"27017",USA,NOT AVAILABLE,-92.750674,46.442705,0.660000000000000,0.010000000000000,6775.000000000000000,"0","0","0",0.000000000000000,"0","0",4.195886811744278,"0",4.599999904632570,
"4222","10001319",MCF - MOOSE LAKE,1000 LAKE SHORE DRIVE,MOOSE LAKE,MN,"55767","-999",(218) 485-5000,STATE,OPEN,"1037",CARLTON,"27017",USA,MEDIUM,-92.759058,46.439442,0.660000000000000,0.010000000000000,6775.000000000000000,"0","0","0",0.000000000000000,"0","0",4.195886811744278,"0",4.500000000000000,
"4225","10006549",MINNESOTA SECURITY HOSPITAL,100 FREEMAN DRIVE,ST. PETER,MN,"56082","1599",(507) 985-2000,STATE,OPEN,"369",NICOLLET,"27103",USA,NOT AVAILABLE,-93.976067,44.304830,0.440000000000000,0.290000000000000,6171.000000000000000,"0","0","0",0.000000000000000,"0","0",5.633333285649618,"0",5.699999809265140,
"4237","10001073",MADISON CORRECTIONAL FACILITY,800 MSH BUS STOP DR,MADISON,IN,"47250","-999",(812) 265-6154,STATE,OPEN,"550",JEFFERSON,"18077",USA,MINIMUM,-85.402400,38.746637,0.750000000000000,0.600000000000000,5924.000000000000000,"0","0","0",0.000000000000000,"0","0",7.829629686143664,"0",8.000000238418584,
"4239","10001067",RECEPTION DIAGNOSTIC CENTER (MEN),737 MOON RD,PLAINFIELD,IN,"46168","-999",(317) 839-7727,STATE,OPEN,"400",HENDRICKS,"18063",USA,NOT AVAILABLE,-86.416040,39.689000,0.300000000000000,0.790000000000000,12597.000000000000000,"0","0","0",0.000000000000000,"0","0",9.052499985694883,"0",9.100000381469730,
"4277","10000479",LARGO ROAD PRISON,5201 ULMERTON RD,CLEARWATER,FL,"33760","4006",(727) 570-5135,STATE,OPEN,"75",PINELLAS,"12103",USA,NOT AVAILABLE,-82.705388,27.895802,0.720000000000000,0.300000000000000,5880.000000000000000,"0","0","6",5.000000000000000,"0","1",8.600000381469728,"0",8.600000381469730,
"4288","10003934",STEWART DETENTION CENTER,146 CCA ROAD,LUMPKIN,GA,"31815","-999",(229) 838-5000,FEDERAL,OPEN,"1584",STEWART,"13259",USA,MEDIUM,-84.771980,32.035627,0.970000000000000,0.470000000000000,4515.000000000000000,"1","0","7",5.000000000000000,"1","0",7.247010556922010,"0",7.000000000000000,
"4292","10004913",NEW CASTLE CORRECTIONAL FACILITY,1000 VAN NUYS RD,NEW CASTLE,IN,"47362","-999",(765) 593-0111,STATE,OPEN,"3100",HENRY,"18065",USA,MEDIUM,-85.370225,39.962378,0.720000000000000,0.590000000000000,5884.000000000000000,"0","0","0",0.000000000000000,"0","0",8.645762712942005,"0",8.250000000000000,
"4300","10000316",TELFAIR STATE PRISON,210 LONGBRIDGE ROAD,HELENA,GA,"31037","-999",(229) 868-7721,STATE,OPEN,"1370",TELFAIR,"13271",USA,CLOSE,-82.909549,32.087984,0.920000000000000,0.350000000000000,11573.000000000000000,"1","0","4",3.000000000000000,"1","0",7.136330949316780,"0",7.350000143051150,
"4328","10000320",FCI JESUP,2600 HIGHWAY 301 SOUTH,JESUP,GA,"31599","-999",(912) 427-0870,FEDERAL,OPEN,"980",WAYNE,"13305",USA,MEDIUM,-81.902434,31.563885,0.680000000000000,0.280000000000000,5771.000000000000000,"0","0","0",0.000000000000000,"0","0",6.913636424324730,"0",7.000000000000000,
"4349","10006153",AUGUSTA STATE MEDICAL PRISON,3001 GORDON HWY,GROVETOWN,GA,"30813","-999",(706) 855-4700,STATE,OPEN,"1160",COLUMBIA,"13073",USA,CLOSE,-82.188521,33.432879,0.680000000000000,0.720000000000000,12912.000000000000000,"0","0","0",0.000000000000000,"0","0",7.662068958940178,"0",7.599999904632570,
"4350","10004475",AUGUSTA TRANSITIONAL CENTER,601 TAYLOR STREET,AUGUSTA,GA,"30906","-999",(706) 721-1650,STATE,OPEN,"226",RICHMOND,"13245",USA,MINIMUM,-81.966057,33.466769,0.900000000000000,0.710000000000000,2995.000000000000000,"1","0","8",5.000000000000000,"1","1",8.599999745686850,"0",8.899999618530270,
"4351","10000325",AUTRY STATE PRISON,3178 MOUNT ZION CHURCH RD,PELHAM,GA,"31779","-999",(229) 294-2940,STATE,OPEN,"1715",MITCHELL,"13205",USA,MEDIUM,-84.145195,31.189550,0.880000000000000,0.420000000000000,6585.000000000000000,"0","0","4",3.000000000000000,"0","1",8.200423757908707,"0",8.050000190734860,
"4352","10006339",BAINBRIDGE SUBSTANCE ABUSE CENTER,235 STATE HOSPITAL ROAD,BAINBRIDGE,GA,"39817","-999",(404) 683-8576,STATE,OPEN,"-999",DECATUR,"13087",USA,NOT AVAILABLE,-84.636805,30.982525,0.630000000000000,0.420000000000000,6410.000000000000000,"0","0","4",4.000000000000000,"0","1",7.897345171565504,"0",8.199999809265140,
"4353","10002129",BALDWIN STATE PRISON,140 LAYING FARM RD,HARDWICK,GA,"31034","-999",(478) 445-5218,STATE,OPEN,"953",BALDWIN,"13009",USA,MEDIUM,-83.221361,33.025061,0.930000000000000,0.610000000000000,7426.000000000000000,"1","0","3",3.000000000000000,"1","0",7.021538477677566,"0",7.350000143051150,
"4354","10001421",BURRUSS CORRECTIONAL TRAINING CENTER,1000 INDIAN SPRINGS DR,FORSYTH,GA,"31029","-999",(478) 994-7511,STATE,OPEN,"444",MONROE,"13207",USA,MEDIUM,-83.975385,33.055546,0.800000000000000,0.620000000000000,5803.000000000000000,"0","0","0",0.000000000000000,"0","0",7.337142898922876,"0",8.100000381469730,
"4355","10003880",C H COLWELL DETENTION CENTER,189 BEASLEY STREET,BLAIRSVILLE,GA,"30512","-999",(706) 745-3610,STATE,OPEN,"-999",UNION,"13291",USA,MINIMUM,-83.943662,34.875684,0.680000000000000,0.140000000000000,6320.000000000000000,"0","0","0",0.000000000000000,"0","0",6.701600006103516,"0",7.599999904632570,
"4356","10002146",CALHOUN STATE PRISON,27823 MAIN ST,MORGAN,GA,"39866","-999",(229) 849-5000,STATE,OPEN,"1638",CALHOUN,"13037",USA,MEDIUM,-84.616767,31.539764,0.960000000000000,0.400000000000000,3228.000000000000000,"1","0","2",2.000000000000000,"1","0",7.254291846516818,"0",7.250000000000000,
"4357","10002134",CENTRAL STATE PRISON,4600 FULTON MILL RD,MACON,GA,"31208","-999",(478) 471-2906,STATE,OPEN,"1136",BIBB,"13021",USA,MEDIUM,-83.751866,32.776839,0.590000000000000,0.610000000000000,5345.000000000000000,"0","0","0",0.000000000000000,"0","0",7.626087002132250,"0",7.549999952316280,
"4358","10002138",DODGE STATE PRISON,2971 OLD BETHEL CHURCH ROAD,CHESTER,GA,"31012","-999",(478) 358-7200,STATE,OPEN,"1228",DODGE,"13091",USA,MEDIUM,-83.167574,32.394176,0.880000000000000,0.420000000000000,3614.000000000000000,"0","0","1",1.000000000000000,"0","0",7.335526318926560,"0",7.400000095367430,
"4359","10002144",COFFEE CORRECTIONAL FACILITY,1153 NORTH LIBERTY STREET,NICHOLLS,GA,"31554","-999",(912) 345-5058,STATE,OPEN,"2657",COFFEE,"13069",USA,MEDIUM,-82.637977,31.530678,0.950000000000000,0.300000000000000,5982.000000000000000,"1","0","2",2.000000000000000,"1","0",7.446093758568168,"0",7.400000095367430,
"4360","10006154",DOOLY STATE PRISON,1412 PLUNKETT ROAD,UNADILLA,GA,"31091","-999",(478) 627-2000,STATE,OPEN,"1661",HOUSTON,"13093",USA,MEDIUM,-83.715676,32.280874,0.930000000000000,0.440000000000000,5145.000000000000000,"1","0","1",1.000000000000000,"1","0",7.290034376059202,"0",7.450000047683720,
"4361","10004496",EMANUEL WOMEN'S FACILITY,714 GUMLOG ROAD,SWAINSBORO,GA,"30401","-999",(478) 289-2748,STATE,OPEN,"395",EMANUEL,"13107",USA,MEDIUM,-82.356465,32.613076,0.800000000000000,0.400000000000000,4834.000000000000000,"0","0","0",0.000000000000000,"0","0",6.876470586195350,"0",7.300000190734860,
"4362","10004497",EMANUEL PROBATION DETENTION CENTER,121 CASA DRIVE,TWIN CITY,GA,"30471","-999",(478) 763-2400,STATE,OPEN,"-999",EMANUEL,"13107",USA,MEDIUM,-82.161136,32.571674,0.830000000000000,0.380000000000000,5290.000000000000000,"0","0","3",3.000000000000000,"0","0",6.680882360754896,"0",6.450000047683720,
"4363","10000298",GA DIAGNOSTIC & CLASSIFICATION STATE PRISON,2978 STATE HWYY 36 W PRISON BLVD,JACKSON,GA,"30233","-999",(770) 504-2000,STATE,OPEN,"3371",BUTTS,"13035",USA,CLOSE,-84.061618,33.221074,0.810000000000000,0.650000000000000,7762.000000000000000,"0","0","1",1.000000000000000,"0","0",7.386666657129924,"0",7.524999976158140,
"4364","10002141",GEORGIA STATE PRISON,300 1ST AVENUE SOUTH,REIDSVILLE,GA,"30453","-999",(912) 557-7301,STATE,OPEN,"1454",TATTNALL,"13267",USA,MAXIMUM,-82.164734,32.005129,0.810000000000000,0.340000000000000,7402.000000000000000,"0","0","1",1.000000000000000,"0","0",6.946992474391048,"0",7.199999809265140,
"4365","10000297",HANCOCK STATE PRISON,701 PRISON BLVD,SPARTA,GA,"31087","-999",(706) 444-1000,STATE,OPEN,"1143",HANCOCK,"13141",USA,CLOSE,-82.950923,33.245494,0.970000000000000,0.560000000000000,6595.000000000000000,"1","0","5",4.000000000000000,"1","0",6.811227154171498,"0",6.900000095367430,
"4366","10000284",HAYS STATE PRISON,777 UNDERWOOD DRIVE,TRION,GA,"30753","-999",(706) 857-0400,STATE,OPEN,"1065",CHATTOOGA,"13055",USA,CLOSE,-85.311953,34.507687,0.950000000000000,0.600000000000000,5807.000000000000000,"1","0","5",4.000000000000000,"1","0",7.454347765964012,"0",7.699999809265140,
"4367","10001415",HELMS FACILITY,1275 CONSTITUTION ROAD SE,ATLANTA,GA,"30316","-999",(404) 624-2413,STATE,OPEN,"28",DEKALB,"13089",USA,MINIMUM,-84.338235,33.688574,0.660000000000000,0.730000000000000,4533.000000000000000,"0","0","3",3.000000000000000,"0","0",8.954545627940785,"0",9.100000381469730,
"4368","10006453",JENKINS CORRECTIONAL FACILITY,3404 KENT FARM DRIVE,MILLEN,GA,"30442","-999",(478) 982-6300,STATE,OPEN,"1171",JENKINS,"13165",USA,MEDIUM,-81.924089,32.789980,0.970000000000000,0.410000000000000,5751.000000000000000,"1","0","8",6.000000000000000,"1","0",6.494531256146730,"0",7.050000190734860,
"4369","10000303",JOHNSON STATE PRISON,290 DONOVAN-HARRISON ROAD,WRIGHTSVILLE,GA,"31096","-999",(478) 864-4100,STATE,OPEN,"1583",JOHNSON,"13167",USA,MEDIUM,-82.702350,32.743534,0.870000000000000,0.440000000000000,4830.000000000000000,"0","0","3",3.000000000000000,"0","0",6.925980392624350,"0",6.900000095367430,
"4370","10000323",LEE STATE PRISON,153 PINEWOOD DRIVE,LEESBURG,GA,"31763","-999",(229) 759-3110,STATE,OPEN,"740",LEE,"13177",USA,MEDIUM,-84.193663,31.763744,0.700000000000000,0.410000000000000,6380.000000000000000,"0","0","0",0.000000000000000,"0","0",7.325301208649296,"0",7.699999809265140,
"4371","10005199",LONG STATE PRISON,1434 US HWY 84 EAST,LUDOWICI,GA,"31316","-999",(912) 545-3777,STATE,OPEN,"208",LONG,"13183",USA,MEDIUM,-81.725029,31.722401,0.810000000000000,0.270000000000000,6674.000000000000000,"0","0","0",0.000000000000000,"0","0",6.534240366920592,"0",6.900000095367430,
"4372","10002137",MACON STATE PRISON,2728 SOUTH 49 HWY,OGLETHORPE,GA,"31068","-999",(478) 472-3400,STATE,OPEN,"1703",MACON,"13193",USA,CLOSE,-84.091440,32.259321,0.950000000000000,0.470000000000000,5128.000000000000000,"1","0","2",2.000000000000000,"1","0",7.278999996185304,"0",7.399999976158140,
"4373","10001423",MACON TRANSITIONAL CENTER,200 HENRY ST,MACON,GA,"31206","-999",(478) 751-6090,STATE,OPEN,"157",BIBB,"13021",USA,MINIMUM,-83.637707,32.814941,0.980000000000000,0.580000000000000,1799.000000000000000,"1","0","8",6.000000000000000,"1","1",7.670967773724628,"0",7.800000190734860,
"4374","10001414",METRO TRANSITIONAL CENTER,1303 CONSTITUTION ROAD,ATLANTA,GA,"30316","-999",(404) 624-2380,STATE,OPEN,"229",DEKALB,"13089",USA,MINIMUM,-84.336472,33.688389,0.660000000000000,0.730000000000000,4533.000000000000000,"0","0","3",3.000000000000000,"0","0",8.954545627940785,"0",9.100000381469730,
"4375","10006322",RIVERBEND CORRECTIONAL FACILITY,196 LAYING FARM ROAD,MILLEDGEVILLE,GA,"31061","-999",(478) 414-2300,STATE,OPEN,"1497",BALDWIN,"13009",USA,MEDIUM,-83.219548,33.028084,0.930000000000000,0.610000000000000,7426.000000000000000,"1","0","3",3.000000000000000,"1","0",7.021538477677566,"0",7.350000143051150,
"4376","10000304",RUTLEDGE STATE PRISON,7175 MANOR ROAD,COLUMBUS,GA,"31907","-999",(706) 568-2340,STATE,OPEN,"601",MUSCOGEE,"13215",USA,MEDIUM,-84.866173,32.495857,0.840000000000000,0.600000000000000,2255.000000000000000,"0","0","0",0.000000000000000,"0","0",8.599999904632568,"0",8.500000000000000,
"4377","10004515",SMITH TRANSITIONAL CENTER,8631 UNITED STATES HIGHWAY 301 NORTH,CLAXTON,GA,"30417","-999",(912) 739-1911,STATE,OPEN,"199",EVANS,"13109",USA,MINIMUM,-81.894343,32.179461,0.860000000000000,0.350000000000000,4133.000000000000000,"0","0","1",1.000000000000000,"0","0",6.676344097301524,"0",6.800000190734860,
"4378","10000309",SMITH STATE PRISON & PROBATION CENTER,9676 UNITED STATES HIGHWAY 301 NORTH,GLENNVILLE,GA,"30427","-999",(912) 654-5000,STATE,OPEN,"1514",TATTNALL,"13267",USA,CLOSE,-81.915784,31.973108,0.720000000000000,0.340000000000000,6027.000000000000000,"0","0","1",1.000000000000000,"0","0",6.771428580511184,"0",7.000000000000000,
"4379","10000307",PULASKI STATE PRISON,373 UPPER RIVER ROAD,HAWKINSVILLE,GA,"31036","-999",(478) 783-6000,STATE,OPEN,"1162",PULASKI,"13235",USA,MEDIUM,-83.457313,32.311498,0.830000000000000,0.410000000000000,3236.000000000000000,"0","0","3",3.000000000000000,"0","0",7.501932372217594,"0",7.149999856948850,
"4380","10000310",ROGERS STATE PRISON,1978 GEORGIA HIGHWAY 147,REIDSVILLE,GA,"30453","-999",(912) 557-7771,STATE,OPEN,"1398",TATTNALL,"13267",USA,MEDIUM,-82.179949,32.000902,0.810000000000000,0.340000000000000,7402.000000000000000,"0","0","1",1.000000000000000,"0","0",6.946992474391048,"0",7.325000047683720,
"4381","10000328",VALDOSTA STATE PRISON,3259 VALTECH RD,VALDOSTA,GA,"31601","-999",(229) 333-7900,STATE,OPEN,"1000",LOWNDES,"13185",USA,CLOSE,-83.345733,30.859922,0.320000000000000,0.360000000000000,3899.000000000000000,"0","0","0",0.000000000000000,"0","0",7.485436907092344,"0",7.799999952316280,
"4382","10001432",VALDOSTA TRANSITIONAL CENTER,263 GILL HARBIN INDUSTRIAL BLVD.,VALDOSTA,GA,"31601","-999",(229) 293-6280,STATE,OPEN,"164",LOWNDES,"13185",USA,MINIMUM,-83.267466,30.805607,0.900000000000000,0.330000000000000,2739.000000000000000,"1","0","2",2.000000000000000,"1","0",8.166666706403099,"0",8.300000190734860,
"4383","10002147",WARE STATE PRISON,3620 NORTH HARRIS ROAD,WAYCROSS,GA,"31501","-999",(912) 285-6400,STATE,OPEN,"1485",WARE,"13299",USA,CLOSE,-82.393345,31.256743,0.700000000000000,0.270000000000000,8111.000000000000000,"0","0","2",2.000000000000000,"0","1",7.114465401607490,"0",7.800000190734860,
"4384","10000283",WALKER STATE PRISON,97 KEVIN LANE,ROCK SPRING,GA,"30739","-999",(706) 764-3600,STATE,OPEN,"406",WALKER,"13295",USA,MEDIUM,-85.261942,34.808721,0.520000000000000,0.580000000000000,7549.000000000000000,"0","0","0",0.000000000000000,"0","0",7.308955235267754,"0",7.199999809265140,
"4385","10002126",WASHINGTON STATE PRISON / ANNEX,13262 HWY 24 E,DAVISBORO,GA,"31018","-999",(478) 348-5814,STATE,OPEN,"1334",WASHINGTON,"13303",USA,MEDIUM,-82.594908,32.988724,0.920000000000000,0.470000000000000,5432.000000000000000,"1","0","2",2.000000000000000,"1","0",6.687937074607904,"0",7.250000000000000,
"4386","10004487",WEST CENTRAL CENTER,1070 COUNTY FARM ROAD,ZEBULON,GA,"30295","-999",(770) 567-0531,STATE,OPEN,"-999",PIKE,"13231",USA,MEDIUM,-84.361040,33.116098,0.720000000000000,0.600000000000000,7188.000000000000000,"0","0","0",0.000000000000000,"0","0",7.224096367158086,"0",7.000000000000000,
"4387","10004453",WHITWORTH WOMEN'S FACILITY,414 VALLEY HART ROAD,HARTWELL,GA,"30643","-999",(706) 856-2601,STATE,OPEN,"436",HART,"13147",USA,MEDIUM,-82.938284,34.311936,0.850000000000000,0.390000000000000,7150.000000000000000,"0","0","1",1.000000000000000,"0","0",6.757055215309004,"0",6.699999809265140,
"4388","10000318",WILCOX STATE PRISON,470 SOUTH BROAD STREET,ABBEVILLE,GA,"31001","-999",(229) 467-3000,STATE,OPEN,"1789",WILCOX,"13315",USA,MEDIUM,-83.300172,31.985023,0.940000000000000,0.360000000000000,3966.000000000000000,"1","0","6",4.000000000000000,"1","0",7.341438365309206,"0",7.349999904632570,
"4389","10004514",WOMEN'S DETENTION CENTER,8662 UNITED STATES HIGHWAY 301 NORTH,CLAXTON,GA,"30417","-999",(912) 739-0716,STATE,OPEN,"1",EVANS,"13109",USA,MINIMUM,-81.892095,32.179337,0.860000000000000,0.350000000000000,4133.000000000000000,"0","0","1",1.000000000000000,"0","0",6.676344097301524,"0",6.800000190734860,
"4409","10000838",OAK GLEN CONSERVATION CAMP #35,41100 PINEBENCH ROAD,YUCAIPA,CA,"92399","-999",(909) 797-0196,STATE,OPEN,"129",SAN BERNARDINO,"06071",USA,MINIMUM,-116.906094,34.033329,0.380000000000000,0.460000000000000,2983.000000000000000,"0","0","0",0.000000000000000,"0","0",7.232500016689302,"0",5.900000095367430,
"4413","10004251",SIMPSON COUNTY TECHNICAL VIOLATION CENTER,714 WOOD RD,MAGEE,MS,"39111","-999",(601) 849-3281,STATE,OPEN,"58",SIMPSON,"28127",USA,MINIMUM,-89.723543,31.864379,0.700000000000000,0.730000000000000,4324.000000000000000,"0","0","4",3.000000000000000,"0","0",8.090909134257924,"0",8.300000190734860,
"4415","10000851",CENTRAL VALLEY MODIFIED COMMUNITY CORRECTIONAL FACILITY,254 TAYLOR AVENUE,MCFARLAND,CA,"93250","-999",(661) 792-3492,STATE,OPEN,"-999",KERN,"06029",USA,MEDIUM,-119.228728,35.668167,0.700000000000000,0.990000000000000,11517.000000000000000,"0","1","7",5.000000000000000,"1","1",10.299999904632568,"1",10.300000190734901,both
"4421","10004248",CENTRAL MISSISSIPPI CORRECTIONAL FACILITY,3794 STATE HWY 468,PEARL,MS,"39208","-999",(601) 932-2880,STATE,OPEN,"3484",RANKIN,"28121",USA,MAXIMUM,-90.058995,32.227713,0.660000000000000,0.830000000000000,4312.000000000000000,"0","0","4",2.000000000000000,"0","0",8.000000146719126,"0",8.125000238418584,
"4422","10000508",MARTIN CORRECTIONAL INSTITUTION,1150 SW ALLAPATTAH ROAD,INDIANTOWN,FL,"34956","4397",(772) 597-3705,STATE,OPEN,"1436",MARTIN,"12085",USA,CLOSE,-80.484877,27.196620,0.460000000000000,0.160000000000000,3229.000000000000000,"0","0","4",2.000000000000000,"0","0",6.104925049448934,"0",5.599999904632570,
"4428","10004170",CALDWELL CORRECTIONAL CENTER,480 PLEASANT HILL RD,LENOIR,NC,"28645","-999",(828) 726-2509,STATE,OPEN,"238",CALDWELL,"37027",USA,MINIMUM,-81.520950,35.855431,0.700000000000000,0.220000000000000,3947.000000000000000,"0","0","2",2.000000000000000,"0","0",6.699999945504326,"0",6.900000095367430,
"4429","10002633",CALEDONIA CORRECTIONAL INSTITUTION,2787 CALEDONIA DR,TILLERY,NC,"27882","-999",(252) 826-5621,STATE,OPEN,"1038",HALIFAX,"37083",USA,MEDIUM,-77.454636,36.301546,0.990000000000000,0.140000000000000,3168.000000000000000,"1","0","5",4.000000000000000,"1","0",6.093768561275494,"0",6.500000000000000,
"4430","10000337","APALACHEE CORRECTIONAL INSTITUTION, EAST UNIT",35 APALACHEE DR,SNEADS,FL,"32460","4166",(850) 718-0688,STATE,OPEN,"1240",JACKSON,"12063",USA,CLOSE,-84.876640,30.708952,0.750000000000000,0.310000000000000,6020.000000000000000,"0","0","2",1.000000000000000,"0","0",7.211219506147432,"0",7.400000095367430,
"4431","10000388",CALHOUN CORRECTIONAL INSTITUTION,19562 SE INSTITUTION DR,BLOUNTSTOWN,FL,"32424","5156",(850) 237-6500,STATE,OPEN,"1341",CALHOUN,"12013",USA,CLOSE,-85.067493,30.408512,0.780000000000000,0.260000000000000,7810.000000000000000,"0","0","0",0.000000000000000,"0","0",7.040533349355062,"0",7.350000143051150,
"4432","10001766",CENTRAL PRISON,1300 WESTERN BLVD,RALEIGH,NC,"27606","-999",(919) 733-0800,STATE,OPEN,"1104",WAKE,"37183",USA,CLOSE,-78.655032,35.777595,0.460000000000000,0.510000000000000,4977.000000000000000,"0","0","2",1.000000000000000,"0","0",8.066666603088381,"0",8.199999809265140,
"4433","10001798",COLUMBUS CORRECTIONAL INSTITUTION,1255 PRISON CAMP RD,WHITEVILLE,NC,"28472","-999",(910) 642-3285,STATE,OPEN,"584",COLUMBUS,"37047",USA,MEDIUM,-78.719570,34.278359,0.780000000000000,0.050000000000000,5405.000000000000000,"0","0","1",1.000000000000000,"0","0",5.220652170803236,"0",5.000000000000000,
"4434","10002174","CENTRAL FLORIDA RECEPTION CENTER, EAST",7000 H C KELLEY RD,ORLANDO,FL,"32831","2518",(407) 207-7777,STATE,OPEN,"1171",ORANGE,"12095",USA,CLOSE,-81.149257,28.463211,0.410000000000000,0.150000000000000,7031.000000000000000,"0","0","0",0.000000000000000,"0","0",6.961538485991650,"0",6.649999856948850,
"4435","10002177",AVON PARK CORRECTIONAL INSTITUTION,8100 HIGHWAY 64 EAST,AVON PARK,FL,"33825","-999",(863) 452-8801,STATE,OPEN,"1027",POLK,"12105",USA,CLOSE,-81.360340,27.661449,0.810000000000000,0.120000000000000,4366.000000000000000,"0","0","6",3.000000000000000,"0","0",6.048823533338660,"0",6.266666730244950,
"4442","10004194",EASTERN CORRECTIONAL INSTITUTION,2821 HWY 903,MAURY,NC,"28554","-999",(252) 747-8101,STATE,OPEN,"466",GREENE,"37079",USA,MEDIUM,-77.597565,35.480687,0.880000000000000,0.110000000000000,5224.000000000000000,"0","0","2",1.000000000000000,"0","0",5.890740738974678,"0",5.599999904632570,
"4445","10001769",FOOTHILLS CORRECTIONAL INSTITUTION,5150 WESTERN AVE,MORGANTON,NC,"28655","-999",(828) 438-5585,STATE,OPEN,"858",BURKE,"37023",USA,CLOSE,-81.690677,35.679919,0.570000000000000,0.210000000000000,5654.000000000000000,"0","0","1",1.000000000000000,"0","0",6.199999971823260,"0",6.074999928474430,
"4446","10004210",GASTON CORRECTIONAL CENTER,520 JUSTICE COURT,DALLAS,NC,"28034","-999",(704) 922-3861,STATE,OPEN,"242",GASTON,"37071",USA,MINIMUM,-81.194178,35.313501,0.460000000000000,0.480000000000000,4492.000000000000000,"0","0","0",0.000000000000000,"0","0",6.455555584695604,"0",6.599999904632570,
"4447","10002657",SOUTH DAKOTA WOMEN'S PRISON,3200 E HWY 34,PIERRE,SD,"57501","-999",(605) 773-6636,STATE,OPEN,"238",HUGHES,"46065",USA,MAXIMUM,-100.308098,44.357993,0.490000000000000,0.000000000000000,5537.000000000000000,"0","0","0",0.000000000000000,"0","1",4.451282109969702,"0",4.900000095367430,
"4452","10001797",HOKE CORRECTIONAL INSTITUTION,243 OLD HWY 211,RAEFORD,NC,"28376","-999",(910) 944-7612,STATE,OPEN,"502",HOKE,"37093",USA,MINIMUM,-79.341300,35.052048,0.780000000000000,0.180000000000000,5193.000000000000000,"0","0","4",3.000000000000000,"0","0",6.666165402061062,"0",6.500000000000000,
"4453","10004190",JOHNSTON CORRECTIONAL INSTITUTION,2465 US 70 W,SMITHFIELD,NC,"27577","-999",(919) 934-8386,STATE,OPEN,"640",JOHNSTON,"37101",USA,MINIMUM,-78.328998,35.557452,0.410000000000000,0.310000000000000,11817.000000000000000,"0","0","0",0.000000000000000,"0","0",7.365217381629392,"0",7.400000095367430,
"4458","10003507",MORGAN COUNTY CORRECTIONAL COMPLEX,541 WAYNE COTTON MORGAN DR,WARTBURG,TN,"37887","-999",(423) 346-1300,STATE,OPEN,"2149",MORGAN,"47129",USA,MAXIMUM,-84.539198,36.113471,0.590000000000000,0.150000000000000,6347.000000000000000,"0","0","3",3.000000000000000,"0","1",6.980769230769232,"0",7.000000000000000,
"4462","10003492",NORTHEAST CORRECTIONAL COMPLEX-MAIN,5249 HWY 67 W,MOUNTAIN CITY,TN,"37683","5000",(423) 727-7387,STATE,OPEN,"-999",JOHNSON,"47091",USA,MAXIMUM,-81.885515,36.447663,0.730000000000000,0.080000000000000,4312.000000000000000,"0","0","3",2.000000000000000,"0","0",6.634848511580266,"0",7.300000190734860,
"4466","10001703",NORTHEAST CORRECTIONAL COMPLEX - ANNEX,188 OLD RAILROAD GRADE RD,ROAN MOUNTAIN,TN,"37687","-999",(423) 772-3231,STATE,OPEN,"-999",CARTER,"47019",USA,MINIMUM,-82.106465,36.211711,0.630000000000000,0.060000000000000,3484.000000000000000,"0","0","4",2.000000000000000,"0","0",5.564062468707562,"0",5.800000190734860,
"4467","10001709",RIVERBEND MAXIMUM SECURITY INSTITUTION,7475 COCKRILL BEND BLVD,NASHVILLE,TN,"37243","0471",(615) 350-3100,STATE,OPEN,"787",DAVIDSON,"47037",USA,MAXIMUM,-86.902180,36.186049,,0.430000000000000,877.000000000000000,"0","0","0",0.000000000000000,"0","1",7.740000025431316,"0",7.549999952316280,
"4474","10001705",TENNESSEE PRISON FOR WOMEN,3881 STEWARTS LANE,NASHVILLE,TN,"37243","0468",(615) 741-1255,STATE,OPEN,"685",DAVIDSON,"47037",USA,MAXIMUM,-86.859573,36.193622,0.770000000000000,0.450000000000000,4363.000000000000000,"0","0","5",3.000000000000000,"0","1",7.666666666666668,"0",7.699999809265140,
"4479","10001014",TURNEY CENTER INDUSTRIAL COMPLEX,1499 R.W. MOORE MEMORIAL HWY,ONLY,TN,"37140","4050",(931) 729-5161,STATE,OPEN,"1565",HICKMAN,"47081",USA,CLOSE,-87.687931,35.831584,0.860000000000000,0.230000000000000,2563.000000000000000,"0","0","4",4.000000000000000,"0","0",5.984172680395114,"0",6.124999880790710,
"4483","10001720",MARK H LUTTRELL TRANSITION CENTER,6000 STATE RD,MEMPHIS,TN,"38134","-999",(901) 372-2080,STATE,OPEN,"244",SHELBY,"47157",USA,MEDIUM,-89.862152,35.156137,,0.670000000000000,1898.000000000000000,"0","0","1",1.000000000000000,"0","0",8.399999936421715,"0",8.300000190734860,
"4484","10000345",PENSACOLA COMMUNITY RELEASE CENTER,3050 NORTH L. ST,PENSACOLA,FL,"32501","1010",(850) 595-8920,STATE,OPEN,"83",ESCAMBIA,"12033",USA,MINIMUM,-87.235284,30.443446,0.970000000000000,0.360000000000000,2827.000000000000000,"1","0","10",6.000000000000000,"1","1",7.266666730244954,"0",7.400000095367430,
"4489","10000374",TALLAHASSEE COMMUNITY RELEASE CENTER,2616A SPRINGHILL RD,TALLAHASSEE,FL,"32305","6739",(850) 488-2478,STATE,OPEN,"120",LEON,"12073",USA,MINIMUM,-84.306132,30.408401,0.980000000000000,0.390000000000000,1852.000000000000000,"1","0","6",5.000000000000000,"1","0",7.500000000000000,"0",7.300000190734860,
"4490","10004569",BRIDGES OF JACKSONVILLE,601 AGMAC AVENUE,JACKSONVILLE,FL,"32254","-999",(904) 674-0850,STATE,OPEN,"136",DUVAL,"12031",USA,MINIMUM,-81.748273,30.330795,0.860000000000000,0.430000000000000,2938.000000000000000,"0","0","7",5.000000000000000,"0","1",7.927272839979692,"0",7.900000095367430,
"4491","10004567",BRIDGES OF LAKE CITY,1099 N.W. DOT GLN,LAKE CITY,FL,"32055","2564",(386) 628-5130,STATE,OPEN,"149",COLUMBIA,"12023",USA,MINIMUM,-82.654210,30.194897,0.440000000000000,0.230000000000000,7764.000000000000000,"0","0","0",0.000000000000000,"0","0",7.085714238030570,"0",7.599999904632570,
"4492","10000450",SMA WORK RELEASE,3601 US HWY 92 WEST,DAYTONA BEACH,FL,"32124","1002",(386) 254-1187,STATE,OPEN,"84",VOLUSIA,"12127",USA,MINIMUM,-81.126471,29.139282,0.320000000000000,0.130000000000000,8412.000000000000000,"0","0","0",0.000000000000000,"0","0",6.317283957092850,"0",6.199999809265140,
"4493","10003496",NORTHWEST CORRECTIONAL COMPLEX,960 STATE ROUTE 212,TIPTONVILLE,TN,"38079","-999",(731) 253-5000,STATE,OPEN,"2343",LAKE,"47095",USA,MEDIUM,-89.454188,36.419322,0.810000000000000,0.450000000000000,5051.000000000000000,"0","0","1",1.000000000000000,"0","0",7.638095259150386,"0",7.750000000000000,
"4495","10006330",TOMOKA CRC 285,1200 RED JOHN ROAD,DAYTONA BEACH,FL,"32124","-999",(386) 236-3308,STATE,OPEN,"111",VOLUSIA,"12127",USA,NOT AVAILABLE,-81.150324,29.134371,0.320000000000000,0.140000000000000,2954.000000000000000,"0","0","0",0.000000000000000,"0","0",6.079888290533140,"0",6.350000143051150,
"4496","10000400",TTH OF DINSMORE,13200 OLD KINGS RD,JACKSONVILLE,FL,"32219","-999",(407) 892-5700,STATE,OPEN,"145",DUVAL,"12031",USA,MINIMUM,-81.786569,30.474361,0.660000000000000,0.350000000000000,16844.000000000000000,"0","0","1",1.000000000000000,"0","0",6.976744202680366,"0",6.500000000000000,
"4497","10001454",BRIDGES OF COCOA,585 CAMP RD,COCOA,FL,"32927","4738",(321) 338-4550,STATE,OPEN,"82",BREVARD,"12009",USA,MINIMUM,-80.774557,28.446287,0.440000000000000,0.080000000000000,4668.000000000000000,"0","0","0",0.000000000000000,"0","0",6.789999961853028,"0",6.900000095367430,
"4498","10001711",WEST TENNESSEE STATE PENITENTIARY,480 GREEN CHAPEL RD,HENNING,TN,"38041","1150",(731) 738-5044,STATE,OPEN,"1908",LAUDERDALE,"47097",USA,MAXIMUM,-89.746890,35.670137,0.830000000000000,0.420000000000000,3749.000000000000000,"0","0","0",0.000000000000000,"0","1",7.384873968813600,"0",6.799999952316280,
"4499","10004639",BRIDGES OF POMPANO - TURNING POINT WORK RELEASE,400 SOUTHWEST 2ND STREET,POMPANO BEACH,FL,"33060","6822",(954) 580-0949,STATE,OPEN,"100",BROWARD,"12011",USA,MINIMUM,-80.130455,26.229295,0.460000000000000,0.250000000000000,8979.000000000000000,"0","0","8",7.000000000000000,"0","1",6.925000071525574,"0",6.850000143051150,
"4501","10004606",KISSIMMEE COMMUNITY RELEASE CENTER,2925 MICHIGAN AVE,KISSIMMEE,FL,"34744","1200",(407) 846-5210,STATE,OPEN,"155",OSCEOLA,"12097",USA,MINIMUM,-81.389002,28.335029,0.610000000000000,0.280000000000000,7460.000000000000000,"0","0","2",2.000000000000000,"0","0",7.985714503696988,"0",7.900000095367430,
"4502","10004650",OPA LOCKA COMMUNITY RELEASE CENTER,5400 NORTHWEST 135TH STREET,OPA LOCKA,FL,"33054","4310",(305) 827-4057,STATE,OPEN,"148",MIAMI-DADE,"12086",USA,MINIMUM,-80.289298,25.897327,0.730000000000000,0.390000000000000,6005.000000000000000,"0","0","6",6.000000000000000,"0","0",7.166666746139526,"0",6.899999856948850,
"4505","10003538",SOUTH CENTRAL CORRECTIONAL CENTER,555 FOREST AVE,CLIFTON,TN,"38425","-999",(931) 676-5372,STATE,OPEN,"1637",WAYNE,"47181",USA,MEDIUM,-87.997455,35.365725,0.750000000000000,0.200000000000000,4932.000000000000000,"0","0","5",3.000000000000000,"0","0",6.192499991257986,"0",6.700000047683720,
"4507","10000480",ST. PETERSBURG COMMUNITY RELEASE CENTER,4237 8TH AVE S,ST PETERSBURG,FL,"33711","2000",(727) 893-2289,STATE,OPEN,"141",PINELLAS,"12103",USA,NOT AVAILABLE,-82.690616,27.762227,0.950000000000000,0.260000000000000,4799.000000000000000,"1","0","8",5.000000000000000,"1","0",6.950000047683716,"0",6.800000190734860,
"4508","10004611",SUNCOAST COMMUNITY RELEASE CENTER,10596 GANDY BOULEVARD,SAINT PETERSBURG,FL,"33702","1422",(727) 523-1423,STATE,OPEN,"159",PINELLAS,"12103",USA,MINIMUM,-82.625402,27.865151,0.270000000000000,0.330000000000000,4174.000000000000000,"0","0","0",0.000000000000000,"0","0",9.038095247177850,"0",9.100000381469730,
"4509","10002178",TTH OF BARTOW,550 N RESTWOOD AVE,BARTOW,FL,"33830","4200",(407) 892-5700,STATE,OPEN,"70",POLK,"12105",USA,MINIMUM,-81.822077,27.902049,0.700000000000000,0.220000000000000,6266.000000000000000,"0","0","1",1.000000000000000,"0","0",7.800000095367432,"0",7.599999904632570,
"4512","10006324",TTH OF KISSIMMEE,900 EAST VINE STREET,KISSIMMEE,FL,"34744","-999",(407) 892-5700,STATE,OPEN,"150",OSCEOLA,"12097",USA,MINIMUM,-81.395730,28.303382,0.680000000000000,0.280000000000000,4111.000000000000000,"0","0","8",5.000000000000000,"0","0",8.000000000000000,"0",8.300000190734860,
"4513","10004612",TTH OF TARPON SPRINGS,566 BRADY ROAD,TARPON SPRINGS,FL,"34689","6707",(407) 892-5700,STATE,OPEN,"83",PINELLAS,"12103",USA,MINIMUM,-82.768603,28.167842,0.570000000000000,0.270000000000000,4095.000000000000000,"0","0","3",3.000000000000000,"0","1",7.283333381017050,"0",7.400000095367430,
"4514","10001459",WEST PALM BEACH COMMUNITY RELEASE CENTER,261 WEST FAIRGROUNDS RD,WEST PALM BEACH,FL,"33411","3639",(561) 791-4750,STATE,OPEN,"147",PALM BEACH,"12099",USA,MINIMUM,-80.192932,26.683614,0.210000000000000,0.230000000000000,2013.000000000000000,"0","0","0",0.000000000000000,"0","0",7.416666587193808,"0",7.699999809265140,
"4517","10006664",TROUSDALE TURNER CORRECTIONAL CENTER,140 MACON WAY,HARTSVILLE,TN,"37074","-999",(615) 808-0400,STATE,OPEN,"2481",TROUSDALE,"47169",USA,MEDIUM,-86.091602,36.351134,0.660000000000000,0.270000000000000,7230.000000000000000,"0","0","0",0.000000000000000,"0","0",6.699638977808212,"0",7.250000000000000,
"4536","10001717",WHITEVILLE CORRECTIONAL FACILITY,1440 UNION SPRINGS ROAD,WHITEVILLE,TN,"38075","-999",(731) 254-9400,STATE,OPEN,"1499",HARDEMAN,"47069",USA,MEDIUM,-89.153942,35.299242,0.880000000000000,0.300000000000000,5917.000000000000000,"0","0","2",2.000000000000000,"0","0",6.389655187212188,"0",6.500000000000000,
"4557","10000424",NORTH FLORIDA EVALUATION & TREATMENT CENTER,1200 NE 55TH BLVD,GAINESVILLE,FL,"32641","2759",(352) 375-8484,STATE,OPEN,"-999",ALACHUA,"12001",USA,MAXIMUM,-82.269981,29.664233,0.840000000000000,0.210000000000000,4652.000000000000000,"0","0","4",3.000000000000000,"0","0",7.216666698455812,"0",7.450000047683720,
"4558","10006332",OKEECHOBEE CORRECTIONAL INSTITUTION WORK CAMP,3420 N.E. 168TH ST.,OKEECHOBEE,FL,"34972","4824",(863) 462-5400,STATE,OPEN,"440",OKEECHOBEE,"12093",USA,NOT AVAILABLE,-80.784249,27.401297,0.520000000000000,0.120000000000000,6148.000000000000000,"0","0","1",1.000000000000000,"0","0",4.966785721267972,"0",5.199999809265140,
"4561","10001015",TURNEY CENTER INDUSTRIAL COMPLEX - ANNEX,245 CARROLL RD,CLIFTON,TN,"38425","-999",(931) 676-3345,STATE,OPEN,"365",WAYNE,"47181",USA,MINIMUM,-87.991133,35.369813,0.750000000000000,0.200000000000000,4932.000000000000000,"0","0","5",3.000000000000000,"0","0",6.192499991257986,"0",6.800000190734860,
"4573","10002716",ALLRED PRISON,2101 FM 369 N,IOWA PARK,TX,"76367","-999",(940) 855-7477,STATE,OPEN,"3701",WICHITA,"48485",USA,MAXIMUM,-98.595685,33.974660,0.750000000000000,0.370000000000000,8703.000000000000000,"0","0","2",2.000000000000000,"0","0",6.382222202089098,"0",6.800000190734860,
"4574","10001978",BETO PRISON,1391 FM 3328,TENNESSEE COLONY,TX,"75880","-999",(903) 928-2217,STATE,OPEN,"3358",ANDERSON,"48001",USA,MAXIMUM,-95.822808,31.754698,0.350000000000000,0.670000000000000,4838.000000000000000,"0","0","0",0.000000000000000,"0","0",6.861111137602064,"0",6.900000095367430,
"4576","10000190",BOYD CORRECTIONAL UNIT,200 SPUR 113,TEAGUE,TX,"75860","2007",(254) 739-5555,STATE,OPEN,"1330",FREESTONE,"48161",USA,MAXIMUM,-96.199101,31.671880,0.680000000000000,0.680000000000000,5177.000000000000000,"0","0","0",0.000000000000000,"0","0",6.372413814150054,"0",6.400000095367430,
"4577","10001969",BRIDGEPORT CORRECTIONAL CENTER,4000 N 10TH ST,BRIDGEPORT,TX,"76426","-999",(940) 683-3010,STATE,OPEN,"518",WISE,"48497",USA,MINIMUM,-97.758207,33.235903,0.730000000000000,0.520000000000000,6244.000000000000000,"0","0","1",1.000000000000000,"0","0",5.826195911285818,"0",6.300000190734860,
"4583","10006537",FLORIDA CIVIL COMMITMENT CENTER,13619 SE HIGHWAY 70,ARCADIA,FL,"34266","-999",(863) 491-4800,STATE,OPEN,"-999",DESOTO,"12027",USA,NOT AVAILABLE,-81.656391,27.203556,0.590000000000000,0.110000000000000,4730.000000000000000,"0","0","6",4.000000000000000,"0","1",5.509523817741412,"0",6.400000095367430,
"4584","10006536",SOUTH FLORIDA EVALUATION & TREATMENT CENTER,18680 SW 376TH ST,FLORIDA CITY,FL,"33034","-999",(786) 349-6000,STATE,OPEN,"-999",MIAMI-DADE,"12086",USA,NOT AVAILABLE,-80.491407,25.419482,0.830000000000000,0.160000000000000,8729.000000000000000,"0","0","11",5.000000000000000,"0","1",6.544071843952476,"0",6.250000000000000,
"4586","10000247",BRISCOE PRISON,1459 W STATE HWY 85,DILLEY,TX,"78017","-999",(830) 965-4444,STATE,OPEN,"1359",FRIO,"48163",USA,MAXIMUM,-99.188931,28.659708,0.610000000000000,0.630000000000000,6074.000000000000000,"0","0","1",1.000000000000000,"0","0",5.903131118259318,"0",6.099999904632570,
"4587","10006538",FLORIDA STATE HOSPITAL-FORENSIC SERVICE,HIGHWAY 90,CHATTAHOOCHEE,FL,"32324","-999",(850) 663-7536,STATE,OPEN,"-999",GADSDEN,"12039",USA,NOT AVAILABLE,-84.829418,30.704853,0.830000000000000,0.330000000000000,4816.000000000000000,"0","0","6",4.000000000000000,"0","0",6.834426246705602,"0",7.650000095367430,
"4588","10001984",BYRD DIAGNOSTIC INTAKE FACILITY,21 FM 247,HUNTSVILLE,TX,"77320","-999",(936) 295-5768,STATE,OPEN,"1142",WALKER,"48471",USA,NOT AVAILABLE,-95.555478,30.737314,0.660000000000000,0.770000000000000,8656.000000000000000,"0","0","0",0.000000000000000,"0","0",7.599999904632568,"0",7.500000000000000,
"4593","10000243",CLEMENS PRISON,11034 HWY 36,BRAZORIA,TX,"77422","-999",(979) 798-2188,STATE,OPEN,"1097",BRAZORIA,"48039",USA,MAXIMUM,-95.518241,28.989658,0.540000000000000,0.670000000000000,4244.000000000000000,"0","0","0",0.000000000000000,"0","0",6.272413796391980,"0",6.500000000000000,
"4597","10000154",CLEMENTS PRISON,9601 SPUR 591,AMARILLO,TX,"79107","9606",(806) 381-7080,STATE,OPEN,"3591",POTTER,"48375",USA,MAXIMUM,-101.730538,35.241482,0.350000000000000,0.080000000000000,8069.000000000000000,"0","0","3",1.000000000000000,"0","0",4.926923073255098,"0",5.566666603088380,
"4599","10002726",COLE STATE JAIL,3801 SILO RD,BONHAM,TX,"75418","-999",(903) 583-1100,STATE,OPEN,"826",FANNIN,"48147",USA,MAXIMUM,-96.225873,33.591791,0.780000000000000,0.710000000000000,4826.000000000000000,"0","0","4",2.000000000000000,"0","0",6.137499988079072,"0",6.099999904632570,
"4602","10002905",CONNALLY PRISON,899 FM 632,KENEDY,TX,"78119","-999",(830) 583-4003,STATE,OPEN,"2514",KARNES,"48255",USA,MAXIMUM,-97.834394,28.775164,0.630000000000000,0.690000000000000,6776.000000000000000,"0","0","1",1.000000000000000,"0","0",6.650559310145026,"0",6.800000190734860,
"4603","10002920",COTULLA TRANSFER FACILITY,610 FM 624,COTULLA,TX,"78014","-999",(830) 879-3077,STATE,OPEN,"572",LA SALLE,"48283",USA,MAXIMUM,-99.216575,28.436231,0.380000000000000,0.710000000000000,7416.000000000000000,"0","0","1",1.000000000000000,"0","0",6.826690891456710,"0",6.599999904632570,
"4608","10000151",DALHART PRISON,11950 FM 998,DALHART,TX,"79022","-999",(806) 249-8655,STATE,OPEN,"1027",HARTLEY,"48205",USA,MAXIMUM,-102.559368,36.023103,0.380000000000000,0.020000000000000,5669.000000000000000,"0","0","0",0.000000000000000,"0","1",3.613573477866288,"0",3.350000023841860,
"4610","10000174",PRICE DANIEL UNIT,938 S FM 1673,SNYDER,TX,"79549","-999",(325) 573-1114,STATE,OPEN,"970",SCURRY,"48415",USA,MAXIMUM,-100.818851,32.722388,0.800000000000000,0.180000000000000,4857.000000000000000,"0","0","3",2.000000000000000,"0","0",4.339018681617540,"0",5.199999809265140,
"4611","10000246",DARRINGTON UNIT,59 DARRINGTON RD,ROSHARON,TX,"77583","-999",(281) 595-3465,STATE,OPEN,"1837",BRAZORIA,"48039",USA,MAXIMUM,-95.489838,29.399045,0.460000000000000,0.770000000000000,15144.000000000000000,"0","0","0",0.000000000000000,"0","0",6.240701762416906,"0",6.833333492279050,
"4614","10000197",DIBOLL CORRECTIONAL CENTER,1604 S 1ST ST,DIBOLL,TX,"75941","-999",(936) 829-2295,STATE,OPEN,"511",ANGELINA,"48005",USA,MEDIUM,-94.805791,31.173060,0.850000000000000,0.790000000000000,4886.000000000000000,"0","0","2",2.000000000000000,"0","0",7.275308626669426,"0",7.699999809265140,
"4617","10002893",DOMINGUEZ STATE PRISON,6535 CAGNON RD,SAN ANTONIO,TX,"78252","2202",(210) 675-6620,STATE,OPEN,"2098",BEXAR,"48029",USA,MAXIMUM,-98.711351,29.366334,0.520000000000000,0.680000000000000,10698.000000000000000,"0","0","0",0.000000000000000,"0","0",7.258407077958100,"0",7.599999904632570,
"4620","10000198",DUNCAN GERIATRIC FACILITY,1502 S 1ST ST,DIBOLL,TX,"75941","-999",(936) 829-2616,STATE,OPEN,"428",ANGELINA,"48005",USA,NOT AVAILABLE,-94.802903,31.172283,0.850000000000000,0.790000000000000,4886.000000000000000,"0","0","2",2.000000000000000,"0","0",7.275308626669426,"0",7.699999809265140,
"4621","10002784",EAST TEXAS TREATMENT FACILITY,900 INDUSTRIAL DR,HENDERSON,TX,"75652","-999",(903) 655-3300,STATE,OPEN,"471",RUSK,"48401",USA,MINIMUM,-94.800973,32.175225,0.630000000000000,0.760000000000000,5483.000000000000000,"0","0","2",2.000000000000000,"0","0",7.113333288828532,"0",7.149999856948850,
"4622","10002822",EASTHAM PRISON AND TRUSTY CAMP,2665 PRISON ROAD 1,LOVELADY,TX,"75851","-999",(936) 636-7321,STATE,OPEN,"2425",HOUSTON,"48225",USA,MAXIMUM,-95.631648,30.977104,0.940000000000000,0.730000000000000,5072.000000000000000,"1","0","0",0.000000000000000,"1","0",6.704234526289404,"0",7.450000047683720,
"4625","10000212",ELLIS PRISON,1697 FM 980,HUNTSVILLE,TX,"77343","-999",(936) 295-5756,STATE,OPEN,"2143",WALKER,"48471",USA,MAXIMUM,-95.455088,30.885001,0.830000000000000,0.750000000000000,6977.000000000000000,"0","0","3",1.000000000000000,"0","0",7.134733891954610,"0",7.699999809265140,
"4627","10000215",ESTELLE PRISON,264 FM 3478,HUNTSVILLE,TX,"77320","3320",(936) 291-4200,STATE,OPEN,"2833",WALKER,"48471",USA,MAXIMUM,-95.485340,30.889923,0.830000000000000,0.750000000000000,6977.000000000000000,"0","0","3",1.000000000000000,"0","0",7.134733891954610,"0",7.450000047683720,
"4630","10000206",FERGUSON PRISON,12120 SAVAGE DR,MIDWAY,TX,"75852","-999",(936) 348-3751,STATE,OPEN,"2366",MADISON,"48313",USA,MAXIMUM,-95.705838,30.960323,0.800000000000000,0.720000000000000,3997.000000000000000,"0","0","1",1.000000000000000,"0","0",6.689179110882888,"0",6.933333396911620,
"4632","10002714",FORMBY STATE JAIL,998 COUNTY RD AA,PLAINVIEW,TX,"79072","-999",(806) 296-2448,STATE,OPEN,"974",HALE,"48189",USA,MEDIUM,-101.646048,34.177903,0.320000000000000,0.130000000000000,4519.000000000000000,"0","0","0",0.000000000000000,"0","0",4.657319379396766,"0",5.199999809265140,
"4635","10000200",FORT STOCKTON TRANSFER FACILITY,1536 INTERSTATE HWY 10 E,FORT STOCKTON,TX,"79735","-999",(432) 336-7676,STATE,OPEN,"594",PECOS,"48371",USA,MEDIUM,-102.864675,30.899661,0.770000000000000,0.090000000000000,6195.000000000000000,"0","0","2",2.000000000000000,"0","1",5.907597833337158,"0",6.649999856948850,
"4636","10002917",GARZA EAST TRANSFER FACILITY,4304 HWY 202,BEEVILLE,TX,"78102","-999",(361) 358-9880,STATE,OPEN,"1744",BEE,"48025",USA,MAXIMUM,-97.659119,28.378468,0.720000000000000,0.720000000000000,8417.000000000000000,"0","0","0",0.000000000000000,"0","0",6.455153219547112,"0",6.600000063578290,
"4637","10002916",GARZA WEST TRANSFER FACILITY,4250 HWY 202,BEEVILLE,TX,"78102","-999",(361) 358-9890,STATE,OPEN,"2147",BEE,"48025",USA,MAXIMUM,-97.666570,28.377669,0.720000000000000,0.720000000000000,8417.000000000000000,"0","0","0",0.000000000000000,"0","0",6.455153219547112,"0",6.650000095367430,
"4639","10002857",GIST STATE JAIL,3295 FM 3514,BEAUMONT,TX,"77705","-999",(409) 727-8400,STATE,OPEN,"2042",JEFFERSON,"48245",USA,MAXIMUM,-94.049459,29.995351,,0.870000000000000,3130.000000000000000,"0","0","0",0.000000000000000,"0","1",8.300000190734863,"0",8.250000000000000,
"4642","10002928",GLOSSBRENNER PRISON-SAFPF,5100 S FM 1329,SAN DIEGO,TX,"78384","-999",(361) 279-2705,STATE,OPEN,"141",DUVAL,"48131",USA,MINIMUM,-98.256999,27.709815,0.880000000000000,0.780000000000000,4968.000000000000000,"0","0","3",3.000000000000000,"0","0",6.644348897863664,"0",6.500000000000000,
"4646","10000204",GOODMAN TRANSFER FACILITY,349 PRIVATE RD 8430,JASPER,TX,"75951","-999",(409) 383-0012,STATE,OPEN,"341",JASPER,"48241",USA,MEDIUM,-93.945634,30.914403,0.630000000000000,0.790000000000000,5514.000000000000000,"0","0","1",1.000000000000000,"0","0",7.429552233397072,"0",7.699999809265140,
"4647","10000213",GOREE PRISON AND TRUSTY CAMP,7405 STATE HWY 75 S,HUNTSVILLE,TX,"77344","-999",(936) 295-6331,STATE,OPEN,"889",WALKER,"48471",USA,MAXIMUM,-95.514721,30.673639,0.800000000000000,0.780000000000000,7292.000000000000000,"0","0","2",1.000000000000000,"0","0",6.872238813941158,"0",7.500000000000000,
"4651","10000184",GURNEY TRANSFER FACILITY,1385 FM 3328,PALESTINE,TX,"75803","-999",(903) 928-3118,STATE,OPEN,"1953",ANDERSON,"48001",USA,MEDIUM,-95.822902,31.758916,0.350000000000000,0.670000000000000,4838.000000000000000,"0","0","0",0.000000000000000,"0","0",6.861111137602064,"0",6.799999952316280,
"4652","10002835",HALBERT UNIT,800 ELLEN HALBERT DR,BURNET,TX,"78611","-999",(512) 756-6171,STATE,OPEN,"190",BURNET,"48053",USA,NOT AVAILABLE,-98.246962,30.742732,0.570000000000000,0.590000000000000,6675.000000000000000,"0","0","0",0.000000000000000,"0","1",6.176363641565496,"0",6.400000095367430,
"4654","10000216",HAMILTON PRISON (PRE-RELEASE FACILITY),200 LEE MORRISON LANE,BRYAN,TX,"77807","-999",(979) 779-1633,STATE,OPEN,"1057",BRAZOS,"48041",USA,MEDIUM,-96.419442,30.690993,0.490000000000000,0.760000000000000,8611.000000000000000,"0","0","0",0.000000000000000,"0","1",6.878125011920930,"0",6.825000047683720,
"4656","10002799",HAVINS PRE-RELEASE FACILITY,500 FM 45 E,BROWNWOOD,TX,"76801","-999",(325) 643-5575,STATE,OPEN,"566",BROWN,"48049",USA,MEDIUM,-98.973724,31.656539,0.630000000000000,0.320000000000000,3369.000000000000000,"0","0","0",0.000000000000000,"0","0",5.208910898013478,"0",6.099999904632570,
"4658","10002845",HENLEY STATE JAIL,7581 HWY 321,DAYTON,TX,"77535","-999",(936) 258-2476,STATE,OPEN,"157",LIBERTY,"48291",USA,MEDIUM,-94.929684,30.105283,0.540000000000000,0.810000000000000,8864.000000000000000,"0","0","0",0.000000000000000,"0","0",7.230519471230446,"0",7.500000000000000,
"4661","10000224",L.V. HIGHTOWER UNIT,902 FM 686,DAYTON,TX,"77535","-999",(936) 258-8013,STATE,OPEN,"1317",LIBERTY,"48291",USA,MAXIMUM,-94.933495,30.104521,0.540000000000000,0.810000000000000,8864.000000000000000,"0","0","0",0.000000000000000,"0","0",7.230519471230446,"0",7.400000095367430,
"4664","10002827",HOBBY PRISON,742 FM 712,MARLIN,TX,"76661","-999",(254) 883-5561,STATE,OPEN,"1349",FALLS,"48145",USA,MAXIMUM,-96.908816,31.255312,0.910000000000000,0.670000000000000,3903.000000000000000,"1","0","2",2.000000000000000,"1","0",6.465380378437148,"0",7.199999809265140,
"4666","10002791",HODGE UNIT,379 FM 2972 WEST,RUSK,TX,"75785","3666",(903) 683-5781,STATE,OPEN,"939",CHEROKEE,"48073",USA,MEDIUM,-95.162731,31.808177,0.630000000000000,0.720000000000000,4267.000000000000000,"0","0","2",2.000000000000000,"0","1",7.180645173595798,"0",7.250000000000000,
"4668","10000209",HOLLIDAY TRANSFER FACILITY,295 INTERSTATE HWY 45 N,HUNTSVILLE,TX,"77320","8443",(936) 295-8200,STATE,OPEN,"2056",WALKER,"48471",USA,NOT AVAILABLE,-95.583489,30.727622,0.540000000000000,0.740000000000000,12013.000000000000000,"0","0","0",0.000000000000000,"0","0",6.794083974743618,"0",7.699999809265140,
"4669","10005130",TX DEPARTMENT OF CRIMINAL JUSTICE - HOSPITAL GALVESTON,809 HARBORSIDE DRIVE,GALVESTON,TX,"77555","-999",(409) 772-2875,STATE,OPEN,"169",GALVESTON,"48167",USA,MAXIMUM,-94.777859,29.312443,0.750000000000000,0.520000000000000,3043.000000000000000,"0","0","0",0.000000000000000,"0","0",6.899999856948854,"0",6.800000190734860,
"4671","10000196",HUGHES PRISON,3201 FM 929,GATESVILLE,TX,"76597","-999",(254) 865-6663,STATE,OPEN,"2936",CORYELL,"48099",USA,MAXIMUM,-97.704127,31.487983,0.440000000000000,0.570000000000000,7878.000000000000000,"0","0","0",0.000000000000000,"0","0",5.580000019073486,"0",5.500000000000000,
"4673","10000210",HUNTSVILLE PRISON,815 12TH ST,HUNTSVILLE,TX,"77348","-999",(936) 437-1555,STATE,OPEN,"1356",WALKER,"48471",USA,MAXIMUM,-95.546592,30.721661,0.800000000000000,0.770000000000000,4153.000000000000000,"0","0","3",2.000000000000000,"0","0",7.450000047683716,"0",7.599999904632570,
"4676","10002755",HUTCHINS STATE JAIL,1500 E LANGDON RD,DALLAS,TX,"75241","-999",(972) 225-1304,STATE,OPEN,"1939",DALLAS,"48113",USA,MINIMUM,-96.714887,32.660782,0.770000000000000,0.780000000000000,6078.000000000000000,"0","0","3",1.000000000000000,"0","0",8.472000007629395,"0",8.500000000000000,
"4677","10000234",JESTER III UNIT / TRUSTY CAMP,3 JESTER RD,RICHMOND,TX,"77406","-999",(281) 277-7000,STATE,OPEN,"1040",FORT BEND,"48157",USA,MEDIUM,-95.708056,29.622637,0.080000000000000,0.860000000000000,2819.000000000000000,"0","0","2",2.000000000000000,"0","0",7.966666857401530,"0",7.966666857401530,
"4679","10002886",JESTER IV (PSYCHIATRIC FACILITY),4 JESTER RD,RICHMOND,TX,"77406","-999",(281) 277-3700,STATE,OPEN,"468",FORT BEND,"48157",USA,NOT AVAILABLE,-95.702932,29.622779,0.080000000000000,0.860000000000000,2819.000000000000000,"0","0","2",2.000000000000000,"0","0",7.966666857401530,"0",8.100000381469730,
"4682","10000161",JOHNSTON SAFPF,703 AIRPORT RD,WINNSBORO,TX,"75494","-999",(903) 342-6166,STATE,OPEN,"600",WOOD,"48499",USA,MINIMUM,-95.283395,32.938331,0.840000000000000,0.700000000000000,3267.000000000000000,"0","0","0",0.000000000000000,"0","1",7.231818220832132,"0",7.000000000000000,
"4684","10000152",JORDAN PRISON,1992 HELTON RD,PAMPA,TX,"79065","-999",(806) 665-7070,STATE,OPEN,"993",GRAY,"48179",USA,MAXIMUM,-100.888241,35.566159,0.520000000000000,0.080000000000000,4906.000000000000000,"0","0","0",0.000000000000000,"0","1",4.481422590012331,"0",5.300000190734860,
"4685","10001966",BATEN ISF,1995 HELTON RD,PAMPA,TX,"79065","-999",(806) 665-7070,STATE,OPEN,"179",GRAY,"48179",USA,MEDIUM,-100.891904,35.564969,0.520000000000000,0.080000000000000,4906.000000000000000,"0","0","0",0.000000000000000,"0","1",4.481422590012331,"0",5.300000190734860,
"4688","10000228",KYLE CORRECTIONAL CENTER,23001 IH-35,KYLE,TX,"78640","-999",(512) 268-0079,STATE,OPEN,"264",HAYS,"48209",USA,MINIMUM,-97.872119,29.978871,0.320000000000000,0.780000000000000,16851.000000000000000,"0","0","0",0.000000000000000,"0","0",7.123636375774038,"0",7.049999952316280,
"4691","10002858",LEBLANC PRE-RELEASE FACILITY,3695 FM 3514,BEAUMONT,TX,"77705","-999",(409) 724-1515,STATE,OPEN,"1216",JEFFERSON,"48245",USA,MEDIUM,-94.039808,29.994834,,0.870000000000000,3130.000000000000000,"0","0","0",0.000000000000000,"0","1",8.300000190734863,"0",8.200000286102290,
"4692","10000208",LEWIS PRISON,777 FM 3497,WOODVILLE,TX,"75990","-999",(409) 283-8181,STATE,OPEN,"2084",TYLER,"48457",USA,MAXIMUM,-94.397733,30.795885,0.910000000000000,0.790000000000000,8067.000000000000000,"1","0","0",0.000000000000000,"1","0",6.929662528300582,"0",7.099999904632570,
"4696","10002876",LOCKHART CORRECTIONAL FACILITY,1400 INDUSTRIAL BLVD,LOCKHART,TX,"78644","-999",(512) 398-3480,STATE,OPEN,"956",CALDWELL,"48055",USA,MINIMUM,-97.652577,29.870177,0.590000000000000,0.730000000000000,5569.000000000000000,"0","0","2",2.000000000000000,"0","0",6.699999962534224,"0",6.649999856948850,
"4701","10002862",LYCHNER STATE JAIL,2350 ATASCOCITA ROAD,HUMBLE,TX,"77396","-999",(281) 454-5036,STATE,OPEN,"1756",HARRIS,"48201",USA,MEDIUM,-95.222508,29.957483,0.320000000000000,0.880000000000000,11976.000000000000000,"0","0","0",0.000000000000000,"0","0",9.724999984105429,"1",9.800000190734860,washuonly
"4703","10000203",LYNAUGH PRISON,1098 S HWY 2037,FORT STOCKTON,TX,"79735","-999",(432) 395-2938,STATE,OPEN,"1134",PECOS,"48371",USA,MEDIUM,-103.048701,30.789282,0.770000000000000,0.090000000000000,6195.000000000000000,"0","0","2",2.000000000000000,"0","1",5.907597833337158,"0",5.974999904632570,
"4704","10002828",MARLIN UNIT,2893 STATE HWY 6,MARLIN,TX,"76661","6588",(254) 883-3858,STATE,OPEN,"544",FALLS,"48145",USA,MINIMUM,-96.880501,31.294405,0.990000000000000,0.680000000000000,2124.000000000000000,"1","0","6",5.000000000000000,"1","0",6.608333309491476,"0",6.549999952316280,
"4707","10000248",MCCONNELL PRISON,3001 S EMILY DR,BEEVILLE,TX,"78102","-999",(361) 362-2300,STATE,OPEN,"2812",BEE,"48025",USA,MAXIMUM,-97.716919,28.372274,0.720000000000000,0.720000000000000,8417.000000000000000,"0","0","0",0.000000000000000,"0","0",6.455153219547112,"0",6.800000190734860,
"4709","10000176",MIDDLETON TRANSFER FACILITY,13055 FM 3522,ABILENE,TX,"79601","-999",(325) 548-9075,STATE,OPEN,"1985",JONES,"48253",USA,MAXIMUM,-99.625717,32.556351,,0.240000000000000,6856.000000000000000,"0","0","0",0.000000000000000,"0","0",6.599999984105428,"0",6.599999904632570,
"4781","10000122",BELL COUNTY FORESTRY CAMP,560 CORRECTIONAL DR,PINEVILLE,KY,"40977","-999",(606) 337-7065,STATE,OPEN,"299",BELL,"21013",USA,MINIMUM,-83.851692,36.668994,0.900000000000000,0.260000000000000,3316.000000000000000,"1","0","8",5.000000000000000,"1","1",6.622751309127404,"0",6.649999856948850,
"4782","10000120",KENTUCKY STATE PENITENTIARY,266 WATER ST,EDDYVILLE,KY,"42038","-999",(270) 388-2211,STATE,OPEN,"849",LYON,"21143",USA,MAXIMUM,-88.075742,37.049271,0.730000000000000,0.660000000000000,6582.000000000000000,"0","0","4",3.000000000000000,"0","0",6.678327000186472,"0",7.349999904632570,
"4783","10000103",KENTUCKY STATE REFORMATORY,3001 W HWY 146,LAGRANGE,KY,"40032","-999",(502) 222-9441,STATE,OPEN,"1660",OLDHAM,"21185",USA,MEDIUM,-85.416583,38.403891,0.380000000000000,0.670000000000000,4426.000000000000000,"0","0","0",0.000000000000000,"0","0",7.680000066757202,"0",7.800000190734860,
"4784","10000101",LUTHER LUCKETT CORRECTIONAL COMPLEX,1612 DAWKINS RD,LAGRANGE,KY,"40031","-999",(502) 222-0363,STATE,OPEN,"1180",OLDHAM,"21185",USA,MEDIUM,-85.425991,38.412431,0.380000000000000,0.670000000000000,4426.000000000000000,"0","0","0",0.000000000000000,"0","0",7.680000066757202,"0",7.699999809265140,
"4812","10000118",FCI MANCHESTER,805 FOX HOLLOW RD,MANCHESTER,KY,"40962","-999",(606) 598-1900,FEDERAL,OPEN,"964",CLAY,"21051",USA,MEDIUM,-83.789813,37.179614,0.810000000000000,0.260000000000000,5928.000000000000000,"0","0","5",3.000000000000000,"0","0",6.712820517711150,"0",6.950000047683720,
"4813","10000119",FCI MANCHESTER CAMP,805 FOX HOLLOW RD,MANCHESTER,KY,"40962","-999",(606) 598-1900,FEDERAL,OPEN,"141",CLAY,"21051",USA,MINIMUM,-83.782893,37.177782,0.810000000000000,0.260000000000000,5928.000000000000000,"0","0","5",3.000000000000000,"0","0",6.712820517711150,"0",6.900000095367430,
"4819","10000560",DENVER RECEPTION AND DIAGNOSTIC CENTER,10900 SMITH ROAD,DENVER,CO,"80239","-999",(303) 371-4804,STATE,OPEN,"560",DENVER,"08031",USA,MAXIMUM,-104.860803,39.766777,0.000000000000000,0.620000000000000,13570.000000000000000,"0","0","0",0.000000000000000,"0","1",7.291666706403096,"0",7.250000000000000,
"4823","10004551",ROBERT L. PATTEN PROBATION DETENTION CENTER,1009 NORTH 10TH AVENUE,LAKELAND,GA,"31635","-999",(229) 482-8241,STATE,OPEN,"-999",LANIER,"13173",USA,MINIMUM,-83.061784,31.039901,0.840000000000000,0.320000000000000,8350.000000000000000,"0","0","0",0.000000000000000,"0","0",7.694833987753330,"0",7.599999904632570,
"4824","10002226",CENTENNIAL CORRECTIONAL FACILITY,E US HIGHWAY 50 EVANS BLVD,CANON CITY,CO,"81215","-999",(719) 269-4810,STATE,OPEN,"306",FREMONT,"08043",USA,MAXIMUM,-105.151673,38.437767,,0.010000000000000,5952.000000000000000,"0","0","1",1.000000000000000,"0","0",4.778571503502982,"0",4.750000000000000,
"4825","10000578",COLORADO TERRITORIAL CORRECTIONAL FACILITY,275 WEST UNITED STATES HIGHWAY 50,CANON CITY,CO,"81215","-999",(719) 275-4181,STATE,OPEN,"920",FREMONT,"08043",USA,CLOSE,-105.248695,38.438023,,0.010000000000000,308.000000000000000,"0","0","0",0.000000000000000,"0","0",5.131996439004578,"0",5.133333206176760,
"4830","10000385",HAMILTON CORRECTIONAL INSTITUTION,10650 SW 46TH ST,JASPER,FL,"32052","1360",(386) 792-5151,STATE,OPEN,"906",HAMILTON,"12047",USA,CLOSE,-82.961542,30.502226,0.900000000000000,0.210000000000000,8725.000000000000000,"1","0","1",1.000000000000000,"1","0",7.063709685879370,"0",7.199999809265140,
"4832","10005261",HERLONG FCI CAMP,741-925 ACCESS RD A-25,HERLONG,CA,"96113","-999",(530) 827-8000,FEDERAL,OPEN,"107",LASSEN,"06035",USA,MINIMUM,-120.153900,40.153008,0.610000000000000,0.270000000000000,3209.000000000000000,"0","0","1",1.000000000000000,"0","0",6.907597546378364,"0",6.199999809265140,
"4836","10000773",CALIFORNIA CORRECTIONAL CENTER (CCC),711-045 CENTER ROAD,SUSANVILLE,CA,"96127","0790",(530) 257-2181,STATE,OPEN,"4336",LASSEN,"06035",USA,MEDIUM,-120.516730,40.401958,0.660000000000000,0.370000000000000,9280.000000000000000,"0","0","2",1.000000000000000,"0","0",6.505048101911178,"0",6.450000047683720,
"4837","10000799",CALIFORNIA HEALTH CARE FACILITY (CHCF),7707 AUSTIN ROAD,STOCKTON,CA,"95215","-999",(209) 467-2500,STATE,OPEN,"2315",SAN JOAQUIN,"06077",USA,NOT AVAILABLE,-121.190585,37.897787,0.460000000000000,0.990000000000000,7055.000000000000000,"0","1","3",3.000000000000000,"1","0",7.874074123523854,"0",8.133333524068204,cejstonly
"4841","10001530",CALIFORNIA CORRECTIONAL INSTITUTION (CCI),24900 HWY 202,TEHACHAPI,CA,"93561","-999",(661) 822-4402,STATE,OPEN,"3818",KERN,"06029",USA,MAXIMUM,-118.570331,35.109916,,0.650000000000000,4228.000000000000000,"0","0","0",0.000000000000000,"0","0",5.559999942779542,"0",5.599999904632570,
"4842","10000428",LANCASTER CORRECTIONAL INSTITUTION,3449 SW STATE RD 26,TRENTON,FL,"32693","5641",(352) 463-4100,STATE,OPEN,"475",GILCHRIST,"12041",USA,CLOSE,-82.863474,29.608012,0.240000000000000,0.170000000000000,3497.000000000000000,"0","0","0",0.000000000000000,"0","0",6.730434780535490,"0",7.049999952316280,
"4844","10000056",WYOMING WOMEN'S CENTER,1000 W GRIFFITH BLVD,LUSK,WY,"82225","0020",(307) 334-3693,STATE,OPEN,"249",NIOBRARA,"56027",USA,MAXIMUM,-104.467310,42.767941,0.920000000000000,0.000000000000000,2422.000000000000000,"1","0","3",3.000000000000000,"1","1",5.034883409248942,"0",4.500000000000000,
"4846","10000384",HAMILTON CORRECTIONAL INSTITUTION ANNEX,10650 SW 46TH ST,JASPER,FL,"32052","1360",(386) 792-5897,STATE,OPEN,"1305",HAMILTON,"12047",USA,CLOSE,-82.967422,30.503556,0.900000000000000,0.210000000000000,8725.000000000000000,"1","0","1",1.000000000000000,"1","0",7.063709685879370,"0",7.199999809265140,
"4847","10000394",LAKE CITY CORRECTIONAL FACILITY,7906 EAST HIGHWAY 90,LAKE CITY,FL,"32055","6290",(386) 755-3379,STATE,OPEN,"876",COLUMBIA,"12023",USA,CLOSE,-82.507739,30.192528,0.700000000000000,0.210000000000000,9262.000000000000000,"0","0","2",2.000000000000000,"0","1",6.959601266686840,"0",7.400000095367430,
"4848","10000414",LAWTEY CORRECTIONAL INSTITUTION,22298 NE COUNTY ROAD 200B,LAWTEY,FL,"32058","-999",(904) 782-2000,STATE,OPEN,"800",BRADFORD,"12007",USA,MEDIUM,-82.072365,30.033921,0.810000000000000,0.250000000000000,5788.000000000000000,"0","0","1",1.000000000000000,"0","0",6.576250001788140,"0",6.599999904632570,
"4853","10000381",MADISON CORRECTIONAL INSTITUTION,382 SW MCI WAY,MADISON,FL,"32340","4430",(850) 973-5300,STATE,OPEN,"1259",MADISON,"12079",USA,CLOSE,-83.421612,30.440088,0.910000000000000,0.250000000000000,5834.000000000000000,"1","0","4",4.000000000000000,"1","0",6.604411735254176,"0",6.500000000000000,
"4864","10006323",MAYO CORRECTIONAL,8784 US HIGHWAY 27 W,MAYO,FL,"32066","-999",(386) 294-4500,STATE,OPEN,"0",LAFAYETTE,"12067",USA,NOT AVAILABLE,-83.304910,30.132717,0.490000000000000,0.200000000000000,2574.000000000000000,"0","0","3",2.000000000000000,"0","1",6.924590175920498,"0",7.400000095367430,
"4871","10006189",WYOMING MEDIUM CORRECTIONAL INSTITUTION,7076 ROAD 55F,TORRINGTON,WY,"82240","-999",(307) 532-3198,STATE,OPEN,"655",GOSHEN,"56015",USA,MAXIMUM,-104.119055,42.071220,0.460000000000000,0.000000000000000,5100.000000000000000,"0","0","2",2.000000000000000,"0","1",4.071287105579187,"0",3.950000047683720,
"4875","10000430",PUTNAM CORRECTIONAL INSTITUTION,128 YELVINGTON RD,EAST PALATKA,FL,"32131","2100",(386) 326-6800,STATE,OPEN,"449",PUTNAM,"12107",USA,MEDIUM,-81.587786,29.646170,0.380000000000000,0.180000000000000,4273.000000000000000,"0","0","3",2.000000000000000,"0","0",6.630303031266338,"0",7.699999809265140,
"4876","10000418",RECEPTION AND MEDICAL CENTER (RMC),7765 S COUNTY RD 231,LAKE BUTLER,FL,"32054","0628",(386) 496-6000,STATE,OPEN,"1614",UNION,"12125",USA,CLOSE,-82.359184,29.989656,0.610000000000000,0.210000000000000,7657.000000000000000,"0","0","4",3.000000000000000,"0","1",6.506872857149524,"0",6.774999976158140,
"4877","10000419","RECEPTION AND MEDICAL CENTER, WEST UNIT",8183 SW 152ND LOOP,LAKE BUTLER,FL,"32054","0628",(386) 496-6002,STATE,OPEN,"1225",UNION,"12125",USA,CLOSE,-82.367713,29.991872,0.610000000000000,0.210000000000000,7657.000000000000000,"0","0","4",3.000000000000000,"0","1",6.506872857149524,"0",6.750000000000000,
"4878","10006206",SUWANNEE CORRECTIONAL INSTITUTION,5964 U.S. HIGHWAY 90,LIVE OAK,FL,"32060","-999",(386) 963-6530,STATE,OPEN,"987",SUWANNEE,"12121",USA,CLOSE,-82.865576,30.237793,0.730000000000000,0.210000000000000,8447.000000000000000,"0","0","0",0.000000000000000,"0","0",6.646666669845582,"0",6.900000095367430,
"4887","10000444",TOMOKA CORRECTIONAL INSTITUTION,3950 TIGER BAY RD,DAYTONA BEACH,FL,"32124","1098",(386) 323-1070,STATE,OPEN,"1225",VOLUSIA,"12127",USA,CLOSE,-81.157268,29.151571,0.320000000000000,0.140000000000000,2954.000000000000000,"0","0","0",0.000000000000000,"0","0",6.079888290533140,"0",6.500000000000000,
"4888","10000055",WYOMING HONOR FARM,40 HONOR FARM RD,RIVERTON,WY,"82501","9411",(307) 856-9578,STATE,OPEN,"271",FREMONT,"56013",USA,MINIMUM,-108.369896,43.059428,0.540000000000000,0.010000000000000,5111.000000000000000,"0","0","3",2.000000000000000,"0","0",4.030232529307521,"0",4.049999952316280,
"4889","10000057",WYOMING STATE PENITENTIARY,2900 S HIGLEY RD,RAWLINS,WY,"82301","0400",(307) 328-1441,STATE,OPEN,"678",CARBON,"56007",USA,MAXIMUM,-107.213795,41.762463,0.860000000000000,0.000000000000000,2337.000000000000000,"0","0","0",0.000000000000000,"0","1",3.454826053467452,"0",3.799999952316280,
"4891","10006675",CASPER REENTRY CENTER,10007 LANDMARK LANE,CASPER,WY,"82604","-999",(307) 268-4840,MULTI,OPEN,"249",NATRONA,"56025",USA,MEDIUM,-106.490481,42.892472,0.540000000000000,0.000000000000000,4680.000000000000000,"0","0","0",0.000000000000000,"0","1",3.545835766726705,"0",3.950000047683720,
"4894","10006207",SUWANNEE CORRECTIONAL INSTITUTION ANNEX,5964 U.S. HIGHWAY 90,LIVE OAK,FL,"32060","-999",(386) 963-6201,STATE,OPEN,"986",SUWANNEE,"12121",USA,CLOSE,-82.865594,30.235228,0.730000000000000,0.210000000000000,8447.000000000000000,"0","0","0",0.000000000000000,"0","0",6.646666669845582,"0",6.900000095367430,
"4899","10001218",RED EAGLE COMMUNITY WORK CENTER,1290 RED EAGLE RD,MONTGOMERY,AL,"36110","-999",(334) 262-4604,STATE,OPEN,"333",MONTGOMERY,"01101",USA,MINIMUM,-86.236904,32.465594,0.700000000000000,0.700000000000000,3534.000000000000000,"0","0","0",0.000000000000000,"0","1",8.459999974568685,"0",8.399999618530270,
"4903","10006195",FCI JESUP CAMP,2600 HIGHWAY 301 SOUTH,JESUP,GA,"31599","-999",(912) 427-0870,FEDERAL,OPEN,"150",WAYNE,"13305",USA,MINIMUM,-81.898878,31.566232,0.680000000000000,0.280000000000000,5771.000000000000000,"0","0","0",0.000000000000000,"0","0",6.913636424324730,"0",6.900000095367430,
"4909","10004094",DIXON CORRECTIONAL INSTITUTE,5568 STATE HWY 68,JACKSON,LA,"70748","-999",(225) 634-1200,STATE,OPEN,"1778",EAST FELICIANA,"22037",USA,MAXIMUM,-91.207514,30.813239,0.800000000000000,0.660000000000000,7698.000000000000000,"0","0","3",2.000000000000000,"0","0",6.816806731103850,"0",7.000000000000000,
"4910","10000963",LOUISIANA STATE PENITENTIARY,17544 TUNICA TRACE,ANGOLA,LA,"70712","-999",(225) 655-4411,STATE,OPEN,"6073",WEST FELICIANA,"22125",USA,MAXIMUM,-91.597326,30.959772,0.410000000000000,0.570000000000000,3780.000000000000000,"0","0","2",1.000000000000000,"0","0",7.784049116029330,"0",7.599999904632570,
"4912","10001643",TENSAS / J.B. EVANS CORRECTIONAL CENTER,500 ROUTH ST,NEWELTON,LA,"71357","-999",(318) 467-3355,STATE,OPEN,"-999",TENSAS,"22107",USA,MEDIUM,-91.243575,32.065046,0.990000000000000,0.510000000000000,1580.000000000000000,"1","0","7",5.000000000000000,"1","0",8.222979816523464,"0",8.399999618530270,
"4915","10000327",CI D RAY JAMES,3262 HIGHWAY 252,FOLKSTON,GA,"31537","-999",(912) 496-6242,FEDERAL,OPEN,"1826",CHARLTON,"13049",USA,MEDIUM,-81.978992,30.874011,0.830000000000000,0.200000000000000,9788.000000000000000,"0","0","3",3.000000000000000,"0","0",6.836689427851004,"0",6.700000047683720,
"4918","10000292",METRO STATE PRISON,1301 CONSTITUTION ROAD SOUTHEAST,ATLANTA,GA,"30316","-999",(404) 460-2100,STATE,OPEN,"355",DEKALB,"13089",USA,MEDIUM,-84.335932,33.686139,0.660000000000000,0.730000000000000,4533.000000000000000,"0","0","3",3.000000000000000,"0","0",8.954545627940785,"0",9.100000381469730,
"4919","10000329",VALDOSTA STATE PRISON ANNEX,3131 VAL TECH RD,VALDOSTA,GA,"31601","-999",(229) 245-6450,STATE,OPEN,"6",LOWNDES,"13185",USA,MEDIUM,-83.344819,30.855135,0.320000000000000,0.360000000000000,3899.000000000000000,"0","0","0",0.000000000000000,"0","0",7.485436907092344,"0",8.000000000000000,
"4920","10000296",HARALSON COUNTY SHERIFF'S OFFICE,137 HAYES-GLASS DR,BREMEN,GA,"30110","-999",(770) 646-2011,STATE,OPEN,"0",HARALSON,"13143",USA,MINIMUM,-85.165919,33.716487,0.610000000000000,0.560000000000000,7922.000000000000000,"0","0","0",0.000000000000000,"0","0",7.859090969779276,"0",8.199999809265140,
"4923","10004574",TAYLOR CORRECTIONAL INSTITUTION,8501 HAMPTON SPRINGS ROAD,PERRY,FL,"32348","8747",(850) 838-4000,STATE,OPEN,"894",TAYLOR,"12123",USA,CLOSE,-83.712882,30.038014,0.990000000000000,0.160000000000000,8171.000000000000000,"1","0","3",2.000000000000000,"1","0",6.753389836092392,"0",7.450000047683720,
"4924","10000460","CENTRAL FLORIDA RECEPTION CENTER, SOUTH",7000 H C KELLEY RD,ORLANDO,FL,"32831","2518",(407) 207-7777,STATE,OPEN,"98",ORANGE,"12095",USA,CLOSE,-81.159010,28.453275,0.410000000000000,0.150000000000000,7031.000000000000000,"0","0","0",0.000000000000000,"0","0",6.961538485991650,"0",7.000000000000000,
"4925","10002175","CENTRAL FLORIDA RECEPTION CENTER, MAIN",7000 H C KELLEY RD,ORLANDO,FL,"32831","2518",(407) 207-7777,STATE,OPEN,"1533",ORANGE,"12095",USA,CLOSE,-81.155959,28.463391,0.410000000000000,0.150000000000000,7031.000000000000000,"0","0","0",0.000000000000000,"0","0",6.961538485991650,"0",6.699999809265140,
"4926","10000504",DESOTO ANNEX,13617 SE HWY 70,ARCADIA,FL,"34266","7800",(863) 494-3727,STATE,OPEN,"1369",DESOTO,"12027",USA,CLOSE,-81.665185,27.203000,0.590000000000000,0.110000000000000,4730.000000000000000,"0","0","6",4.000000000000000,"0","1",5.509523817741412,"0",6.400000095367430,
"4927","10006167",FLORIDA WOMEN'S RECEPTION CENTER,3700 NW 111TH PLACE,OCALA,FL,"34482","1479",(352) 840-8000,STATE,OPEN,"1276",MARION,"12083",USA,CLOSE,-82.186260,29.309799,0.590000000000000,0.180000000000000,7997.000000000000000,"0","0","0",0.000000000000000,"0","0",6.456060626290062,"0",6.650000095367430,
"4928","10000494",HARDEE CORRECTIONAL INSTITUTION,6901 STATE ROAD 62,BOWLING GREEN,FL,"33834","9505",(863) 767-3100,STATE,OPEN,"1215",HARDEE,"12049",USA,CLOSE,-82.014838,27.590662,0.900000000000000,0.140000000000000,8864.000000000000000,"1","0","4",3.000000000000000,"1","0",6.662612629366350,"0",7.250000000000000,
"4929","10000465",HERNANDO CORRECTIONAL INSTITUTION,16415 SPRING HILL DR,BROOKSVILLE,FL,"34604","8167",(352) 754-6715,STATE,OPEN,"444",HERNANDO,"12053",USA,CLOSE,-82.454434,28.483022,0.460000000000000,0.250000000000000,5927.000000000000000,"0","0","0",0.000000000000000,"0","1",6.759090943769976,"0",6.800000190734860,
"4930","10000453",LAKE CORRECTIONAL INSTITUTION,19225 US HWY 27,CLERMONT,FL,"34715","9025",(352) 394-6146,STATE,OPEN,"1057",LAKE,"12069",USA,CLOSE,-81.766428,28.620494,0.490000000000000,0.210000000000000,16637.000000000000000,"0","0","0",0.000000000000000,"0","0",6.861363665624098,"0",6.750000000000000,
"4931","10000437",LOWELL CORRECTIONAL INSTITUTION,11120 NW GAINESVILLE RD,OCALA,FL,"34482","1479",(352) 690-8900,STATE,OPEN,"924",MARION,"12083",USA,CLOSE,-82.200398,29.310798,0.590000000000000,0.180000000000000,7997.000000000000000,"0","0","0",0.000000000000000,"0","0",6.456060626290062,"0",6.433333396911620,
"4932","10000440",MARION CORRECTIONAL INSTITUTION,3269 NW 105TH ST,OCALA,FL,"34475","-999",(352) 401-6400,STATE,OPEN,"1366",MARION,"12083",USA,CLOSE,-82.175024,29.308101,0.590000000000000,0.180000000000000,7997.000000000000000,"0","0","0",0.000000000000000,"0","0",6.456060626290062,"0",6.700000047683720,
"4933","10000473",POLK CORRECTIONAL INSTITUTION,10800 EVANS RD,POLK CITY,FL,"33868","6925",(863) 984-2273,STATE,OPEN,"1032",POLK,"12105",USA,CLOSE,-81.786758,28.191517,0.540000000000000,0.220000000000000,2359.000000000000000,"0","0","0",0.000000000000000,"0","0",7.099000039100648,"0",7.450000047683720,
"4936","10001908",J. AARON HAWKINS SR. CENTER,22522 ASHER ROAD,WRIGHTSVILLE,AR,"72183","-999",(501) 897-2256,STATE,OPEN,"-999",PULASKI,"05119",USA,MEDIUM,-92.191409,34.607362,0.900000000000000,0.740000000000000,3162.000000000000000,"1","0","2",2.000000000000000,"1","0",7.660447786103434,"0",7.599999904632570,
"4970","10004139",COMMUNITY CORRECTIONS CENTER - LINCOLN,2720 W VAN DORN ST,LINCOLN,NE,"68522","-999",(402) 471-0740,STATE,OPEN,"381",LANCASTER,"31109",USA,MINIMUM,-96.760388,40.785914,0.150000000000000,0.350000000000000,5882.000000000000000,"0","0","0",0.000000000000000,"0","0",6.638461626493014,"0",6.450000047683720,
"4971","10004126",COMMUNITY CORRECTIONS CENTER - OMAHA,2320 AVENUE J,OMAHA,NE,"68110","-999",(402) 595-2010,STATE,OPEN,"163",DOUGLAS,"31055",USA,MINIMUM,-95.900457,41.283553,0.570000000000000,0.500000000000000,2975.000000000000000,"0","0","0",0.000000000000000,"0","1",7.682608770287556,"0",7.500000000000000,
"4972","10004137",DIAGNOSTIC AND EVALUATION CENTER,3220 W VAN DORN ST,LINCOLN,NE,"68522","9284",(402) 471-3330,STATE,OPEN,"489",LANCASTER,"31109",USA,MAXIMUM,-96.766859,40.786100,0.150000000000000,0.350000000000000,5882.000000000000000,"0","0","0",0.000000000000000,"0","0",6.638461626493014,"0",6.400000095367430,
"4973","10004138",LINCOLN CORRECTIONAL CENTER,3216 W VAN DORN ST,LINCOLN,NE,"68522","-999",(402) 471-2861,STATE,OPEN,"510",LANCASTER,"31109",USA,MAXIMUM,-96.765964,40.787987,0.150000000000000,0.350000000000000,5882.000000000000000,"0","0","0",0.000000000000000,"0","0",6.638461626493014,"0",6.400000095367430,
"4974","10001738",NEBRASKA CORRECTIONAL CENTER FOR WOMEN,1107 RECHARGE RD,YORK,NE,"68467","8003",(402) 362-3317,STATE,OPEN,"340",YORK,"31185",USA,MAXIMUM,-97.628669,40.864091,0.440000000000000,0.160000000000000,4584.000000000000000,"0","0","0",0.000000000000000,"0","1",5.820689645306818,"0",5.699999809265140,
"4976","10001739",NEBRASKA STATE PENITENTIARY,4201 S 14TH ST,LINCOLN,NE,"68502","-999",(402) 471-3161,STATE,OPEN,"1341",LANCASTER,"31109",USA,MAXIMUM,-96.704115,40.769686,,0.360000000000000,1259.000000000000000,"0","0","0",0.000000000000000,"0","1",6.792730666933186,"0",6.799999952316280,
"4977","10004125",OMAHA CORRECTIONAL CENTER,2323 AVENUE J,OMAHA,NE,"68110","0099",(402) 595-3963,STATE,OPEN,"772",DOUGLAS,"31055",USA,MEDIUM,-95.898650,41.281243,0.570000000000000,0.500000000000000,2975.000000000000000,"0","0","0",0.000000000000000,"0","1",7.682608770287556,"0",7.450000047683720,
"4978","10001742",TECUMSEH STATE CORRECTIONAL INSTITUTION,2725 HWY 50,TECUMSEH,NE,"68450","-999",(402) 335-5998,STATE,OPEN,"1017",JOHNSON,"31097",USA,MAXIMUM,-96.185275,40.402232,0.630000000000000,0.330000000000000,3278.000000000000000,"0","0","1",1.000000000000000,"0","0",6.133082714295926,"0",6.300000190734860,
"4979","10001743",WORK ETHIC CAMP,2309 N HWY 83,MCCOOK,NE,"69001","-999",(308) 345-8405,STATE,OPEN,"192",RED WILLOW,"31145",USA,MINIMUM,-100.647998,40.228283,0.660000000000000,0.050000000000000,4847.000000000000000,"0","0","0",0.000000000000000,"0","0",5.555555573216192,"0",5.599999904632570,
"4980","10000467",ZEPHYRHILLS CORRECTIONAL INSTITUTION,2739 GALL BLVD,ZEPHYRHILLS,FL,"33541","9701",(813) 782-5521,STATE,OPEN,"587",PASCO,"12101",USA,CLOSE,-82.198692,28.199098,0.830000000000000,0.280000000000000,2719.000000000000000,"0","0","0",0.000000000000000,"0","0",7.460000014305114,"0",7.700000047683720,
"4983","10006595",NORFOLK REGIONAL CENTER,1700 N VICTORY ROAD,NORFOLK,NE,"68702","1209",(402) 370-3400,STATE,OPEN,"-999",MADISON,"31119",USA,NOT AVAILABLE,-97.384165,42.050958,0.350000000000000,0.130000000000000,5329.000000000000000,"0","0","0",0.000000000000000,"0","1",6.176470616284540,"0",6.199999809265140,
"4985","10002187",CHARLOTTE CORRECTIONAL INSTITUTION,33123 OIL WELL RD,PUNTA GORDA,FL,"33955","9701",(941) 833-8100,STATE,OPEN,"1344",CHARLOTTE,"12015",USA,CLOSE,-81.903810,26.803608,0.410000000000000,0.130000000000000,4700.000000000000000,"0","0","0",0.000000000000000,"0","1",5.812586730015644,"0",6.300000190734860,
"4986","10000546",DADE CORRECTIONAL INSTITUTION,19000 SW 377TH ST,FLORIDA CITY,FL,"33034","6409",(305) 242-1900,STATE,OPEN,"1538",MIAMI-DADE,"12086",USA,CLOSE,-80.497811,25.416728,0.830000000000000,0.160000000000000,8729.000000000000000,"0","0","11",5.000000000000000,"0","1",6.544071843952476,"0",6.400000095367430,
"4987","10004646",EVERGLADES CORRECTIONAL INSTITUTION,1599 S.W. 187TH AVE.,MIAMI,FL,"33194","-999",(305) 228-2000,STATE,OPEN,"1833",MIAMI-DADE,"12086",USA,CLOSE,-80.488961,25.750863,0.300000000000000,0.360000000000000,13848.000000000000000,"0","0","0",0.000000000000000,"0","0",7.299999952316284,"0",7.566666603088380,
"4995","10000512",SOUTH BAY CORRECTIONAL FACILITY,600 US HWY 27 S,SOUTH BAY,FL,"33493","2233",(561) 992-9505,STATE,OPEN,"1924",PALM BEACH,"12099",USA,CLOSE,-80.719290,26.657748,0.850000000000000,0.180000000000000,6149.000000000000000,"0","0","8",4.000000000000000,"0","0",6.882142850330898,"0",6.950000047683720,
"4996","10000679",FCI GREENVILLE,100 UNITED STATES HIGHWAY 40,GREENVILLE,IL,"62246","-999",(618) 664-6200,FEDERAL,OPEN,"1048",BOND,"17005",USA,MEDIUM,-89.408847,38.866318,0.700000000000000,0.650000000000000,6511.000000000000000,"0","0","0",0.000000000000000,"0","0",8.466666603088379,"0",8.500000000000000,
"4997","10000680",FCI GREENVILLE CAMP,100 UNITED STATES HIGHWAY 40,GREENVILLE,IL,"62246","-999",(618) 664-6200,FEDERAL,OPEN,"311",BOND,"17005",USA,MINIMUM,-89.407349,38.870164,0.700000000000000,0.650000000000000,6511.000000000000000,"0","0","0",0.000000000000000,"0","0",8.466666603088379,"0",8.500000000000000,
"4998","10000658",FCI PEKIN,2600 SOUTH 2ND STREET,PEKIN,IL,"61554","-999",(309) 346-8588,FEDERAL,OPEN,"1010",TAZEWELL,"17179",USA,MEDIUM,-89.659010,40.536036,0.410000000000000,0.800000000000000,5220.000000000000000,"0","0","2",2.000000000000000,"0","1",7.873333401150174,"0",7.950000047683720,
"4999","10000659",FCI PEKIN CAMP,2600 SOUTH 2ND STREET,PEKIN,IL,"61554","-999",(309) 346-8588,FEDERAL,OPEN,"270",TAZEWELL,"17179",USA,MINIMUM,-89.657724,40.539863,0.410000000000000,0.800000000000000,5220.000000000000000,"0","0","2",2.000000000000000,"0","1",7.873333401150174,"0",8.000000000000000,
"5003","10000694",USP MARION,4500 PRISON ROAD,MARION,IL,"62959","-999",(618) 964-1441,FEDERAL,OPEN,"1129",WILLIAMSON,"17199",USA,MEDIUM,-88.984061,37.663153,0.860000000000000,0.670000000000000,5223.000000000000000,"0","0","0",0.000000000000000,"0","1",6.911148652837084,"0",6.500000000000000,
"5004","10000633",AUSP THOMSON,1100 ONE MILE ROAD,THOMSON,IL,"61285","-999",(815) 259-1000,FEDERAL,OPEN,"703",CARROLL,"17015",USA,MAXIMUM,-90.109299,41.972966,0.800000000000000,0.630000000000000,1523.000000000000000,"0","0","0",0.000000000000000,"0","0",7.734761923835392,"0",8.349999904632570,
"5005","10000308",MONTGOMERY STATE PRISON,650 MOUNT VERNON ALSTON ROAD,MOUNT VERNON,GA,"30445","-999",(912) 583-3600,STATE,OPEN,"418",MONTGOMERY,"13209",USA,MEDIUM,-82.566121,32.161874,0.780000000000000,0.360000000000000,5047.000000000000000,"0","0","0",0.000000000000000,"0","0",7.203076932369134,"0",7.300000190734860,
"5019","10001938",MOUNTAIN VIEW CORRECTIONAL FACILITY,1182 DOVER RD,CHARLESTON,ME,"04422","-999",(207) 285-0880,STATE,OPEN,"-999",PENOBSCOT,"23019",USA,MEDIUM,-69.094450,45.092520,0.880000000000000,0.010000000000000,4317.000000000000000,"0","0","3",3.000000000000000,"0","1",4.121338825345539,"0",4.000000000000000,
"5023","10001470",MCC CHICAGO,71 WEST VAN BUREN STREET,CHICAGO,IL,"60605","-999",(312) 322-8669,FEDERAL,OPEN,"668",COOK,"17031",USA,MAXIMUM,-87.630482,41.876585,0.000000000000000,0.870000000000000,7545.000000000000000,"0","0","0",0.000000000000000,"0","1",9.300000190734863,"1",9.300000190734860,washuonly
"5024","10000642",DIXON CORRECTIONAL CENTER,2600 NORTH BRINTON AVENUE,DIXON,IL,"61021","-999",(815) 288-5561,STATE,OPEN,"2051",LEE,"17103",USA,MEDIUM,-89.478173,41.873745,0.380000000000000,0.700000000000000,7709.000000000000000,"0","0","0",0.000000000000000,"0","0",7.539999961853028,"0",7.533333301544190,
"5025","10000315",MCRAE CORRECTIONAL FACILITY,112 JIM HAMMOCK DRIVE,MCRAE,GA,"31055","-999",(229) 868-7778,FEDERAL,OPEN,"1601",TELFAIR,"13271",USA,MINIMUM,-82.871577,32.050070,0.920000000000000,0.350000000000000,11573.000000000000000,"1","0","4",3.000000000000000,"1","0",7.136330949316780,"0",7.366666793823240,
"5026","10004527",APPLING INTEGRATED TREATMENT FACILITY,252 WEST PARK DRIVE,BAXLEY,GA,"31513","-999",(912) 367-1761,STATE,OPEN,"191",APPLING,"13001",USA,MEDIUM,-82.408839,31.805070,0.870000000000000,0.350000000000000,4766.000000000000000,"0","0","2",1.000000000000000,"0","0",7.237837826883472,"0",8.100000381469730,
"5030","10000545",HOMESTEAD CORRECTIONAL INSTITUTION,19000 SW 377TH ST,FLORIDA CITY,FL,"33034","6409",(305) 242-1770,STATE,OPEN,"707",MIAMI-DADE,"12086",USA,CLOSE,-80.497300,25.412993,0.830000000000000,0.160000000000000,8729.000000000000000,"0","0","11",5.000000000000000,"0","1",6.544071843952476,"0",6.400000095367430,
"5031","10000510",MOORE HAVEN CORRECTIONAL FACILITY,1282 EAST STATE ROAD 78,MOORE HAVEN,FL,"33471","-999",(863) 946-2420,STATE,OPEN,"964",GLADES,"12043",USA,MEDIUM,-81.120182,26.838432,0.630000000000000,0.110000000000000,3565.000000000000000,"0","0","1",1.000000000000000,"0","0",5.353333336656744,"0",6.000000000000000,
"5032","10000495",OKEECHOBEE CORRECTIONAL INSTITUTION,3420 NE 168TH ST,OKEECHOBEE,FL,"34972","4824",(863) 462-5400,STATE,OPEN,"1667",OKEECHOBEE,"12093",USA,CLOSE,-80.784445,27.396070,0.520000000000000,0.120000000000000,6148.000000000000000,"0","0","1",1.000000000000000,"0","0",4.966785721267972,"0",5.099999904632570,
"5033","10000653",HILL CORRECTIONAL CENTER,600 SOUTH LINWOOD ROAD,GALESBURG,IL,"61401","-999",(309) 343-4212,STATE,OPEN,"1698",KNOX,"17095",USA,MEDIUM,-90.406958,40.939746,0.520000000000000,0.700000000000000,5723.000000000000000,"0","0","0",0.000000000000000,"0","0",7.927777899636164,"0",7.950000047683720,
"5036","10000547",SOUTH FLORIDA RECEPTION CENTER,14000 NW 41ST ST,DORAL,FL,"33178","3003",(305) 592-9567,STATE,OPEN,"960",MIAMI-DADE,"12086",USA,CLOSE,-80.426387,25.805877,,0.380000000000000,2765.000000000000000,"0","0","0",0.000000000000000,"0","0",7.663888918028938,"0",8.000000000000000,
"5037","10000548","SOUTH FLORIDA RECEPTION CENTER, SOUTH UNIT",13910 NW 41ST ST,DORAL,FL,"33178","3014",(305) 592-9710,STATE,OPEN,"629",MIAMI-DADE,"12086",USA,CLOSE,-80.426087,25.799191,,0.380000000000000,2765.000000000000000,"0","0","0",0.000000000000000,"0","0",7.663888918028938,"0",8.000000000000000,
"5040","10003928",CHARLES D. HUDSON TRANSFER CENTER,100 JIM HESTER ROAD,LAGRANGE,GA,"30241","-999",(706) 845-4018,STATE,OPEN,"150",TROUP,"13285",USA,MINIMUM,-84.969593,33.024846,0.980000000000000,0.570000000000000,5353.000000000000000,"1","0","3",3.000000000000000,"1","0",7.569491564217262,"0",7.900000095367430,
"5041","10002121",CLAYTON TRANSITIONAL CENTER,242 FALCON DR,FOREST PARK,GA,"30297","-999",(404) 675-1500,STATE,OPEN,"379",CLAYTON,"13063",USA,MINIMUM,-84.397408,33.624301,0.880000000000000,0.710000000000000,4262.000000000000000,"0","0","5",4.000000000000000,"0","1",9.637499928474426,"1",9.899999618530270,washuonly
"5042","10000314",COASTAL STATE PRISON,200 GULF STREAM RD,GARDEN CITY,GA,"31418","-999",(912) 965-6330,STATE,OPEN,"1638",CHATHAM,"13051",USA,MEDIUM,-81.186554,32.137592,0.180000000000000,0.370000000000000,26753.000000000000000,"0","0","0",0.000000000000000,"0","1",7.832867135534754,"0",8.199999809265140,
"5043","10000313",COASTAL TRANSITION CENTER,309 STILES AVE,SAVANNAH,GA,"31415","-999",(912) 651-0900,STATE,OPEN,"260",CHATHAM,"13051",USA,MINIMUM,-81.111594,32.078361,0.950000000000000,0.330000000000000,4946.000000000000000,"1","0","8",5.000000000000000,"1","1",8.175000190734863,"0",8.100000381469730,
"5045","10000100",BOLDUC CORRECTIONAL FACILITY,516 CUSHING RD,WARREN,ME,"04864","-999",(207) 273-5123,STATE,OPEN,"192",KNOX,"23013",USA,MINIMUM,-69.217447,44.067610,0.840000000000000,0.010000000000000,7511.000000000000000,"0","0","0",0.000000000000000,"0","0",4.186363594098524,"0",4.300000190734860,
"5046","10001162",DOWNEAST CORRECTIONAL FACILITY,64 BASE RD,MACHIASPORT,ME,"04655","-999",(207) 255-1100,STATE,OPEN,"147",WASHINGTON,"23029",USA,MINIMUM,-67.397328,44.628388,0.930000000000000,0.000000000000000,2332.000000000000000,"1","0","2",2.000000000000000,"1","1",3.896296283713093,"0",4.099999904632570,
"5047","10001165",MAINE CORRECTIONAL CENTER,17 MALLISON FALLS RD,WINDHAM,ME,"04062","-999",(207) 893-7000,STATE,OPEN,"500",CUMBERLAND,"23005",USA,MEDIUM,-70.414427,43.726936,0.780000000000000,0.070000000000000,5901.000000000000000,"0","0","0",0.000000000000000,"0","1",5.021818161010742,"0",5.099999904632570,
"5048","10001163",MAINE STATE PRISON,807 CUSHING RD,WARREN,ME,"04864","-999",(207) 273-5300,STATE,OPEN,"836",KNOX,"23013",USA,CLOSE,-69.230408,44.065441,0.840000000000000,0.010000000000000,7511.000000000000000,"0","0","0",0.000000000000000,"0","0",4.186363594098524,"0",4.199999809265141,
"5050","10005035",RIVERVIEW PSYCHIATRIC CENTER,250 ARSENAL STREET,AUGUSTA,ME,"04330","-999",(207) 624-3900,STATE,OPEN,"77",KENNEBEC,"23011",USA,NOT AVAILABLE,-69.770967,44.299967,0.900000000000000,0.040000000000000,4521.000000000000000,"1","0","3",3.000000000000000,"1","0",4.415789528896935,"0",4.633333206176760,
"5052","10001977",BRADSHAW STATE JAIL,3900 W LOOP 571N,HENDERSON,TX,"75653","-999",(903) 655-0880,STATE,OPEN,"1964",RUSK,"48401",USA,MEDIUM,-94.815397,32.182642,0.750000000000000,0.750000000000000,4196.000000000000000,"0","0","0",0.000000000000000,"0","0",6.958139526751614,"0",7.199999809265140,
"5054","10002957",SOUTH FORK FOREST CAMP,48300 WILSON RIVER HWY,TILLAMOOK,OR,"97141","9799",(503) 842-2811,STATE,OPEN,"188",TILLAMOOK,"41057",USA,MINIMUM,-123.465226,45.590173,0.490000000000000,0.040000000000000,8634.000000000000000,"0","0","3",2.000000000000000,"0","1",5.227014199817350,"0",5.149999856948850,
"5061","10002105",PHILLIPS TRANSITIONAL CENTER,2989 W ROCK QUARRY ROAD,BUFORD,GA,"30519","-999",(770) 932-4671,STATE,OPEN,"194",GWINNETT,"13135",USA,MINIMUM,-83.909470,34.095546,0.380000000000000,0.640000000000000,14829.000000000000000,"0","0","0",0.000000000000000,"0","0",8.260714292526245,"0",8.349999904632570,
"5062","10002106",PHILLIPS STATE PRISON,2989 WEST ROCK QUARRY ROAD,BUFORD,GA,"30519","-999",(770) 932-4500,STATE,OPEN,"1048",GWINNETT,"13135",USA,MEDIUM,-83.911303,34.093931,0.320000000000000,0.670000000000000,26399.000000000000000,"0","0","0",0.000000000000000,"0","0",8.723076893733097,"0",8.349999904632570,
"5076","10006350",DIXON SPRINGS IMPACT INCARCERATION PROGRAM (IIP),979 STATE HWY 146 W.,GOLCONDA,IL,"62938","-999",(618) 949-3311,STATE,OPEN,"33",POPE,"17151",USA,MINIMUM,-88.663769,37.381323,0.970000000000000,0.650000000000000,2298.000000000000000,"1","0","3",3.000000000000000,"1","1",6.485202489240890,"0",6.199999809265140,
"5077","10000689",DU QUOIN IMPACT INCARCERATION PROGRAM (IIP),275 AGRILAND ACRES DR,DU QUOIN,IL,"62832","-999",(618) 542-5738,STATE,OPEN,"31",PERRY,"17145",USA,MINIMUM,-89.215690,37.983655,0.750000000000000,0.620000000000000,2380.000000000000000,"0","0","0",0.000000000000000,"0","1",7.848052003166894,"0",7.900000095367430,
"5086","10002884",JESTER I UNIT,1 JESTER RD,RICHMOND,TX,"77406","-999",(281) 277-3030,STATE,OPEN,"-999",FORT BEND,"48157",USA,NOT AVAILABLE,-95.713053,29.636866,0.080000000000000,0.860000000000000,2819.000000000000000,"0","0","2",2.000000000000000,"0","0",7.966666857401530,"0",7.800000190734860,
"5087","10000220",LUTHER PRISON AND TRUSTY CAMP,1800 LUTHER DR,NAVASOTA,TX,"77868","-999",(936) 825-7547,STATE,OPEN,"1293",GRIMES,"48185",USA,MEDIUM,-96.058695,30.260686,0.770000000000000,0.760000000000000,2292.000000000000000,"0","0","5",3.000000000000000,"0","0",6.893548396325882,"0",6.850000143051150,
"5088","10006300",CHASE FIELD WILDERNESS UNIT,4304 HWY 202,BEEVILLE,TX,"78102","-999",(361) 358-9880,STATE,OPEN,"414",BEE,"48025",USA,MINIMUM,-97.661265,28.374651,0.720000000000000,0.720000000000000,8417.000000000000000,"0","0","0",0.000000000000000,"0","0",6.455153219547112,"0",6.800000190734860,
"5089","10000225",CLEVELAND CORRECTIONAL CENTER,901 E 5TH ST,CLEVELAND,TX,"77328","-999",(281) 592-9559,STATE,OPEN,"509",LIBERTY,"48291",USA,MINIMUM,-95.072807,30.365000,0.680000000000000,0.800000000000000,3076.000000000000000,"0","0","5",4.000000000000000,"0","0",7.192857163293022,"0",7.099999904632570,
"5090","10000790",SAN QUENTIN STATE PRISON (SQ),MAIN STREET,SAN QUENTIN,CA,"94964","-999",(415) 454-1460,STATE,OPEN,"3989",MARIN,"06041",USA,MAXIMUM,-122.490367,37.940040,,0.930000000000000,2649.000000000000000,"0","1","0",0.000000000000000,"1","0",8.498271987539018,"0",8.466666539510090,cejstonly
"5092","10000817",CORRECTIONAL TRAINING FACILITY (CTF),SOLEDAD PRISON ROAD,SOLEDAD,CA,"93960","-999",(831) 678-3951,STATE,OPEN,"4983",MONTEREY,"06053",USA,MEDIUM,-121.382233,36.469648,0.080000000000000,0.110000000000000,8821.000000000000000,"0","0","2",1.000000000000000,"0","0",4.899999936421712,"0",4.949999928474430,
"5093","10000644",EAST MOLINE CORRECTIONAL CENTER,100 HILLCREST ROAD,EAST MOLINE,IL,"61244","-999",(309) 755-4511,STATE,OPEN,"1318",ROCK ISLAND,"17161",USA,MINIMUM,-90.419121,41.533729,0.210000000000000,0.730000000000000,6150.000000000000000,"0","0","0",0.000000000000000,"0","1",8.371428585052490,"0",8.650000095367430,
"5095","10001146",FCI EDGEFIELD,501 GARY HILL RD,EDGEFIELD,SC,"29824","-999",(803) 637-1500,FEDERAL,OPEN,"1229",EDGEFIELD,"45037",USA,MEDIUM,-81.916899,33.757619,0.750000000000000,0.430000000000000,7253.000000000000000,"0","0","0",0.000000000000000,"0","0",6.577777774676398,"0",7.250000000000000,
"5097","10005273",CHAMBERLAIN CREEK CONSERVATION CAMP #17,15800 STATE HIGHWAY 20,FORT BRAGG,CA,"95437","-999",(707) 964-3518,STATE,OPEN,"100",MENDOCINO,"06045",USA,MINIMUM,-123.556272,39.357617,0.840000000000000,0.500000000000000,4115.000000000000000,"0","0","0",0.000000000000000,"0","0",5.534722214653378,"0",5.500000000000000,
"5098","10005113",FCI TEXARKANA,4001 LEOPARD DR,TEXARKANA,TX,"75501","-999",(903) 838-4587,FEDERAL,OPEN,"874",BOWIE,"48037",USA,MINIMUM,-94.088425,33.377083,0.610000000000000,0.790000000000000,7654.000000000000000,"0","0","0",0.000000000000000,"0","1",7.804918007772478,"0",7.649999856948850,
"5099","10000780",FOLSOM STATE PRISON (FSP),300 PRISON ROAD,REPRESA,CA,"95671","-999",(916) 985-2561,STATE,OPEN,"2507",SACRAMENTO,"06067",USA,MEDIUM,-121.163032,38.695383,0.150000000000000,0.920000000000000,4860.000000000000000,"0","1","0",0.000000000000000,"1","0",6.824999928474426,"0",6.900000095367430,cejstonly
"5100","10000671",JACKSONVILLE CORRECTIONAL CENTER,2268 EAST MORTON AVENUE,JACKSONVILLE,IL,"62650","-999",(217) 245-1481,STATE,OPEN,"1008",MORGAN,"17137",USA,MINIMUM,-90.175614,39.726690,0.540000000000000,0.670000000000000,4080.000000000000000,"0","0","0",0.000000000000000,"0","0",7.874999940395356,"0",8.000000000000000,
"5105","10006149",WILLARD-CYBULSKI CORRECTIONAL INSTITUTION,391 SHAKER RD,ENFIELD,CT,"06082","-999",(860) 763-6100,STATE,OPEN,"1140",TOLLAND,"09003",USA,MINIMUM,-72.506799,42.020461,0.570000000000000,0.110000000000000,6467.000000000000000,"0","0","0",0.000000000000000,"0","0",6.357142993382046,"0",6.250000000000000,
"5106","10000928",OSBORN CORRECTIONAL INSTITUTION,335 BILTON RD,SOMERS,CT,"06071","-999",(860) 814-4600,STATE,OPEN,"1371",TOLLAND,"09013",USA,MEDIUM,-72.496935,42.016400,,0.100000000000000,1706.000000000000000,"0","0","0",0.000000000000000,"0","0",6.166666666666668,"0",6.199999809265140,
"5107","10000926",HARTFORD CORRECTIONAL CENTER,177 WESTON ST,HARTFORD,CT,"06120","-999",(959) 200-3000,STATE,OPEN,"905",HARTFORD,"09003",USA,MAXIMUM,-72.661399,41.793624,0.000000000000000,0.190000000000000,907.000000000000000,"0","0","3",2.000000000000000,"0","0",6.920000076293946,"0",7.000000000000000,
"5108","10006209",MENARD MEDIUM SECURITY UNIT,711 KASKASKIA STREET,MENARD,IL,"62259","-999",(618) 826-5071,STATE,OPEN,"394",RANDOLPH,"17157",USA,MEDIUM,-89.833945,37.918212,0.780000000000000,0.480000000000000,6148.000000000000000,"0","0","0",0.000000000000000,"0","0",7.629078056795378,"0",7.500000000000000,
"5117","10000857",CALIFORNIA REHABILITATION CENTER (CRC),5TH STREET AND WESTERN AVENUE,NORCO,CA,"92860","-999",(951) 737-2683,STATE,OPEN,"2599",RIVERSIDE,"06065",USA,MEDIUM,-117.572531,33.929253,0.120000000000000,0.980000000000000,3385.000000000000000,"0","1","0",0.000000000000000,"1","1",9.366666793823242,"1",9.625000000000000,both
"5118","10000861",IRONWOOD STATE PRISON (ISP),19005 WILEY'S WELL ROAD,BLYTHE,CA,"92225","-999",(760) 921-3000,STATE,OPEN,"3088",RIVERSIDE,"06065",USA,MEDIUM,-114.926035,33.560981,,0.120000000000000,6196.000000000000000,"0","0","0",0.000000000000000,"0","0",4.833333439297146,"0",4.783333460489910,
"5120","10000655",PONTIAC CORRECTIONAL CENTER,700 WEST LINCOLN STREET,PONTIAC,IL,"61764","-999",(815) 842-2816,STATE,OPEN,"780",LIVINGSTON,"17105",USA,MAXIMUM,-88.636037,40.869284,0.350000000000000,0.710000000000000,5182.000000000000000,"0","0","0",0.000000000000000,"0","0",7.750000000000000,"0",7.599999904632570,
"5121","10000678",ROBINSON CORRECTIONAL CENTER,13423 EAST 1150TH AVENUE,ROBINSON,IL,"62454","-999",(618) 546-5659,STATE,OPEN,"1176",CRAWFORD,"17033",USA,MINIMUM,-87.697590,39.019354,0.730000000000000,0.710000000000000,4234.000000000000000,"0","0","0",0.000000000000000,"0","0",8.184393097210481,"0",8.349999904632570,
"5122","10006170",TREASURE COAST FORENSIC TREATMENT CENTER,96 SW ALLAPATTAH ROAD,INDIANTOWN,FL,"34956","-999",(772) 597-9400,STATE,OPEN,"-999",MARTIN,"12085",USA,CLOSE,-80.495894,27.204386,0.460000000000000,0.160000000000000,3229.000000000000000,"0","0","4",2.000000000000000,"0","0",6.104925049448934,"0",5.699999809265140,
"5126","10000407",WAKULLA WORK CAMP,110 MELALEUCA DR,CRAWFORDVILLE,FL,"32327","4963",(850) 413-9663,STATE,OPEN,"415",WAKULLA,"12129",USA,NOT AVAILABLE,-84.175353,30.257540,0.780000000000000,0.260000000000000,8389.000000000000000,"0","0","2",1.000000000000000,"0","0",7.243103436061314,"0",7.599999904632570,
"5129","10000319",FSL JESUP,2600 HIGHWAY 301 SOUTH,JESUP,GA,"31599","-999",(912) 427-0870,FEDERAL,OPEN,"399",WAYNE,"13305",USA,MINIMUM,-81.905984,31.559970,0.680000000000000,0.280000000000000,5771.000000000000000,"0","0","0",0.000000000000000,"0","0",6.913636424324730,"0",7.099999904632570,
"5130","10006239",USP ATLANTA CAMP,601 MCDONOUGH BLVD SE,ATLANTA,GA,"30315","-999",(404) 635-5679,FEDERAL,OPEN,"371",FULTON,"13121",USA,MINIMUM,-84.363811,33.708952,,0.740000000000000,2287.000000000000000,"0","0","1",1.000000000000000,"0","0",9.047176069422974,"0",9.100000381469730,
"5131","10000285",USP ATLANTA,601 MCDONOUGH BLVD SE,ATLANTA,GA,"30315","-999",(404) 635-5100,FEDERAL,OPEN,"2093",FULTON,"13121",USA,MEDIUM,-84.368979,33.710700,,0.740000000000000,2287.000000000000000,"0","0","1",1.000000000000000,"0","0",9.047176069422974,"0",9.033333460489910,
"5132","10004505",BLECKELY PROBATION DETENTION CENTER,179 JAC ARTS ROAD,COCHRAN,GA,"31014","-999",(478) 934-3303,STATE,OPEN,"-999",BLECKLEY,"13023",USA,MINIMUM,-83.363417,32.411805,0.970000000000000,0.450000000000000,2707.000000000000000,"1","0","4",4.000000000000000,"1","0",7.383448288358492,"0",6.900000095367430,
"5133","10004536",ALBANY TRANSITIONAL CENTER,304 NORTH WASHINGTON STREET,ALBANY,GA,"31701","-999",(229) 430-3888,STATE,OPEN,"156",DOUGHERTY,"13095",USA,MINIMUM,-84.151171,31.580365,0.960000000000000,0.420000000000000,1337.000000000000000,"1","0","10",5.000000000000000,"1","1",8.150000095367432,"0",7.599999904632570,
"5134","10002102",ARRENDALE STATE PRISON,2023 GAINESVILLE HWY,ALTO,GA,"30510","-999",(706) 776-4700,STATE,OPEN,"1596",HABERSHAM,"13137",USA,MEDIUM,-83.595970,34.451068,0.750000000000000,0.300000000000000,6171.000000000000000,"0","0","1",1.000000000000000,"0","0",6.796969644951098,"0",7.000000000000000,
"5135","10001411",ATLANTA TRANSITIONAL CENTER,332 PONCE DE LEON AVE NE,ATLANTA,GA,"30308","-999",(404) 206-5103,STATE,OPEN,"281",FULTON,"13121",USA,MINIMUM,-84.376264,33.772809,0.180000000000000,0.770000000000000,4421.000000000000000,"0","0","0",0.000000000000000,"0","0",9.465091507584159,"1",9.399999618530270,washuonly
"5136","10001426",COLUMBUS TRANSITIONAL CENTER,3900 SCHATULGA ROAD,COLUMBUS,GA,"31907","-999",(706) 568-2167,STATE,OPEN,"139",MUSCOGEE,"13215",USA,MINIMUM,-84.868904,32.493948,0.840000000000000,0.600000000000000,2255.000000000000000,"0","0","0",0.000000000000000,"0","0",8.599999904632568,"0",8.500000000000000,
"5143","10006570",PASSAGES WOMEN'S COMMUNITY CORRECTIONAL FACILITY,1001 SOUTH 27TH STREET,BILLINGS,MT,"59101","-999",NOT AVAILABLE,MULTI,OPEN,"124",YELLOWSTONE,"30111",USA,NOT AVAILABLE,-108.492805,45.772109,0.570000000000000,0.170000000000000,3453.000000000000000,"0","0","5",4.000000000000000,"0","1",4.614285605294364,"0",4.599999904632570,
"5148","10001156",GREAT FALLS WOMEN'S PRE-RELEASE CENTER,1019 15TH ST N,GREAT FALLS,MT,"59401","-999",(406) 727-0944,STATE,OPEN,"27",CASCADE,"30013",USA,MINIMUM,-111.279961,47.516794,0.590000000000000,0.050000000000000,3719.000000000000000,"0","0","4",3.000000000000000,"0","1",5.049999952316284,"0",5.000000000000000,
"5149","10006580",GREAT FALLS PRE-RELEASE EAST CAMPUS,1715 10TH AVE NORTH,GREAT FALLS,MT,"59401","-999",(406) 727-0944,STATE,OPEN,"155",CASCADE,"30013",USA,NOT AVAILABLE,-111.278033,47.516581,0.590000000000000,0.050000000000000,3719.000000000000000,"0","0","4",3.000000000000000,"0","1",5.049999952316284,"0",5.000000000000000,
"5150","10000720",CI MOSHANNON VALLEY,555 GEO DRIVE,PHILIPSBURG,PA,"16866","-999",(814) 768-1200,FEDERAL,OPEN,"1756",CLEARFIELD,"42033",USA,MINIMUM,-78.242431,40.920877,0.900000000000000,0.250000000000000,6572.000000000000000,"1","0","2",2.000000000000000,"1","1",7.010280372940492,"0",7.033333301544190,
"5151","10002759",SAYLE SAFPF,4176 FM 1800,BRECKENRIDGE,TX,"76424","7301",(254) 559-1581,STATE,OPEN,"169",STEPHENS,"48429",USA,NOT AVAILABLE,-98.846134,32.800860,0.880000000000000,0.270000000000000,3366.000000000000000,"0","0","0",0.000000000000000,"0","0",5.450813005287150,"0",5.599999904632570,
"5153","10001990",USP BEAUMONT,6200 KNAUTH ROAD,BEAUMONT,TX,"77705","-999",(409) 727-8188,FEDERAL,OPEN,"1097",JEFFERSON,"48245",USA,MAXIMUM,-94.079500,29.959525,,0.860000000000000,5132.000000000000000,"0","0","0",0.000000000000000,"0","0",7.699999928474426,"0",7.674999952316280,
"5157","10001605",ROBINSON CORRECTIONAL INSTITUTION,285 SHAKER RD,ENFIELD,CT,"06082","-999",(860) 253-8000,STATE,OPEN,"1415",HARTFORD,"09003",USA,MEDIUM,-72.516367,42.017788,0.570000000000000,0.110000000000000,6467.000000000000000,"0","0","0",0.000000000000000,"0","0",6.357142993382046,"0",6.400000095367430,
"5185","10000402",BAKER CORRECTIONAL INSTITUTION,20706 US HIGHWAY 90 W,SANDERSON,FL,"32087","2359",(386) 719-4500,STATE,OPEN,"999",BAKER,"12003",USA,CLOSE,-82.374512,30.213251,0.570000000000000,0.220000000000000,8181.000000000000000,"0","0","2",2.000000000000000,"0","0",6.741881186891312,"0",7.300000190734860,
"5195","10003624",MONTANA STATE PRISON,400 CONLEY LAKE RD,DEER LODGE,MT,"59722","-999",(406) 846-1320,STATE,OPEN,"1550",POWELL,"30077",USA,MAXIMUM,-112.800321,46.383025,0.460000000000000,0.020000000000000,5544.000000000000000,"0","0","0",0.000000000000000,"0","1",4.715510958302630,"0",4.950000047683720,
"5196","10001933",CASCADE COUNTY REGIONAL PRISON,3800 ULM NORTH FRONTAGE RD,GREAT FALLS,MT,"59404","-999",(406) 454-6823,STATE,OPEN,"152",CASCADE,"30013",USA,NOT AVAILABLE,-111.367625,47.468972,0.750000000000000,0.030000000000000,4177.000000000000000,"0","0","0",0.000000000000000,"0","0",4.696570991138902,"0",4.699999809265140,
"5197","10001155",DAWSON COUNTY CORRECTIONAL FACILITY,440 COLORADO BLVD,GLENDIVE,MT,"59330","-999",(406) 377-7600,STATE,OPEN,"141",DAWSON,"30021",USA,NOT AVAILABLE,-104.685222,47.131081,0.210000000000000,0.020000000000000,5016.000000000000000,"0","0","0",0.000000000000000,"0","1",4.753097327409592,"0",4.699999809265140,
"5199","10003625",RIVERSIDE RECOVERY & REENTRY PROGRAM,2 RIVERSIDE ROAD,BOULDER,MT,"59632","0088",(406) 225-4500,STATE,OPEN,"31",JEFFERSON,"30043",USA,NOT AVAILABLE,-112.115933,46.226887,0.660000000000000,0.010000000000000,3920.000000000000000,"0","0","0",0.000000000000000,"0","1",4.306240704934629,"0",4.199999809265141,
"5200","10006572",ELKHORN TREATMENT CENTER,P.O. BOX 448,BOULDER,MT,"59632","-999",(406) 447-5300,STATE,OPEN,"40",JEFFERSON,"30043",USA,NOT AVAILABLE,-112.117689,46.225472,0.660000000000000,0.010000000000000,3920.000000000000000,"0","0","0",0.000000000000000,"0","1",4.306240704934629,"0",4.199999809265141,
"5202","10006575",WATCH EAST,700 LITTLE STREET,GLENDIVE,MT,"59330","-999",(406) 377-6001,STATE,OPEN,"54",DAWSON,"30021",USA,NOT AVAILABLE,-104.691304,47.115255,0.210000000000000,0.020000000000000,5016.000000000000000,"0","0","0",0.000000000000000,"0","1",4.753097327409592,"0",4.750000000000000,
"5206","10001972",FMC CARSWELL CAMP,"NAVAL AIR STATION, J ST",FORT WORTH,TX,"76127","-999",(817) 782-4000,FEDERAL,OPEN,"306",TARRANT,"48439",USA,MINIMUM,-97.420861,32.785653,0.590000000000000,0.730000000000000,3752.000000000000000,"0","0","1",1.000000000000000,"0","1",7.861538446866550,"0",7.700000047683720,
"5207","10005282",KONOCTI CONSERVATION CAMP #27,8275 SOUTH STATE HIGHWAY 29,LOWER LAKE,CA,"95457","-999",(707) 994-2437,STATE,OPEN,"95",LAKE,"06033",USA,MINIMUM,-122.707760,38.910570,0.880000000000000,0.880000000000000,6608.000000000000000,"0","0","0",0.000000000000000,"0","0",4.834453781111902,"0",5.299999952316280,
"5209","10002693",FCI WILLIAMSBURG CAMP,8301 HWY 521,SALTERS,SC,"29590","-999",(843) 387-9400,FEDERAL,OPEN,"144",WILLIAMSBURG,"45089",USA,MINIMUM,-79.888063,33.586006,0.970000000000000,0.130000000000000,2902.000000000000000,"1","0","9",6.000000000000000,"1","0",5.369629642109812,"0",5.599999904632570,
"5212","10000084",TUCKER UNIT,2400 STATE FARM ROAD,TUCKER,AR,"72168","-999",(501) 842-2519,STATE,OPEN,"1007",JEFFERSON,"05069",USA,MAXIMUM,-91.909475,34.439227,0.000000000000000,0.650000000000000,1657.000000000000000,"0","0","0",0.000000000000000,"0","0",8.251851876576742,"0",8.075000166893012,
"5213","10000062",NORTHWEST ARKANSAS WORK RELEASE CENTER,600 WEST SUNSET AVENUE,SPRINGDALE,AR,"72764","-999",(479) 756-2037,STATE,OPEN,"100",WASHINGTON,"05143",USA,MINIMUM,-94.135627,36.174954,0.440000000000000,0.760000000000000,2081.000000000000000,"0","0","4",3.000000000000000,"0","1",8.200000286102297,"0",8.300000190734860,
"5230","10000761",HUDSON CORRECTIONAL FACILITY / WORK RELEASE,50 E COURT ST,HUDSON,NY,"12534","0576",(518) 828-4311,STATE,OPEN,"131",COLUMBIA,"36021",USA,MEDIUM,-73.793098,42.244590,0.590000000000000,0.080000000000000,3052.000000000000000,"0","0","0",0.000000000000000,"0","0",5.975000023841858,"0",5.900000095367430,
"5231","10000573",BUENA VISTA CORRECTIONAL FACILITY,5125 HWY 24 & 285,BUENA VISTA,CO,"81211","-999",(719) 395-2404,STATE,OPEN,"1212",CHAFFEE,"08015",USA,CLOSE,-106.114714,38.822101,0.930000000000000,0.000000000000000,4110.000000000000000,"1","0","0",0.000000000000000,"1","0",4.070020957063079,"0",4.599999904632570,
"5232","10000576",FREMONT CORRECTIONAL FACILITY,E US HIGHWAY 50 EVANS BLVD,CANON CITY,CO,"81215","-999",(719) 269-5002,STATE,OPEN,"1606",FREMONT,"08043",USA,CLOSE,-105.161617,38.422642,,0.010000000000000,5952.000000000000000,"0","0","1",1.000000000000000,"0","0",4.778571503502982,"0",4.750000000000000,
"5233","10006177",FCI MCDOWELL,101 FEDERAL DRIVE,WELCH,WV,"24801","-999",(304) 436-7300,FEDERAL,OPEN,"1116",MCDOWELL,"54047",USA,MEDIUM,-81.553142,37.469790,0.940000000000000,0.150000000000000,4181.000000000000000,"1","0","9",5.000000000000000,"1","1",6.423529446125032,"0",6.400000095367430,
"5234","10006178",FCI MCDOWELL CAMP,101 FEDERAL DRIVE,WELCH,WV,"24801","-999",(304) 436-7300,FEDERAL,OPEN,"50",MCDOWELL,"54047",USA,MINIMUM,-81.555218,37.475897,0.940000000000000,0.150000000000000,4181.000000000000000,"1","0","9",5.000000000000000,"1","1",6.423529446125032,"0",6.400000095367430,
"5236","10000587",SAN CARLOS CORRECTIONAL FACILITY,1410 WEST 13TH STREET,PUEBLO,CO,"81003","-999",(719) 544-4800,STATE,OPEN,"219",PUEBLO,"08101",USA,MAXIMUM,-104.631779,38.280088,,0.050000000000000,1838.000000000000000,"0","0","3",3.000000000000000,"0","0",5.324747696543806,"0",5.450000047683720,
"5237","10000593",TRINIDAD CORRECTIONAL FACILITY,21000 HIGHWAY 350 EAST,MODEL,CO,"81059","-999",(719) 845-3226,STATE,OPEN,"503",LAS ANIMAS,"08071",USA,MINIMUM,-104.286657,37.300346,0.950000000000000,0.000000000000000,2549.000000000000000,"1","0","3",2.000000000000000,"1","1",3.812799429051333,"0",3.500000000000000,
"5239","10000554",STERLING CORRECTIONAL FACILITY,12101 HIGHWAY 61,STERLING,CO,"80751","-999",(970) 521-5010,STATE,OPEN,"2486",LOGAN,"08075",USA,MAXIMUM,-103.162102,40.611235,0.940000000000000,0.020000000000000,2164.000000000000000,"1","0","0",0.000000000000000,"1","0",3.989671121275805,"0",4.333333492279050,
"5240","10002221",CHEYENNE MOUNTAIN RE-ENTRY CENTER,2925 EAST LAS VEGAS STREET,COLORADO SPRINGS,CO,"80906","-999",(719) 390-0125,STATE,OPEN,"677",EL PASO,"08041",USA,MEDIUM,-104.775397,38.782958,0.730000000000000,0.060000000000000,5493.000000000000000,"0","0","3",3.000000000000000,"0","0",5.176922981555646,"0",5.199999809265140,
"5242","10000004",FCI MORGANTOWN,446 GREENBAG ROAD,MORGANTOWN,WV,"26501","-999",(304) 296-4416,FEDERAL,OPEN,"685",MONONGALIA,"54061",USA,MINIMUM,-79.949886,39.602411,0.410000000000000,0.180000000000000,4276.000000000000000,"0","0","0",0.000000000000000,"0","0",7.391666769981384,"0",7.400000095367430,
"5243","10000044",FCI BECKLEY CAMP,1600 INDUSTRIAL ROAD,BEAVER,WV,"25813","-999",(304) 252-9758,FEDERAL,OPEN,"101",RALEIGH,"54081",USA,MINIMUM,-81.131551,37.811752,0.590000000000000,0.170000000000000,5490.000000000000000,"0","0","0",0.000000000000000,"0","1",6.505923324345712,"0",6.900000095367430,
"5258","10002228",ARKANSAS VALLEY CORRECTIONAL FACILITY,12750 HIGHWAY 96 AT LANE 13,ORDWAY,CO,"81034","-999",(719) 267-3520,STATE,OPEN,"1047",CROWLEY,"08025",USA,CLOSE,-103.842185,38.191468,0.910000000000000,0.020000000000000,5754.000000000000000,"1","0","3",3.000000000000000,"1","1",3.935205978400699,"0",4.099999904632570,
"5260","10002227",COLORADO STATE PENITENTIARY,E US HIGHWAY 50 EVANS BLVD,CANON CITY,CO,"81215","-999",(719) 269-5120,STATE,OPEN,"700",FREMONT,"08043",USA,MAXIMUM,-105.158010,38.440805,,0.010000000000000,5952.000000000000000,"0","0","1",1.000000000000000,"0","0",4.778571503502982,"0",4.800000190734860,
"5262","10003209",SING SING CORRECTIONAL FACILITY,354 HUNTER ST,OSSINING,NY,"10562","5442",(914) 941-0108,STATE,OPEN,"1576",WESTCHESTER,"36119",USA,MAXIMUM,-73.868396,41.151132,,0.390000000000000,1723.000000000000000,"0","0","2",2.000000000000000,"0","0",6.485237220583468,"0",6.300000190734860,
"5274","10001184",EAST BOISE COMMUNITY REENTRY CENTER,2366 OLD PENITENTIARY RD,BOISE,ID,"83712","-999",(208) 334-3448,STATE,OPEN,"109",ADA,"16001",USA,MINIMUM,-116.163844,43.603141,0.030000000000000,0.220000000000000,4458.000000000000000,"0","0","0",0.000000000000000,"0","0",6.066666629579332,"0",6.199999809265140,
"5275","10004339",TREASURE VALLEY COMMUNITY REENTRY CENTER,14195 S PLEASANT VALLEY RD,KUNA,ID,"83634","-999",(208) 334-2241,STATE,OPEN,"102",ADA,"16001",USA,MINIMUM,-116.240282,43.473880,0.350000000000000,0.140000000000000,7924.000000000000000,"0","0","0",0.000000000000000,"0","1",5.812246689397334,"0",6.250000000000000,
"5276","10001186",IDAHO FALLS COMMUNITY REENTRY CENTER,3955 BOMBARDIER AVE,IDAHO FALLS,ID,"83402","-999",(208) 525-7143,STATE,OPEN,"95",BONNEVILLE,"16019",USA,MINIMUM,-112.063906,43.462301,0.080000000000000,0.100000000000000,9272.000000000000000,"0","0","0",0.000000000000000,"0","0",4.854054122357756,"0",4.900000095367430,
"5277","10001182",IDAHO MAXIMUM SECURITY INSTITUTION,13400 S PLEASANT VALLEY RD,KUNA,ID,"83634","-999",(208) 338-1635,STATE,OPEN,"553",ADA,"16001",USA,MAXIMUM,-116.223362,43.479602,0.350000000000000,0.140000000000000,7924.000000000000000,"0","0","0",0.000000000000000,"0","1",5.812246689397334,"0",6.250000000000000,
"5278","10001181",IDAHO STATE CORRECTIONAL INSTITUTION,13500 S PLEASANT VALLEY RD,KUNA,ID,"83634","-999",(208) 336-0740,STATE,OPEN,"1473",ADA,"16001",USA,MEDIUM,-116.218958,43.479388,0.350000000000000,0.140000000000000,7924.000000000000000,"0","0","0",0.000000000000000,"0","1",5.812246689397334,"0",6.233333269755050,
"5279","10001185",SOUTH BOISE WOMEN'S CORRECTIONAL CENTER,13200 S PLEASANT VALLEY RD,KUNA,ID,"83634","-999",(208) 334-2731,STATE,OPEN,"293",ADA,"16001",USA,MINIMUM,-116.230902,43.481621,0.350000000000000,0.140000000000000,7924.000000000000000,"0","0","0",0.000000000000000,"0","1",5.812246689397334,"0",6.350000143051150,
"5280","10001173",NORTH IDAHO CORRECTIONAL INSTITUTION,236 RADAR RD,COTTONWOOD,ID,"83522","-999",(208) 962-3276,STATE,OPEN,"409",IDAHO,"16049",USA,NOT AVAILABLE,-116.428059,46.079173,0.700000000000000,0.120000000000000,2408.000000000000000,"0","0","1",1.000000000000000,"0","1",4.252572892460569,"0",4.500000000000000,
"5281","10001172",IDAHO CORRECTIONAL INSTITUTION-OROFINO,381 WEST HOSPITAL DRIVE,OROFINO,ID,"83544","-999",(208) 476-3655,STATE,OPEN,"576",CLEARWATER,"16035",USA,MEDIUM,-116.260709,46.491978,0.680000000000000,0.540000000000000,5742.000000000000000,"0","0","2",1.000000000000000,"0","0",4.902949849412856,"0",5.549999952316280,
"5287","10001187",POCATELLO WOMEN'S CORRECTIONAL CENTER,1451 FORE RD,POCATELLO,ID,"83204","-999",(208) 236-6360,STATE,OPEN,"323",BANNOCK,"16005",USA,MAXIMUM,-112.450630,42.842562,0.380000000000000,0.060000000000000,2938.000000000000000,"0","0","4",2.000000000000000,"0","0",5.116666634877522,"0",5.049999952316280,
"5292","10000934",GARNER CORRECTIONAL INSTITUTION,50 NUNNAWAUK RD,NEWTOWN,CT,"06470","-999",(203) 270-2800,STATE,OPEN,"536",FAIRFIELD,"09001",USA,MAXIMUM,-73.272112,41.400359,0.520000000000000,0.280000000000000,5051.000000000000000,"0","0","0",0.000000000000000,"0","0",5.958620712674898,"0",6.199999809265140,
"5299","10000927",MACDOUGALL-WALKER CORRECTIONAL INSTITUTION,1153 EAST ST S,SUFFIELD,CT,"06080","-999",(860) 627-2100,STATE,OPEN,"1853",HARTFORD,"09003",USA,MAXIMUM,-72.636747,41.950480,0.410000000000000,0.120000000000000,8543.000000000000000,"0","0","0",0.000000000000000,"0","0",6.273333311080934,"0",6.450000047683720,
"5305","10000937",CHESHIRE CORRECTIONAL INSTITUTION,900 HIGHLAND AVE,CHESHIRE,CT,"06410","-999",(203) 651-6100,STATE,OPEN,"1270",NEW HAVEN,"09009",USA,MAXIMUM,-72.901765,41.521491,0.520000000000000,0.270000000000000,5968.000000000000000,"0","0","0",0.000000000000000,"0","0",6.583333386315240,"0",6.400000095367430,
"5307","10000955",USP POLLOCK,1000 AIRBASE RD,POLLOCK,LA,"71467","-999",(318) 561-5300,FEDERAL,OPEN,"1144",GRANT,"22043",USA,MAXIMUM,-92.438481,31.469764,0.840000000000000,0.730000000000000,8056.000000000000000,"0","0","0",0.000000000000000,"0","1",7.165765745145780,"0",7.500000000000000,
"5318","10001489",QUEHANNA BOOT CAMP,4395 QUEHANNA HWY,KARTHAUS,PA,"16845","-999",(814) 263-4125,STATE,OPEN,"457",CLEARFIELD,"42033",USA,MINIMUM,-78.145095,41.184825,0.980000000000000,0.160000000000000,2131.000000000000000,"1","0","0",0.000000000000000,"1","1",6.850444069552380,"0",6.800000190734860,
"5323","10000931",CORRIGAN-RADGOWSKI CORRECTIONAL CENTER,986 NORWICH-NEW LONDON TURNPIKE,UNCASVILLE,CT,"06382","-999",(860) 848-5700,STATE,OPEN,"1196",NEW LONDON,"09011",USA,MAXIMUM,-72.112173,41.454184,0.750000000000000,0.070000000000000,3634.000000000000000,"0","0","0",0.000000000000000,"0","0",5.783333341280620,"0",5.699999809265140,
"5327","10004089",USP POLLOCK CAMP,1000 AIRBASE RD,POLLOCK,LA,"71467","-999",(318) 561-5300,FEDERAL,OPEN,"170",GRANT,"22043",USA,MINIMUM,-92.436328,31.466133,0.840000000000000,0.730000000000000,8056.000000000000000,"0","0","0",0.000000000000000,"0","1",7.165765745145780,"0",7.500000000000000,
"5328","10000933",YORK CORRECTIONAL INSTITUTION,201 W MAIN ST,NIANTIC,CT,"06357","-999",(860) 451-3001,STATE,OPEN,"973",NEW LONDON,"09011",USA,MAXIMUM,-72.237542,41.323082,0.610000000000000,0.080000000000000,5620.000000000000000,"0","0","0",0.000000000000000,"0","0",5.585294148501228,"0",5.900000095367430,
"5329","10000929",NORTHERN CORRECTIONAL INSTITUTION,287 BILTON RD,SOMERS,CT,"06071","-999",(860) 763-8600,STATE,OPEN,"274",TOLLAND,"09013",USA,MAXIMUM,-72.494240,42.018316,,0.100000000000000,1706.000000000000000,"0","0","0",0.000000000000000,"0","0",6.166666666666668,"0",6.199999809265140,
"5335","10002400",BRIDGEPORT CORRECTIONAL CENTER,1106 NORTH AVE,BRIDGEPORT,CT,"06604","-999",(475) 225-8000,STATE,OPEN,"787",FAIRFIELD,"09001",USA,MAXIMUM,-73.201060,41.190614,0.940000000000000,0.320000000000000,4949.000000000000000,"1","0","8",4.000000000000000,"1","1",6.400000095367432,"0",6.400000095367430,
"5338","10000772",HERLONG FCI,741-925 ACCESS RD A-25,HERLONG,CA,"96113","-999",(530) 827-8000,FEDERAL,OPEN,"898",LASSEN,"06035",USA,MEDIUM,-120.166192,40.151192,0.610000000000000,0.270000000000000,3209.000000000000000,"0","0","1",1.000000000000000,"0","0",6.907597546378364,"0",6.049999952316280,
"5344","10002399",BROOKLYN CORRECTIONAL INSTITUTION,59 HARTFORD RD,BROOKLYN,CT,"06234","-999",(860) 779-2600,STATE,OPEN,"450",WINDHAM,"09015",USA,MEDIUM,-71.954262,41.784164,0.720000000000000,0.070000000000000,8238.000000000000000,"0","0","0",0.000000000000000,"0","0",5.258139504942784,"0",5.199999809265140,
"5345","10005380",NEW HAVEN CORRECTIONAL CENTER,245 WHALLEY AVE,NEW HAVEN,CT,"06511","-999",(203) 974-4111,STATE,OPEN,"684",NEW HAVEN,"09009",USA,MAXIMUM,-72.939971,41.317481,0.920000000000000,0.280000000000000,5149.000000000000000,"1","0","8",5.000000000000000,"1","1",6.754563252179146,"0",6.799999952316280,
"5353","10002348",CENTINELA STATE PRISON (CEN),2302 BROWN ROAD,IMPERIAL,CA,"92251","-999",(760) 337-7900,STATE,OPEN,"3473",IMPERIAL,"06025",USA,MAXIMUM,-115.789055,32.823397,0.950000000000000,0.240000000000000,4984.000000000000000,"1","0","0",0.000000000000000,"1","1",8.418763700256950,"0",9.299999713897710,
"5376","10002670",LIVESAY CORRECTIONAL INSTITUTION-A CAMP,104 BROADCAST DR,SPARTANBURG,SC,"29303","-999",(803) 734-1375,STATE,OPEN,"-999",SPARTANBURG,"45083",USA,MINIMUM,-81.986010,34.977189,0.610000000000000,0.430000000000000,6274.000000000000000,"0","0","2",1.000000000000000,"0","0",7.515384564032922,"0",8.000000000000000,
"5377","10001931",MACDOUGALL CORRECTIONAL INSTITUTION,1516 OLD GILLIARD RD,RIDGEVILLE,SC,"29472","-999",(843) 688-5251,STATE,OPEN,"640",BERKELEY,"45015",USA,MEDIUM,-80.291585,33.169875,0.840000000000000,0.180000000000000,3515.000000000000000,"0","0","2",2.000000000000000,"0","0",5.873015869231452,"0",6.000000119209290,
"5381","10000960",RAYMOND LABORDE CORRECTIONAL CENTER,1630 PRISON RD,COTTONPORT,LA,"71327","-999",(318) 876-2891,STATE,OPEN,"1754",AVOYELLES,"22009",USA,MAXIMUM,-92.025227,30.974422,0.800000000000000,0.610000000000000,7721.000000000000000,"0","0","1",1.000000000000000,"0","0",7.642990669357444,"0",7.400000095367430,
"5410","10002395",CENTRAL DETENTION FACILITY,1901 D ST SE,WASHINGTON,DC,"20003","-999",(202) 698-4932,STATE,OPEN,"1358",DISTRICT OF COLUMBIA,"11001",USA,NOT AVAILABLE,-76.976585,38.883439,0.040000000000000,0.520000000000000,2800.000000000000000,"0","0","5",3.000000000000000,"0","1",7.550000190734864,"0",7.300000190734860,
"5416","10002396",CORRECTIONAL TREATMENT FACILITY,1901 E ST SE,WASHINGTON,DC,"20003","-999",(202) 790-6601,STATE,OPEN,"676",DISTRICT OF COLUMBIA,"11001",USA,MEDIUM,-76.975273,38.882065,0.040000000000000,0.520000000000000,2800.000000000000000,"0","0","5",3.000000000000000,"0","1",7.550000190734864,"0",7.300000190734860,
"5420","10005283",WASHINGTON RIDGE CONSERVATION CAMP #44,11425 CONSERVATION CAMP ROAD,NEVADA CITY,CA,"95959","-999",(530) 265-4623,STATE,OPEN,"92",NEVADA,"06057",USA,MINIMUM,-120.934917,39.307909,0.380000000000000,0.220000000000000,5450.000000000000000,"0","0","0",0.000000000000000,"0","0",5.830177498992378,"0",5.699999809265140,
"5422","10000704",MORRIS COMMUNITY CORRECTIONS CENTER,300 WATER ST,DOVER,DE,"19904","-999",(302) 739-4758,STATE,OPEN,"135",KENT,"10001",USA,NOT AVAILABLE,-75.527269,39.153285,0.540000000000000,0.140000000000000,3639.000000000000000,"0","0","2",2.000000000000000,"0","1",6.885714326586042,"0",6.500000000000000,
"5428","10000699",HOWARD R YOUNG CORRECTIONAL INSTITUTION,1301 E 12TH ST,WILMINGTON,DE,"19802","-999",(302) 429-7700,STATE,OPEN,"1658",NEW CASTLE,"10003",USA,MAXIMUM,-75.529406,39.741242,0.920000000000000,0.550000000000000,3537.000000000000000,"1","0","7",6.000000000000000,"1","1",8.169451349141935,"0",8.150000095367430,
"5443","10006200",USP HAZELTON CAMP,1640 SKY VIEW DR.,BRUCETON MILLS,WV,"26525","-999",(304) 379-5000,FEDERAL,OPEN,"76",PRESTON,"54077",USA,MINIMUM,-79.503203,39.673881,0.630000000000000,0.110000000000000,7135.000000000000000,"0","0","2",2.000000000000000,"0","1",6.740112982227304,"0",6.900000095367430,
"5446","10000706",SUSSEX COMMUNITY CORRECTIONS CENTER,23207 DUPONT BLVD,GEORGETOWN,DE,"19947","-999",(302) 856-5790,STATE,OPEN,"308",SUSSEX,"10005",USA,NOT AVAILABLE,-75.371968,38.658484,0.540000000000000,0.130000000000000,6727.000000000000000,"0","0","0",0.000000000000000,"0","0",6.252083281675976,"0",6.400000095367430,
"5447","10000707",SUSSEX CORRECTIONAL INSTITUTION,23203 DUPONT BLVD,GEORGETOWN,DE,"19947","-999",(302) 856-5280,STATE,OPEN,"1130",SUSSEX,"10005",USA,MAXIMUM,-75.370246,38.660047,0.540000000000000,0.130000000000000,6727.000000000000000,"0","0","0",0.000000000000000,"0","0",6.252083281675976,"0",6.350000023841860,
"5454","10000701",PLUMMER COMMUNITY CORRECTIONS CENTER,38 TODDS LN,WILMINGTON,DE,"19802","-999",(302) 761-2800,STATE,OPEN,"130",NEW CASTLE,"10003",USA,NOT AVAILABLE,-75.529044,39.756645,0.680000000000000,0.560000000000000,3311.000000000000000,"0","0","2",1.000000000000000,"0","0",8.035826545367074,"0",8.100000381469730,
"5458","10002260",BAYLOR WOMEN'S CORRECTIONAL INSTITUTION,660 BAYLOR BLVD,NEW CASTLE,DE,"19720","-999",(302) 577-3004,STATE,OPEN,"394",NEW CASTLE,"10003",USA,MAXIMUM,-75.581258,39.703932,0.660000000000000,0.470000000000000,5779.000000000000000,"0","0","0",0.000000000000000,"0","1",8.022222254011366,"0",8.000000000000000,
"5460","10006152",FPC ALDERSON,GLEN RAY RD,ALDERSON,WV,"24910","-999",(304) 445-3300,FEDERAL,OPEN,"830",GREENBRIER,"54025",USA,MINIMUM,-80.669153,37.724234,0.950000000000000,0.150000000000000,4666.000000000000000,"1","0","6",5.000000000000000,"1","0",6.231134559359588,"0",6.099999904632570,
"5461","10002262",JAMES T VAUGHN CORRECTIONAL CENTER,1181 PADDOCK RD,SMYRNA,DE,"19977","-999",(302) 653-9261,STATE,OPEN,"2385",NEW CASTLE,"10003",USA,MAXIMUM,-75.599590,39.332955,0.440000000000000,0.190000000000000,3953.000000000000000,"0","0","0",0.000000000000000,"0","0",6.741284409794240,"0",6.599999904632570,
"5472","10000006",USP HAZELTON,1640 SKY VIEW DR.,BRUCETON MILLS,WV,"26525","-999",(304) 379-5000,FEDERAL,OPEN,"1238",PRESTON,"54077",USA,MAXIMUM,-79.496877,39.672958,0.630000000000000,0.110000000000000,7135.000000000000000,"0","0","2",2.000000000000000,"0","1",6.740112982227304,"0",6.850000143051150,
"5474","10006199",FCI HAZELTON SFF,1640 SKY VIEW DR.,BRUCETON MILLS,WV,"26525","-999",(304) 379-1500,FEDERAL,OPEN,"542",PRESTON,"54077",USA,MEDIUM,-79.503983,39.667375,0.630000000000000,0.110000000000000,7135.000000000000000,"0","0","2",2.000000000000000,"0","1",6.740112982227304,"0",6.800000190734860,
"5475","10000043",FCI BECKLEY,1600 INDUSTRIAL ROAD,BEAVER,WV,"25813","-999",(304) 252-9758,FEDERAL,OPEN,"1518",RALEIGH,"54081",USA,MEDIUM,-81.129528,37.816650,0.590000000000000,0.170000000000000,5490.000000000000000,"0","0","0",0.000000000000000,"0","1",6.505923324345712,"0",6.850000143051150,
"5476","10000023",FCI GILMER,201 FCI LANE,GLENVILLE,WV,"26351","-999",(304) 626-2500,FEDERAL,OPEN,"1418",GILMER,"54021",USA,MEDIUM,-80.784607,38.915863,0.630000000000000,0.200000000000000,5440.000000000000000,"0","0","0",0.000000000000000,"0","1",6.238095233553932,"0",6.099999904632570,
"5479","10000887",FCI TERMINAL ISLAND,1299 SEASIDE AVENUE,SAN PEDRO,CA,"90731","-999",(310) 831-8961,FEDERAL,OPEN,"1185",LOS ANGELES,"06037",USA,MINIMUM,-118.267063,33.726491,0.080000000000000,0.930000000000000,1175.000000000000000,"0","1","0",0.000000000000000,"1","1",9.883333285649618,"1",9.699999809265140,both
"5480","10000974",LOUISIANA CORRECTIONAL INSTITUTE FOR WOMEN,7205 STATE HWY 74,ST. GABRIEL,LA,"70776","-999",(225) 319-2701,STATE,OPEN,"573",IBERVILLE,"22047",USA,MAXIMUM,-91.073743,30.263189,0.520000000000000,0.860000000000000,8279.000000000000000,"0","0","3",3.000000000000000,"0","1",8.511347544108721,"0",8.600000381469730,
"5481","10000806",USP ATWATER,1 FEDERAL WAY,ATWATER,CA,"95301","-999",(209) 386-0257,FEDERAL,OPEN,"1104",MERCED,"06047",USA,MAXIMUM,-120.558811,37.385902,0.700000000000000,0.990000000000000,3231.000000000000000,"0","1","3",3.000000000000000,"1","1",8.966115778142756,"0",9.550000190734860,cejstonly
"5485","10000871",MCC SAN DIEGO,808 UNION STREET,SAN DIEGO,CA,"92101","-999",(619) 232-4311,FEDERAL,OPEN,"949",SAN DIEGO,"06073",USA,MAXIMUM,-117.166093,32.713914,0.030000000000000,0.830000000000000,5847.000000000000000,"0","0","0",0.000000000000000,"0","1",10.169537063363414,"1",10.100000381469700,washuonly
"5489","10001106",ANTHONY CORRECTIONAL CENTER,313 ANTHONY CENTER DRIVE,WHITE SULPHUR SPRINGS,WV,"24986","-999",(304) 536-3911,STATE,OPEN,"220",GREENBRIER,"54025",USA,MINIMUM,-80.126595,37.963241,0.870000000000000,0.080000000000000,5810.000000000000000,"0","0","3",2.000000000000000,"0","0",6.211041988147362,"0",6.300000190734860,
"5490","10001108",BECKLEY CORRECTIONAL CENTER,111 S EISENHOWER DRIVE,BECKLEY,WV,"25801","-999",(304) 256-6780,STATE,OPEN,"137",RALEIGH,"54081",USA,MINIMUM,-81.165328,37.785045,0.680000000000000,0.200000000000000,3519.000000000000000,"0","0","4",1.000000000000000,"0","0",7.133333206176758,"0",7.199999809265140,
"5491","10006673",CHARLESTON CORRECTIONAL CENTER,1356 HANSFORD STREET,CHARLESTON,WV,"25301","-999",(304) 340-6921,STATE,OPEN,"-999",KANAWHA,"54039",USA,MINIMUM,-81.619145,38.347821,0.840000000000000,0.430000000000000,1615.000000000000000,"0","0","10",5.000000000000000,"0","0",7.106386842970258,"0",7.099999904632570,
"5493","10006387",HAZEL D. PLANT WOMENS TREATMENT FACILITY,620 BAYLOR BOULEVARD,NEW CASTLE,DE,"19720","1140",(302) 777-6800,STATE,OPEN,"92",NEW CASTLE,"10003",USA,NOT AVAILABLE,-75.582935,39.702451,0.660000000000000,0.470000000000000,5779.000000000000000,"0","0","0",0.000000000000000,"0","1",8.022222254011366,"0",8.000000000000000,
"5494","10000028",DENMAR CORRECTIONAL CENTER,4319 DENMAR ROAD,HILLSBORO,WV,"24946","-999",(304) 653-4201,STATE,OPEN,"232",POCAHONTAS,"54075",USA,MEDIUM,-80.220504,38.085606,0.870000000000000,0.060000000000000,2253.000000000000000,"0","0","4",4.000000000000000,"0","1",6.058912411917374,"0",6.300000190734860,
"5495","10006674",HUTTONSVILLE WORK CAMP,"US HWY 250 S, P.O. BOX 1",HUTTONSVILLE,WV,"26273","-999",(304) 335-2291,STATE,OPEN,"-999",RANDOLPH,"54083",USA,MINIMUM,-79.979581,38.696891,0.890000000000000,0.050000000000000,4492.000000000000000,"0","0","4",4.000000000000000,"0","1",6.127263402252042,"0",6.599999904632570,
"5496","10003595",MARTINSBURG CORRECTIONAL CENTER,38 GRAPEVINE ROAD,MARTINSBURG,WV,"25401","-999",(304) 267-0156,STATE,OPEN,"121",BERKELEY,"54003",USA,MEDIUM,-77.956698,39.434751,0.240000000000000,0.360000000000000,13266.000000000000000,"0","0","0",0.000000000000000,"0","0",7.131481479715418,"0",7.300000190734860,
"5501","10006146",SALEM CORRECTIONAL CENTER,7 INDUSTRIAL BOULEVARD,INDUSTRIAL,WV,"26426","-999",(304) 782-2371,STATE,OPEN,"-999",HARRISON,"54017",USA,MEDIUM,-80.578955,39.281595,0.410000000000000,0.210000000000000,4598.000000000000000,"0","0","0",0.000000000000000,"0","0",6.523415465589980,"0",6.624999880790710,
"5502","10000336","APALACHEE CORRECTIONAL INSTITUTION, WEST UNIT",52 WEST UNIT DR,SNEADS,FL,"32460","4165",(850) 593-9702,STATE,OPEN,"789",JACKSON,"12063",USA,CLOSE,-84.888182,30.711483,0.750000000000000,0.310000000000000,6020.000000000000000,"0","0","2",1.000000000000000,"0","0",7.211219506147432,"0",7.500000000000000,
"5504","10001652",SOUTH LA CORRECTIONAL CENTER,3843 STAGG AVE,BASILE,LA,"70515","-999",(337) 432-5493,MULTI,OPEN,"0",EVANGELINE,"22039",USA,MAXIMUM,-92.583142,30.487373,0.830000000000000,0.630000000000000,5310.000000000000000,"0","0","5",3.000000000000000,"0","0",7.819122296515678,"0",7.500000000000000,
"5505","10006197",FCI OAKDALE II CAMP,2105 EAST WHATLEY,OAKDALE,LA,"71463","-999",(318) 335-4466,FEDERAL,OPEN,"132",ALLEN,"22003",USA,MINIMUM,-92.642082,30.823816,0.900000000000000,0.670000000000000,5344.000000000000000,"1","0","0",0.000000000000000,"1","0",7.177419339456866,"0",7.300000190734860,
"5506","10001879",MT. OLIVE CORRECTIONAL COMPLEX,1 MOUNTAINSIDE WAY,MT. OLIVE,WV,"25185","-999",(304) 442-7213,STATE,OPEN,"1022",FAYETTE,"54019",USA,MAXIMUM,-81.237993,38.234971,0.730000000000000,0.240000000000000,4599.000000000000000,"0","0","4",4.000000000000000,"0","1",6.311111144530468,"0",6.300000190734860,
"5507","10006191",PARKERSBURG CORRECTIONAL CENTER,225 HOLIDAY HILLS DRIVE,PARKERSBURG,WV,"26104","-999",(304) 420-2443,STATE,OPEN,"186",WOOD,"54107",USA,MINIMUM,-81.501570,39.265042,0.460000000000000,0.380000000000000,4364.000000000000000,"0","0","0",0.000000000000000,"0","0",6.781617641448976,"0",7.500000000000000,
"5510","10001445",BAY CORRECTIONAL FACILITY,5400 BAYLINE DR,PANAMA CITY,FL,"32404","5492",(850) 769-1455,STATE,OPEN,"964",BAY,"12005",USA,MEDIUM,-85.505532,30.265707,0.660000000000000,0.270000000000000,7650.000000000000000,"0","0","2",1.000000000000000,"0","0",6.744124700697206,"0",6.800000190734860,
"5520","10002153",CENTURY CORRECTIONAL INSTITUTION,400 TEDDER RD,CENTURY,FL,"32535","3659",(850) 256-2600,STATE,OPEN,"1353",ESCAMBIA,"12033",USA,CLOSE,-87.293070,30.959148,0.840000000000000,0.440000000000000,4791.000000000000000,"0","0","3",2.000000000000000,"0","0",6.951546403550610,"0",6.900000095367430,
"5521","10006205",BLACKWATER RIVER CORRECTIONAL FACILITY,5914 JEFF ATES ROAD,MILTON,FL,"32583","-999",(850) 983-4100,STATE,OPEN,"1977",SANTA ROSA,"12113",USA,CLOSE,-86.950609,30.645687,0.660000000000000,0.350000000000000,10146.000000000000000,"0","0","1",1.000000000000000,"0","0",7.562921371352808,"0",7.950000047683720,
"5522","10000422",FRANKLIN CORRECTIONAL INSTITUTION,1760 HWY 67 NORTH,CARRABELLE,FL,"32322","-999",(850) 697-1394,STATE,OPEN,"966",FRANKLIN,"12037",USA,CLOSE,-84.645857,29.877974,0.980000000000000,0.180000000000000,3943.000000000000000,"1","0","4",3.000000000000000,"1","1",7.555165315462538,"0",7.400000095367430,
"5525","10000412",GULF CORRECTIONAL INSTITUTION,500 IKE STEELE ROAD,WEWAHITCHKA,FL,"32465","0010",(850) 639-1000,STATE,OPEN,"1346",GULF,"12045",USA,CLOSE,-85.260659,30.175139,0.950000000000000,0.220000000000000,6815.000000000000000,"1","0","3",3.000000000000000,"1","0",6.738205509489422,"0",6.750000000000000,
"5526","10000411",GULF CORRECTIONAL INSTITUTION ANNEX,699 IKE STEELE ROAD,WEWAHITCHKA,FL,"32465","0010",(850) 639-1509,STATE,OPEN,"1200",GULF,"12045",USA,CLOSE,-85.267249,30.175128,0.950000000000000,0.220000000000000,6815.000000000000000,"1","0","3",3.000000000000000,"1","0",6.738205509489422,"0",6.699999809265140,
"5527","10000369",GADSDEN CORRECTIONAL FACILITY,6044 GREENSBORO HWY,QUINCY,FL,"32351","9100",(850) 875-9701,STATE,OPEN,"1049",GADSDEN,"12039",USA,MEDIUM,-84.655584,30.589721,0.680000000000000,0.360000000000000,5131.000000000000000,"0","0","5",3.000000000000000,"0","0",7.128750008344650,"0",7.500000000000000,
"5528","10000333",GRACEVILLE CORRECTIONAL FACILITY,5168 EZELL RD,GRACEVILLE,FL,"32440","-999",(850) 263-5500,STATE,OPEN,"1877",JACKSON,"12063",USA,CLOSE,-85.489342,30.944281,0.730000000000000,0.340000000000000,6141.000000000000000,"0","0","0",0.000000000000000,"0","0",7.106557371837846,"0",6.950000047683720,
"5529","10001126",YANKTON COMMUNITY WORK CENTER,178 MICKELSON DR,YANKTON,SD,"57078","-999",(605) 668-3355,STATE,OPEN,"292",YANKTON,"46135",USA,MINIMUM,-97.403658,42.915477,0.660000000000000,0.060000000000000,3623.000000000000000,"0","0","0",0.000000000000000,"0","0",5.754782585475756,"0",5.900000095367430,
"5534","10000334",JACKSON CORRECTIONAL INSTITUTION,5563 10TH ST,MALONE,FL,"32445","3144",(850) 569-5260,STATE,OPEN,"1394",JACKSON,"12063",USA,CLOSE,-85.168604,30.968726,0.720000000000000,0.330000000000000,3585.000000000000000,"0","0","3",2.000000000000000,"0","1",7.395815905167968,"0",7.500000000000000,
"5536","10000392",LIBERTY CORRECTIONAL INSTITUTION,11064 NW DEMPSEY BARRON RD,BRISTOL,FL,"32321","9711",(850) 643-9400,STATE,OPEN,"1278",LIBERTY,"12077",USA,CLOSE,-84.861876,30.466266,0.940000000000000,0.250000000000000,6145.000000000000000,"1","0","4",3.000000000000000,"1","0",7.210161661716312,"0",7.549999952316280,
"5537","10000365",NORTHWEST FLORIDA RECEPTION CENTER,4455 SAM MITCHELL DR,CHIPLEY,FL,"32428","3501",(850) 773-6100,STATE,OPEN,"1015",WASHINGTON,"12133",USA,CLOSE,-85.659698,30.520730,0.860000000000000,0.280000000000000,7373.000000000000000,"0","0","3",2.000000000000000,"0","0",7.379857823747030,"0",7.549999952316280,
"5539","10000368",NORTHWEST FLORIDA RECEPTION CENTER ANNEX,4455 SAM MITCHELL DR,CHIPLEY,FL,"32428","3597",(850) 773-6500,STATE,OPEN,"1428",WASHINGTON,"12133",USA,CLOSE,-85.656807,30.520745,0.860000000000000,0.280000000000000,7373.000000000000000,"0","0","3",2.000000000000000,"0","0",7.379857823747030,"0",7.549999952316280,
"5540","10004576",WAKULLA CORRECTIONAL INSTITUTION ANNEX,110 MELALEUCA DRIVE,CRAWFORDVILLE,FL,"32327","4963",(850) 617-9224,STATE,OPEN,"1071",WAKULLA,"12129",USA,CLOSE,-84.177097,30.263240,0.780000000000000,0.260000000000000,8389.000000000000000,"0","0","2",1.000000000000000,"0","0",7.243103436061314,"0",7.300000190734860,
"5541","10004557",OKALOOSA CORRECTIONAL INSTITUTION,3189 COLONEL GREG MALLOY RD,CRESTVIEW,FL,"32539","6708",(850) 682-0931,STATE,OPEN,"909",OKALOOSA,"12091",USA,CLOSE,-86.527331,30.696812,0.520000000000000,0.330000000000000,6444.000000000000000,"0","0","0",0.000000000000000,"0","1",7.510550459590528,"0",7.599999904632570,
"5542","10000339",SANTA ROSA CORRECTIONAL INSTITUTION,5850 E MILTON RD,MILTON,FL,"32583","7914",(850) 983-5800,STATE,OPEN,"1441",SANTA ROSA,"12113",USA,CLOSE,-86.967429,30.645615,0.660000000000000,0.350000000000000,10146.000000000000000,"0","0","1",1.000000000000000,"0","0",7.562921371352808,"0",8.100000381469730,
"5543","10004555",SANTA ROSA CORRECTIONAL INSTITUTION ANNEX,5850 EAST MILTON ROAD,MILTON,FL,"32583","7914",(850) 981-7602,STATE,OPEN,"863",SANTA ROSA,"12113",USA,CLOSE,-86.967286,30.648334,0.660000000000000,0.350000000000000,10146.000000000000000,"0","0","1",1.000000000000000,"0","0",7.562921371352808,"0",8.300000190734860,
"5544","10004575",WAKULLA CORRECTIONAL INSTITUTION,110 MELALEUCA DRIVE,CRAWFORDVILLE,FL,"32327","4963",(850) 410-1895,STATE,OPEN,"1440",WAKULLA,"12129",USA,CLOSE,-84.178037,30.260830,0.780000000000000,0.260000000000000,8389.000000000000000,"0","0","2",1.000000000000000,"0","0",7.243103436061314,"0",7.425000071525570,
"5545","10000395",COLUMBIA CORRECTIONAL INSTITUTION,216 SE CORRECTIONS WAY,LAKE CITY,FL,"32025","2013",(386) 754-7600,STATE,OPEN,"1041",COLUMBIA,"12023",USA,CLOSE,-82.500258,30.191223,0.700000000000000,0.210000000000000,9262.000000000000000,"0","0","2",2.000000000000000,"0","1",6.959601266686840,"0",7.200000127156580,
"5546","10000396",COLUMBIA CORRECTIONAL INSTITUTION ANNEX,216 SE CORRECTIONS WAY,LAKE CITY,FL,"32025","2013",(386) 754-7600,STATE,OPEN,"1408",COLUMBIA,"12023",USA,CLOSE,-82.508414,30.187691,0.700000000000000,0.210000000000000,9262.000000000000000,"0","0","2",2.000000000000000,"0","1",6.959601266686840,"0",7.000000000000000,
"5552","10000968",FCI OAKDALE II,2105 EAST WHATLEY ROAD,OAKDALE,LA,"71463","-999",(318) 335-4466,FEDERAL,OPEN,"874",ALLEN,"22003",USA,MINIMUM,-92.640638,30.820596,0.900000000000000,0.670000000000000,5344.000000000000000,"1","0","0",0.000000000000000,"1","0",7.177419339456866,"0",7.275000095367430,
"5554","10000956",FCI POLLOCK,1000 AIRBASE RD,POLLOCK,LA,"71467","-999",(318) 765-4400,FEDERAL,OPEN,"1436",GRANT,"22043",USA,MEDIUM,-92.446371,31.466928,0.840000000000000,0.730000000000000,8056.000000000000000,"0","0","0",0.000000000000000,"0","1",7.165765745145780,"0",7.599999904632570,
"5555","10000561",DENVER WOMENS CORRECTIONAL FACILITY,3600 HAVANA STREET,DENVER,CO,"80239","-999",(303) 371-4804,STATE,OPEN,"970",DENVER,"08031",USA,MAXIMUM,-104.860784,39.765102,0.000000000000000,0.620000000000000,13570.000000000000000,"0","0","0",0.000000000000000,"0","1",7.291666706403096,"0",7.250000000000000,
"5556","10000567",LIMON CORRECTIONAL FACILITY,49030 STATE HIGHWAY 71 SOUTH,LIMON,CO,"80826","-999",(719) 775-9221,STATE,OPEN,"852",LINCOLN,"08073",USA,CLOSE,-103.691685,39.218085,0.910000000000000,0.020000000000000,3588.000000000000000,"1","0","2",2.000000000000000,"1","0",4.321026151568838,"0",4.099999904632570,
"5567","10000864",USP LOMPOC,3901 KLEIN BLVD,LOMPOC,CA,"93436","-999",(805) 735-2771,FEDERAL,OPEN,"947",SANTA BARBARA,"06083",USA,MEDIUM,-120.505480,34.679187,0.180000000000000,0.150000000000000,2879.000000000000000,"0","0","1",1.000000000000000,"0","1",4.613333320617676,"0",4.750000000000000,
"5574","10000563",COLORADO CORRECTIONAL CENTER,15445 SOUTH GOLDEN ROAD,GOLDEN,CO,"80401","-999",(303) 273-1620,STATE,OPEN,"149",JEFFERSON,"08059",USA,MINIMUM,-105.171343,39.734937,0.030000000000000,0.190000000000000,5553.000000000000000,"0","0","0",0.000000000000000,"0","0",6.475000023841858,"0",6.400000095367430,
"5575","10000569",DELTA CORRECTIONAL CENTER,11363 LOCKHART ROAD,DELTA,CO,"81416","-999",(970) 874-7614,STATE,OPEN,"480",DELTA,"08029",USA,MINIMUM,-108.148611,38.709116,0.570000000000000,0.010000000000000,4117.000000000000000,"0","0","1",1.000000000000000,"0","0",4.246399998092651,"0",4.833333492279050,
"5578","10000577",FOUR MILE CORRECTIONAL CENTER,E US HIGHWAY 50 & EVANS BLVD,CANON CITY,CO,"81212","-999",(719) 269-5601,STATE,OPEN,"528",FREMONT,"08043",USA,MINIMUM,-105.147851,38.429770,,0.010000000000000,5952.000000000000000,"0","0","1",1.000000000000000,"0","0",4.778571503502982,"0",4.733333269755050,
"5580","10000557",RIFLE CORRECTIONAL CENTER,200 COUNTY ROAD 219,RIFLE,CO,"81650","-999",(970) 625-7578,STATE,OPEN,"192",GARFIELD,"08045",USA,MINIMUM,-107.779049,39.650166,0.240000000000000,0.010000000000000,8604.000000000000000,"0","0","0",0.000000000000000,"0","1",3.549232159203630,"0",3.666666666666670,
"5581","10000586",LA VISTA CORRECTIONAL FACILITY,1401 WEST 17TH STREET,PUEBLO,CO,"81003","-999",(719) 544-4800,STATE,OPEN,"685",PUEBLO,"08101",USA,MEDIUM,-104.628197,38.284850,,0.050000000000000,1838.000000000000000,"0","0","3",3.000000000000000,"0","0",5.324747696543806,"0",5.300000190734860,
"5584","10000575",SKYLINE CORRECTIONAL CENTER,E US HIGHWAY 50 & EVANS BLVD,CANON CITY,CO,"81212","-999",(719) 269-5601,STATE,OPEN,"250",FREMONT,"08043",USA,MINIMUM,-105.159054,38.430137,,0.010000000000000,5952.000000000000000,"0","0","1",1.000000000000000,"0","0",4.778571503502982,"0",4.800000071525570,
"5586","10002233",BENT COUNTY CORRECTIONAL FACILITY,11560 ROAD FF75,LAS ANIMAS,CO,"81054","9598",(719) 456-2610,STATE,OPEN,"1416",BENT,"08011",USA,MEDIUM,-103.204792,38.064563,0.920000000000000,0.010000000000000,5787.000000000000000,"1","0","3",3.000000000000000,"1","1",4.382240498524557,"0",4.400000095367430,
"5591","10000432",CROSS CITY CORRECTIONAL INSTITUTION,568 NE 255TH ST,CROSS CITY,FL,"32628","-999",(352) 498-4741,STATE,OPEN,"1044",DIXIE,"12029",USA,CLOSE,-83.098871,29.634754,0.810000000000000,0.160000000000000,5537.000000000000000,"0","0","3",2.000000000000000,"0","1",6.756302533029508,"0",7.200000047683720,
"5592","10004579",FLORIDA STATE PRISON - WEST UNIT,7819 N.W. 228TH STREET,RAIFORD,FL,"32026","1000",(904) 368-3000,STATE,OPEN,"824",BRADFORD,"12007",USA,CLOSE,-82.186818,30.056651,0.630000000000000,0.230000000000000,8677.000000000000000,"0","0","1",1.000000000000000,"0","0",6.607692308914968,"0",7.199999809265140,
"5596","10000585",CROWLEY COUNTY CORRECTIONAL FACILITY,6564 HIGHWAY 96,OLNEY SPRINGS,CO,"81062","-999",(719) 267-3548,STATE,OPEN,"1745",CROWLEY,"08025",USA,MEDIUM,-103.957302,38.156739,0.910000000000000,0.020000000000000,5754.000000000000000,"1","0","3",3.000000000000000,"1","1",3.935205978400699,"0",3.850000023841860,
"5609","10005303",FCI DUBLIN,5701 8TH STREET,DUBLIN,CA,"94568","-999",(925) 833-7500,FEDERAL,OPEN,"1019",ALAMEDA,"06001",USA,MINIMUM,-121.896971,37.718579,0.040000000000000,0.960000000000000,5664.000000000000000,"0","1","0",0.000000000000000,"1","0",7.155555566151938,"0",7.299999952316280,cejstonly
"5614","10002114",ALCOVY DIVERSION CENTER,1417 S MADISON AVE,MONROE,GA,"30655","-999",(770) 207-4171,STATE,OPEN,"0",WALTON,"13297",USA,NOT AVAILABLE,-83.699563,33.772165,0.660000000000000,0.640000000000000,7571.000000000000000,"0","0","1",1.000000000000000,"0","0",7.465000017484030,"0",7.500000000000000,
"5615","10004534",BACON PROBATION DETENTION CENTER,165 EAST EASTSIDE INDUSTRIAL BOULEVARD,ALMA,GA,"31510","-999",NOT AVAILABLE,STATE,OPEN,"232",BACON,"13005",USA,MINIMUM,-82.449858,31.533087,0.900000000000000,0.300000000000000,4040.000000000000000,"1","0","3",3.000000000000000,"1","0",7.287845311243890,"0",7.450000047683720,
"5619","10004500",MCEVER PROBATION DETENTION CENTER,2100 KINGS CHAPEL ROAD,PERRY,GA,"31069","-999",(478) 988-7024,STATE,OPEN,"-999",HOUSTON,"13153",USA,MINIMUM,-83.694896,32.464605,0.460000000000000,0.510000000000000,10149.000000000000000,"0","0","0",0.000000000000000,"0","1",7.471014513485674,"0",7.300000190734860,
"5622","10003892",ROME DIVERSION CENTER,100 MARABLE WAY,ROME,GA,"30165","-999",(706) 295-6323,STATE,OPEN,"0",FLOYD,"13115",USA,NOT AVAILABLE,-85.206529,34.277319,0.870000000000000,0.680000000000000,3871.000000000000000,"0","0","3",2.000000000000000,"0","1",8.671428544180735,"0",8.899999618530270,
"5623","10005191",TREUTLEN PROBATION DETENTION CENTER,1 SESSIONS STREET,SOPERTON,GA,"30457","-999",(912) 529-6760,STATE,OPEN,"-999",TREUTLEN,"13283",USA,MINIMUM,-82.602381,32.362462,0.810000000000000,0.380000000000000,4951.000000000000000,"0","0","3",3.000000000000000,"0","0",7.093333306135954,"0",7.199999809265140,
"5730","10001180",SOUTH IDAHO CORRECTIONAL INSTITUTION,13900 PLEASANT VALLEY RD,KUNA,ID,"83634","-999",(208) 336-1260,STATE,OPEN,"590",ADA,"16001",USA,MINIMUM,-116.211642,43.475923,0.350000000000000,0.140000000000000,7924.000000000000000,"0","0","0",0.000000000000000,"0","1",5.812246689397334,"0",6.149999856948850,
"5732","10001063",ROCKVILLE CORRECTIONAL FACILITY,811 W 50 N,ROCKVILLE,IN,"47872","-999",(765) 569-3178,STATE,OPEN,"1000",PARKE,"18121",USA,MEDIUM,-87.254347,39.774316,0.840000000000000,0.570000000000000,4904.000000000000000,"0","0","1",1.000000000000000,"0","1",7.964788853282660,"0",8.100000381469730,
"5853","10004043",CHILLICOTHE CORRECTIONAL CENTER,3151 LITTON ROAD,CHILLICOTHE,MO,"64601","-999",(660) 646-4032,STATE,OPEN,"1529",LIVINGSTON,"29117",USA,MAXIMUM,-93.536199,39.831769,0.680000000000000,0.220000000000000,3819.000000000000000,"0","0","0",0.000000000000000,"0","0",6.620037804479186,"0",6.599999904632570,
"5854","10001632",OZARK CORRECTIONAL CENTER,929 HONOR CAMP LANE,FORDLAND,MO,"65652","-999",(417) 767-4491,STATE,OPEN,"716",WEBSTER,"29225",USA,MINIMUM,-92.875910,37.153504,0.720000000000000,0.300000000000000,2912.000000000000000,"0","0","5",4.000000000000000,"0","1",6.441379341585884,"0",6.599999904632570,
"5855","10001609",WESTERN MISSOURI CORRECTIONAL CENTER,609 E PENCE RD,CAMERON,MO,"64429","-999",(816) 632-1390,STATE,OPEN,"1795",DEKALB,"29063",USA,MEDIUM,-94.229007,39.764459,0.800000000000000,0.260000000000000,8597.000000000000000,"0","0","2",1.000000000000000,"0","0",6.215114236506512,"0",6.599999904632570,
"5864","10002405",ALGOA CORRECTIONAL CENTER,8501 NO MORE VICTIMS RD,JEFFERSON CITY,MO,"65101","-999",(573) 751-3911,STATE,OPEN,"1530",COLE,"29051",USA,MINIMUM,-92.052546,38.552090,0.350000000000000,0.400000000000000,7472.000000000000000,"0","0","0",0.000000000000000,"0","0",6.682456125292862,"0",7.200000047683720,
"5872","10004068",SOUTH CENTRAL CORRECTIONAL CENTER,255 W HWY 32,LICKING,MO,"65542","-999",(573) 674-4470,STATE,OPEN,"1500",TEXAS,"29215",USA,MAXIMUM,-91.872730,37.505627,0.900000000000000,0.260000000000000,7052.000000000000000,"1","0","3",3.000000000000000,"1","0",6.079390395708458,"0",6.199999809265140,
"5875","10001624",MISSOURI EASTERN CORRECTIONAL CENTER,18701 US HWY 66,PACIFIC,MO,"63069","-999",(636) 257-3322,STATE,OPEN,"1094",ST. LOUIS,"29189",USA,MEDIUM,-90.701298,38.490418,0.240000000000000,0.470000000000000,6900.000000000000000,"0","0","0",0.000000000000000,"0","0",7.529268334551556,"0",7.625000000000000,
"5876","10001616",KANSAS CITY REENTRY CENTER,651 MULBERRY ST,KANSAS CITY,MO,"64101","-999",(816) 842-7467,STATE,OPEN,"141",JACKSON,"29095",USA,MINIMUM,-94.597605,39.106714,0.060000000000000,0.460000000000000,2485.000000000000000,"0","0","0",0.000000000000000,"0","1",7.950000047683716,"0",8.199999809265140,
"5877","10001622",BOONVILLE CORRECTIONAL CENTER,1216 E MORGAN ST,BOONVILLE,MO,"65233","1300",(660) 882-6521,STATE,OPEN,"1322",COOPER,"29053",USA,MINIMUM,-92.729221,38.975542,0.700000000000000,0.330000000000000,3034.000000000000000,"0","0","0",0.000000000000000,"0","1",7.060000024523054,"0",7.250000000000000,
"5878","10001618",CREMER THERAPEUTIC COMMUNITY CENTER,689 ROUTE O,FULTON,MO,"65251","-999",(573) 592-4013,STATE,OPEN,"174",CALLAWAY,"29027",USA,MINIMUM,-91.938458,38.844986,0.700000000000000,0.420000000000000,7174.000000000000000,"0","0","0",0.000000000000000,"0","1",6.678378375800882,"0",6.900000095367430,
"5879","10001630",POTOSI CORRECTIONAL CENTER,11593 STATE HWY O,MINERAL POINT,MO,"63660","-999",(573) 438-6000,STATE,OPEN,"-999",WASHINGTON,"29221",USA,MAXIMUM,-90.736927,37.936695,0.850000000000000,0.280000000000000,4642.000000000000000,"0","0","2",2.000000000000000,"0","1",6.157575780695136,"0",6.000000000000000,
"5880","10001608",CROSSROADS CORRECTIONAL CENTER,1115 E PENCE RD,CAMERON,MO,"64429","-999",(816) 632-2727,STATE,OPEN,"1463",DEKALB,"29063",USA,MAXIMUM,-94.223671,39.765721,0.800000000000000,0.260000000000000,8597.000000000000000,"0","0","2",1.000000000000000,"0","0",6.215114236506512,"0",6.599999904632570,
"5881","10004065",EASTERN RECEPTION DIAGNOSTIC / CORRECTIONAL CTR,2727 HWY K,BONNE TERRE,MO,"63628","-999",(573) 358-5516,STATE,OPEN,"2986",ST. FRANCOIS,"29187",USA,MAXIMUM,-90.514685,37.924533,0.610000000000000,0.350000000000000,7544.000000000000000,"0","0","3",3.000000000000000,"0","0",6.296551753734720,"0",6.500000000000000,
"5882","10001631",FARMINGTON CORRECTIONAL CENTER,1012 W COLUMBIA ST,FARMINGTON,MO,"63640","-999",(573) 218-7100,STATE,OPEN,"2622",ST. FRANCOIS,"29187",USA,MEDIUM,-90.436385,37.766993,0.700000000000000,0.390000000000000,8109.000000000000000,"0","0","3",3.000000000000000,"0","0",6.525000035762788,"0",6.400000095367430,
"5883","10001617",FULTON RECEPTION AND DIAGNOSTIC CENTER,1393 HWY O,FULTON,MO,"65251","-999",(573) 592-4040,STATE,OPEN,"1400",CALLAWAY,"29027",USA,MINIMUM,-91.922114,38.845987,0.700000000000000,0.420000000000000,7174.000000000000000,"0","0","0",0.000000000000000,"0","1",6.678378375800882,"0",6.649999856948850,
"5884","10001626",JEFFERSON CITY CORRECTIONAL CENTER,8200 NO MORE VICTIMS RD,JEFFERSON CITY,MO,"65101","-999",(573) 751-3224,STATE,OPEN,"1941",COLE,"29051",USA,MAXIMUM,-92.046936,38.551877,0.350000000000000,0.400000000000000,7472.000000000000000,"0","0","0",0.000000000000000,"0","0",6.682456125292862,"0",7.150000095367430,
"5885","10001606",MARYVILLE TREATMENT CENTER,30227 US HWY 136,MARYVILLE,MO,"64468","-999",(660) 582-6542,STATE,OPEN,"520",NODAWAY,"29147",USA,MINIMUM,-94.814129,40.345741,0.540000000000000,0.300000000000000,5310.000000000000000,"0","0","0",0.000000000000000,"0","0",6.421575344316492,"0",6.599999904632570,
"5886","10000942",TIPTON CORRECTIONAL CENTER,619 N OSAGE AVE,TIPTON,MO,"65081","-999",(660) 433-2031,STATE,OPEN,"1225",MONITEAU,"29135",USA,MINIMUM,-92.780073,38.667563,0.700000000000000,0.290000000000000,4347.000000000000000,"0","0","1",1.000000000000000,"0","0",6.554477620480666,"0",6.350000143051150,
"5887","10001612","WESTERN RECEPTION, DIAGNOSTIC / CORRECTIONAL CTR",3401 FARAON ST,ST. JOSEPH,MO,"64506","-999",(816) 387-2158,STATE,OPEN,"2051",BUCHANAN,"29021",USA,MINIMUM,-94.810793,39.774353,0.270000000000000,0.470000000000000,5386.000000000000000,"0","0","0",0.000000000000000,"0","0",6.360000133514404,"0",6.549999952316280,
"5888","10001615","WOMEN'S EASTERN RECEPTION, DIAGNOSTIC / CORRECTIONAL CENTER",1101 E HWY 54,VANDALIA,MO,"63382","-999",(573) 594-6686,STATE,OPEN,"1767",AUDRAIN,"29007",USA,MAXIMUM,-91.476641,39.317905,0.870000000000000,0.460000000000000,4546.000000000000000,"0","0","4",3.000000000000000,"0","1",7.614705843084000,"0",7.599999904632570,
"5895","10004060",TRANSITION CENTER OF ST. LOUIS,1621 NORTH FIRST ST,ST. LOUIS,MO,"63102","-999",(314) 877-0300,STATE,OPEN,"372",ST. LOUIS (CITY),"29510",USA,MINIMUM,-90.184270,38.642738,0.830000000000000,0.790000000000000,3102.000000000000000,"0","0","9",6.000000000000000,"0","1",9.599999904632568,"1",9.699999809265140,washuonly
"5922","10006565",FULTON STATE HOSPITAL,600 EAST 5TH STREET,FULTON,MO,"65251","-999",(573) 592-4100,STATE,OPEN,"-999",CALLAWAY,"29027",USA,NOT AVAILABLE,-91.937247,38.846960,0.700000000000000,0.420000000000000,7174.000000000000000,"0","0","0",0.000000000000000,"0","1",6.678378375800882,"0",6.900000095367430,
"5923","10005856",BIGGS FORENSIC CENTER,600 EAST 5TH STREET,FULTON,MO,"65251","-999",(573) 592-4100,STATE,OPEN,"-999",CALLAWAY,"29027",USA,MAXIMUM,-91.932436,38.845679,0.700000000000000,0.420000000000000,7174.000000000000000,"0","0","0",0.000000000000000,"0","1",6.678378375800882,"0",6.900000095367430,
"5924","10004054",GUHLEMAN FORENSIC CENTER,600 EAST 5TH ST,FULTON,MO,"65251","-999",(573) 592-4100,STATE,OPEN,"-999",CALLAWAY,"29027",USA,MEDIUM,-91.932738,38.842970,0.700000000000000,0.420000000000000,7174.000000000000000,"0","0","0",0.000000000000000,"0","1",6.678378375800882,"0",6.900000095367430,
"5925","10001619",HEARNES FORENSIC CENTER,600 EAST 5TH ST,FULTON,MO,"65251","-999",(573) 592-4100,STATE,OPEN,"-999",CALLAWAY,"29027",USA,NOT AVAILABLE,-91.930573,38.841676,0.700000000000000,0.420000000000000,7174.000000000000000,"0","0","0",0.000000000000000,"0","1",6.678378375800882,"0",6.799999952316280,
"5967","10001805",TALLAHATCHIE COUNTY CORRECTIONAL FACILITY,415 US HWY 49 N,TUTWILER,MS,"38963","-999",(662) 345-6567,MULTI,OPEN,"-999",TALLAHATCHIE,"28135",USA,MAXIMUM,-90.444960,34.025942,0.810000000000000,0.530000000000000,4831.000000000000000,"0","0","4",3.000000000000000,"0","0",7.421130965153378,"0",7.599999904632570,
"5968","10001811",FCI YAZOO CITY LOW,2225 HALEY BARBOUR PARKWAY,YAZOO CITY,MS,"39194","-999",(662) 751-4800,FEDERAL,OPEN,"1768",YAZOO,"28163",USA,MINIMUM,-90.432170,32.888484,0.890000000000000,0.660000000000000,8666.000000000000000,"0","0","3",2.000000000000000,"0","0",7.117718120549350,"0",7.966666698455810,
"5969","10001820",CI ADAMS COUNTY,20 HOBO FORK RD,NATCHEZ,MS,"39120","-999",(601) 304-2500,FEDERAL,OPEN,"2221",ADAMS,"28001",USA,MINIMUM,-91.221171,31.557623,0.830000000000000,0.520000000000000,8103.000000000000000,"0","0","1",1.000000000000000,"0","0",7.019092637334294,"0",7.450000047683720,
"5971","10004250",HINDS COUNTY RESTITUTION CENTER,429 S GALLATIN ST,JACKSON,MS,"39203","-999",(601) 354-0062,STATE,OPEN,"2",HINDS,"28049",USA,MINIMUM,-90.193187,32.296603,0.940000000000000,0.840000000000000,1794.000000000000000,"1","0","7",4.000000000000000,"1","0",8.700000127156576,"0",8.699999809265140,
"5973","10004236",LEFLORE COUNTY TECHNICAL VIOLATION CENTER,3400 BALDWIN COUNTY RD 540,GREENWOOD,MS,"38930","-999",(662) 453-9720,STATE,OPEN,"69",LEFLORE,"28083",USA,MINIMUM,-90.204082,33.485260,0.860000000000000,0.590000000000000,5277.000000000000000,"0","0","1",1.000000000000000,"0","0",7.514285754331778,"0",7.599999904632570,
"5975","10004264",PASCAGOULA RESTITUTION CENTER,1721 E KENNETH AVE,PASCAGOULA,MS,"39567","-999",(228) 762-1331,STATE,OPEN,"2",JACKSON,"28059",USA,MINIMUM,-88.545567,30.372630,0.800000000000000,0.540000000000000,5243.000000000000000,"0","0","6",4.000000000000000,"0","1",8.724999904632568,"0",9.300000190734860,
"5985","10001812",FCI YAZOO CITY MEDIUM,2225 HALEY BARBOUR PARKWAY,YAZOO CITY,MS,"39194","-999",(662) 716-1020,FEDERAL,OPEN,"1336",YAZOO,"28163",USA,MEDIUM,-90.439666,32.884055,0.890000000000000,0.660000000000000,8666.000000000000000,"0","0","3",2.000000000000000,"0","0",7.117718120549350,"0",7.850000143051150,
"5987","10004255",SOUTH MISSISSIPPI CORRECTIONAL INSTITUTION,22689 STATE HWY 63 N,LEAKESVILLE,MS,"39451","-999",(601) 932-2880,STATE,OPEN,"2637",GREENE,"28041",USA,MAXIMUM,-88.606937,31.176406,0.680000000000000,0.570000000000000,8759.000000000000000,"0","0","0",0.000000000000000,"0","0",8.050047649869910,"0",8.199999809265140,
"5988","10001804",MARSHALL COUNTY CORRECTIONAL FACILITY,833 WEST ST,HOLLY SPRINGS,MS,"38635","-999",(662) 252-7111,STATE,OPEN,"998",MARSHALL,"28093",USA,MEDIUM,-89.437918,34.796295,0.880000000000000,0.480000000000000,4925.000000000000000,"0","0","1",1.000000000000000,"0","0",6.693749979138374,"0",6.800000190734860,
"6002","10000109",FMC LEXINGTON,3301 LEESTOWN RD,LEXINGTON,KY,"40511","-999",(859) 255-6812,FEDERAL,OPEN,"1270",FAYETTE,"21067",USA,MAXIMUM,-84.560395,38.105693,0.180000000000000,0.640000000000000,3162.000000000000000,"0","0","0",0.000000000000000,"0","0",7.355681782419032,"0",7.549999952316280,
"6003","10006637",TULSA TRANSITIONAL CENTER,302 W ARCHER ST,TULSA,OK,"74103","-999",(918) 583-9445,STATE,OPEN,"276",TULSA,"40143",USA,MINIMUM,-95.997061,36.155404,0.210000000000000,0.920000000000000,3625.000000000000000,"0","1","7",5.000000000000000,"1","1",8.566666603088381,"0",8.699999809265140,cejstonly
"6004","10001170",USP BIG SANDY,1197 AIRPORT RD,INEZ,KY,"41224","-999",(606) 433-2400,FEDERAL,OPEN,"1219",MARTIN,"21159",USA,MAXIMUM,-82.645955,37.771457,0.940000000000000,0.270000000000000,7041.000000000000000,"1","0","7",5.000000000000000,"1","1",6.385245943330026,"0",6.599999904632570,
"6006","10001940",FCI ASHLAND CAMP,STATE ROUTE 716,ASHLAND,KY,"41105","-999",(606) 928-6414,FEDERAL,OPEN,"187",BOYD,"21019",USA,MINIMUM,-82.701307,38.432672,0.660000000000000,0.380000000000000,6855.000000000000000,"0","0","0",0.000000000000000,"0","0",7.002380961463566,"0",7.099999904632570,
"6007","10001941",FCI ASHLAND,STATE ROUTE 716,ASHLAND,KY,"41105","-999",(606) 928-6414,FEDERAL,OPEN,"1026",BOYD,"21019",USA,MINIMUM,-82.704987,38.435419,0.660000000000000,0.380000000000000,6855.000000000000000,"0","0","0",0.000000000000000,"0","0",7.002380961463566,"0",7.099999904632570,
"6008","10003652",FMC LEXINGTON CAMP,3301 LEESTOWN RD,LEXINGTON,KY,"40511","-999",(859) 255-6812,FEDERAL,OPEN,"220",FAYETTE,"21067",USA,MINIMUM,-84.563193,38.103363,0.180000000000000,0.640000000000000,3162.000000000000000,"0","0","0",0.000000000000000,"0","0",7.355681782419032,"0",7.500000000000000,
"6009","10003662",USP BIG SANDY CAMP,1197 AIRPORT RD,INEZ,KY,"41224","-999",(606) 433-2400,FEDERAL,OPEN,"71",MARTIN,"21159",USA,MINIMUM,-82.648437,37.766855,0.940000000000000,0.270000000000000,7041.000000000000000,"1","0","7",5.000000000000000,"1","1",6.385245943330026,"0",6.699999809265140,
"6010","10004330",USP MCCREARY,330 FEDERAL WAY,PINE KNOT,KY,"42635","-999",(606) 354-7000,FEDERAL,OPEN,"1336",MCCREARY,"21147",USA,MAXIMUM,-84.387203,36.688459,0.870000000000000,0.210000000000000,7210.000000000000000,"0","0","3",3.000000000000000,"0","1",6.795470400554378,"0",7.133333365122480,
"6011","10004331",USP MCCREARY CAMP,330 FEDERAL WAY,PINE KNOT,KY,"42635","-999",(606) 354-7000,FEDERAL,OPEN,"144",MCCREARY,"21147",USA,MINIMUM,-84.393099,36.689003,0.870000000000000,0.210000000000000,7210.000000000000000,"0","0","3",3.000000000000000,"0","1",6.795470400554378,"0",7.250000000000000,
"6012","10000112",SOUTHEAST KENTUCKY CORRECTIONAL CENTER,327 CORRECTION RD,WHEELWRIGHT,KY,"41669","0500",NOT AVAILABLE,STATE,OPEN,"0",FLOYD,"21071",USA,MEDIUM,-82.716953,37.339667,0.980000000000000,0.190000000000000,3288.000000000000000,"1","0","10",6.000000000000000,"1","0",6.569333330790202,"0",6.649999856948850,
"6013","10003650",BLACKBURN CORRECTIONAL COMPLEX,3111 SPURR RD,LEXINGTON,KY,"40511","-999",(859) 246-2366,STATE,OPEN,"591",FAYETTE,"21067",USA,MINIMUM,-84.537205,38.113159,0.180000000000000,0.640000000000000,3162.000000000000000,"0","0","0",0.000000000000000,"0","0",7.355681782419032,"0",7.400000095367430,
"6014","10000110",EASTERN KENTUCKY CORRECTIONAL COMPLEX,200 ROAD TO JUSTICE,WEST LIBERTY,KY,"41472","-999",(606) 743-2800,STATE,OPEN,"1672",MORGAN,"21175",USA,MEDIUM,-83.269310,37.903889,0.830000000000000,0.250000000000000,4776.000000000000000,"0","0","1",1.000000000000000,"0","0",6.266666696185158,"0",6.350000143051150,
"6015","10000117",GREEN RIVER CORRECTIONAL COMPLEX,1200 RIVER RD,CENTRAL CITY,KY,"42330","-999",(270) 754-5415,STATE,OPEN,"982",MUHLENBERG,"21177",USA,MEDIUM,-87.113417,37.314380,0.630000000000000,0.620000000000000,7449.000000000000000,"0","0","3",3.000000000000000,"0","1",7.233980586227862,"0",7.400000095367430,
"6016","10000121",WESTERN KENTUCKY CORRECTIONAL COMPLEX,374 NEW BETHEL CHURCH RD,FREDONIA,KY,"42411","-999",(270) 388-9781,STATE,OPEN,"677",LYON,"21143",USA,MEDIUM,-88.040148,37.136460,0.730000000000000,0.660000000000000,6582.000000000000000,"0","0","4",3.000000000000000,"0","0",6.678327000186472,"0",6.950000047683720,
"6017","10000106",KENTUCKY CORRECTIONAL INSTITUTION FOR WOMEN,3000 ASH AVE,PEWEE VALLEY,KY,"40056","-999",(502) 241-8454,STATE,OPEN,"719",SHELBY,"21211",USA,MAXIMUM,-85.457120,38.285476,0.180000000000000,0.680000000000000,7166.000000000000000,"0","0","0",0.000000000000000,"0","0",7.538655481418642,"0",7.699999809265140,
"6018","10000107",LITTLE SANDY CORRECTIONAL COMPLEX,505 PRISON CONNECTOR,SANDY HOOK,KY,"41171","-999",(606) 738-6133,STATE,OPEN,"1001",ELLIOTT,"21063",USA,MEDIUM,-83.081004,38.133920,0.920000000000000,0.260000000000000,5726.000000000000000,"1","0","4",4.000000000000000,"1","1",6.105491277110370,"0",6.199999809265140,
"6020","10000102",ROEDERER CORRECTIONAL COMPLEX,P.O. BOX 69,LAGRANGE,KY,"40031","-999",(502) 222-0170,STATE,OPEN,"1209",OLDHAM,"21185",USA,MAXIMUM,-85.429763,38.403128,0.380000000000000,0.670000000000000,4426.000000000000000,"0","0","0",0.000000000000000,"0","0",7.680000066757202,"0",7.950000047683720,
"6035","10000115",LEE ADJUSTMENT CENTER,168 LEE ADJUSTMENT CENTER DRIVE,BEATTYVILLE,KY,"41311","-999",(606) 464-2866,STATE,OPEN,"-999",LEE,"21129",USA,CLOSE,-83.705796,37.606683,0.880000000000000,0.300000000000000,3950.000000000000000,"0","0","10",6.000000000000000,"0","1",6.530399991989136,"0",6.599999904632570,
"6038","10002729",MONTFORD UNIT - PSYCHIATRIC FACILITY,8602 PEACH ST,LUBBOCK,TX,"79404","-999",(806) 745-1021,STATE,OPEN,"637",LUBBOCK,"48303",USA,NOT AVAILABLE,-101.786969,33.515485,0.350000000000000,0.220000000000000,11220.000000000000000,"0","0","0",0.000000000000000,"0","0",5.590355311553490,"0",6.300000190734860,
"6041","10002725",CHOICE MOORE TRANSFER FACILITY,1700 N FM 87,BONHAM,TX,"75418","-999",(903) 583-4464,STATE,OPEN,"1173",FANNIN,"48147",USA,MEDIUM,-96.230362,33.590725,0.780000000000000,0.710000000000000,4826.000000000000000,"0","0","4",2.000000000000000,"0","0",6.137499988079072,"0",6.099999904632570,
"6042","10000194",MOUNTAIN VIEW PRISON,2305 RANSOM RD,GATESVILLE,TX,"76528","-999",(254) 865-7226,STATE,OPEN,"529",CORYELL,"48099",USA,MAXIMUM,-97.727841,31.486826,0.440000000000000,0.570000000000000,7878.000000000000000,"0","0","0",0.000000000000000,"0","0",5.580000019073486,"0",5.450000047683720,
"6045","10001275",CRAIN UNIT,1401 STATE SCHOOL RD,GATESVILLE,TX,"76599","2999",(254) 865-8431,STATE,OPEN,"1430",CORYELL,"48099",USA,MAXIMUM,-97.733824,31.469933,0.440000000000000,0.570000000000000,7878.000000000000000,"0","0","0",0.000000000000000,"0","0",5.580000019073486,"0",5.619999980926510,
"6047","10001274",MURRAY PRISON,1916 NORTH HWY 36 BYPASS,GATESVILLE,TX,"76596","-999",(254) 865-2000,STATE,OPEN,"1272",CORYELL,"48099",USA,MAXIMUM,-97.726483,31.476489,0.440000000000000,0.570000000000000,7878.000000000000000,"0","0","0",0.000000000000000,"0","0",5.580000019073486,"0",5.599999904632570,
"6048","10001967",NEAL PRISON,9055 SPUR 591,AMARILLO,TX,"79107","9696",(806) 383-1175,STATE,OPEN,"1717",POTTER,"48375",USA,MEDIUM,-101.736325,35.241010,0.350000000000000,0.080000000000000,8069.000000000000000,"0","0","3",1.000000000000000,"0","0",4.926923073255098,"0",5.649999856948850,
"6051","10000238",NEY STATE JAIL,114 PRIVATE RD 4303,HONDO,TX,"78861","3812",(830) 426-8030,STATE,OPEN,"396",MEDINA,"48325",USA,MEDIUM,-99.197721,29.348853,0.000000000000000,0.520000000000000,8046.000000000000000,"0","0","0",0.000000000000000,"0","1",6.516555414339888,"0",7.099999904632570,
"6052","10002838",PACK PRISON AND TRUSTY CAMP,2400 WALLACE PACK RD,NAVASOTA,TX,"77868","-999",(936) 825-3728,STATE,OPEN,"1281",GRIMES,"48185",USA,MEDIUM,-96.105511,30.323344,0.770000000000000,0.760000000000000,2292.000000000000000,"0","0","5",3.000000000000000,"0","0",6.893548396325882,"0",6.900000095367430,
"6054","10002844",PLANE STATE JAIL,904 FM 686,DAYTON,TX,"77535","-999",(936) 258-2476,STATE,OPEN,"1957",LIBERTY,"48291",USA,MAXIMUM,-94.932234,30.109058,0.540000000000000,0.810000000000000,8864.000000000000000,"0","0","0",0.000000000000000,"0","0",7.230519471230446,"0",7.425000071525570,
"6057","10000185",POWLEDGE PRISON,1400 FM 3452,PALESTINE,TX,"75803","-999",(903) 723-5074,STATE,OPEN,"863",ANDERSON,"48001",USA,MEDIUM,-95.804356,31.733041,0.350000000000000,0.670000000000000,4838.000000000000000,"0","0","0",0.000000000000000,"0","0",6.861111137602064,"0",6.900000095367430,
"6058","10000242",RAMSEY PRISON,1100 FM 655,ROSHARON,TX,"77583","-999",(281) 595-3491,STATE,OPEN,"1798",BRAZORIA,"48039",USA,MAXIMUM,-95.537019,29.310448,0.460000000000000,0.770000000000000,15144.000000000000000,"0","0","0",0.000000000000000,"0","0",6.240701762416906,"0",6.299999952316280,
"6060","10000156",ROACH UNIT,15845 FM 164,CHILDRESS,TX,"79201","-999",(940) 937-6364,STATE,OPEN,"1379",CHILDRESS,"48075",USA,MEDIUM,-100.275924,34.431326,0.680000000000000,0.130000000000000,2316.000000000000000,"0","0","0",0.000000000000000,"0","0",4.733553352922496,"0",5.250000000000000,
"6066","10000175",ROBERTSON PRISON,12071 FM 3522,ABILENE,TX,"79601","-999",(325) 548-9035,STATE,OPEN,"2913",JONES,"48253",USA,MAXIMUM,-99.633247,32.556350,,0.240000000000000,6856.000000000000000,"0","0","0",0.000000000000000,"0","0",6.599999984105428,"0",6.900000095367430,
"6067","10000199",SAN SABA TRANSFER FACILITY,206 S WALLACE CREEK RD,SAN SABA,TX,"76877","-999",(325) 372-4255,STATE,OPEN,"554",SAN SABA,"48411",USA,MEDIUM,-98.762706,31.199717,0.610000000000000,0.380000000000000,3380.000000000000000,"0","0","0",0.000000000000000,"0","0",5.419375912198482,"0",6.000000000000000,
"6070","10002802",SANCHEZ STATE JAIL,3901 STATE JAIL RD,EL PASO,TX,"79938","8456",(915) 856-0046,STATE,OPEN,"833",EL PASO,"48141",USA,MAXIMUM,-106.254049,31.814953,0.630000000000000,0.130000000000000,11020.000000000000000,"0","0","0",0.000000000000000,"0","0",6.446153836372572,"0",6.900000095367430,
"6074","10000245",SCOTT PRISON,6999 RETRIEVE,ANGLETON,TX,"77515","-999",(979) 849-9306,STATE,OPEN,"1024",BRAZORIA,"48039",USA,MAXIMUM,-95.482513,29.090935,0.180000000000000,0.700000000000000,7575.000000000000000,"0","0","0",0.000000000000000,"0","0",6.264210525311922,"0",6.500000000000000,
"6075","10002940",SEGOVIA PRE-RELEASE FACILITY,1201 E EL CIBOLO RD,EDINBURG,TX,"78542","-999",(956) 316-2400,STATE,OPEN,"1148",HIDALGO,"48215",USA,MEDIUM,-98.120561,26.417375,0.800000000000000,0.910000000000000,5133.000000000000000,"0","1","3",3.000000000000000,"1","0",8.163333320617676,"0",8.549999713897710,cejstonly
"6077","10002792",SKYVIEW PSYCHIATRIC FACILITY,379 FM 2972 WEST,RUSK,TX,"75785","3666",(903) 683-5781,STATE,OPEN,"482",CHEROKEE,"48073",USA,MAXIMUM,-95.164722,31.811327,0.630000000000000,0.720000000000000,4267.000000000000000,"0","0","2",2.000000000000000,"0","1",7.180645173595798,"0",7.199999809265140,
"6078","10002758",SMITH PRISON,1313 COUNTY RD 19,LAMESA,TX,"79331","1898",(806) 872-6741,STATE,OPEN,"1559",DAWSON,"48115",USA,MAXIMUM,-101.910746,32.726669,0.950000000000000,0.240000000000000,3432.000000000000000,"1","0","2",2.000000000000000,"1","0",4.954320990009072,"0",5.450000047683720,
"6080","10002900",STEVENSON PRISON,1525 FM 766,CUERO,TX,"77954","-999",(361) 275-2075,STATE,OPEN,"1117",DEWITT,"48123",USA,MEDIUM,-97.297650,29.134301,0.750000000000000,0.670000000000000,5538.000000000000000,"0","0","5",2.000000000000000,"0","0",6.600250638517222,"0",6.599999904632570,
"6082","10000229",STILES UNIT,3060 FM 3514,BEAUMONT,TX,"77705","-999",(409) 722-5255,STATE,OPEN,"2590",JEFFERSON,"48245",USA,MEDIUM,-94.052496,29.988437,,0.870000000000000,2392.000000000000000,"0","0","0",0.000000000000000,"0","1",7.966666698455812,"0",8.066666603088382,
"6083","10000178",ESTES PRISON,1100 HWY 1807,VENUS,TX,"76084","-999",(972) 366-3334,STATE,OPEN,"1032",JOHNSON,"48251",USA,MINIMUM,-97.095970,32.407452,0.570000000000000,0.750000000000000,8720.000000000000000,"0","0","1",1.000000000000000,"0","0",6.800934582113106,"0",6.900000095367430,
"6084","10002731",TELFORD PRISON,3899 STATE HWY 98,NEW BOSTON,TX,"75570","-999",(903) 628-3171,STATE,OPEN,"2778",BOWIE,"48037",USA,MAXIMUM,-94.473561,33.420684,0.610000000000000,0.740000000000000,7961.000000000000000,"0","0","0",0.000000000000000,"0","0",7.430188691840982,"0",8.100000381469730,
"6112","10001050",WINFIELD CORRECTIONAL FACILITY,1806 PINECREST CIRCLE,WINFIELD,KS,"67156","-999",(620) 221-6660,STATE,OPEN,"543",COWLEY,"20035",USA,MINIMUM,-96.973651,37.264266,0.630000000000000,0.380000000000000,5046.000000000000000,"0","0","0",0.000000000000000,"0","0",6.478571426300776,"0",6.300000190734860,
"6120","10004852",LARNED STATE HOSPITAL,1301 STATE HIGHWAY 264,LARNED,KS,"67550","-999",(620) 285-2131,STATE,OPEN,"-999",PAWNEE,"20145",USA,NOT AVAILABLE,-99.155765,38.171922,0.610000000000000,0.110000000000000,5104.000000000000000,"0","0","0",0.000000000000000,"0","0",5.164666643142700,"0",4.966666698455810,
"6138","10001029",USP LEAVENWORTH,1300 METROPOLITAN AVENUE,LEAVENWORTH,KS,"66048","-999",(913) 682-8700,FEDERAL,OPEN,"1360",LEAVENWORTH,"20103",USA,MEDIUM,-94.935808,39.331055,0.150000000000000,0.430000000000000,8212.000000000000000,"0","0","0",0.000000000000000,"0","0",6.777419351762342,"0",6.549999952316280,
"6139","10001044",HUTCHINSON C.F.-EAST UNIT,400 SOUTH HALSTEAD STREET,HUTCHINSON,KS,"67504","-999",(620) 662-2321,STATE,OPEN,"492",RENO,"20155",USA,MEDIUM,-97.883852,38.045831,0.350000000000000,0.240000000000000,5098.000000000000000,"0","0","0",0.000000000000000,"0","1",5.610752695350238,"0",6.800000190734860,
"6140","10006290",EL DORADO CORRECTIONAL FACILITY SE MEDIUM UNIT,2501 WEST 7TH STREET,OSWEGO,KS,"67356","-999",(316) 322-2045,STATE,OPEN,"259",LABETTE,"20099",USA,MEDIUM,-95.133479,37.166260,0.730000000000000,0.570000000000000,1945.000000000000000,"0","0","0",0.000000000000000,"0","0",7.431645568413072,"0",7.400000095367430,
"6141","10001045",EL DORADO CORRECTIONAL FACILITY,1737 SOUTHEAST UNITED STATES HIGHWAY 54,EL DORADO,KS,"67042","-999",(316) 321-7284,STATE,OPEN,"1503",BUTLER,"20015",USA,MEDIUM,-96.817133,37.803257,0.840000000000000,0.310000000000000,6605.000000000000000,"0","0","0",0.000000000000000,"0","1",6.795247333010462,"0",6.966666698455810,
"6142","10001043",HUTCHINSON C.F.-CENTRAL & WORK RELEASE CENTER,500 REFORMATORY STREET,HUTCHINSON,KS,"67504","1568",(620) 662-2321,STATE,OPEN,"1114",RENO,"20155",USA,MAXIMUM,-97.910736,38.044585,0.920000000000000,0.230000000000000,3240.000000000000000,"1","0","6",5.000000000000000,"1","1",6.342857190540860,"0",6.450000047683720,
"6143","10001031",LANSING CORRECTIONAL FACILITY - CENTRAL UNIT,301 EAST KANSAS AVE,LANSING,KS,"66043","-999",(913) 727-3235,STATE,OPEN,"1538",LEAVENWORTH,"20103",USA,MAXIMUM,-94.894281,39.251292,0.610000000000000,0.430000000000000,4901.000000000000000,"0","0","0",0.000000000000000,"0","0",7.028813531843284,"0",6.850000143051150,
"6144","10001030",LANSING CORRECTIONAL FACILITY - EAST UNIT,301 EAST KANSAS AVE,LANSING,KS,"66043","-999",(913) 727-3235,STATE,OPEN,"614",LEAVENWORTH,"20103",USA,MINIMUM,-94.891305,39.251904,0.610000000000000,0.430000000000000,4901.000000000000000,"0","0","0",0.000000000000000,"0","0",7.028813531843284,"0",6.933333396911620,
"6145","10001830",LARNED CORRECTIONAL MENTAL HEALTH FACILITY-CENTRAL,1318 STATE HIGHWAY 264,LARNED,KS,"67550","0280",(620) 285-6249,STATE,OPEN,"218",PAWNEE,"20145",USA,MAXIMUM,-99.151013,38.177108,0.610000000000000,0.110000000000000,5104.000000000000000,"0","0","0",0.000000000000000,"0","0",5.164666643142700,"0",5.099999904632570,
"6146","10001832",LARNED CORRECTIONAL MENTAL HEALTH FACILITY - WEST,1301 STATE HIGHWAY 264,LARNED,KS,"67550","-999",(620) 285-6249,STATE,OPEN,"274",PAWNEE,"20145",USA,MINIMUM,-99.150871,38.171460,0.610000000000000,0.110000000000000,5104.000000000000000,"0","0","0",0.000000000000000,"0","0",5.164666643142700,"0",5.099999904632570,
"6147","10001033",TOPEKA CORRECTIONAL FACILITY,815 SOUTHEAST RICE ROAD,TOPEKA,KS,"66607","-999",(785) 559-5002,STATE,OPEN,"891",SHAWNEE,"20177",USA,MAXIMUM,-95.625471,39.040693,0.810000000000000,0.630000000000000,5378.000000000000000,"0","0","4",3.000000000000000,"0","1",6.649999976158142,"0",7.000000000000000,
"6149","10001048",WICHITA WORK RELEASE FACILITY,401 SOUTH EMPORIA STREET,WICHITA,KS,"67202","-999",(316) 265-5211,STATE,OPEN,"244",SEDGWICK,"20173",USA,MINIMUM,-97.333295,37.682097,0.720000000000000,0.380000000000000,4274.000000000000000,"0","0","6",4.000000000000000,"0","1",7.775000095367432,"0",7.800000190734860,
"6150","10001831",LARNED STATE HOSPITAL,1301 KS HWY 264,LARNED,KS,"67550","-999",(620) 285-2131,STATE,OPEN,"40",PAWNEE,"20145",USA,NOT AVAILABLE,-99.148156,38.173698,0.610000000000000,0.110000000000000,5104.000000000000000,"0","0","0",0.000000000000000,"0","0",5.164666643142700,"0",5.199999809265140,
"6187","10000241",C T TERRELL PRISON,1300 FM 655,ROSHARON,TX,"77583","-999",(281) 595-3481,STATE,OPEN,"1558",BRAZORIA,"48039",USA,MEDIUM,-95.538620,29.299222,0.460000000000000,0.770000000000000,15144.000000000000000,"0","0","0",0.000000000000000,"0","0",6.240701762416906,"0",6.400000095367430,
"6192","10002869",KEGANS STATE JAIL,707 TOP ST,HOUSTON,TX,"77002","-999",(713) 224-6584,STATE,NOT AVAILABLE,"0",HARRIS,"48201",USA,MEDIUM,-95.355669,29.764217,0.210000000000000,0.900000000000000,7363.000000000000000,"0","1","0",0.000000000000000,"1","1",9.432557013842523,"1",9.500000000000000,both
"6352","10003565",CHARLES E JOHNSON CORRECTIONAL CENTER,1856 E FLYNN ST,ALVA,OK,"73717","3005",(580) 327-8000,STATE,OPEN,"550",WOODS,"40151",USA,MINIMUM,-98.632337,36.806645,0.750000000000000,0.330000000000000,3015.000000000000000,"0","0","0",0.000000000000000,"0","0",6.350000023841858,"0",6.599999904632570,
"6353","10003571",DR. EDDIE WARRIOR CORRECTIONAL CENTER,601 N OAK ST,TAFT,OK,"74463","0315",(918) 683-8365,STATE,OPEN,"980",MUSKOGEE,"40101",USA,MINIMUM,-95.544517,35.767873,0.520000000000000,0.850000000000000,4891.000000000000000,"0","0","0",0.000000000000000,"0","0",7.420571457999094,"0",7.300000190734860,
"6355","10003568",DICK CONNER CORRECTIONAL CENTER,129 CONNER RD,HOMINY,OK,"74035","0220",(918) 594-1300,STATE,OPEN,"1187",OSAGE,"40113",USA,MEDIUM,-96.394436,36.468452,0.900000000000000,0.750000000000000,5575.000000000000000,"1","0","2",2.000000000000000,"1","0",6.382694684678162,"0",6.149999856948850,
"6356","10001016",JAMES CRABTREE CORRECTIONAL CENTER,216 N. MURRAY ST.,HELENA,OK,"73741","1017",(580) 852-3221,STATE,OPEN,"1149",ALFALFA,"40003",USA,MEDIUM,-98.278387,36.546387,0.700000000000000,0.440000000000000,2812.000000000000000,"0","0","0",0.000000000000000,"0","0",6.386492626891640,"0",6.549999952316280,
"6357","10001734",DAVIS CORRECTIONAL FACILITY,6888 E 133RD RD,HOLDENVILLE,OK,"74848","9033",(405) 379-6400,STATE,OPEN,"1651",HUGHES,"40063",USA,MEDIUM,-96.444248,35.089941,0.940000000000000,0.750000000000000,3564.000000000000000,"1","0","8",4.000000000000000,"1","0",6.404166648785274,"0",6.350000143051150,
"6358","10003590",LAWTON COMMUNITY CORRECTIONS CENTER,605 SW COOMBS RD,LAWTON,OK,"73501","8294",(580) 248-6703,STATE,OPEN,"149",COMANCHE,"40031",USA,MINIMUM,-98.396638,34.566079,0.770000000000000,0.350000000000000,1558.000000000000000,"0","0","5",3.000000000000000,"0","0",6.581818179650740,"0",6.400000095367430,
"6359","10003566",NORTHEAST OKLAHOMA CORRECTIONAL CENTER,442586 E 250 RD,VINITA,OK,"74301","-999",(918) 256-3392,STATE,OPEN,"514",CRAIG,"40035",USA,MINIMUM,-95.121079,36.659917,0.900000000000000,0.720000000000000,3804.000000000000000,"1","0","5",4.000000000000000,"1","0",7.641176532296574,"0",7.533333460489910,
"6360","10001731",JIM E HAMILTON CORRECTIONAL CENTER,53468 MINERAL SPRINGS RD,HODGEN,OK,"74939","3064",(918) 653-7831,STATE,OPEN,"711",LE FLORE,"40079",USA,MINIMUM,-94.635935,34.749307,0.810000000000000,0.600000000000000,5518.000000000000000,"0","0","2",2.000000000000000,"0","1",7.078278682270988,"0",7.549999952316280,
"6361","10001730",NORTH FORK CORRECTIONAL CENTER,1605 EAST MAIN ST,SAYRE,OK,"73662","-999",(580) 928-8000,STATE,OPEN,"2437",BECKHAM,"40009",USA,MEDIUM,-99.613340,35.294291,0.780000000000000,0.190000000000000,6132.000000000000000,"0","0","0",0.000000000000000,"0","1",4.957656613082178,"0",5.199999809265140,
"6362","10003576",KATE BARNARD CORRECTIONAL CENTER,3300 MARTIN LUTHER KING AVE,OKLAHOMA CITY,OK,"73111","-999",(405) 425-2900,STATE,OPEN,"239",OKLAHOMA,"40109",USA,MINIMUM,-97.474519,35.502217,0.660000000000000,0.830000000000000,3273.000000000000000,"0","0","5",2.000000000000000,"0","0",7.753333282470704,"0",8.100000381469730,
"6363","10003574",OKLAHOMA CITY COMMUNITY CORRECTIONS CENTER,315 W I-44 SERVICE RD,OKLAHOMA CITY,OK,"73118","7634",(405) 463-7800,STATE,OPEN,"248",OKLAHOMA,"40109",USA,MINIMUM,-97.517131,35.530667,0.270000000000000,0.830000000000000,2313.000000000000000,"0","0","0",0.000000000000000,"0","0",8.487500071525574,"0",8.300000190734860,
"6364","10003569",WILLIAM S KEY CORRECTIONAL CENTER,ONE WILLIAM S KEY BLVD,FORT SUPPLY,OK,"73841","9718",(580) 766-2224,STATE,OPEN,"1065",WOODWARD,"40153",USA,MINIMUM,-99.556861,36.571867,0.610000000000000,0.220000000000000,4910.000000000000000,"0","0","0",0.000000000000000,"0","1",5.239599997929164,"0",5.433333396911620,
"6365","10001017",CIMARRON CORRECTIONAL FACILITY,3200 S KINGS HWY,CUSHING,OK,"74023","-999",(918) 225-3336,STATE,OPEN,"1633",PAYNE,"40119",USA,MEDIUM,-96.782247,35.944230,0.840000000000000,0.710000000000000,4242.000000000000000,"0","0","2",2.000000000000000,"0","1",6.637931050925420,"0",6.900000095367430,
"6367","10001735",LAWTON CORRECTIONAL FACILITY,8607 SE FLOWER MOUND RD,LAWTON,OK,"73501","-999",(580) 351-2778,STATE,OPEN,"2611",COMANCHE,"40031",USA,MEDIUM,-98.355164,34.524684,0.520000000000000,0.360000000000000,5981.000000000000000,"0","0","3",3.000000000000000,"0","0",6.391111119588216,"0",6.500000000000000,
"6387","10006633",CARVER TRANSITIONAL CENTER,400 S MAY AVE,OKLAHOMA CITY,OK,"73108","-999",(405) 232-8233,STATE,OPEN,"285",OKLAHOMA,"40109",USA,MINIMUM,-97.564891,35.462093,0.960000000000000,0.840000000000000,1298.000000000000000,"1","0","11",5.000000000000000,"1","1",8.899999936421715,"0",9.399999618530270,
"6400","10006636",OKLAHOMA CITY TRANSITIONAL CENTER,5245 I-35 SERVICE ROAD,OKLAHOMA CITY,OK,"73129","7023",(405) 605-2488,STATE,OPEN,"187",OKLAHOMA,"40109",USA,MINIMUM,-97.492835,35.413152,0.830000000000000,0.850000000000000,4327.000000000000000,"0","0","5",3.000000000000000,"0","1",8.933333079020182,"0",8.500000000000000,
"6411","10003583",REX THOMPSON MINIMUM SECURITY UNIT (LARC),15151 HWY 39,LEXINGTON,OK,"73051","-999",(405) 527-5676,STATE,OPEN,"265",CLEVELAND,"40027",USA,MINIMUM,-97.216551,35.015819,0.770000000000000,0.740000000000000,6547.000000000000000,"0","0","3",3.000000000000000,"0","1",5.885198558710974,"0",6.199999809265140,
"6412","10001298",COFFEE CREEK CORRECTIONAL FACILITY,24499 SW GRAHAMS FERRY RD,WILSONVILLE,OR,"97070","-999",(503) 570-6412,STATE,OPEN,"1287",WASHINGTON,"41067",USA,MAXIMUM,-122.790722,45.341729,0.060000000000000,0.720000000000000,3818.000000000000000,"0","0","0",0.000000000000000,"0","0",6.147058795480168,"0",6.233333269755050,
"6414","10002958",COLUMBIA RIVER CORRECTIONAL INSTITUTION,9111 NE SUNDERLAND AVE,PORTLAND,OR,"97211","1799",(503) 280-6646,STATE,OPEN,"571",MULTNOMAH,"41051",USA,MINIMUM,-122.636923,45.589223,0.590000000000000,0.440000000000000,1249.000000000000000,"0","0","5",4.000000000000000,"0","1",7.451351346196356,"0",7.350000143051150,
"6416","10001294",EASTERN OREGON CORRECTIONAL INSTITUTION,2500 WESTGATE DR,PENDLETON,OR,"97801","9699",(541) 276-0700,STATE,OPEN,"1692",UMATILLA,"41059",USA,MEDIUM,-118.816952,45.671067,0.460000000000000,0.530000000000000,5951.000000000000000,"0","0","0",0.000000000000000,"0","1",5.508205515841034,"0",6.199999809265140,
"6417","10001305",MILL CREEK CORRECTIONAL FACILITY,5465 TURNER ROAD SE,SALEM,OR,"97317","-999",(503) 378-2600,STATE,OPEN,"276",MARION,"41047",USA,MINIMUM,-122.974004,44.875504,0.520000000000000,0.720000000000000,4860.000000000000000,"0","0","0",0.000000000000000,"0","0",5.794736862182618,"0",5.699999809265140,
"6420","10001302",OREGON STATE CORRECTIONAL INSTITUTION,3405 DEER PARK DR SE,SALEM,OR,"97310","9385",(503) 373-0125,STATE,OPEN,"907",MARION,"41047",USA,MEDIUM,-122.949142,44.897850,0.520000000000000,0.720000000000000,4860.000000000000000,"0","0","0",0.000000000000000,"0","0",5.794736862182618,"0",5.766666730244950,
"6421","10001312",SHUTTER CREEK CORRECTIONAL INSTITUTION,95200 SHUTTERS LANDING LANE,NORTH BEND,OR,"97459","0303",(541) 756-6666,STATE,OPEN,"290",COOS,"41011",USA,MINIMUM,-124.176081,43.534044,0.730000000000000,0.280000000000000,5729.000000000000000,"0","0","2",2.000000000000000,"0","1",4.467990049357450,"0",4.400000095367430,
"6423","10002971",SANTIAM CORRECTIONAL INSTITUTION,4005 AUMSVILLE HWY SE,SALEM,OR,"97317","-999",(503) 378-5808,STATE,OPEN,"479",MARION,"41047",USA,MINIMUM,-122.960742,44.891582,0.520000000000000,0.720000000000000,4860.000000000000000,"0","0","0",0.000000000000000,"0","0",5.794736862182618,"0",5.800000190734860,
"6424","10002968",OREGON STATE PENITENTIARY,2605 STATE ST,SALEM,OR,"97310","-999",(503) 378-2453,STATE,OPEN,"2109",MARION,"41047",USA,MAXIMUM,-123.003473,44.932489,0.520000000000000,0.720000000000000,8593.000000000000000,"0","0","4",3.000000000000000,"0","1",5.775000095367432,"0",5.800000190734860,
"6425","10001306",POWDER RIVER CORRECTIONAL FACILITY,3600 13TH ST,BAKER CITY,OR,"97814","1346",(541) 523-6680,STATE,OPEN,"349",BAKER,"41001",USA,MINIMUM,-117.843806,44.791667,0.730000000000000,0.080000000000000,2731.000000000000000,"0","0","0",0.000000000000000,"0","1",5.052869525577712,"0",5.300000190734860,
"6428","10001310",SNAKE RIVER CORRECTIONAL INSTITUTION,777 STANTON BLVD,ONTARIO,OR,"97914","8335",(541) 881-5000,STATE,OPEN,"2760",MALHEUR,"41045",USA,MEDIUM,-117.067723,44.078339,0.350000000000000,0.020000000000000,5781.000000000000000,"0","0","2",2.000000000000000,"0","1",5.090209617658858,"0",5.850000143051150,
"6429","10001295",TWO RIVERS CORRECTIONAL INSTITUTION,82911 BEACH ACCESS RD,UMATILLA,OR,"97882","-999",(541) 922-2001,STATE,OPEN,"1718",UMATILLA,"41059",USA,MEDIUM,-119.260973,45.926604,0.590000000000000,0.770000000000000,7862.000000000000000,"0","0","1",1.000000000000000,"0","0",6.511538432194636,"0",6.599999904632570,
"6444","10006639",OREGON STATE HOSPITAL - SALEM,2600 CENTER STREET NE,SALEM,OR,"97301","-999",(503) 945-2800,STATE,OPEN,"-999",MARION,"41047",USA,NOT AVAILABLE,-123.002732,44.938607,0.520000000000000,0.720000000000000,8593.000000000000000,"0","0","4",3.000000000000000,"0","1",5.775000095367432,"0",5.800000190734860,
"6445","10006640",OREGON STATE HOSPITAL - JUNCTION CITY,29398 RECOVERY WAY,JUNCTION CITY,OR,"97448","-999",(541) 465-2554,STATE,OPEN,"-999",LANE,"41037",USA,NOT AVAILABLE,-123.194361,44.165618,0.440000000000000,0.590000000000000,4024.000000000000000,"0","0","0",0.000000000000000,"0","0",6.226190538633438,"0",6.300000190734860,
"6446","10000709",SCI ALBION,10745 STATE RT 18,ALBION,PA,"16475","0001",(814) 756-5778,STATE,OPEN,"2287",ERIE,"42049",USA,CLOSE,-80.363141,41.878727,0.940000000000000,0.380000000000000,2467.000000000000000,"1","0","0",0.000000000000000,"1","0",6.199999809265138,"0",6.250000000000000,
"6447","10006363",SCI BENNER TOWNSHIP,301 INSTITUTION DRIVE,BELLEFONTE,PA,"16823","-999",(814) 353-3630,STATE,OPEN,"2111",CENTRE,"42027",USA,MEDIUM,-77.777829,40.859402,0.000000000000000,0.350000000000000,4148.000000000000000,"0","0","0",0.000000000000000,"0","0",7.566666603088380,"0",7.549999952316280,
"6448","10003117",SCI CHESTER,500 EAST FOURTH ST,CHESTER,PA,"19013","-999",(610) 490-5412,STATE,OPEN,"1271",DELAWARE,"42045",USA,MEDIUM,-75.351338,39.851245,0.980000000000000,0.790000000000000,5488.000000000000000,"1","0","12",6.000000000000000,"1","1",8.299999986376083,"0",8.366666793823240,
"6449","10003048",SCI CAMBRIDGE SPRINGS,451 FULLERTON AVE,CAMBRIDGE SPRINGS,PA,"16403","1238",(814) 398-5400,STATE,OPEN,"1211",CRAWFORD,"42039",USA,MINIMUM,-80.054074,41.797093,0.860000000000000,0.330000000000000,4555.000000000000000,"0","0","1",1.000000000000000,"0","0",6.305343493250490,"0",6.400000095367430,
"6450","10000733",SCI CAMP HILL,2500 LISBURN RD.,CAMP HILL,PA,"17001","-999",(717) 737-4531,STATE,OPEN,"3484",CUMBERLAND,"42041",USA,NOT AVAILABLE,-76.927382,40.217967,,0.630000000000000,4024.000000000000000,"0","0","0",0.000000000000000,"0","1",8.533333460489908,"0",8.500000000000000,
"6451","10003109",SCI FAYETTE,50 OVERLOOK DR,LABELLE,PA,"15450","-999",(724) 364-2200,STATE,OPEN,"2195",FAYETTE,"42051",USA,MAXIMUM,-79.987983,40.000494,0.900000000000000,0.320000000000000,6496.000000000000000,"1","0","3",3.000000000000000,"1","1",7.463218403958726,"0",7.833333333333330,
"6452","10000718",SCI DALLAS,1000 FOLLIES RD,DALLAS,PA,"18612","0286",(570) 675-1101,STATE,OPEN,"2155",LUZERNE,"42079",USA,MEDIUM,-76.011734,41.272559,0.240000000000000,0.250000000000000,4663.000000000000000,"0","0","0",0.000000000000000,"0","0",6.344736914885672,"0",6.300000190734860,
"6453","10003064",SCI COAL TOWNSHIP,1 KELLEY DR,COAL TOWNSHIP,PA,"17866","1020",(570) 644-7890,STATE,OPEN,"2320",NORTHUMBERLAND,"42097",USA,MEDIUM,-76.551811,40.806450,0.910000000000000,0.340000000000000,5779.000000000000000,"1","0","5",4.000000000000000,"1","1",7.119402963723710,"0",7.099999904632570,
"6456","10000721",SCI HOUTZDALE,209 INSTITUTION DR,HOUTZDALE,PA,"16698","1000",(814) 378-1000,STATE,OPEN,"2568",CLEARFIELD,"42033",USA,MEDIUM,-78.356750,40.812170,0.920000000000000,0.250000000000000,6802.000000000000000,"1","0","0",0.000000000000000,"1","1",7.088429671673736,"0",7.099999904632570,
"6457","10003052",SCI FOREST,286 WOODLAND DR,MARIENVILLE,PA,"16239","-999",(814) 621-2110,STATE,OPEN,"2392",FOREST,"42053",USA,MAXIMUM,-79.097288,41.480721,0.980000000000000,0.160000000000000,5050.000000000000000,"1","0","1",1.000000000000000,"1","0",6.336486498246322,"0",6.325000047683720,
"6458","10000728",SCI HUNTINGDON,1100 PIKE ST,HUNTINGDON,PA,"16654","1112",(814) 643-2400,STATE,OPEN,"2208",HUNTINGDON,"42061",USA,MAXIMUM,-78.028717,40.491119,0.880000000000000,0.340000000000000,7879.000000000000000,"0","0","0",0.000000000000000,"0","0",7.227428575243270,"0",7.699999968210860,
"6459","10003074",SCI FRACKVILLE,1111 ALTAMONT BLVD,FRACKVILLE,PA,"17931","2699",(570) 874-4516,STATE,OPEN,"1229",SCHUYLKILL,"42107",USA,MAXIMUM,-76.208820,40.771622,0.850000000000000,0.310000000000000,5751.000000000000000,"0","0","0",0.000000000000000,"0","1",7.082568820463408,"0",7.500000000000000,
"6460","10003056",SCI MERCER,801 BUTLER PIKE,MERCER,PA,"16137","-999",(724) 662-1837,STATE,OPEN,"1480",MERCER,"42085",USA,MINIMUM,-80.224348,41.201341,0.750000000000000,0.450000000000000,4620.000000000000000,"0","0","0",0.000000000000000,"0","0",7.013846184657170,"0",7.149999856948850,
"6462","10003107",SCI LAUREL HIGHLANDS,5706 GLADES PIKE,SOMERSET,PA,"15501","-999",(814) 445-6501,STATE,OPEN,"1576",SOMERSET,"42111",USA,MEDIUM,-79.039900,40.004575,0.800000000000000,0.140000000000000,5847.000000000000000,"0","0","1",1.000000000000000,"0","1",7.394444455040826,"0",7.699999809265140,
"6464","10003054",SCI MUNCY,6454 STATE HIGHWAY 405,MUNCY,PA,"17756","-999",(570) 546-3171,STATE,OPEN,"1381",LYCOMING,"42081",USA,MAXIMUM,-76.824794,41.203206,0.770000000000000,0.230000000000000,7608.000000000000000,"0","0","4",4.000000000000000,"0","1",6.809361693199644,"0",7.099999904632570,
"6465","10000719",SCI RETREAT,660 STATE ROUTE 11,HUNLOCK CREEK,PA,"18621","-999",(570) 735-8754,STATE,OPEN,"1123",LUZERNE,"42079",USA,MEDIUM,-76.080615,41.187871,0.890000000000000,0.250000000000000,5346.000000000000000,"0","0","0",0.000000000000000,"0","0",6.712500025828680,"0",6.766666730244950,
"6467","10003062",SCI ROCKVIEW,1 ROCKVIEW PLACE,BELLEFONTE,PA,"16823","-999",(814) 355-4874,STATE,OPEN,"2416",CENTRE,"42027",USA,MEDIUM,-77.777943,40.850711,0.000000000000000,0.350000000000000,4148.000000000000000,"0","0","0",0.000000000000000,"0","0",7.566666603088380,"0",7.549999952316280,
"6561","10001721",ANTHONY P. TRAVISONO INTAKE SERVICE CENTER,18 SLATE HILL RD,CRANSTON,RI,"02920","-999",(401) 462-3802,STATE,OPEN,"845",PROVIDENCE,"44007",USA,MAXIMUM,-71.463837,41.748784,0.630000000000000,0.130000000000000,5188.000000000000000,"0","0","0",0.000000000000000,"0","0",6.583333253860474,"0",6.500000000000000,
"6562","10003561",HIGH SECURITY CENTER,54 POWER RD,CRANSTON,RI,"02920","-999",(401) 462-2028,STATE,OPEN,"88",PROVIDENCE,"44007",USA,CLOSE,-71.461987,41.749486,0.630000000000000,0.130000000000000,5188.000000000000000,"0","0","0",0.000000000000000,"0","0",6.583333253860474,"0",6.450000047683720,
"6563","10003556",JOHN J MORAN MEDIUM SECURITY FACILITY,51 WEST RD,CRANSTON,RI,"02920","-999",(401) 462-3771,STATE,OPEN,"964",PROVIDENCE,"44007",USA,MEDIUM,-71.468552,41.742971,0.630000000000000,0.130000000000000,5188.000000000000000,"0","0","0",0.000000000000000,"0","0",6.583333253860474,"0",6.500000000000000,
"6564","10003554",MAXIMUM SECURITY FACILITY,1375 PONTIAC AVE,CRANSTON,RI,"02920","-999",(401) 462-2054,STATE,OPEN,"394",PROVIDENCE,"44007",USA,MAXIMUM,-71.456568,41.746707,0.630000000000000,0.130000000000000,5188.000000000000000,"0","0","0",0.000000000000000,"0","0",6.583333253860474,"0",6.599999904632570,
"6565","10003557",MINIMUM SECURITY FACILITY,16 HOWARD AVE,CRANSTON,RI,"02920","-999",(401) 462-2162,STATE,OPEN,"232",PROVIDENCE,"44007",USA,MINIMUM,-71.463631,41.742118,0.630000000000000,0.130000000000000,5188.000000000000000,"0","0","0",0.000000000000000,"0","0",6.583333253860474,"0",6.500000000000000,
"6569","10003558",GLORIA MCDONALD AWAITING TRIAL / MEDIUM SEC FAC,20 FLEMING RD,CRANSTON,RI,"02920","-999",(401) 462-0787,STATE,OPEN,"138",PROVIDENCE,"44007",USA,MEDIUM,-71.461130,41.746378,0.630000000000000,0.130000000000000,5188.000000000000000,"0","0","0",0.000000000000000,"0","0",6.583333253860474,"0",6.500000000000000,
"6572","10003559",BERNADETTE BUILDING,15 FLEMING ROAD,CRANSTON,RI,"02920","-999",(401) 462-1165,STATE,OPEN,"145",PROVIDENCE,"44007",USA,MINIMUM,-71.460651,41.745586,0.630000000000000,0.130000000000000,5188.000000000000000,"0","0","0",0.000000000000000,"0","0",6.583333253860474,"0",6.500000000000000,
"6575","10003551",DONALD W. WYATT DETENTION FACILITY,950 HIGH ST,CENTRAL FALLS,RI,"02863","1506",(401) 729-1190,MULTI,OPEN,"513",PROVIDENCE,"44007",USA,MAXIMUM,-71.383996,41.892458,0.950000000000000,0.180000000000000,5019.000000000000000,"1","0","9",5.000000000000000,"1","1",6.461563424513100,"0",6.400000095367430,
"6590","10000098",ALLENDALE CORRECTIONAL INSTITUTION,1057 REVOLUTIONARY TRAIL,FAIRFAX,SC,"29827","-999",(803) 632-2561,STATE,OPEN,"894",ALLENDALE,"45005",USA,MEDIUM,-81.269012,32.967704,0.960000000000000,0.320000000000000,3682.000000000000000,"1","0","7",6.000000000000000,"1","1",6.052499993145466,"0",6.099999904632570,
"6591","10001142",KIRKLAND CORRECTIONAL INSTITUTION,4344 BROAD RIVER RD,COLUMBIA,SC,"29210","-999",(803) 896-1521,STATE,OPEN,"1368",RICHLAND,"45079",USA,MAXIMUM,-81.098077,34.069426,,0.400000000000000,4439.000000000000000,"0","0","4",3.000000000000000,"0","0",7.275000095367432,"0",7.275000095367430,
"6592","10001141",BROAD RIVER CORRECTIONAL INSTITUTION,4460 BROAD RIVER RD,COLUMBIA,SC,"29210","-999",(803) 896-2234,STATE,OPEN,"1304",RICHLAND,"45079",USA,MAXIMUM,-81.098016,34.074173,,0.400000000000000,4439.000000000000000,"0","0","4",3.000000000000000,"0","0",7.275000095367432,"0",7.300000190734860,
"6594","10001928",GRAHAM (CAMILLE GRIFFIN) CORRECTIONAL INSTITUTION,4450 BROAD RIVER RD,COLUMBIA,SC,"29210","4096",(803) 896-8590,STATE,OPEN,"528",RICHLAND,"45079",USA,MAXIMUM,-81.103460,34.076153,,0.400000000000000,4439.000000000000000,"0","0","4",3.000000000000000,"0","0",7.275000095367432,"0",7.199999809265140,
"6595","10001132",KERSHAW CORRECTIONAL INSTITUTION,4848 GOLDMINE HWY,KERSHAW,SC,"29067","-999",(803) 896-3300,STATE,OPEN,"1330",LANCASTER,"45057",USA,MEDIUM,-80.551572,34.596209,0.680000000000000,0.200000000000000,8023.000000000000000,"0","0","1",1.000000000000000,"0","0",6.168399999618530,"0",7.000000000000000,
"6596","10001137",LEATH CORRECTIONAL INSTITUTION,2809 AIRPORT RD,GREENWOOD,SC,"29649","-999",(803) 896-1000,STATE,OPEN,"666",GREENWOOD,"45047",USA,MAXIMUM,-82.145635,34.253244,0.440000000000000,0.380000000000000,4103.000000000000000,"0","0","0",0.000000000000000,"0","1",6.892857117312296,"0",7.199999809265140,
"6598","10002687",MANNING REENTRY / WORK RELEASE CENTER,502 BECKMAN RD,COLUMBIA,SC,"29203","3173",(803) 935-6000,STATE,OPEN,"560",RICHLAND,"45079",USA,MINIMUM,-80.990025,34.080173,,0.380000000000000,1054.000000000000000,"0","0","4",2.000000000000000,"0","0",6.900000095367432,"0",6.866666793823240,
"6600","10001138",LEE CORRECTIONAL INSTITUTION,990 WISACKY HWY,BISHOPVILLE,SC,"29010","-999",(803) 428-2800,STATE,OPEN,"1521",LEE,"45061",USA,MAXIMUM,-80.226467,34.197065,,0.210000000000000,0.000000000000000,"0","0","0",0.000000000000000,"0","0",6.399981234487334,"0",6.400000095367430,
"6601","10002685",PALMER PRE-RELEASE CENTER,2012 PISGAH RD,FLORENCE,SC,"29501","-999",(843) 661-4770,STATE,OPEN,"238",FLORENCE,"45041",USA,MINIMUM,-79.803843,34.243004,0.350000000000000,0.210000000000000,3609.000000000000000,"0","0","0",0.000000000000000,"0","0",6.391999931335450,"0",6.699999809265140,
"6602","10001147",LIEBER CORRECTIONAL INSTITUTION,136 WILBORN AVE,RIDGEVILLE,SC,"29472","-999",(843) 875-3332,STATE,OPEN,"1198",DORCHESTER,"45035",USA,MAXIMUM,-80.290167,33.085220,0.700000000000000,0.200000000000000,7002.000000000000000,"0","0","0",0.000000000000000,"0","0",5.980555556438588,"0",6.049999952316280,
"6603","10002671",LIVESAY CORRECTIONAL INSTITUTION-B CAMP,504 BROADCAST DR,SPARTANBURG,SC,"29303","-999",(864) 594-4915,STATE,OPEN,"-999",SPARTANBURG,"45083",USA,MINIMUM,-81.981911,34.981294,0.610000000000000,0.430000000000000,6274.000000000000000,"0","0","2",1.000000000000000,"0","0",7.515384564032922,"0",7.699999809265140,
"6606","10001129",PERRY CORRECTIONAL INSTITUTION,430 OAKLAWN RD,PELZER,SC,"29669","-999",(864) 243-4700,STATE,OPEN,"874",GREENVILLE,"45045",USA,MAXIMUM,-82.333722,34.659860,0.770000000000000,0.380000000000000,5778.000000000000000,"0","0","0",0.000000000000000,"0","0",6.378160915155522,"0",6.850000143051150,
"6607","10002691",TURBEVILLE CORRECTIONAL INSTITUTION,1578 CLARENCE COKER HWY,TURBEVILLE,SC,"29162","-999",(843) 659-4800,STATE,OPEN,"1025",CLARENDON,"45027",USA,MEDIUM,-80.081815,33.885943,,0.180000000000000,1218.000000000000000,"0","0","0",0.000000000000000,"0","0",5.628869459168940,"0",5.700000047683720,
"6608","10002668",TYGER RIVER CORRECTIONAL INSTITUTION,200 PRISON RD,ENOREE,SC,"29335","9308",(803) 896-3501,STATE,OPEN,"1017",SPARTANBURG,"45083",USA,MEDIUM,-81.828533,34.711662,0.540000000000000,0.350000000000000,6057.000000000000000,"0","0","0",0.000000000000000,"0","0",6.284530368299116,"0",6.099999904632570,
"6624","10006648",G. WERBER BRYAN PSYCHIATRIC HOSPITAL,220 FAISON DRIVE,COLUMBIA,SC,"29203","-999",(803) 935-7140,STATE,OPEN,"-999",RICHLAND,"45079",USA,NOT AVAILABLE,-80.983255,34.085557,,0.380000000000000,1054.000000000000000,"0","0","4",2.000000000000000,"0","0",6.900000095367432,"0",6.900000095367430,
"6627","10001123",SOUTH DAKOTA STATE PENITENTIARY,1600 NORTH DR,SIOUX FALLS,SD,"57117","-999",(605) 367-5051,STATE,OPEN,"725",MINNEHAHA,"46099",USA,MEDIUM,-96.725419,43.567244,0.300000000000000,0.050000000000000,4973.000000000000000,"0","0","3",2.000000000000000,"0","1",5.732142840112958,"0",5.800000190734860,
"6628","10001128",MIKE DURFEE STATE PRISON,1412 WOOD ST,SPRINGFIELD,SD,"57062","-999",(605) 369-2201,STATE,OPEN,"1245",BON HOMME,"46009",USA,MEDIUM,-97.899472,42.860724,0.910000000000000,0.040000000000000,3787.000000000000000,"1","0","0",0.000000000000000,"1","0",5.451478649987580,"0",6.049999952316280,
"6629","10001118",RAPID CITY COMMUNITY WORK CENTER,2725 CREEK DR,RAPID CITY,SD,"57703","-999",(605) 394-5294,STATE,OPEN,"246",PENNINGTON,"46103",USA,MINIMUM,-103.187965,44.058383,0.410000000000000,0.020000000000000,2923.000000000000000,"0","0","0",0.000000000000000,"0","0",5.554545460325300,"0",5.599999904632570,
"6630","10001121",G NORTON JAMESON ANNEX,1600 NORTH DR,SIOUX FALLS,SD,"57117","-999",(605) 367-5120,STATE,OPEN,"485",MINNEHAHA,"46099",USA,MAXIMUM,-96.726468,43.569068,0.300000000000000,0.050000000000000,4973.000000000000000,"0","0","3",2.000000000000000,"0","1",5.732142840112958,"0",5.700000047683720,
