,FACILITYID,range_1,range_2,range_1_ranks,range_2_ranks,rank_change
0,10000004,16.2499996821086,7.816666682561235,0.90646578782172,0.6974262397991211,-20.903954802259893
1,10000006,14.59999990463255,7.22499990463257,0.7259887005649718,0.4613935969868173,-26.459510357815446
2,10000013,15.23333342870075,7.166666746139525,0.8179535467671061,0.44224733207784056,-37.570621468926554
3,10000014,15.15000009536745,7.049999952316285,0.8116760828625236,0.40458254865034526,-40.709353421217834
4,10000023,14.3000001907349,6.34999990463257,0.6939736346516008,0.1977401129943503,-49.62335216572505
5,10000025,16.149999618530252,7.90000009536743,0.896421845574388,0.7247332077840553,-17.168863779033273
6,10000028,13.4500000476837,6.6249998807907104,0.5659133709981168,0.27369742623979915,-29.221594475831765
7,10000043,14.02500009536745,6.950000047683715,0.6437539234149403,0.37445072190834905,-26.930320150659128
8,10000044,14.0,7.049999952316285,0.6374764595103578,0.40458254865034526,-23.289391086001253
9,10000053,8.25,7.44999980926514,0.17325800376647835,0.5480225988700564,37.476459510357806
10,10000055,5.72500002384186,5.787500143051145,0.04268675455116133,0.08788449466415568,4.519774011299435
11,10000056,6.0,6.450000047683715,0.05273069679849341,0.22347771500313873,17.074701820464533
12,10000057,6.65000009536743,5.59999990463257,0.08505963590709353,0.07344632768361582,-1.1613308223477712
13,10000060,11.300000190734849,6.34999990463257,0.3229755178907721,0.1977401129943503,-12.523540489642182
14,10000062,13.5499997138977,8.40000009536743,0.5781544256120528,0.849654739485248,27.15003138731952
15,10000065,16.3750004768372,8.549999952316284,0.9177652228499686,0.8816698053986189,-3.60954174513497
16,10000066,16.30000019073485,8.149999856948849,0.9121155053358443,0.7915881983678594,-12.052730696798486
17,10000069,16.600000381469748,8.950000286102295,0.9331450094161958,0.9199623352165726,-1.3182674199623268
18,10000070,16.55000019073485,8.950000286102295,0.9290646578782172,0.9199623352165726,-0.910232266164468
19,10000075,14.1250001192093,7.38750010728836,0.664783427495292,0.5285624607658506,-13.622096672944139
20,10000076,14.0,7.700000047683715,0.6374764595103578,0.6431261770244822,0.5649717514124353
21,10000078,14.2000002861023,7.90000009536743,0.6779661016949152,0.7247332077840553,4.676710608914004
22,10000079,14.3500003814697,7.85000014305115,0.7037037037037037,0.711864406779661,0.8160703075957287
23,10000080,14.425000190734849,7.9250000715255755,0.7106089139987445,0.7319522912743252,2.1343377275580666
24,10000081,14.5999999046326,8.05000019073486,0.7281858129315757,0.7793471437539234,5.116133082234775
25,10000082,14.5,7.899999976158146,0.7178279974890145,0.7203389830508474,0.25109855618329346
26,10000083,15.300000190734849,8.449999809265135,0.8210922787193974,0.8556183301946014,3.4526051475204045
27,10000084,15.5,8.762500166893005,0.8468298807281858,0.903954802259887,5.712492153170123
28,10000085,14.25,8.35000038146973,0.6861268047708726,0.8433772755806654,15.725047080979282
29,10000087,13.5999999046326,8.250000238418579,0.5900816070307596,0.8258003766478342,23.57187696170746
30,10000088,14.050000190734849,8.200000047683716,0.6484620213433773,0.8123038292529818,16.384180790960457
31,10000092,9.0,5.399999856948855,0.19522912743251727,0.04959196484620213,-14.563716258631516
32,10000094,9.40000009536743,5.6250001192092896,0.20684243565599497,0.07532956685499058,-13.151286880100438
33,10000095,10.125,6.02500009536743,0.24419334588826114,0.12052730696798493,-12.366603892027621
34,10000098,14.09999990463255,6.27499997615814,0.6556811048336472,0.18047708725674827,-47.52040175768989
35,10000099,14.175000190734849,6.424999833106995,0.6710608913998745,0.21531701192718142,-45.5743879472693
36,10000100,7.90000009536743,4.75,0.15003138731952292,0.015065913370998116,-13.496547394852481
37,10000101,16.1250002384186,7.90000009536743,0.8957940991839297,0.7247332077840553,-17.106089139987446
38,10000102,16.2999999523163,8.149999856948856,0.9108600125549278,0.793157564344005,-11.77024482109228
39,10000103,16.1500005722046,7.950000047683715,0.8998744507219083,0.7416823603264281,-15.81920903954802
40,10000106,17.0,8.050000190734865,0.9541745134965474,0.7812303829252982,-17.294413057124913
41,10000107,13.649999856948849,6.549999952316285,0.5947897049591965,0.24733207784055242,-34.7457627118644
42,10000109,16.35000014305115,8.02500009536743,0.9158819836785939,0.7674199623352166,-14.846202134337727
43,10000110,13.75,6.600000023841854,0.608286252354049,0.26490897677338354,-34.33772755806655
44,10000112,14.725000143051151,6.799999952316285,0.7495291902071564,0.32015065913371,-42.93785310734464
45,10000115,13.7000002861023,6.850000143051145,0.6042059008160703,0.34055241682360327,-26.365348399246702
46,10000116,15.325000047683751,7.525000214576725,0.8242310106716887,0.581293157564344,-24.29378531073447
47,10000117,15.85000038146975,7.849999904632565,0.8741368487131199,0.7002510985561833,-17.388575015693664
48,10000118,14.75,7.26249998807907,0.7529817953546767,0.4861895794099184,-26.679221594475827
49,10000119,14.75,7.25,0.7529817953546767,0.4748901443816698,-27.809165097300685
50,10000120,15.22499990463255,7.90000009536743,0.8151286880100439,0.7247332077840553,-9.039548022598865
51,10000121,14.27500009536745,7.5,0.6898932831136221,0.5690521029504081,-12.0841180163214
52,10000122,14.900000333786,6.84999990463257,0.7746390458254865,0.33207784055241685,-44.25612052730696
53,10000129,15.4500002861023,7.799999952316285,0.8396107972379159,0.6861268047708726,-15.348399246704325
54,10000132,16.5,7.799999952316285,0.9243565599497803,0.6861268047708726,-23.822975517890765
55,10000136,15.7375001907349,7.299999952316284,0.8631512868801005,0.4905838041431262,-37.256748273697426
56,10000140,17.44999980926515,8.100000143051144,0.9689265536723164,0.7878217200251099,-18.110483364720654
57,10000141,19.3499994277954,8.524999856948856,0.992467043314501,0.8757062146892656,-11.67608286252354
58,10000142,15.64999961853025,7.450000047683715,0.8556183301946014,0.5539861895794099,-30.16321406151915
59,10000143,16.54999995231625,7.1250001192092896,0.9278091650973007,0.4322033898305085,-49.560577526679225
60,10000144,16.09999990463255,7.125,0.8926553672316384,0.4300062774639046,-46.264908976773384
61,10000146,13.1749999523163,7.0,0.5263653483992468,0.38857501569365976,-13.779033270558699
62,10000149,13.975000143051151,7.22500002384186,0.6311989956057753,0.4642184557438795,-16.69805398618958
63,10000150,14.9000000953674,8.65000009536743,0.7715003138731952,0.8923414940364093,12.08411801632141
64,10000151,4.375000059604645,4.75,0.010043942247332079,0.015065913370998116,0.5021971123666038
65,10000152,6.850000143051145,6.67499995231628,0.10138104205900816,0.2859384808537351,18.455743879472692
66,10000154,7.1166667143503854,6.866666634877525,0.11487758945386065,0.3433772755806654,22.849968612680474
67,10000155,4.75,5.65000009536743,0.018518518518518517,0.0800376647834275,6.151914626490898
68,10000156,4.75,5.89999997615814,0.018518518518518517,0.10232266164469554,8.380414312617702
69,10000157,8.200000047683716,6.299999952316285,0.1713747645951036,0.18832391713747645,1.6949152542372863
70,10000159,5.34999990463257,5.90000009536743,0.028562460765850596,0.10546139359698682,7.689893283113622
71,10000160,5.75,5.950000047683715,0.044569993722536096,0.11236660389202763,6.779661016949154
72,10000161,11.40000009536745,7.25,0.3352165725047081,0.4748901443816698,13.967357187696173
73,10000163,13.25,7.916666587193805,0.5317011927181419,0.7288135593220338,19.711236660389197
74,10000165,13.375,8.049999952316284,0.5549278091650973,0.7749529190207156,22.00251098556183
75,10000172,13.1499996185303,8.05000019073486,0.5210295040803515,0.7793471437539234,25.83176396735719
76,10000174,4.72499990463257,5.649999856948855,0.017576898932831136,0.07815442561205273,6.057752667922159
77,10000175,6.350000143051145,7.19999980926514,0.06999372253609541,0.44789704959196486,37.79033270558694
78,10000176,6.299999952316285,6.950000047683715,0.06779661016949153,0.37445072190834905,30.665411173885754
79,10000178,11.75,7.450000047683715,0.3822975517890772,0.5539861895794099,17.168863779033273
80,10000180,4.762500047683715,5.9250000715255755,0.0194601381042059,0.10765850596359071,8.819836785938481
81,10000182,6.75,7.1875,0.09227871939736347,0.44664155681104833,35.436283741368484
82,10000183,11.1499996185303,7.0,0.30728185812931574,0.38857501569365976,8.129315756434401
83,10000184,11.4749999046326,6.9499999284744245,0.34494664155681104,0.36785938480853736,2.291274325172632
84,10000185,11.15000009536745,7.05000019073486,0.3110483364720653,0.41462649089767734,10.357815442561202
85,10000186,11.9500002861023,7.549999952316285,0.4096045197740113,0.5881983678593848,17.859384808537353
86,10000187,11.58333349227905,7.46666661898295,0.36472065285624605,0.5586942875078468,19.397363465160073
87,10000190,10.649999856948835,6.625,0.2812303829252982,0.27432517263025735,-0.690521029504082
88,10000191,9.25,6.349999904632565,0.19930947897049592,0.19491525423728814,-0.43942247332077744
89,10000192,9.725000143051144,10.125,0.22284996861268047,0.967984934086629,74.51349654739485
90,10000193,9.700000286102295,10.04999971389772,0.22159447583176398,0.9661016949152542,74.45072190834902
91,10000194,10.400000095367435,5.875,0.2617702448210923,0.09981167608286252,-16.19585687382298
92,10000195,10.7749998569489,6.21250003576279,0.2893910860012555,0.1638418079096045,-12.5549278091651
93,10000196,10.175000190734865,5.799999952316285,0.2460765850596359,0.08945386064030132,-15.662272441933457
94,10000197,11.59999990463255,7.950000286102295,0.36691776522284997,0.7467043314500942,37.97865662272442
95,10000198,11.59999990463255,7.950000286102295,0.36691776522284997,0.7467043314500942,37.97865662272442
96,10000199,8.049999952316284,6.04999995231628,0.16290018832391714,0.12115505335844319,-4.174513496547395
97,10000200,19.3999996185303,7.850000023841854,0.9930947897049592,0.7065285624607659,-28.656622724419336
98,10000203,14.912500143051151,6.637499988079075,0.7752667922159447,0.2755806654111739,-49.96861268047709
99,10000204,11.699999809265151,7.549999952316285,0.38010043942247335,0.5881983678593848,20.80979284369115
100,10000205,12.12500023841855,7.8249999284744245,0.42812303829252984,0.6983678593848085,27.024482109227865
101,10000206,12.25,7.28333330154419,0.43848085373509105,0.487758945386064,4.927809165097297
102,10000208,11.15000009536745,7.149999856948855,0.3110483364720653,0.4340866290018832,12.30382925298179
103,10000209,12.1500000953674,8.300000190734865,0.4300062774639046,0.8333333333333334,40.33270558694288
104,10000210,12.3000001907349,8.100000143051144,0.4475831763967357,0.7878217200251099,34.02385436283741
105,10000211,12.200000047683751,8.075000166893005,0.4337727558066541,0.7827997489014438,34.90269930947897
106,10000212,12.5,8.199999809265135,0.46955430006277465,0.8063402385436284,33.67859384808537
107,10000213,11.550000190734849,7.84999990463257,0.36001255492780915,0.7021343377275581,34.21217827997489
108,10000215,12.2999997138977,7.850000023841854,0.4444444444444444,0.7065285624607659,26.20841180163215
109,10000216,12.0750000476837,7.012499988079075,0.4190207156308851,0.3948524795982423,-2.4168236032642785
110,10000219,11.899999856948849,6.60000002384186,0.39987445072190836,0.26585059635907093,-13.402385436283742
111,10000220,12.08750009536745,6.899999916553495,0.4218455743879473,0.3477715003138732,-7.4074074074074066
112,10000224,12.4500002861023,7.80000019073486,0.4651600753295669,0.6949152542372882,22.975517890772128
113,10000225,10.749999999999986,7.450000047683715,0.2884494664155681,0.5539861895794099,26.55367231638418
114,10000226,10.550000031789136,6.41666658719381,0.2730696798493409,0.21406151914626492,-5.900816070307596
115,10000228,11.0749998092651,7.075000047683715,0.3032015065913371,0.4190207156308851,11.581920903954801
116,10000229,13.55000003178915,8.25000015894572,0.5806654111738857,0.8248587570621468,24.419334588826114
117,10000234,13.36666663487755,8.24999984105428,0.5524168236032643,0.8210922787193974,26.86754551161331
118,10000237,10.34999990463257,7.0,0.25580665411173886,0.38857501569365976,13.27683615819209
119,10000238,10.300000190734865,7.09999990463257,0.2542372881355932,0.4221594475831764,16.792215944758322
120,10000241,11.425000190734849,6.63749986886978,0.3364720652856246,0.2749529190207156,-6.151914626490901
121,10000242,11.4000000953674,6.5749999284744245,0.3330194601381042,0.25360954174513495,-7.940991839296924
122,10000243,11.8250000476837,6.8749998807907104,0.3888888888888889,0.3446327683615819,-4.425612052730699
123,10000244,11.5,6.450000047683715,0.3493408662900188,0.22347771500313873,-12.586315128688009
124,10000245,11.600000143051151,6.75,0.3697426239799121,0.3050847457627119,-6.465787821720021
125,10000246,11.83333333333335,7.09999990463257,0.3898305084745763,0.4221594475831764,3.232893910860013
126,10000247,6.9250000715255755,6.2375000715255755,0.10734463276836158,0.16886377903327057,6.1519146264909
127,10000248,11.100000143051151,7.10000002384186,0.3041431261770245,0.42498430634023854,12.084118016321405
128,10000252,12.3499999046326,7.200000047683715,0.45134965473948524,0.4541745134965474,0.28248587570621764
129,10000257,5.7833333015441895,5.38333328564962,0.04927809165097301,0.04833647206528562,-0.09416195856873852
130,10000258,3.5500000715255746,6.049999952316285,0.0018832391713747645,0.12397991211550534,12.209667294413057
131,10000260,8.949999809265135,11.250000000000021,0.19271814187068426,0.9836785938480854,79.09604519774011
132,10000261,7.84999990463257,8.550000190734865,0.14689265536723164,0.884180790960452,73.72881355932203
133,10000262,9.40000009536743,6.34999990463257,0.20684243565599497,0.1977401129943503,-0.910232266164468
134,10000263,9.750000000000014,6.34999990463257,0.22347771500313873,0.1977401129943503,-2.5737602008788443
135,10000264,6.616666555404665,4.78333330154419,0.08286252354048965,0.01694915254237288,-6.5913370998116765
136,10000267,10.02500009536743,6.0749999284744245,0.23477715003138733,0.13057124921531701,-10.420590081607031
137,10000269,11.949999809265151,7.6249998807907104,0.4061519146264909,0.615819209039548,20.96672944130571
138,10000272,12.075000047683751,7.049999952316285,0.42027620841180163,0.40458254865034526,-1.5693659761456369
139,10000273,12.0,6.950000047683715,0.4124293785310734,0.37445072190834905,-3.797865662272437
140,10000274,12.66249990463255,8.549999952316284,0.485247959824231,0.8816698053986189,39.64218455743879
141,10000275,13.2999999523163,7.950000047683715,0.5401757689893283,0.7416823603264281,20.15065913370998
142,10000277,11.487499833107,7.562500059604645,0.34588826114249843,0.6013810420590081,25.54927809165097
143,10000278,11.5499997138977,7.5,0.357187696170747,0.5690521029504081,21.186440677966107
144,10000281,11.15000009536745,6.350000143051145,0.3110483364720653,0.2015065913370998,-10.95417451349655
145,10000282,11.4499998092651,6.850000143051145,0.3370998116760829,0.34055241682360327,0.34526051475203823
146,10000283,18.125,7.299999952316285,0.9783427495291902,0.49591964846202136,-48.242310106716886
147,10000284,17.30000019073485,7.549999952316285,0.9642184557438794,0.5881983678593848,-37.60200878844946
148,10000285,18.9499994913737,8.98333326975504,0.9855618330194601,0.9221594475831764,-6.340238543628374
149,10000292,19.100000381469748,9.14999961853027,0.9871311989956058,0.933458882611425,-5.36723163841808
150,10000296,16.350000381469748,7.799999952316285,0.9168236032642813,0.6861268047708726,-23.06967984934086
151,10000297,15.375,7.075000166893005,0.8289391086001255,0.4199623352165725,-40.8976773383553
152,10000298,15.662500262260451,7.524999976158145,0.8575015693659761,0.578782172002511,-27.87193973634651
153,10000303,16.25,6.84999990463257,0.9074074074074074,0.33207784055241685,-57.53295668549906
154,10000304,18.5,8.200000047683716,0.9817953546767106,0.8123038292529818,-16.94915254237288
155,10000307,16.77500009536745,7.1250001192092896,0.9441305712492153,0.4322033898305085,-51.19271814187067
156,10000308,15.5,7.0,0.8468298807281858,0.38857501569365976,-45.8254865034526
157,10000309,15.0,7.05000019073486,0.7890772128060264,0.41462649089767734,-37.44507219083491
158,10000310,16.075000166893,7.07499998807907,0.8920276208411801,0.4180790960451977,-47.39485247959824
159,10000313,15.449999809265151,8.15000009536743,0.8377275580665411,0.7984934086629002,-3.9234149403640894
160,10000314,15.5,8.549999713897705,0.8468298807281858,0.8785310734463276,3.170119271814187
161,10000315,16.9333333969116,7.15000001589457,0.9516635279347144,0.43628374136848713,-51.53797865662273
162,10000316,16.3499994277954,7.200000047683715,0.9146264908976773,0.4541745134965474,-46.04519774011299
163,10000318,17.099999904632597,7.25,0.9579409918392969,0.4748901443816698,-48.30508474576271
164,10000319,15.2249999046326,7.200000047683715,0.8160703075957313,0.4541745134965474,-36.18957940991839
165,10000320,15.09999990463255,7.15000009536743,0.8025737602008789,0.4387947269303202,-36.37790332705587
166,10000323,16.6999998092651,7.700000047683715,0.9397363465160076,0.6431261770244822,-29.66101694915254
167,10000325,17.69999980926515,7.875,0.9717514124293786,0.7153170119271814,-25.643440050219713
168,10000327,13.5499999523163,6.900000095367435,0.5800376647834274,0.3578154425612053,-22.222222222222214
169,10000328,16.47500014305115,7.8000000715255755,0.9227871939736346,0.6924042686754551,-23.03829252981795
170,10000329,16.6500005722046,8.050000190734865,0.9375392341494037,0.7812303829252982,-15.630885122410543
171,10000330,14.8000001907349,7.5,0.7620841180163214,0.5690521029504081,-19.30320150659133
172,10000332,14.6000003814697,7.100000143051145,0.7306967984934086,0.42718141870684245,-30.351537978656616
173,10000333,14.4500000476837,7.0500000715255755,0.7134337727558067,0.4114877589453861,-30.19460138104206
174,10000334,15.599999666214,7.649999976158146,0.8531073446327684,0.6220966729441306,-23.101067168863775
175,10000335,15.799999713897698,8.125,0.8675455116133082,0.7897049591964846,-7.784055241682353
176,10000336,14.22499990463255,7.725000023841854,0.6811048336472065,0.6506591337099812,-3.0445699937225346
177,10000337,14.26666657129925,7.583333333333335,0.6886377903327056,0.6038920276208412,-8.47457627118644
178,10000338,14.725000143051151,7.5000001192092896,0.7495291902071564,0.5753295668549906,-17.419962335216578
179,10000339,13.1000003814697,8.35000038146973,0.5178907721280602,0.8433772755806654,32.54865034526052
180,10000345,13.75,7.700000047683715,0.608286252354049,0.6431261770244822,3.4839924670433176
181,10000356,14.825000047683751,7.975000023841854,0.7633396107972379,0.7489014438166981,-1.443816698053979
182,10000357,14.675000190734849,7.92500019073486,0.7407407407407407,0.7328939108600125,-0.7846829880728157
183,10000360,14.4500000476837,8.075000047683716,0.7134337727558067,0.7821720025109855,6.873822975517885
184,10000361,14.5,8.15000009536743,0.7178279974890145,0.7984934086629002,8.06654111738857
185,10000365,14.18750011920925,7.800000011920931,0.672316384180791,0.6905210295040803,1.820464532328936
186,10000368,14.1749999523163,7.774999976158146,0.6704331450094162,0.6751412429378532,0.47080979284369606
187,10000369,13.52500009536745,7.850000143051145,0.5759573132454489,0.7099811676082862,13.402385436283737
188,10000370,14.0,8.42500019073486,0.6374764595103578,0.8537350910232266,21.625863151286882
189,10000374,13.65000009536745,7.59999990463257,0.5982423101067169,0.6073446327683616,0.910232266164468
190,10000375,14.09999990463255,7.950000047683715,0.6556811048336472,0.7416823603264281,8.600125549278093
191,10000378,13.4500000476837,6.987499892711639,0.5659133709981168,0.3822975517890772,-18.36158192090396
192,10000381,13.5,6.4666666984558105,0.571563088512241,0.22724419334588827,-34.43188951663527
193,10000382,13.550000190734849,6.549999952316285,0.5828625235404896,0.24733207784055242,-33.553044569993716
194,10000384,14.7000000476837,7.275000095367435,0.7454488386691777,0.48713119899560575,-25.83176396735719
195,10000385,14.675000190734849,7.225000023841854,0.7407407407407407,0.46264908976773383,-27.809165097300685
196,10000386,14.675000190734849,7.225000023841854,0.7407407407407407,0.46264908976773383,-27.809165097300685
197,10000387,12.9000000953674,7.5,0.502510985561833,0.5690521029504081,6.654111738857504
198,10000388,12.9500000476837,7.57500004768372,0.5062774639045825,0.6026365348399246,9.635907093534213
199,10000391,12.5,7.59999990463257,0.46955430006277465,0.6073446327683616,13.779033270558694
200,10000392,12.5999999046326,7.59999990463257,0.47865662272441933,0.6073446327683616,12.868801004394225
201,10000393,13.5750002861023,7.1750000715255755,0.5856873822975518,0.4450721908349027,-14.061519146264912
202,10000394,13.6000003814697,7.350000143051145,0.5932203389830508,0.5204017576898933,-7.281858129315754
203,10000395,13.48333342870075,7.200000127156575,0.5681104833647207,0.4601381042059008,-10.797237915881992
204,10000396,13.550000190734849,7.0,0.5828625235404896,0.38857501569365976,-19.428750784682986
205,10000400,13.8999996185303,6.950000047683715,0.6177024482109228,0.37445072190834905,-24.325172630257374
206,10000402,12.9000000953674,7.450000047683715,0.502510985561833,0.5539861895794099,5.1475204017576885
207,10000403,13.0,7.400000095367435,0.5109855618330195,0.5414312617702448,3.0445699937225346
208,10000405,14.0,6.850000143051145,0.6374764595103578,0.34055241682360327,-29.692404268675453
209,10000407,14.2000002861023,7.80000019073486,0.6779661016949152,0.6949152542372882,1.6949152542372947
210,10000409,14.3499999046326,7.40000009536743,0.7018204645323289,0.5360954174513497,-16.572504708097924
211,10000410,14.375,7.35000014305115,0.7046453232893911,0.524482109227872,-18.016321406151913
212,10000411,12.75,6.799999952316285,0.4905838041431262,0.32015065913371,-17.04331450094162
213,10000412,12.65000009536745,6.799999952316285,0.48462021343377276,0.32015065913371,-16.446955430006277
214,10000413,13.6500000953674,7.950000286102295,0.5963590709353421,0.7467043314500942,15.034526051475206
215,10000414,13.34999990463255,6.69999980926514,0.5470809792843692,0.2884494664155681,-25.863151286880104
216,10000416,13.2999997138977,7.20000004768372,0.5373509102322661,0.45919648462021345,-7.815442561205266
217,10000417,13.2000002861023,7.40000009536743,0.5288763339610797,0.5360954174513497,0.7219083490270006
218,10000418,13.3375000953674,6.924999833106995,0.5455116133082235,0.3593848085373509,-18.612680477087263
219,10000419,13.4000000953674,6.924999833106995,0.5596359070935342,0.3593848085373509,-20.02510985561833
220,10000420,13.3500003814697,7.19999980926514,0.5511613308223478,0.44789704959196486,-10.326428123038289
221,10000422,15.674999952316298,8.050000071525576,0.8581293157564344,0.7777777777777778,-8.035153797865657
222,10000424,12.7999999523163,7.52499997615814,0.4952919020715631,0.5775266792215945,8.223477715003142
223,10000426,13.25,7.59999990463257,0.5317011927181419,0.6073446327683616,7.564344005021972
224,10000428,14.02500009536745,6.8749998807907104,0.6437539234149403,0.3446327683615819,-29.91211550533584
225,10000429,14.15000009536745,7.049999952316285,0.6682360326428123,0.40458254865034526,-26.365348399246702
226,10000430,12.1499996185303,7.75,0.42875078468298805,0.6641556811048337,23.540489642184564
227,10000432,14.075000047683751,7.100000023841854,0.6522284996861268,0.4243565599497803,-22.787193973634658
228,10000433,14.1500000953674,7.25,0.6666666666666666,0.4748901443816698,-19.17765222849968
229,10000437,12.9333333969116,6.40000001589457,0.5034526051475204,0.21029504080351538,-29.31575643440051
230,10000438,12.9500000476837,6.39999997615814,0.5062774639045825,0.20903954802259886,-29.723791588198367
231,10000440,13.2000000476837,6.64999997615814,0.5279347143753923,0.2812303829252982,-24.67043314500941
232,10000441,13.2000002861023,6.90000009536743,0.5288763339610797,0.3531073446327684,-17.57689893283113
233,10000444,12.27500009536745,6.8749998807907104,0.44099183929692404,0.3446327683615819,-9.635907093534213
234,10000445,12.149999856948849,6.8249999284744245,0.4293785310734463,0.32548650345260516,-10.389202762084116
235,10000450,11.8499999046326,6.450000047683715,0.3926553672316384,0.22347771500313873,-16.91776522284997
236,10000453,10.8250000476837,7.1750000715255755,0.2919020715630885,0.4450721908349027,15.317011927181417
237,10000455,11.1500000953674,6.59999990463257,0.3088512241054614,0.2608286252354049,-4.80225988700565
238,10000456,11.8499999046326,7.40000009536743,0.3926553672316384,0.5360954174513497,14.344005021971128
239,10000457,11.1500000953674,6.59999990463257,0.3088512241054614,0.2608286252354049,-4.80225988700565
240,10000460,11.1499996185303,7.5,0.30728185812931574,0.5690521029504081,26.177024482109235
241,10000461,12.3250000476837,8.450000286102295,0.44883866917765225,0.8640929064657878,41.52542372881356
242,10000465,12.5,6.84999990463257,0.46955430006277465,0.33207784055241685,-13.74764595103578
243,10000467,12.41249990463255,7.875000059604645,0.4576271186440678,0.7162586315128688,25.863151286880104
244,10000473,11.399999856948849,7.65000009536743,0.3305084745762712,0.6249215317011927,29.44130571249215
245,10000474,11.449999809265151,7.65000009536743,0.3386691776522285,0.6249215317011927,28.625235404896422
246,10000479,12.09999990463255,9.050000190734865,0.4234149403640929,0.9296924042686755,50.62774639045826
247,10000480,12.3999996185303,7.049999952316285,0.45511613308223475,0.40458254865034526,-5.053358443188949
248,10000492,11.9500002861023,7.549999952316285,0.4096045197740113,0.5881983678593848,17.859384808537353
249,10000494,11.8750002384186,7.35000002384186,0.3992467043314501,0.5169491525423728,11.770244821092273
250,10000495,10.40000009536743,5.34999990463257,0.26114249843063403,0.04488386691776522,-21.625863151286882
251,10000502,10.04999971389772,6.549999952316285,0.23666038920276208,0.24733207784055242,1.0671688637790333
252,10000503,10.04999971389772,6.59999990463257,0.23666038920276208,0.2608286252354049,2.4168236032642816
253,10000504,10.04999971389772,6.59999990463257,0.23666038920276208,0.2608286252354049,2.4168236032642816
254,10000507,10.7000002861023,5.90000009536743,0.2859384808537351,0.10546139359698682,-18.047708725674827
255,10000508,10.90000009536745,5.94999980926514,0.2988072818581293,0.10922787193973635,-18.957940991839298
256,10000509,10.84999990463255,6.200000047683715,0.29252981795354677,0.15819209039548024,-13.433772755806652
257,10000510,11.1500000953674,6.375,0.3088512241054614,0.20433145009416195,-10.451977401129945
258,10000512,10.500000000000021,7.14999997615814,0.27181418706842436,0.4350282485875706,16.321406151914626
259,10000518,12.15000009536745,8.0,0.4312617702448211,0.7580037664783428,32.674199623352166
260,10000519,12.15000009536745,8.0,0.4312617702448211,0.7580037664783428,32.674199623352166
261,10000525,11.47499990463255,7.75,0.34400502197112365,0.6641556811048337,32.015065913371004
262,10000533,11.949999809265151,7.15000009536743,0.4061519146264909,0.4387947269303202,3.264281230382926
263,10000542,11.4000000953674,7.38333328564962,0.3330194601381042,0.5279347143753923,19.491525423728813
264,10000545,10.59999990463255,6.799999952316285,0.27652228499686127,0.32015065913371,4.362837413684872
265,10000546,10.59999990463255,6.75,0.27652228499686127,0.3050847457627119,2.8562460765850615
266,10000547,10.65000009536743,8.75,0.2827997489014438,0.9020715630885122,61.92718141870684
267,10000548,10.70000004768373,8.80000019073486,0.2849968612680477,0.9055241682360327,62.0527306967985
268,10000550,11.4000000953674,7.299999952316285,0.3330194601381042,0.49591964846202136,16.290018832391716
269,10000554,6.2166666984558105,5.633333365122475,0.06340238543628374,0.07595731324544884,1.2554927809165104
270,10000557,5.100000063578285,4.64999997615814,0.023854362837413684,0.011927181418706842,-1.1927181418706843
271,10000560,7.39999997615814,7.725000143051145,0.12962962962962962,0.6550533584431889,52.542372881355924
272,10000561,7.39999997615814,7.725000143051145,0.12962962962962962,0.6550533584431889,52.542372881355924
273,10000563,7.19999980926514,6.75,0.12052730696798493,0.3050847457627119,18.455743879472696
274,10000565,6.049999952316285,6.049999952316285,0.054300062774639044,0.12397991211550534,6.96798493408663
275,10000567,5.6750000715255755,4.82499992847443,0.04080351537978657,0.01820464532328939,-2.259887005649718
276,10000569,5.58333341280619,5.883333444595335,0.03640929064657878,0.10043942247332077,6.4030131826742
277,10000573,5.166666666666664,4.90000009536743,0.02448210922787194,0.02197112366603892,-0.2510985561833018
278,10000575,5.76249998807907,5.287500143051145,0.04645323289391086,0.0389202762084118,-0.753295668549906
279,10000576,5.75,5.27500009536743,0.044569993722536096,0.037350910232266166,-0.721908349026993
280,10000577,5.7833333015441895,5.23333326975505,0.04927809165097301,0.031387319522912745,-1.7890772128060264
281,10000578,5.633333365122475,5.5,0.0389202762084118,0.06246076585059636,2.354048964218456
282,10000579,6.09999990463257,5.25,0.05649717514124294,0.03452605147520402,-2.197112366603892
283,10000580,6.06666660308838,5.25,0.05524168236032643,0.03452605147520402,-2.0715630885122414
284,10000581,6.09999990463257,5.25,0.05649717514124294,0.03452605147520402,-2.197112366603892
285,10000582,6.049999952316285,5.25,0.054300062774639044,0.03452605147520402,-1.9774011299435026
286,10000585,6.149999856948855,4.674999833106995,0.059008160703075956,0.012554927809165096,-4.645323289391086
287,10000586,7.299999952316285,6.149999856948855,0.12554927809165098,0.14438166980539863,1.8832391713747647
288,10000587,7.27499997615814,6.25,0.12366603892027621,0.17451349654739484,5.084745762711863
289,10000593,6.09999990463257,4.350000143051145,0.05649717514124294,0.007219083490269931,-4.927809165097301
290,10000595,4.40000009536743,3.8999999761581403,0.011927181418706842,0.0025109855618330196,-0.9416195856873822
291,10000598,5.512499988079075,6.662499964237215,0.03327055869428751,0.2849968612680477,25.172630257376017
292,10000600,3.8999999761581448,4.950000047683715,0.005649717514124294,0.022912743251726302,1.726302573760201
293,10000601,9.475000143051151,7.950000047683715,0.21092278719397364,0.7416823603264281,53.075957313245446
294,10000603,9.400000095367421,8.049999952316284,0.2059008160703076,0.7749529190207156,56.905210295040796
295,10000605,20.47499990463255,9.774999856948856,0.9968612680477087,0.9598242310106717,-3.703703703703698
296,10000606,17.6499996185303,12.300000190734849,0.9711236660389203,0.992467043314501,2.1343377275580666
297,10000613,5.5,6.0,0.03232893910860012,0.11801632140615191,8.56873822975518
298,10000615,9.96666653951007,7.300000111262,0.23038292529817953,0.5034526051475204,27.306967984934094
299,10000618,10.599999904632579,7.299999952316285,0.2780916509730069,0.49591964846202136,21.782799748901443
300,10000619,10.90000009536745,7.25,0.2988072818581293,0.4748901443816698,17.60828625235405
301,10000622,12.84999990463255,7.72500002384186,0.4990583804143126,0.6519146264908977,15.28562460765851
302,10000624,6.525000095367435,5.72500002384186,0.0778405524168236,0.08254865034526052,0.4708097928436919
303,10000626,6.649999856948855,5.549999952316285,0.08411801632140616,0.06842435655994979,-1.5693659761456369
304,10000627,6.52500009536743,5.399999976158146,0.07721280602636535,0.05084745762711865,-2.6365348399246704
305,10000628,6.15000009536743,5.15000009536743,0.060577526679221595,0.028562460765850596,-3.2015065913371
306,10000632,5.587499976158145,5.1875,0.037037037037037035,0.030131826741996232,-0.6905210295040802
307,10000633,14.699999809265151,8.50000011920929,0.7429378531073446,0.8735091023226617,13.057124921531704
308,10000635,18.0999994277954,9.300000190734865,0.9764595103578154,0.9397363465160076,-3.672316384180785
309,10000636,18.0999994277954,9.34999990463257,0.9764595103578154,0.9425612052730696,-3.3898305084745783
310,10000638,15.5,9.09999990463257,0.8468298807281858,0.9303201506591338,8.3490269930948
311,10000642,13.44999996821085,7.7833333015441895,0.5649717514124294,0.677338355304457,11.236660389202758
312,10000644,15.050000190734899,8.950000286102295,0.7978656622724419,0.9199623352165726,12.209667294413062
313,10000646,16.52500009536745,9.974999904632586,0.9268675455116133,0.9635907093534212,3.672316384180785
314,10000647,16.8250002861023,10.04999995231627,0.9472693032015066,0.9667294413057125,1.9460138104205882
315,10000652,14.0999999046326,7.75,0.6591337099811676,0.6641556811048337,0.5021971123666091
316,10000653,14.2249999046326,8.37499988079071,0.6826741996233522,0.8443188951663528,16.164469554300066
317,10000655,14.5999999046326,8.149999976158146,0.7281858129315757,0.795668549905838,6.7482736974262325
318,10000657,14.9500002861023,8.69999980926514,0.7790332705586943,0.8961079723791588,11.707470182046453
319,10000658,14.550000190734849,8.37500011920929,0.7234777150031387,0.8455743879472694,12.209667294413062
320,10000659,15.050000190734849,8.450000047683716,0.7969240426867545,0.8600125549278091,6.30885122410546
321,10000660,14.199999809265151,8.60000038146973,0.674827369742624,0.8888888888888888,21.40615191462648
322,10000662,15.875,8.950000047683716,0.8763339610797238,0.9177652228499686,4.143126177024481
323,10000664,14.0999997854233,7.812499940395355,0.6534839924670434,0.696798493408663,4.331450094161959
324,10000665,14.34999990463255,8.03333330154419,0.6989956057752668,0.7693032015065914,7.030759573132461
325,10000667,13.65000009536745,9.0,0.5982423101067169,0.9249843063402385,32.674199623352166
326,10000669,16.19999980926515,9.349999904632565,0.9026993094789705,0.9409918392969241,3.8292529817953613
327,10000671,14.1000003814697,8.450000286102295,0.6635279347143754,0.8640929064657878,20.056497175141242
328,10000672,13.5,8.449999928474426,0.571563088512241,0.8581293157564344,28.656622724419336
329,10000673,14.800000190734849,7.849999904632565,0.7602008788449467,0.7002510985561833,-5.994978028876341
330,10000674,14.9000000953674,8.5,0.7715003138731952,0.8703703703703703,9.887005649717517
331,10000676,13.5999999046326,7.99999976158142,0.5900816070307596,0.7526679221594476,16.258631512868792
332,10000677,15.22500038146975,8.399999976158146,0.8166980539861896,0.8468298807281858,3.0131826741996215
333,10000678,15.4000000953674,8.84999990463257,0.8311362209667295,0.9092906465787822,7.815442561205277
334,10000679,15.12500023841855,8.725000143051144,0.8060263653483992,0.9005021971123666,9.447583176396734
335,10000680,14.97499990463255,8.700000286102295,0.7827997489014438,0.89924670433145,11.644695543000626
336,10000682,15.7500002384186,8.80000019073486,0.8656622724419335,0.9055241682360327,3.9861895794099156
337,10000683,16.4749999046326,8.5,0.9221594475831764,0.8703703703703703,-5.178907721280601
338,10000685,16.90000033378605,9.375,0.9504080351537979,0.9444444444444444,-0.5963590709353483
339,10000687,14.7000000476837,7.89999997615814,0.7454488386691777,0.71939736346516,-2.6051475204017627
340,10000688,15.44999980926515,8.200000286102295,0.8367859384808537,0.8160703075957313,-2.0715630885122405
341,10000689,15.449999809265101,8.40000009536743,0.8361581920903954,0.849654739485248,1.349654739485251
342,10000694,13.84999990463255,6.799999952316285,0.6139359698681732,0.32015065913371,-29.378531073446325
343,10000695,13.7750000953674,7.225000023841854,0.6101694915254238,0.46264908976773383,-14.752040175768993
344,10000696,13.675000190734849,7.125,0.6004394224733208,0.4300062774639046,-17.043314500941626
345,10000699,14.72499990463255,8.375,0.7482736974262398,0.8449466415568111,9.667294413057126
346,10000701,14.7999997138977,8.350000143051144,0.7567482736974263,0.8421217827997489,8.537350910232266
347,10000704,14.5999999046326,6.59999990463257,0.7281858129315757,0.2608286252354049,-46.73571876961708
348,10000706,14.949999809265151,6.299999952316285,0.7765222849968613,0.18832391713747645,-58.819836785938485
349,10000707,14.962499856948849,6.25,0.7812303829252982,0.17451349654739484,-60.67168863779033
350,10000709,12.6249997615814,6.674999952316285,0.4795982423101067,0.28688010043942247,-19.271814187068426
351,10000712,11.324999809265151,6.77499997615814,0.3239171374764595,0.3116760828625235,-1.2241054613935987
352,10000713,11.25,6.700000047683715,0.31858129315756434,0.29315756434400503,-2.5423728813559308
353,10000718,12.475000143051151,6.799999952316285,0.4670433145009416,0.32015065913371,-14.689265536723163
354,10000719,13.1499999364217,7.366666555404665,0.5222849968612681,0.5254237288135594,0.3138731952291307
355,10000720,14.2166666984558,7.6166667143503854,0.67984934086629,0.6151914626490897,-6.465787821720026
356,10000721,14.350000143051151,7.4250000715255755,0.7030759573132455,0.5445699937225361,-15.850596359070934
357,10000728,14.9666665395101,8.049999952316284,0.7821720025109855,0.7749529190207156,-0.7219083490269895
358,10000733,16.11666663487755,8.866666475931801,0.8939108600125549,0.911487758945386,1.7576898932831098
359,10000737,14.22499990463255,7.75,0.6811048336472065,0.6641556811048337,-1.6949152542372836
360,10000744,9.916666825612406,5.90000009536743,0.22849968612680477,0.10546139359698682,-12.303829252981794
361,10000745,10.9000000953674,6.25,0.2975517890772128,0.17451349654739484,-12.303829252981796
362,10000750,10.550000190734881,5.84999990463257,0.27526679221594474,0.09541745134965474,-17.984934086629
363,10000751,10.449999809265119,5.84999990463257,0.263653483992467,0.09541745134965474,-16.82360326428123
364,10000754,10.887499928474451,6.23750001192093,0.29692404268675454,0.1682360326428123,-12.868801004394223
365,10000756,11.9000000953674,6.75,0.4011299435028249,0.3050847457627119,-9.6045197740113
366,10000757,11.9000000953674,6.59999990463257,0.4011299435028249,0.2608286252354049,-14.030131826741998
367,10000759,12.21666685740155,7.016666650772095,0.4350282485875706,0.3957940991839297,-3.9234149403640894
368,10000760,12.25,7.0,0.43848085373509105,0.38857501569365976,-4.990583804143128
369,10000761,11.449999809265151,6.450000047683714,0.3386691776522285,0.2197112366603892,-11.895794099183929
370,10000763,11.4000000953674,6.299999952316285,0.3330194601381042,0.18832391713747645,-14.469554300062773
371,10000770,13.58749997615815,6.52500003576279,0.5863151286880101,0.24168236032642812,-34.463276836158194
372,10000771,7.59999990463257,8.27500009536743,0.13779033270558694,0.8279974890144381,69.02071563088512
373,10000772,7.050000190734865,11.92500019073485,0.113308223477715,0.9893283113622097,87.60200878844947
374,10000773,6.975000143051145,10.549999952316265,0.10891399874450722,0.9786566227244193,86.97426239799121
375,10000774,5.350000143051145,8.549999952316284,0.029504080351537978,0.8816698053986189,85.2165725047081
376,10000780,10.5,8.95000028610228,0.27055869428750784,0.9183929692404269,64.78342749529192
377,10000782,9.550000031789125,8.699999809265119,0.21531701192718142,0.8951663527934715,67.984934086629
378,10000785,11.516666571299243,7.71666669845581,0.35279347143753925,0.6490897677338355,29.629629629629626
379,10000786,13.149999856948849,7.724999785423275,0.5216572504708098,0.6497175141242938,12.8060263653484
380,10000789,9.475000143051165,8.149999856948849,0.21155053358443188,0.7915881983678594,58.003766478342754
381,10000790,11.56666660308836,9.399999936421711,0.3615819209039548,0.9460138104205901,58.44318895166353
382,10000794,15.225000381469751,9.40000009536743,0.8173258003766478,0.9466415568110483,12.931575643440052
383,10000799,15.416666825612399,10.166666666666664,0.8336472065285625,0.9686126804770873,13.496547394852476
384,10000801,17.30000019073485,11.050000190734849,0.9642184557438794,0.982736974262398,1.85185185185186
385,10000802,17.25,11.050000190734849,0.9617074701820465,0.982736974262398,2.1029504080351535
386,10000806,18.10000038146975,12.27500009536745,0.9774011299435028,0.9918392969240427,1.4438166980539902
387,10000810,13.28749990463255,7.42500013113022,0.5348399246704332,0.5461393596986818,1.1299435028248594
388,10000811,9.999999999999979,9.500000000000021,0.23132454488386692,0.9516635279347144,72.03389830508475
389,10000814,8.662499904632575,5.299999952316285,0.18392969240426868,0.039861895794099184,-14.40677966101695
390,10000817,6.75,6.0625,0.09227871939736347,0.1293157564344005,3.703703703703702
391,10000821,6.700000047683715,6.25,0.08819836785938481,0.17451349654739484,8.631512868801003
392,10000822,6.799999952316285,5.799999952316285,0.096045197740113,0.08945386064030132,-0.6591337099811676
393,10000824,21.975000143051147,12.6874997615814,0.9993722536095417,0.9949780288763339,-0.439422473320783
394,10000825,21.87500047683715,12.6749997138977,0.9987445072190835,0.9943502824858758,-0.4394224733207719
395,10000826,12.5499997138977,7.80000019073486,0.4755178907721281,0.6949152542372882,21.93973634651601
396,10000830,11.2000002861023,10.3000001907349,0.3145009416195857,0.9730069052102951,65.85059635907093
397,10000831,11.11666679382325,10.350000222524,0.30571249215317015,0.9748901443816698,66.91776522284995
398,10000832,11.2000002861023,10.3500003814697,0.3145009416195857,0.9758317639673572,66.13308223477713
399,10000833,11.18333355585735,10.25,0.3126177024482109,0.9711236660389203,65.85059635907093
400,10000836,20.0499997138977,14.5666667620341,0.9943502824858758,0.9981167608286252,0.37664783427494575
401,10000838,12.699999809265151,6.05000019073486,0.4874450721908349,0.12868801004394226,-35.87570621468926
402,10000840,20.25,14.90000009536745,0.9956057752667922,1.0,0.439422473320783
403,10000841,20.21250009536745,14.16250002384185,0.9949780288763339,0.997489014438167,0.25109855618330457
404,10000844,20.5,13.949999809265151,0.997489014438167,0.9968612680477087,-0.06277463904582614
405,10000847,21.0,13.5,0.9981167608286252,0.9956057752667922,-0.25109855618330457
406,10000850,19.25,14.72499990463255,0.9902699309478971,0.9993722536095417,0.910232266164468
407,10000851,19.25,14.700000286102298,0.9902699309478971,0.9987445072190835,0.8474576271186418
408,10000852,7.900000095367435,9.425000190734849,0.15128688010043942,0.9472693032015066,79.59824231010671
409,10000855,7.300000190734865,6.39999997615814,0.12680477087256747,0.20903954802259886,8.223477715003138
410,10000856,19.1500000953674,10.5,0.9893283113622097,0.9767733835530445,-1.2554927809165117
411,10000857,19.32500004768375,10.78750002384186,0.9918392969240427,0.9811676082862524,-1.0671688637790333
412,10000858,12.050000190734849,6.075000047683715,0.4177652228499686,0.1315128688010044,-28.625235404896422
413,10000861,10.108333269755065,5.5333333412806205,0.24356559949780288,0.06716886377903326,-17.639673571876962
414,10000863,8.02499973773956,5.89999985694885,0.15944758317639673,0.10106716886377903,-5.83804143126177
415,10000864,7.9999998807907104,5.64999985694885,0.15693659761456372,0.07689893283113622,-8.00376647834275
416,10000867,8.049999713897705,5.84999990463257,0.16195856873822975,0.09541745134965474,-6.654111738857502
417,10000869,15.4000005722046,11.4000000953674,0.8327055869428751,0.9861895794099184,15.348399246704325
418,10000871,13.3500003814697,11.5,0.5511613308223478,0.9871311989956058,43.5969868173258
419,10000874,13.3500003814697,11.5,0.5511613308223478,0.9871311989956058,43.5969868173258
420,10000877,10.5,5.80000019073486,0.27055869428750784,0.09165097300690521,-17.890772128060263
421,10000878,12.7999997138977,7.90000009536743,0.49403640929064657,0.7247332077840553,23.06967984934087
422,10000879,12.25,6.600000143051145,0.43848085373509105,0.2699309478970496,-16.854990583804145
423,10000887,13.89999961853025,10.65000009536743,0.6170747018204645,0.9805398618957941,36.346516007532955
424,10000892,18.350000381469748,13.9000000953674,0.9805398618957941,0.9962335216572504,1.5693659761456313
425,10000901,8.325000047683716,5.5749999284744245,0.17576898932831136,0.07124921531701192,-10.451977401129945
426,10000902,8.099999904632565,4.950000047683715,0.1657250470809793,0.022912743251726302,-14.2812303829253
427,10000904,15.450000286102302,8.400000095367435,0.8411801632140615,0.8518518518518519,1.0671688637790333
428,10000905,11.6500000953674,6.700000047683715,0.3747645951035782,0.29315756434400503,-8.160703075957315
429,10000917,16.0,8.89999961853027,0.8870056497175142,0.9136848713119899,2.6679221594475777
430,10000918,16.0,8.89999961853027,0.8870056497175142,0.9136848713119899,2.6679221594475777
431,10000919,14.2999997138977,7.700000286102295,0.6908349026993095,0.6481481481481481,-4.268675455116133
432,10000923,13.799999952316249,6.14999997615814,0.6111111111111112,0.14595103578154425,-46.51600753295669
433,10000924,12.675000190734849,6.25,0.4858757062146893,0.17451349654739484,-31.136220966729443
434,10000925,12.7000002861023,6.20000004768372,0.4887005649717514,0.162586315128688,-32.61142498430634
435,10000926,12.4499998092651,7.75,0.4601381042059008,0.6641556811048337,20.40175768989329
436,10000927,12.375,7.475000023841854,0.45448838669177655,0.5605775266792216,10.608913998744502
437,10000928,11.5,7.350000143051145,0.3493408662900188,0.5204017576898933,17.106089139987446
438,10000929,11.5,7.350000143051145,0.3493408662900188,0.5204017576898933,17.106089139987446
439,10000931,10.4749999046326,6.1999999284744245,0.26867545511613306,0.1544256120527307,-11.424984306340235
440,10000933,11.575000047683751,6.52499997615814,0.36409290646578785,0.23979912115505336,-12.429378531073448
441,10000934,11.875,6.599999904632565,0.39861895794099184,0.2564344005021971,-14.21845574387947
442,10000935,11.84999990463255,6.549999952316285,0.3907721280602637,0.24733207784055242,-14.344005021971126
443,10000937,12.02500009536745,7.02499997615814,0.41494036409290647,0.39673571876961705,-1.8204645323289415
444,10000941,12.23333326975505,7.483333349227905,0.43628374136848713,0.5624607658505963,12.61770244821092
445,10000942,12.024999856948849,6.950000047683715,0.4143126177024482,0.37445072190834905,-3.9861895794099156
446,10000948,12.537500143051151,8.012499988079071,0.47394852479598243,0.7658505963590709,29.19020715630885
447,10000952,15.0,7.450000047683715,0.7890772128060264,0.5539861895794099,-23.509102322661647
448,10000953,12.5125000476837,7.8500000834465,0.47206528562460764,0.7087256748273697,23.666038920276204
449,10000955,12.4499999284744,7.800000131130215,0.46390458254865036,0.6930320150659134,22.912743251726305
450,10000956,12.4500002861023,7.850000143051145,0.4651600753295669,0.7099811676082862,24.482109227871934
451,10000960,12.699999809265151,7.85000014305115,0.4874450721908349,0.711864406779661,22.441933458882612
452,10000963,12.8000001907349,7.55000019073486,0.4965473948524796,0.5963590709353421,9.98116760828625
453,10000967,11.9124999046326,7.200000047683715,0.40364092906465787,0.4541745134965474,5.053358443188954
454,10000968,11.449999928474451,7.199999988079069,0.34023854362837413,0.4494664155681105,10.922787193973637
455,10000972,15.0499997138977,8.450000286102295,0.7937853107344632,0.8640929064657878,7.030759573132461
456,10000974,14.9500002861023,8.40000009536743,0.7790332705586943,0.849654739485248,7.062146892655363
457,10000976,15.3000001907349,7.34999990463257,0.8236032642812304,0.514752040175769,-30.88512241054614
458,10000978,15.6249997615814,8.47500002384186,0.8540489642184558,0.86691776522285,1.2868801004394248
459,10000980,14.049999952316249,7.84999990463257,0.6462649089767734,0.7021343377275581,5.586942875078471
460,10000981,14.0750000476837,7.799999833106995,0.6516007532956686,0.6814187068424357,2.9817953546767084
461,10000982,14.12499988079075,8.337500035762785,0.6641556811048337,0.8380414312617702,17.388575015693654
462,10000983,14.0750002861023,7.549999952316285,0.6528562460765851,0.5881983678593848,-6.465787821720026
463,10000984,15.5750000476837,8.50000011920929,0.8515379786566227,0.8735091023226617,2.1971123666038928
464,10000987,4.3000000715255755,4.125,0.008160703075957313,0.003766478342749529,-0.4394224733207785
465,10000988,7.299999952316285,5.60000014305115,0.12554927809165098,0.07470182046453233,-5.084745762711865
466,10000990,9.45000028610228,6.9499999284744245,0.20903954802259886,0.36785938480853736,15.88198367859385
467,10000991,9.34999990463255,6.90000009536743,0.20276208411801633,0.3531073446327684,15.034526051475206
468,10000992,12.52500009536745,8.600000262260435,0.47332077840552417,0.8882611424984307,41.49403640929065
469,10000993,10.91250002384185,6.77500009536743,0.30006277463904585,0.31512868801004396,1.5065913370998107
470,10000994,10.024999856948865,6.75,0.23414940364092907,0.3050847457627119,7.093534212178282
471,10000995,10.875,6.90000009536743,0.2953546767106089,0.3531073446327684,5.77526679221595
472,10000998,11.7374999523163,7.12500011920929,0.3810420590081607,0.4331450094161959,5.21029504080352
473,10000999,11.399999856948849,7.40000009536743,0.3305084745762712,0.5360954174513497,20.55869428750785
474,10001000,12.2874999046326,7.8499999642372105,0.44193345888261143,0.704331450094162,26.239799121155055
475,10001001,11.6999998092651,7.799999952316285,0.37915881983678595,0.6861268047708726,30.696798493408668
476,10001002,11.7999997138977,7.6250001192092896,0.3851224105461394,0.6180163214061519,23.289391086001253
477,10001003,13.5,7.975000143051145,0.571563088512241,0.7510985561833019,17.953546767106086
478,10001004,13.59999990463255,8.100000143051144,0.5872567482736974,0.7878217200251099,20.056497175141242
479,10001005,13.15000009536745,7.94999980926514,0.524482109227872,0.7360326428123039,21.155053358443187
480,10001007,14.25,9.200000286102295,0.6861268047708726,0.9378531073446328,25.172630257376017
481,10001008,13.799999952316249,8.32499980926514,0.6111111111111112,0.8345888261142499,22.347771500313872
482,10001009,14.25,9.200000286102295,0.6861268047708726,0.9378531073446328,25.172630257376017
483,10001014,14.737500071525549,6.737499952316284,0.7507846829880728,0.30069052102950405,-45.00941619585687
484,10001015,14.450000286102298,7.0,0.714375392341494,0.38857501569365976,-32.580037664783426
485,10001016,7.97499990463257,7.85000002384186,0.1556811048336472,0.7077840552416823,55.210295040803516
486,10001017,9.650000095367414,7.5,0.21814187068424357,0.5690521029504081,35.09102322661645
487,10001021,11.6000003814697,5.65000009536743,0.3706842435655995,0.0800376647834275,-29.064657878217197
488,10001022,15.3999996185303,7.799999952316285,0.8301946013810421,0.6861268047708726,-14.406779661016945
489,10001023,14.0999999046326,6.65000009536743,0.6591337099811676,0.28311362209667296,-37.60200878844947
490,10001025,15.625,7.1750000715255755,0.8549905838041432,0.4450721908349027,-40.99183929692405
491,10001027,15.0500001907349,6.25,0.7997489014438167,0.17451349654739484,-62.523540489642194
492,10001028,7.649999856948855,6.5,0.1406151914626491,0.23383553044569994,9.322033898305085
493,10001029,11.625,7.47500002384186,0.371939736346516,0.561519146264909,18.957940991839294
494,10001030,12.2166666984558,7.800000031789145,0.43440050219711235,0.6911487758945386,25.674827369742626
495,10001031,12.1750001907349,7.725000143051145,0.4325172630257376,0.6550533584431889,22.253609541745128
496,10001033,12.100000143051151,7.65000009536743,0.42623979912115506,0.6249215317011927,19.868173258003765
497,10001040,8.90000009536743,6.84999990463257,0.18895166352793472,0.33207784055241685,14.312617702448213
498,10001042,9.650000095367414,7.94999980926514,0.21814187068424357,0.7360326428123039,51.789077212806035
499,10001043,9.499999999999995,7.8749998807907104,0.2128060263653484,0.7140615191462649,50.125549278091654
500,10001044,10.349999904632579,8.149999856948849,0.25674827369742625,0.7915881983678594,53.483992467043315
501,10001045,10.400000095367414,8.21666669845581,0.26020087884494664,0.8192090395480226,55.90081607030759
502,10001048,12.050000190734849,9.449999809265119,0.4177652228499686,0.9478970495919649,53.01318267419963
503,10001050,10.350000381469716,7.69999980926514,0.2580037664783427,0.6371625863151287,37.915881983678595
504,10001051,14.25,8.59999990463257,0.6861268047708726,0.886691776522285,20.056497175141242
505,10001054,13.84999990463255,8.299999713897705,0.6139359698681732,0.8295668549905838,21.56308851224106
506,10001059,15.89999961853025,8.65000009536743,0.8788449466415568,0.8923414940364093,1.349654739485251
507,10001060,16.29999995231625,8.70000028610229,0.9102322661644695,0.8983050847457628,-1.1927181418706745
508,10001061,16.024999856948853,8.82499980926514,0.8901443816698054,0.9070935342121783,1.6949152542372947
509,10001063,14.1999998092651,8.349999904632565,0.6732580037664784,0.8396107972379159,16.63527934714375
510,10001065,17.29999995231625,9.78749990463256,0.9629629629629629,0.96045197740113,-0.25109855618329346
511,10001067,16.5,9.449999809265135,0.9243565599497803,0.9491525423728814,2.4795982423101104
512,10001068,16.52500009536745,9.449999809265135,0.9268675455116133,0.9491525423728814,2.228499686126806
513,10001071,14.199999809265151,7.75,0.674827369742624,0.6641556811048337,-1.0671688637790333
514,10001072,15.48333358764645,8.550000190734865,0.8436911487758946,0.884180790960452,4.048964218455742
515,10001073,15.89999985694885,8.100000023841854,0.8813559322033898,0.7859384808537351,-9.541745134965474
516,10001075,14.700000047683751,7.5000001192092896,0.7473320778405524,0.5753295668549906,-17.200251098556187
517,10001076,9.499999999999979,6.90000009536743,0.21217827997489014,0.3531073446327684,14.092906465787824
518,10001077,10.399999618530284,6.40000009536743,0.2589453860640301,0.21249215317011927,-4.645323289391085
519,10001078,10.199999809265119,6.649999856948855,0.24670433145009416,0.2787193973634652,3.2015065913371026
520,10001080,9.999999999999986,6.549999952316285,0.2322661644695543,0.24733207784055242,1.5065913370998107
521,10001082,11.65000009536745,6.85000002384186,0.3763339610797238,0.3370998116760829,-3.9234149403640894
522,10001087,11.5,7.549999952316285,0.3493408662900188,0.5881983678593848,23.885750156936602
523,10001089,11.900000095367401,7.599999904632566,0.40238543628374135,0.6045197740112994,20.213433772755806
524,10001090,11.625,7.699999809265135,0.371939736346516,0.6346516007532956,26.271186440677962
525,10001091,13.5,8.34999990463257,0.571563088512241,0.8408662900188324,26.93032015065914
526,10001095,14.5,9.049999713897705,0.7178279974890145,0.9271814187068425,20.935342121782796
527,10001096,12.7999997138977,7.90000009536743,0.49403640929064657,0.7247332077840553,23.06967984934087
528,10001099,10.949999809265151,7.549999952316285,0.30069052102950405,0.5881983678593848,28.75078468298808
529,10001100,13.0,7.950000047683715,0.5109855618330195,0.7416823603264281,23.06967984934086
530,10001106,13.5999999046326,6.700000047683715,0.5900816070307596,0.29315756434400503,-29.69240426867546
531,10001108,14.09999990463255,7.299999952316285,0.6556811048336472,0.49591964846202136,-15.976145637162581
532,10001116,8.349999904632565,5.75,0.17671060891399876,0.0847457627118644,-9.196484620213436
533,10001118,8.050000190734865,7.05000019073486,0.1647834274952919,0.41462649089767734,24.984306340238543
534,10001121,9.524999856948849,7.22500002384186,0.21468926553672316,0.4642184557438795,24.952919020715633
535,10001123,9.5,7.300000190734865,0.21343377275580666,0.5081607030759573,29.472693032015062
536,10001125,8.9375,6.58750009536743,0.192090395480226,0.25549278091650973,6.340238543628374
537,10001126,8.300000190734865,6.600000143051145,0.1751412429378531,0.2699309478970496,9.478970495919647
538,10001128,8.174999952316284,6.7250000834465045,0.1694915254237288,0.2994350282485876,12.994350282485879
539,10001129,15.75,7.3749998807907104,0.864406779661017,0.5260514752040176,-33.83553044569994
540,10001132,15.574999809265151,7.100000143051145,0.8505963590709353,0.42718141870684245,-42.34149403640929
541,10001133,16.1500005722046,6.850000143051145,0.8998744507219083,0.34055241682360327,-55.932203389830505
542,10001134,16.3999999364217,6.683333237965905,0.9202762084118016,0.28750784682988073,-63.27683615819208
543,10001135,16.3999996185303,6.649999856948855,0.9193345888261143,0.2787193973634652,-64.06151914626491
544,10001137,16.600000381469748,7.100000143051145,0.9331450094161958,0.42718141870684245,-50.596359070935335
545,10001138,15.8999996185303,6.59999990463257,0.8797865662272442,0.2608286252354049,-61.89579409918393
546,10001141,16.55000019073485,7.200000047683715,0.9290646578782172,0.4541745134965474,-47.48901443816698
547,10001142,16.474999904632597,7.25,0.9215317011927181,0.4748901443816698,-44.66415568110483
548,10001145,15.8333333333333,6.766666650772095,0.869428750784683,0.3097928436911488,-55.96359070935342
549,10001146,15.47499990463255,7.25,0.8430634023854363,0.4748901443816698,-36.81732580037665
550,10001147,12.8249998092651,6.14999997615814,0.4978028876333961,0.14595103578154425,-35.18518518518518
551,10001150,13.4249999523163,6.700000047683715,0.5624607658505963,0.29315756434400503,-26.93032015065913
552,10001151,7.15000009536743,5.84999990463257,0.11801632140615191,0.09541745134965474,-2.2598870056497176
553,10001154,5.40000009536743,7.55000019073486,0.03044569993722536,0.5963590709353421,56.59133709981168
554,10001155,7.50000023841858,6.15000009536743,0.13559322033898305,0.14814814814814814,1.255492780916509
555,10001156,5.45000004768372,6.5,0.031387319522912745,0.23383553044569994,20.24482109227872
556,10001162,7.09999990463257,4.44999980926514,0.11424984306340238,0.008788449466415568,-10.546139359698682
557,10001163,7.8750001192092896,4.6999999284744245,0.1475204017576899,0.013182674199623353,-13.433772755806656
558,10001165,8.900000095367435,5.149999856948855,0.1902071563088512,0.02699309478970496,-16.321406151914626
559,10001170,15.6500000953674,6.85000002384186,0.8562460765850597,0.3370998116760829,-51.91462649089769
560,10001172,4.92499995231628,7.30000019073486,0.021343377275580666,0.5056497175141242,48.43063402385436
561,10001173,3.75,6.20000004768372,0.003452605147520402,0.162586315128688,15.913370998116761
562,10001176,5.34999990463257,6.299999952316285,0.028562460765850596,0.18832391713747645,15.976145637162587
563,10001177,7.800000190734865,10.200000286102316,0.14595103578154425,0.970495919648462,82.45448838669178
564,10001180,6.57499992847443,8.149999976158146,0.08097928436911488,0.795668549905838,71.46892655367232
565,10001181,6.6999999682108555,8.266666650772095,0.08725674827369742,0.8267419962335216,73.94852479598242
566,10001182,6.75,8.299999952316284,0.09227871939736347,0.8308223477715003,73.85436283741369
567,10001183,6.75,8.200000047683716,0.09227871939736347,0.8123038292529818,72.00251098556184
568,10001184,6.59999990463257,8.5,0.08223477715003139,0.8703703703703703,78.8135593220339
569,10001185,6.82499992847443,8.424999833106995,0.09855618330194602,0.8524795982423101,75.3923414940364
570,10001186,6.149999856948855,7.049999952316285,0.059008160703075956,0.40458254865034526,34.55743879472693
571,10001187,8.02500021457672,7.699999809265135,0.160075329566855,0.6346516007532956,47.45762711864406
572,10001197,14.5,7.299999952316285,0.7178279974890145,0.49591964846202136,-22.190834902699315
573,10001199,14.3999996185303,7.25,0.7065285624607659,0.4748901443816698,-23.16384180790961
574,10001204,20.3000001907349,9.800000190734865,0.9962335216572504,0.9610797237915882,-3.5153797865662195
575,10001209,16.350000381469748,7.600000143051145,0.9168236032642813,0.6111111111111112,-30.57124921531701
576,10001210,16.80000019073485,8.5,0.9456999372253609,0.8703703703703703,-7.532956685499059
577,10001214,17.024999618530252,7.975000023841854,0.9548022598870056,0.7489014438166981,-20.590081607030754
578,10001216,17.149999618530252,7.700000047683715,0.9595103578154426,0.6431261770244822,-31.63841807909604
579,10001218,18.5,7.950000286102295,0.9817953546767106,0.7467043314500942,-23.509102322661647
580,10001221,18.59999990463255,7.97500002384186,0.9830508474576272,0.7501569365976145,-23.289391086001267
581,10001222,18.75,8.000000059604645,0.9836785938480854,0.7633396107972379,-22.033898305084755
582,10001223,16.7000000476837,7.075000047683715,0.9409918392969241,0.4190207156308851,-52.19711236660389
583,10001226,16.6500005722046,7.450000047683715,0.9375392341494037,0.5539861895794099,-38.35530445699937
584,10001243,5.549999952316285,4.10000002384186,0.03421217827997489,0.003138731952291274,-3.107344632768362
585,10001244,5.549999952316285,5.437499940395355,0.03421217827997489,0.05586942875078468,2.165725047080979
586,10001246,4.30000019073486,4.25,0.008788449466415568,0.0053358443188951665,-0.3452605147520401
587,10001249,6.3750001192092896,5.34999990463257,0.0709353421217828,0.04488386691776522,-2.6051475204017587
588,10001274,10.300000190734849,6.0,0.2529817953546767,0.11801632140615191,-13.496547394852476
589,10001275,10.479999923706039,6.1,0.2693032015065913,0.13998744507219082,-12.931575643440048
590,10001279,12.08333317438765,7.15000009536743,0.421217827997489,0.4387947269303202,1.7576898932831153
591,10001283,13.3499999046326,7.649999856948855,0.549278091650973,0.6208411801632141,7.1563088512241135
592,10001294,6.66666658719381,6.416666746139525,0.08600125549278091,0.21468926553672316,12.868801004394225
593,10001295,7.97500002384186,6.72500002384186,0.15630885122410546,0.2984934086629002,14.218455743879474
594,10001298,7.633333365122475,6.233333349227905,0.13998744507219082,0.1669805398618958,2.6993094789704966
595,10001301,6.274999976158146,4.549999952316285,0.06622724419334589,0.010357815442561206,-5.586942875078468
596,10001302,7.36666679382324,5.483333269755045,0.128060263653484,0.060263653483992465,-6.779661016949154
597,10001305,7.350000143051145,5.34999990463257,0.12743251726302574,0.04488386691776522,-8.254865034526052
598,10001306,5.049999952316285,6.350000143051145,0.022598870056497175,0.2015065913370998,17.890772128060263
599,10001310,6.349999904632565,7.7250000834465,0.06905210295040803,0.6531701192718142,58.411801632140616
600,10001312,4.899999856948855,3.649999856948855,0.020087884494664157,0.0012554927809165098,-1.8832391713747647
601,10001318,6.0,5.100000143051145,0.05273069679849341,0.026365348399246705,-2.6365348399246704
602,10001319,7.13749986886978,5.312500059604645,0.1155053358443189,0.04268675455116133,-7.281858129315756
603,10001320,7.950000047683715,5.6999999284744245,0.15379786566227244,0.08097928436911488,-7.281858129315756
604,10001322,8.933333237965904,6.233333349227905,0.19146264908976773,0.1669805398618958,-2.4482109227871947
605,10001324,8.850000143051144,6.200000047683715,0.1864406779661017,0.15819209039548024,-2.8248587570621457
606,10001325,10.249999999999979,7.600000143051145,0.25015693659761457,0.6111111111111112,36.09541745134966
607,10001330,10.299999952316265,7.674999952316285,0.2517263025737602,0.6302573760200879,37.85310734463277
608,10001331,10.22499990463255,7.5,0.24795982423101068,0.5690521029504081,32.10922787193974
609,10001333,10.47499990463259,7.1875,0.26804770872567485,0.44664155681104833,17.85938480853735
610,10001337,10.550000190734865,6.90000009536743,0.27432517263025735,0.3531073446327684,7.878217200251103
611,10001341,7.0,5.3750001192092896,0.11079723791588199,0.04770872567482737,-6.308851224105462
612,10001342,6.112499892711635,5.64999997615814,0.05775266792215945,0.07909604519774012,2.1343377275580675
613,10001345,7.800000190734865,5.89999997615814,0.14595103578154425,0.10232266164469554,-4.362837413684871
614,10001346,6.52499997615814,4.55000001192093,0.07658505963590709,0.011299435028248588,-6.5285624607658495
615,10001347,6.84999990463257,4.75,0.09981167608286252,0.015065913370998116,-8.47457627118644
616,10001357,12.25,7.09999990463257,0.43848085373509105,0.4221594475831764,-1.632140615191463
617,10001361,12.350000143051151,6.774999976158146,0.45354676710608915,0.31387319522912743,-13.967357187696173
618,10001362,12.350000143051151,6.774999976158146,0.45354676710608915,0.31387319522912743,-13.967357187696173
619,10001364,12.2999998728434,7.066666603088381,0.4463276836158192,0.41682360326428125,-2.9504080351537953
620,10001366,12.4000000953674,8.100000143051151,0.455743879472693,0.7890772128060264,33.333333333333336
621,10001375,13.9000000953674,8.825000047683716,0.6192718141870684,0.9077212806026366,28.844946641556813
622,10001376,13.9000000953674,8.84999990463257,0.6192718141870684,0.9092906465787822,29.001883239171377
623,10001382,12.8499999046326,8.25,0.49968612680477087,0.8232893910860013,32.360326428123045
624,10001384,12.5,7.924999833106995,0.46955430006277465,0.7294413057124921,25.988700564971744
625,10001386,11.65000009536745,7.549999952316285,0.3763339610797238,0.5881983678593848,21.186440677966107
626,10001387,13.15000009536745,7.949999809265135,0.524482109227872,0.7341494036409291,20.96672944130571
627,10001389,12.5499997138977,7.450000047683715,0.4755178907721281,0.5539861895794099,7.846829880728184
628,10001392,11.024999856948849,6.174999833106995,0.3019460138104206,0.15065913370998116,-15.128688010043941
629,10001393,10.42499971389772,6.4250000715255755,0.26239799121155055,0.2175141242937853,-4.488386691776524
630,10001396,10.399999618530284,6.450000047683715,0.2589453860640301,0.22347771500313873,-3.5467671060891384
631,10001401,11.9500000476837,7.3000000715255755,0.4083490269930948,0.5018832391713748,9.353421217828
632,10001404,9.325000047683716,5.98750001192093,0.2015065913370998,0.1155053358443189,-8.600125549278092
633,10001408,11.5,6.900000095367435,0.3493408662900188,0.3578154425612053,0.8474576271186474
634,10001411,19.3000001907349,9.44999980926514,0.9912115505335845,0.9504080351537979,-4.080351537978655
635,10001414,19.100000381469748,9.14999961853027,0.9871311989956058,0.933458882611425,-5.36723163841808
636,10001415,19.100000381469748,9.14999961853027,0.9871311989956058,0.933458882611425,-5.36723163841808
637,10001421,16.5999994277954,8.0,0.9309478970495919,0.7580037664783428,-17.294413057124913
638,10001423,17.55000019073485,8.0,0.9701820464532329,0.7580037664783428,-21.217827997489014
639,10001426,18.5,8.200000047683716,0.9817953546767106,0.8123038292529818,-16.94915254237288
640,10001432,17.25,8.200000286102295,0.9617074701820465,0.8160703075957313,-14.563716258631521
641,10001435,13.6999998092651,7.799999952316285,0.6016949152542372,0.6861268047708726,8.443188951663538
642,10001445,13.300000190734849,7.149999856948855,0.5417451349654739,0.4340866290018832,-10.765850596359073
643,10001448,13.0,7.75,0.5109855618330195,0.6641556811048337,15.317011927181422
644,10001454,11.59999990463255,7.55000019073486,0.36691776522284997,0.5963590709353421,22.944130571249215
645,10001459,12.15000009536745,8.0,0.4312617702448211,0.7580037664783428,32.674199623352166
646,10001470,18.0,9.549999713897684,0.975517890772128,0.9522912743251726,-2.322661644695545
647,10001484,13.0,6.975000023841854,0.5109855618330195,0.3804143126177024,-13.057124921531704
648,10001489,13.8499999046326,7.40000009536743,0.615819209039548,0.5360954174513497,-7.972379158819831
649,10001496,7.75,5.799999952316285,0.14218455743879474,0.08945386064030132,-5.273069679849342
650,10001504,11.5,6.06666668256124,0.3493408662900188,0.12994350282485875,-21.939736346516007
651,10001507,14.0999999046326,7.5,0.6591337099811676,0.5690521029504081,-9.008160703075951
652,10001516,13.1000003814697,6.40000009536743,0.5178907721280602,0.21249215317011927,-30.539861895794097
653,10001518,13.649999856948849,5.75,0.5947897049591965,0.0847457627118644,-51.004394224733204
654,10001519,13.225000143051151,6.27500009536743,0.5298179535467671,0.18204645323289392,-34.777150031387315
655,10001520,12.975000143051151,5.9250000715255755,0.5078468298807282,0.10765850596359071,-40.018832391713744
656,10001522,9.500000079472866,8.233333190282185,0.21406151914626492,0.8204645323289391,60.64030131826742
657,10001530,7.962500035762785,7.47500002384186,0.15505335844318896,0.561519146264909,40.646578782172
658,10001542,15.300000190734899,7.549999952316285,0.8229755178907722,0.5881983678593848,-23.477715003138734
659,10001543,15.375,7.549999952316285,0.8289391086001255,0.5881983678593848,-24.07407407407407
660,10001546,14.7999997138977,7.650000095367435,0.7567482736974263,0.6286880100439423,-12.8060263653484
661,10001547,15.0,7.799999952316285,0.7890772128060264,0.6861268047708726,-10.295040803515377
662,10001548,14.9499999284744,7.7250000834465,0.7777777777777778,0.6531701192718142,-12.460765850596356
663,10001550,16.0,8.89999961853027,0.8870056497175142,0.9136848713119899,2.6679221594475777
664,10001552,15.875,8.64999973773956,0.8763339610797238,0.8904582548650345,1.412429378531066
665,10001553,15.34999990463255,8.30000019073486,0.825172630257376,0.8320778405524168,0.6905210295040876
666,10001555,16.1999998092651,9.200000286102295,0.9020715630885122,0.9378531073446328,3.5781544256120568
667,10001556,13.5999999046326,6.149999856948855,0.5900816070307596,0.14438166980539863,-44.5699937225361
668,10001557,14.34999990463255,7.40000009536743,0.6989956057752668,0.5360954174513497,-16.290018832391706
669,10001558,14.34999990463255,7.40000009536743,0.6989956057752668,0.5360954174513497,-16.290018832391706
670,10001559,14.3249998092651,7.35000002384186,0.6952291274325173,0.5169491525423728,-17.827997489014447
671,10001560,14.3249998092651,7.55000019073486,0.6952291274325173,0.5963590709353421,-9.887005649717517
672,10001567,12.5499997138977,5.850000143051145,0.4755178907721281,0.09824231010671688,-37.72755806654112
673,10001569,13.2999997138977,6.25,0.5373509102322661,0.17451349654739484,-36.28374136848713
674,10001570,13.2999997138977,6.299999952316285,0.5373509102322661,0.18832391713747645,-34.90269930947897
675,10001572,13.725000143051151,6.375,0.6060891399874451,0.20433145009416195,-40.17576898932831
676,10001573,12.75,6.899999976158146,0.4905838041431262,0.3490269930947897,-14.15568110483365
677,10001575,13.475000143051151,6.274999976158146,0.5674827369742624,0.18141870684243566,-38.60640301318268
678,10001578,13.90000009536745,6.200000047683715,0.6211550533584432,0.15819209039548024,-46.296296296296305
679,10001579,13.5250000953674,6.549999952316285,0.5750156936597615,0.24733207784055242,-32.7683615819209
680,10001581,13.5999999046326,6.59999990463257,0.5900816070307596,0.2608286252354049,-32.925298179535474
681,10001582,14.449999809265151,7.100000143051145,0.711864406779661,0.42718141870684245,-28.468298807281855
682,10001583,14.0,6.524999976158146,0.6374764595103578,0.24074074074074073,-39.67357187696171
683,10001584,14.800000190734849,7.32499992847443,0.7602008788449467,0.5112994350282486,-24.89014438166981
684,10001585,14.80000003178915,7.433333317438761,0.7589453860640302,0.54676710608914,-21.217827997489014
685,10001586,14.9000000953674,7.34999990463257,0.7715003138731952,0.514752040175769,-25.674827369742616
686,10001588,13.97499990463255,6.8249999284744245,0.6274325172630257,0.32548650345260516,-30.19460138104206
687,10001589,14.0,6.25,0.6374764595103578,0.17451349654739484,-46.2962962962963
688,10001590,14.0,6.25,0.6374764595103578,0.17451349654739484,-46.2962962962963
689,10001591,14.15000009536745,7.0,0.6682360326428123,0.38857501569365976,-27.966101694915253
690,10001592,13.274999856948849,6.14999985694885,0.5332705586942875,0.1431261770244821,-39.01443816698054
691,10001593,13.2999997138977,6.075000166893005,0.5373509102322661,0.13308223477715003,-40.426867545511605
692,10001594,13.2999997138977,6.075000166893005,0.5373509102322661,0.13308223477715003,-40.426867545511605
693,10001597,14.0499997138977,6.200000047683715,0.6450094161958568,0.15819209039548024,-48.68173258003766
694,10001598,14.65000009536745,6.25,0.7372881355932204,0.17451349654739484,-56.27746390458255
695,10001601,14.6499996185303,6.299999952316285,0.7332077840552417,0.18832391713747645,-54.488386691776526
696,10001603,13.9499998092651,6.299999952316285,0.6239799121155053,0.18832391713747645,-43.565599497802886
697,10001605,11.8250000476837,7.4250000715255755,0.3888888888888889,0.5445699937225361,15.568110483364721
698,10001606,11.0,7.200000047683715,0.3013182674199623,0.4541745134965474,15.28562460765851
699,10001608,11.5,7.34999990463257,0.3493408662900188,0.514752040175769,16.54111738857502
700,10001609,11.5750000476837,7.3249999284744245,0.3628374136848713,0.5097300690521029,14.689265536723163
701,10001612,11.37500023841855,7.5,0.3283113622096673,0.5690521029504081,24.07407407407408
702,10001614,12.2999999523163,7.75,0.44695543000627747,0.6641556811048337,21.720025109855623
703,10001615,13.050000190734849,8.15000009536743,0.5144381669805399,0.7984934086629002,28.405524168236028
704,10001616,13.800000190734849,9.10000038146973,0.6120527306967984,0.931261770244821,31.92090395480226
705,10001617,12.424999952316249,7.1999999284744245,0.45825486503452606,0.44883866917765225,-0.941619585687381
706,10001618,12.6500000953674,7.350000143051145,0.482736974262398,0.5204017576898933,3.7664783427495294
707,10001619,12.5,7.3000000715255755,0.46955430006277465,0.5018832391713748,3.232893910860013
708,10001622,13.375,7.650000095367435,0.5549278091650973,0.6286880100439423,7.376020087884494
709,10001624,13.237500071525549,8.14999997615814,0.5304456999372253,0.7947269303201506,26.42812303829253
710,10001626,13.9749999046326,7.750000119209284,0.6290018832391714,0.6698053986189579,4.080351537978655
711,10001630,11.6000003814697,6.5,0.3706842435655995,0.23383553044569994,-13.684871311989955
712,10001631,12.449999809265151,6.950000047683715,0.4620213433772756,0.37445072190834905,-8.757062146892652
713,10001632,10.65000009536743,7.049999952316285,0.2827997489014438,0.40458254865034526,12.178279974890144
714,10001633,13.5,8.450000286102295,0.571563088512241,0.8640929064657878,29.252981795354682
715,10001636,16.125,8.15000009536743,0.8951663527934715,0.7984934086629002,-9.667294413057126
716,10001643,14.5,7.94999980926514,0.7178279974890145,0.7360326428123039,1.820464532328936
717,10001652,12.0999999046326,7.700000047683715,0.42529817953546767,0.6431261770244822,21.78279974890145
718,10001676,7.5,5.5,0.1349654739485248,0.06246076585059636,-7.250470809792843
719,10001677,6.40000009536743,6.350000143051145,0.07156308851224105,0.2015065913370998,12.994350282485875
720,10001678,8.849999904632565,6.299999952316285,0.1854990583804143,0.18832391713747645,0.28248587570621486
721,10001679,6.450000047683719,4.4250000715255755,0.07532956685499058,0.008160703075957313,-6.716886377903326
722,10001681,5.1875,3.887500047683715,0.025109855618330193,0.0018832391713747645,-2.322661644695543
723,10001684,7.799999952316285,5.25,0.14469554300062776,0.03452605147520402,-11.016949152542374
724,10001687,6.19999980926514,5.15000009536743,0.061519146264908973,0.028562460765850596,-3.295668549905838
725,10001690,7.0,5.549999952316285,0.11079723791588199,0.06842435655994979,-4.23728813559322
726,10001696,12.25,7.899999856948855,0.43848085373509105,0.7184557438794726,27.99748901443816
727,10001697,12.324999809265151,7.899999856948855,0.448210922787194,0.7184557438794726,27.024482109227865
728,10001703,14.0999999046326,5.950000047683715,0.6591337099811676,0.11236660389202763,-54.67671060891399
729,10001705,16.850000381469748,8.275000214576725,0.9478970495919649,0.8286252354048964,-11.927181418706844
730,10001708,16.600000381469748,8.049999713897705,0.9331450094161958,0.770872567482737,-16.22724419334588
731,10001709,16.674999713897698,8.0,0.9391086001255493,0.7580037664783428,-18.110483364720654
732,10001711,14.60000014305115,6.887499988079075,0.7300690521029504,0.34588826114249843,-38.41807909604519
733,10001713,13.75,7.47499996423721,0.608286252354049,0.5599497802887633,-4.8336472065285685
734,10001716,13.7000002861023,6.82500004768372,0.6042059008160703,0.3270558694287508,-27.715003138731948
735,10001717,14.09999990463255,6.9250000715255755,0.6556811048336472,0.36220966729441306,-29.34714375392341
736,10001718,16.6500005722046,8.200000286102295,0.9375392341494037,0.8160703075957313,-12.146892655367235
737,10001720,16.6500005722046,8.200000286102295,0.9375392341494037,0.8160703075957313,-12.146892655367235
738,10001721,11.8500003814697,7.25,0.3954802259887006,0.4748901443816698,7.940991839296924
739,10001722,9.800000190734881,8.25,0.2253609541745135,0.8232893910860013,59.792843691148775
740,10001725,11.90000009536745,7.550000190734865,0.4030131826741996,0.5998116760828626,19.679849340866294
741,10001727,9.59999990463257,7.60000014305115,0.2162586315128688,0.613308223477715,39.704959196484616
742,10001728,9.59999990463257,7.60000014305115,0.2162586315128688,0.613308223477715,39.704959196484616
743,10001729,9.72499990463255,6.9250000715255755,0.2222222222222222,0.36220966729441306,13.998744507219085
744,10001730,5.700000047683715,6.0,0.04174513496547395,0.11801632140615191,7.627118644067796
745,10001731,10.749999999999979,7.5,0.28750784682988073,0.5690521029504081,28.154425612052737
746,10001732,8.94999992847441,6.5,0.19397363465160075,0.23383553044569994,3.9861895794099182
747,10001733,9.325000286102316,6.9499999284744245,0.20213433772755807,0.36785938480853736,16.57250470809793
748,10001734,10.549999952316284,7.25,0.2724419334588826,0.4748901443816698,20.24482109227872
749,10001735,8.650000095367435,7.299999952316285,0.18330194601381042,0.49591964846202136,31.261770244821097
750,10001737,10.07500004768373,6.27499997615814,0.23854362837413684,0.18047708725674827,-5.806654111738857
751,10001738,8.42500019073486,6.049999952316285,0.17953546767106088,0.12397991211550534,-5.555555555555554
752,10001739,10.350000143051151,7.200000047683715,0.2573760200878845,0.4541745134965474,19.67984934086629
753,10001742,9.650000095367421,6.84999990463257,0.21908349026993096,0.33207784055241685,11.299435028248588
754,10001743,6.899999856948855,6.09999990463257,0.10389202762084118,0.1374764595103578,3.3584431889516626
755,10001745,14.2249999046326,6.075000047683715,0.6826741996233522,0.1315128688010044,-55.116133082234775
756,10001747,14.5499997138977,7.34999990463257,0.7219083490269931,0.514752040175769,-20.715630885122405
757,10001748,14.7000000476837,7.20000004768372,0.7454488386691777,0.45919648462021345,-28.625235404896422
758,10001749,14.0999999046326,6.5,0.6591337099811676,0.23383553044569994,-42.52981795354677
759,10001750,14.199999809265151,6.15000009536743,0.674827369742624,0.14814814814814814,-52.66792215944759
760,10001751,14.149999856948849,6.22500002384186,0.6660389202762084,0.16509730069052103,-50.094161958568726
761,10001752,12.6375000476837,5.77499997615814,0.480225988700565,0.08662900188323917,-39.35969868173258
762,10001753,12.7000002861023,5.84999990463257,0.4887005649717514,0.09541745134965474,-39.32831136220967
763,10001754,13.9749999046326,6.40000009536743,0.6290018832391714,0.21249215317011927,-41.65097300690521
764,10001759,12.8166667620341,5.433333237965905,0.4971751412429379,0.05524168236032643,-44.19334588826114
765,10001760,14.84999990463255,7.15000009536743,0.7642812303829253,0.4387947269303202,-32.54865034526051
766,10001761,14.9500002861023,7.25,0.7790332705586943,0.4748901443816698,-30.41431261770245
767,10001763,14.7000000476837,6.899999856948855,0.7454488386691777,0.3468298807281858,-39.86189579409918
768,10001766,15.40000009536745,8.05000019073486,0.8317639673571877,0.7793471437539234,-5.241682360326427
769,10001769,14.5750000476837,6.637500047683715,0.7244193345888261,0.27620841180163214,-44.8210922787194
770,10001770,14.225000143051151,6.25,0.6836158192090396,0.17451349654739484,-50.91023226616447
771,10001771,15.8999996185303,7.100000143051145,0.8797865662272442,0.42718141870684245,-45.26051475204017
772,10001775,14.9749999046326,6.0500000715255755,0.783427495291902,0.12774639045825487,-65.56811048336472
773,10001776,15.725000143051151,6.600000143051145,0.8625235404896422,0.2699309478970496,-59.25925925925925
774,10001777,15.0499997138977,7.0500000715255755,0.7937853107344632,0.4114877589453861,-38.229755178907716
775,10001778,15.0499997138977,6.700000047683715,0.7937853107344632,0.29315756434400503,-50.06277463904583
776,10001782,16.8999996185303,7.25,0.9497802887633396,0.4748901443816698,-47.48901443816698
777,10001784,14.975000143051151,6.9499999284744245,0.7849968612680477,0.36785938480853736,-41.71374764595103
778,10001786,16.25,7.34999990463257,0.9074074074074074,0.514752040175769,-39.26553672316384
779,10001787,11.75,5.5,0.3822975517890772,0.06246076585059636,-31.983678593848087
780,10001788,10.8833333651225,5.400000015894575,0.2962962962962963,0.0514752040175769,-24.482109227871938
781,10001790,16.7000007629395,6.84999990463257,0.9422473320778405,0.33207784055241685,-61.01694915254237
782,10001793,16.12499976158145,6.950000047683715,0.8945386064030132,0.37445072190834905,-52.008788449466415
783,10001797,14.700000047683751,6.725000023841854,0.7473320778405524,0.2975517890772128,-44.978028876333966
784,10001798,13.550000190734849,5.524999976158146,0.5828625235404896,0.06591337099811675,-51.69491525423729
785,10001799,14.0499999523163,5.80000019073486,0.6472065285624607,0.09165097300690521,-55.55555555555556
786,10001801,12.34999990463255,6.799999952316285,0.4494664155681105,0.32015065913371,-12.931575643440052
787,10001804,13.84999990463255,7.05000019073486,0.6139359698681732,0.41462649089767734,-19.930947897049588
788,10001805,14.699999809265151,7.549999952316285,0.7429378531073446,0.5881983678593848,-15.473948524795977
789,10001807,14.16666666666665,7.5,0.6698053986189579,0.5690521029504081,-10.075329566854984
790,10001811,16.00000015894575,7.68333347638448,0.8888888888888888,0.6333961079723791,-25.549278091650972
791,10001812,15.75,7.5,0.864406779661017,0.5690521029504081,-29.53546767106089
792,10001816,14.749999841054251,7.733333349227905,0.751412429378531,0.6566227244193346,-9.478970495919647
793,10001820,13.0499999523163,7.5,0.5134965473948525,0.5690521029504081,5.555555555555558
794,10001821,11.699999809265151,6.59999990463257,0.38010043942247335,0.2608286252354049,-11.927181418706844
795,10001825,12.2999997138977,7.75,0.4444444444444444,0.6641556811048337,21.971123666038928
796,10001826,12.2999997138977,7.75,0.4444444444444444,0.6641556811048337,21.971123666038928
797,10001830,6.72500002384186,6.22500002384186,0.08945386064030132,0.16509730069052103,7.564344005021971
798,10001831,6.90000009536743,6.299999952316285,0.10483364720652856,0.18832391713747645,8.349026993094789
799,10001832,6.72500002384186,6.22500002384186,0.08945386064030132,0.16509730069052103,7.564344005021971
800,10001852,10.550000190734849,6.700000047683715,0.27369742623979915,0.29315756434400503,1.9460138104205882
801,10001853,12.0999999046326,7.549999952316285,0.42529817953546767,0.5881983678593848,16.290018832391716
802,10001856,13.5499997138977,7.74999976158142,0.5781544256120528,0.657564344005022,7.9409918392969185
803,10001861,13.550000190734849,8.0,0.5828625235404896,0.7580037664783428,17.514124293785315
804,10001862,13.550000190734849,8.0,0.5828625235404896,0.7580037664783428,17.514124293785315
805,10001863,12.0,7.64999985694885,0.4124293785310734,0.6195856873822976,20.715630885122415
806,10001866,11.949999809265151,8.05000019073486,0.4061519146264909,0.7793471437539234,37.31952291274325
807,10001867,11.5999999046326,7.300000190734865,0.3691148775894539,0.5081607030759573,13.90458254865034
808,10001869,12.449999809265151,7.699999809265135,0.4620213433772756,0.6346516007532956,17.263025737602007
809,10001871,12.75,7.74999992052714,0.4905838041431262,0.6585059635907093,16.792215944758315
810,10001873,16.2750000953674,8.549999952316284,0.9089767733835531,0.8816698053986189,-2.730696798493415
811,10001875,13.375,7.04999995231628,0.5549278091650973,0.3992467043314501,-15.568110483364721
812,10001879,14.475000143051151,6.524999976158146,0.7150031387319523,0.24074074074074073,-47.42623979912116
813,10001906,15.4500000476837,7.975000023841854,0.8386691776522285,0.7489014438166981,-8.976773383553038
814,10001908,15.4000005722046,7.950000047683715,0.8327055869428751,0.7416823603264281,-9.102322661644703
815,10001909,16.399999618530252,9.05000019073486,0.9183929692404269,0.9287507846829881,1.0357815442561202
816,10001910,15.199999809265101,8.0,0.8129315756434401,0.7580037664783428,-5.492780916509732
817,10001913,8.549999713897705,5.47500002384186,0.1807909604519774,0.05963590709353421,-12.115505335844318
818,10001914,9.14999961853027,6.049999952316285,0.19742623979912116,0.12397991211550534,-7.344632768361582
819,10001918,9.0,5.399999856948855,0.19522912743251727,0.04959196484620213,-14.563716258631516
820,10001925,16.3499994277954,7.25,0.9146264908976773,0.4748901443816698,-43.973634651600754
821,10001928,16.3499994277954,7.25,0.9146264908976773,0.4748901443816698,-43.973634651600754
822,10001931,12.7750000953674,6.1875,0.4921531701192718,0.15285624607658507,-33.92969240426867
823,10001933,4.90000009536743,6.100000143051145,0.02071563088512241,0.1406151914626491,11.989956057752668
824,10001936,4.40000009536743,6.09999990463257,0.011927181418706842,0.1374764595103578,12.554927809165095
825,10001938,7.450000047683715,4.25,0.1327683615819209,0.0053358443188951665,-12.743251726302574
826,10001940,15.950000286102298,7.65000009536743,0.8829252981795355,0.6249215317011927,-25.800376647834277
827,10001941,15.950000286102298,7.65000009536743,0.8829252981795355,0.6249215317011927,-25.800376647834277
828,10001954,15.825000286102298,7.4999998807907104,0.8688010043942247,0.5630885122410546,-30.57124921531701
829,10001957,14.3499999046326,7.799999952316285,0.7018204645323289,0.6861268047708726,-1.5693659761456313
830,10001960,6.350000143051145,6.200000047683715,0.06999372253609541,0.15819209039548024,8.819836785938483
831,10001966,6.850000143051145,6.75,0.10138104205900816,0.3050847457627119,20.370370370370374
832,10001967,7.15000009536743,6.924999952316285,0.11801632140615191,0.3606403013182674,24.26239799121155
833,10001969,10.04999971389772,6.65000009536743,0.23666038920276208,0.28311362209667296,4.645323289391087
834,10001972,13.375,8.049999952316284,0.5549278091650973,0.7749529190207156,22.00251098556183
835,10001974,6.69999980926514,7.0,0.08662900188323917,0.38857501569365976,30.19460138104206
836,10001975,6.75,7.049999952316285,0.09227871939736347,0.40458254865034526,31.230382925298176
837,10001977,11.5499997138977,7.450000047683715,0.357187696170747,0.5539861895794099,19.67984934086629
838,10001978,11.59999990463255,7.0,0.36691776522284997,0.38857501569365976,2.1657250470809797
839,10001981,9.34999990463257,6.399999856948855,0.20401757689893282,0.20747018204645323,0.345260514752041
840,10001984,12.2999997138977,8.0,0.4444444444444444,0.7580037664783428,31.355932203389834
841,10001989,13.5,7.950000047683715,0.571563088512241,0.7416823603264281,17.011927181418706
842,10001990,13.3749998807907,7.774999976158146,0.5530445699937225,0.6751412429378532,12.209667294413062
843,10002084,7.775000214576725,5.950000047683715,0.14375392341494037,0.11236660389202763,-3.1387319522912738
844,10002088,11.5249999761581,6.612500011920931,0.3534212178279975,0.2730696798493409,-8.035153797865663
845,10002095,11.9000000953674,7.25,0.4011299435028249,0.4748901443816698,7.376020087884494
846,10002097,10.8499999046326,6.600000143051145,0.29347143753923416,0.2699309478970496,-2.354048964218458
847,10002098,10.8499999046326,6.600000143051145,0.29347143753923416,0.2699309478970496,-2.354048964218458
848,10002101,11.52500009536745,6.70000004768372,0.35436283741368485,0.29692404268675454,-5.743879472693031
849,10002102,15.97500014305115,7.0500000715255755,0.8844946641556811,0.4114877589453861,-47.3006905210295
850,10002105,17.424999713897698,8.325000286102295,0.9673571876961707,0.8370998116760828,-13.02573760200879
851,10002106,17.4249997138977,8.325000286102295,0.967984934086629,0.8370998116760828,-13.088512241054618
852,10002108,17.8249998092651,7.975000143051145,0.9742623979912115,0.7510985561833019,-22.316384180790962
853,10002114,16.1499996185303,7.600000143051145,0.8970495919648462,0.6111111111111112,-28.59384808537351
854,10002121,19.100000381469748,9.549999713897705,0.9871311989956058,0.9529190207156308,-3.4212178279974914
855,10002126,15.34999990463255,7.3249999284744245,0.825172630257376,0.5097300690521029,-31.544256120527304
856,10002129,16.2249999046326,7.77499997615814,0.9055241682360327,0.6732580037664784,-23.22661644695543
857,10002134,17.049999713897698,7.80000007152557,0.9560577526679221,0.6917765222849969,-26.42812303829253
858,10002137,16.94999980926515,7.299999952316284,0.9526051475204017,0.4905838041431262,-46.20213433772755
859,10002138,17.25,7.450000047683715,0.9617074701820465,0.5539861895794099,-40.772128060263654
860,10002141,15.850000381469702,6.950000047683715,0.8722536095417451,0.37445072190834905,-49.780288763339605
861,10002142,16.47499990463255,7.5500000715255755,0.9209039548022598,0.5932203389830508,-32.7683615819209
862,10002144,16.30000019073485,7.25,0.9121155053358443,0.4748901443816698,-43.722536095417446
863,10002146,15.1249997615814,7.200000047683715,0.8047708725674827,0.4541745134965474,-35.05963590709353
864,10002147,16.3999996185303,7.75,0.9193345888261143,0.6641556811048337,-25.51789077212806
865,10002152,13.274999856948849,6.799999952316285,0.5332705586942875,0.32015065913371,-21.311989956057754
866,10002153,13.3999996185303,6.84999990463257,0.5577526679221595,0.33207784055241685,-22.567482736974263
867,10002174,11.100000143051151,7.024999976158146,0.3041431261770245,0.39767733835530444,9.353421217827995
868,10002175,11.25,7.049999952316285,0.31858129315756434,0.40458254865034526,8.600125549278093
869,10002176,10.61666679382325,6.600000063578285,0.2793471437539234,0.2667922159447583,-1.2554927809165062
870,10002177,10.633333524068199,6.5500000317891445,0.2806026365348399,0.2523540489642185,-2.824858757062143
871,10002178,12.800000190734849,7.84999990463257,0.49591964846202136,0.7021343377275581,20.62146892655367
872,10002187,10.300000190734849,6.65000009536743,0.2529817953546767,0.28311362209667296,3.0131826741996273
873,10002206,7.2166666984558105,7.58333317438761,0.1224105461393597,0.6032642812303829,48.08537350910232
874,10002221,5.799999952316285,5.950000047683715,0.050219711236660386,0.11236660389202763,6.214689265536724
875,10002222,5.75,5.549999952316285,0.044569993722536096,0.06842435655994979,2.385436283741369
876,10002225,5.77499997615814,5.30000019073486,0.04770872567482737,0.04143126177024482,-0.6277463904582545
877,10002226,5.77499997615814,5.25,0.04770872567482737,0.03452605147520402,-1.3182674199623352
878,10002227,5.75,5.27500009536743,0.044569993722536096,0.037350910232266166,-0.721908349026993
879,10002228,6.0,4.75,0.05273069679849341,0.015065913370998116,-3.7664783427495294
880,10002233,8.600000143051144,5.15000009536743,0.18204645323289392,0.028562460765850596,-15.348399246704334
881,10002244,13.34999990463255,12.59999990463255,0.5470809792843692,0.9937225360954175,44.66415568110483
882,10002245,12.6500000953674,10.875,0.482736974262398,0.9817953546767106,49.90583804143127
883,10002248,5.77499997615814,6.59999990463257,0.04770872567482737,0.2608286252354049,21.311989956057754
884,10002249,4.44999980926514,4.200000047683715,0.013182674199623353,0.004394224733207784,-0.878844946641557
885,10002250,10.90000009536745,7.25,0.2988072818581293,0.4748901443816698,17.60828625235405
886,10002258,13.5,8.299999952316284,0.571563088512241,0.8308223477715003,25.92592592592593
887,10002259,15.8750001192093,8.62500011920929,0.8775894538606404,0.8895166352793471,1.1927181418706745
888,10002260,14.9000000953674,8.200000286102295,0.7715003138731952,0.8160703075957313,4.456999372253612
889,10002262,14.22499990463255,6.850000023841854,0.6811048336472065,0.33584431889516636,-34.526051475204014
890,10002281,9.950000286102316,5.89999997615814,0.22944130571249216,0.10232266164469554,-12.711864406779661
891,10002287,11.1375000476837,6.1250001192092896,0.30634023854362835,0.14249843063402384,-16.38418079096045
892,10002290,12.64999997615815,6.087499916553495,0.48085373509102325,0.1349654739485248,-34.58882611424985
893,10002294,13.90000009536745,8.0,0.6211550533584432,0.7580037664783428,13.684871311989955
894,10002298,14.10000002384185,7.8499999642372105,0.6613308223477715,0.704331450094162,4.300062774639047
895,10002300,14.0,7.30000019073486,0.6374764595103578,0.5056497175141242,-13.182674199623357
896,10002301,14.0,7.30000019073486,0.6374764595103578,0.5056497175141242,-13.182674199623357
897,10002305,12.3499999046326,5.80000019073486,0.45134965473948524,0.09165097300690521,-35.969868173258
898,10002309,6.450000047683715,5.25,0.07470182046453233,0.03452605147520402,-4.017576898932831
899,10002310,6.975000143051145,10.587500035762785,0.10891399874450722,0.9792843691148776,87.03703703703704
900,10002322,10.249999999999979,8.900000095367421,0.25015693659761457,0.9158819836785939,66.57250470809792
901,10002323,11.575000047683735,7.77499997615814,0.3634651600753296,0.6732580037664784,30.97928436911488
902,10002330,10.449999809265135,8.549999713897705,0.26490897677338354,0.8785310734463276,61.36220966729441
903,10002340,11.450000047683751,9.999999999999979,0.3408662900188324,0.9642184557438794,62.335216572504706
904,10002341,19.77500009536745,12.100000143051151,0.9937225360954175,0.9912115505335845,-0.25109855618330457
905,10002345,6.899999856948855,6.59999990463257,0.10389202762084118,0.2608286252354049,15.693659761456372
906,10002346,10.099999904632586,5.5749999284744245,0.2426239799121155,0.07124921531701192,-17.13747645951036
907,10002347,11.15000009536745,9.15000009536743,0.3110483364720653,0.9356559949780289,62.46076585059635
908,10002348,12.4500002861023,10.350000143051151,0.4651600753295669,0.9742623979912115,50.91023226616447
909,10002349,9.40000009536745,6.5,0.20778405524168236,0.23383553044569994,2.605147520401757
910,10002353,9.65000009536745,9.349999904632565,0.2197112366603892,0.9409918392969241,72.1280602636535
911,10002359,13.90000009536745,6.75,0.6211550533584432,0.3050847457627119,-31.607030759573135
912,10002364,14.324999809265151,7.67500019073486,0.6961707470182047,0.632768361581921,-6.340238543628374
913,10002377,12.7999997138977,6.299999952316285,0.49403640929064657,0.18832391713747645,-30.57124921531701
914,10002395,15.0500001907349,7.650000095367435,0.7997489014438167,0.6286880100439423,-17.106089139987446
915,10002396,15.0500001907349,7.650000095367435,0.7997489014438167,0.6286880100439423,-17.106089139987446
916,10002399,10.000000000000021,5.90000009536743,0.2335216572504708,0.10546139359698682,-12.8060263653484
917,10002400,12.8999999364217,6.78333338101705,0.5015693659761457,0.3157564344005022,-18.581293157564343
918,10002405,13.97499990463255,7.799999952316285,0.6274325172630257,0.6861268047708726,5.869428750784689
919,10002416,13.75,8.10000002384186,0.608286252354049,0.7865662272441933,17.827997489014436
920,10002425,15.1499996185303,8.15000009536743,0.8085373509102323,0.7984934086629002,-1.0043942247332072
921,10002428,15.0500001907349,7.799999952316285,0.7997489014438167,0.6861268047708726,-11.36220966729441
922,10002431,14.649999856948849,7.75,0.7338355304456999,0.6641556811048337,-6.9679849340866244
923,10002432,14.6124999523163,7.8249999284744245,0.7313245448838669,0.6983678593848085,-3.295668549905839
924,10002436,17.75,9.59999990463255,0.972693032015066,0.9538606403013182,-1.8832391713747731
925,10002440,6.25,5.0,0.06465787821720025,0.02416823603264281,-4.048964218455743
926,10002455,4.07499992847443,3.6000000238418597,0.006905210295040804,0.0006277463904582549,-0.6277463904582549
927,10002460,7.450000047683715,7.649999856948855,0.1327683615819209,0.6208411801632141,48.80728185812932
928,10002463,7.75,5.40000009536743,0.14218455743879474,0.05273069679849341,-8.945386064030133
929,10002469,8.89999961853027,6.649999856948855,0.1876961707470182,0.2787193973634652,9.102322661644699
930,10002470,8.89999961853027,6.59999990463257,0.1876961707470182,0.2608286252354049,7.3132454488386704
931,10002471,8.349999904632565,6.25,0.17671060891399876,0.17451349654739484,-0.2197112366603915
932,10002472,8.89999961853027,6.649999856948855,0.1876961707470182,0.2787193973634652,9.102322661644699
933,10002479,7.0,4.80000019073486,0.11079723791588199,0.017576898932831136,-9.322033898305085
934,10002485,7.90000009536743,5.30000019073486,0.15003138731952292,0.04143126177024482,-10.86001255492781
935,10002491,6.15000009536743,4.350000143051145,0.060577526679221595,0.007219083490269931,-5.335844318895166
936,10002493,7.149999856948855,4.75,0.11613308223477715,0.015065913370998116,-10.106716886377903
937,10002505,7.774999976158146,6.849999904632565,0.1431261770244821,0.32799748901443815,18.487131198995606
938,10002506,6.8750001192092896,6.97500002384186,0.1029504080351538,0.3813559322033898,27.8405524168236
939,10002510,7.0,5.09999990463257,0.11079723791588199,0.025423728813559324,-8.537350910232266
940,10002517,6.84999990463257,4.899999856948855,0.09981167608286252,0.02071563088512241,-7.90960451977401
941,10002522,8.0,5.450000047683715,0.15819209039548024,0.05806654111738858,-10.012554927809166
942,10002537,9.67499971389772,6.799999952316285,0.22033898305084745,0.32015065913371,9.981167608286254
943,10002556,9.999999999999979,6.450000047683715,0.23132454488386692,0.22347771500313873,-0.7846829880728184
944,10002558,10.099999904632586,6.649999856948855,0.2426239799121155,0.2787193973634652,3.609541745134967
945,10002560,11.5,7.65000009536743,0.3493408662900188,0.6249215317011927,27.558066541117388
946,10002564,11.233333269755,6.90000009536743,0.3163841807909605,0.3531073446327684,3.6723163841807906
947,10002565,10.000000000000014,6.75,0.23289391086001254,0.3050847457627119,7.219083490269934
948,10002568,11.550000190734849,8.599999904632565,0.36001255492780915,0.8854362837413685,52.54237288135594
949,10002569,11.5,8.549999952316284,0.3493408662900188,0.8816698053986189,53.232893910860014
950,10002570,11.550000190734849,8.599999904632565,0.36001255492780915,0.8854362837413685,52.54237288135594
951,10002571,11.574999928474451,7.98750001192093,0.36220966729441306,0.7520401757689893,38.983050847457626
952,10002579,11.675000190734849,7.9499999284744245,0.3785310734463277,0.7376020087884495,35.90709353421218
953,10002591,11.449999809265151,7.0,0.3386691776522285,0.38857501569365976,4.990583804143128
954,10002600,13.3999996185303,8.549999952316284,0.5577526679221595,0.8816698053986189,32.391713747645944
955,10002605,13.75,7.700000047683715,0.608286252354049,0.6431261770244822,3.4839924670433176
956,10002607,14.0499997138977,8.000000238418579,0.6450094161958568,0.7645951035781544,11.958568738229758
957,10002608,14.0624997615814,8.025000154972076,0.650345260514752,0.768361581920904,11.801632140615192
958,10002613,14.2999997138977,8.09999990463257,0.6908349026993095,0.7846829880728186,9.384808537350908
959,10002616,7.799999952316285,7.25,0.14469554300062776,0.4748901443816698,33.01946013810421
960,10002617,5.09999990463257,5.95000004768372,0.02322661644695543,0.11487758945386065,9.165097300690523
961,10002629,11.7750000953674,8.249999880790716,0.384180790960452,0.8217200251098556,43.75392341494037
962,10002633,14.5499997138977,6.55000019073486,0.7219083490269931,0.2529817953546767,-46.89265536723164
963,10002638,14.1750001907349,7.024999976158146,0.6716886377903327,0.39767733835530444,-27.401129943502827
964,10002640,14.449999809265151,6.65000009536743,0.711864406779661,0.28311362209667296,-42.8750784682988
965,10002656,11.550000190734849,7.350000143051149,0.36001255492780915,0.5235404896421846,16.352793471437543
966,10002657,6.799999952316285,6.350000143051145,0.096045197740113,0.2015065913370998,10.546139359698682
967,10002658,6.799999952316285,6.350000143051145,0.096045197740113,0.2015065913370998,10.546139359698682
968,10002668,15.4250000715256,6.587500035762785,0.834902699309479,0.25486503452605147,-58.003766478342754
969,10002670,16.9500007629395,8.44999980926514,0.9535467671060891,0.8575015693659761,-9.6045197740113
970,10002671,16.9000005722046,8.200000047683716,0.9510357815442562,0.8123038292529818,-13.873195229127433
971,10002685,16.5,7.0,0.9243565599497803,0.38857501569365976,-53.57815442561205
972,10002687,16.166666348775202,6.766666650772095,0.9008160703075957,0.3097928436911488,-59.10232266164469
973,10002688,15.77500009536745,6.774999976158146,0.8666038920276209,0.31387319522912743,-55.27306967984935
974,10002689,15.65000009536745,7.0,0.8568738229755178,0.38857501569365976,-46.829880728185806
975,10002691,14.1499996185303,5.950000047683715,0.6654111738857501,0.11236660389202763,-55.304456999372256
976,10002692,12.98333326975505,5.90000001589457,0.5084745762711864,0.10357815442561205,-40.48964218455744
977,10002693,12.949999809265151,5.799999952316285,0.5050219711236661,0.08945386064030132,-41.55681104833648
978,10002701,14.100000143051151,6.3249999284744245,0.6629001883239172,0.19397363465160075,-46.89265536723164
979,10002713,5.25,6.29999995231628,0.027306967984934087,0.1829880728185813,15.56811048336472
980,10002714,5.200000047683715,6.19999980926514,0.026365348399246705,0.15379786566227244,12.743251726302574
981,10002716,9.049999713897705,7.69999980926514,0.19648462021343377,0.6371625863151287,44.06779661016949
982,10002725,11.3875000476837,6.38749998807907,0.32893910860012554,0.20652856246076584,-12.24105461393597
983,10002726,11.34999990463255,6.299999952316285,0.32642812303829255,0.18832391713747645,-13.810420590081609
984,10002729,5.84999990463257,7.15000009536743,0.05084745762711865,0.4387947269303202,38.79472693032015
985,10002731,13.1249997615814,8.02499973773956,0.5191462649089768,0.7664783427495292,24.733207784055246
986,10002755,13.975000143051151,8.725000143051144,0.6311989956057753,0.9005021971123666,26.930320150659128
987,10002758,5.75,6.4250000715255755,0.044569993722536096,0.2175141242937853,17.29441305712492
988,10002759,6.875,5.94999980926514,0.10232266164469554,0.10922787193973635,0.6905210295040807
989,10002784,12.0750000476837,7.524999976158146,0.4190207156308851,0.5800376647834274,16.10169491525423
990,10002791,11.4249997138977,7.54999995231628,0.33584431889516636,0.5831763967357187,24.73320778405524
991,10002792,11.449999809265151,7.44999980926514,0.3386691776522285,0.5480225988700564,20.935342121782796
992,10002799,7.550000190734865,6.299999952316285,0.13684871311989957,0.18832391713747645,5.1475204017576885
993,10002800,9.25,6.349999904632565,0.19930947897049592,0.19491525423728814,-0.43942247332077744
994,10002801,9.900000095367421,7.700000047683715,0.22661644695543,0.6431261770244822,41.65097300690521
995,10002802,10.04999971389772,7.75,0.23666038920276208,0.6641556811048337,42.749529190207156
996,10002817,10.599999904632579,6.15000009536743,0.2780916509730069,0.14814814814814814,-12.994350282485879
997,10002822,12.5250000953674,7.70000004768372,0.4726930320150659,0.6472065285624607,17.451349654739484
998,10002827,12.425000190734849,7.350000143051145,0.45919648462021345,0.5204017576898933,6.120527306967983
999,10002828,11.3250000476837,6.67499995231628,0.32454488386691777,0.2859384808537351,-3.860640301318269
1000,10002835,9.450000286102316,6.44999980926514,0.20966729441305712,0.21876961707470183,0.9102322661644707
1001,10002838,12.3499999046326,7.100000143051145,0.45134965473948524,0.42718141870684245,-2.4168236032642785
1002,10002843,12.0499999523163,7.924999952316285,0.41682360326428125,0.7303829252981795,31.355932203389823
1003,10002844,12.287500143051151,7.77499997615814,0.4425612052730697,0.6732580037664784,23.06967984934087
1004,10002845,12.425000190734849,7.85000014305115,0.45919648462021345,0.711864406779661,25.266792215944754
1005,10002851,25.1500005722046,10.3500003814697,1.0,0.9758317639673572,-2.4168236032642842
1006,10002857,13.600000143051151,8.40000009536743,0.5925925925925926,0.849654739485248,25.70621468926554
1007,10002858,13.52500009536745,8.34999990463257,0.5759573132454489,0.8408662900188324,26.490897677338353
1008,10002860,13.3999996185303,7.950000047683715,0.5577526679221595,0.7416823603264281,18.392969240426858
1009,10002862,13.84999990463255,10.2999997138977,0.6139359698681732,0.9723791588198368,35.84431889516636
1010,10002869,14.2000002861023,9.90000009536743,0.6779661016949152,0.9623352165725048,28.436911487758955
1011,10002872,14.34999990463255,9.999999999999986,0.6989956057752668,0.9648462021343377,26.585059635907093
1012,10002876,11.65000009536745,6.77499997615814,0.3763339610797238,0.3116760828625235,-6.465787821720026
1013,10002884,13.40000009536745,8.19999980926514,0.5612052730696798,0.8085373509102323,24.733207784055246
1014,10002885,13.5,8.449999809265135,0.571563088512241,0.8556183301946014,28.40552416823604
1015,10002886,13.40000009536745,8.39999961853027,0.5612052730696798,0.8462021343377275,28.499686126804768
1016,10002893,11.6749997138977,7.69999980926514,0.37790332705586943,0.6371625863151287,25.925925925925924
1017,10002897,12.0499997138977,7.90000009536743,0.4155681104833647,0.7247332077840553,30.916509730069052
1018,10002900,11.4000000953674,7.0,0.3330194601381042,0.38857501569365976,5.555555555555558
1019,10002904,12.6999998092651,8.0,0.48650345260514755,0.7580037664783428,27.150031387319522
1020,10002905,11.59999990463255,7.25,0.36691776522284997,0.4748901443816698,10.797237915881986
1021,10002913,13.0999999046326,8.19999980926514,0.5160075329566854,0.8085373509102323,29.252981795354682
1022,10002914,13.074999809265151,8.19999980926514,0.5153797865662273,0.8085373509102323,29.315756434400498
1023,10002916,11.2999999523163,6.97500002384186,0.3214061519146265,0.3813559322033898,5.99497802887633
1024,10002917,11.28333346048995,6.933333317438761,0.32015065913371,0.3634651600753296,4.331450094161959
1025,10002920,8.500000238418579,6.80000019073486,0.18016321406151914,0.32454488386691777,14.438166980539863
1026,10002928,9.42499995231627,6.6999999284744245,0.20841180163214063,0.2893910860012555,8.09792843691149
1027,10002940,10.725000143051151,8.32499980926514,0.28688010043942247,0.8345888261142499,54.77087256748274
1028,10002941,10.7000002861023,8.19999980926514,0.2859384808537351,0.8085373509102323,52.259887005649716
1029,10002957,5.90000009536743,4.27500009536743,0.0514752040175769,0.006277463904582548,-4.519774011299435
1030,10002958,8.849999904632565,6.9499999284744245,0.1854990583804143,0.36785938480853736,18.236032642812305
1031,10002964,6.25,4.549999952316285,0.06465787821720025,0.010357815442561206,-5.430006277463904
1032,10002968,7.4250000715255755,5.424999833106995,0.13119899560577528,0.05398618957940992,-7.721280602636535
1033,10002971,7.40000009536743,5.5,0.13057124921531701,0.06246076585059636,-6.811048336472066
1034,10002987,3.799999952316285,6.450000047683715,0.004394224733207784,0.22347771500313873,21.908349026993097
1035,10002988,3.950000047683715,7.174999833106995,0.006277463904582548,0.44318895166352795,43.69114877589454
1036,10002991,4.35000002384186,7.75,0.009416195856873822,0.6641556811048337,65.47394852479599
1037,10002995,6.75,8.850000143051165,0.09227871939736347,0.9102322661644695,81.7953546767106
1038,10002996,6.575000166893005,8.699999928474424,0.08160703075957314,0.8970495919648462,81.54425612052731
1039,10002997,6.55000019073486,8.649999856948835,0.0800376647834275,0.8913998744507219,81.13622096672944
1040,10002998,3.75,5.649999856948855,0.003452605147520402,0.07815442561205273,7.470182046453234
1041,10003002,3.6499999761581403,5.950000047683715,0.0025109855618330196,0.11236660389202763,10.98556183301946
1042,10003004,6.55000019073486,8.75,0.0800376647834275,0.9020715630885122,82.20338983050848
1043,10003005,6.44999980926514,9.199999809265135,0.07376020087884495,0.9365976145637163,86.28374136848713
1044,10003006,6.44999980926514,9.125,0.07376020087884495,0.9322033898305084,85.84431889516635
1045,10003012,6.25,6.15000009536743,0.06465787821720025,0.14814814814814814,8.349026993094789
1046,10003014,7.25,7.299999952316285,0.12303829252981795,0.49591964846202136,37.28813559322034
1047,10003017,7.450000047683715,5.15000009536743,0.1327683615819209,0.028562460765850596,-10.420590081607031
1048,10003047,11.4749999046326,6.79999995231628,0.34494664155681104,0.3163841807909605,-2.856246076585056
1049,10003048,12.25,7.049999952316285,0.43848085373509105,0.40458254865034526,-3.3898305084745783
1050,10003052,13.4375,6.9375,0.5630885122410546,0.36409290646578785,-19.899560577526675
1051,10003054,14.0,7.59999990463257,0.6374764595103578,0.6073446327683616,-3.0131826741996215
1052,10003056,13.9500002861023,7.549999952316285,0.6261770244821092,0.5881983678593848,-3.797865662272437
1053,10003062,14.1000000238419,7.83750009536743,0.6622724419334589,0.6993094789704959,3.703703703703698
1054,10003064,13.949999809265151,7.700000047683715,0.6249215317011927,0.6431261770244822,1.820464532328947
1055,10003066,14.3250000476837,7.625,0.696798493408663,0.6167608286252354,-8.003766478342754
1056,10003067,14.40000009536745,7.40000009536743,0.7096672944130571,0.5360954174513497,-17.35718769617074
1057,10003068,14.399999856948849,7.40000009536743,0.7074701820464532,0.5360954174513497,-17.13747645951035
1058,10003069,15.30000019073485,8.049999713897705,0.8220338983050848,0.770872567482737,-5.116133082234775
1059,10003070,15.30000019073485,8.049999713897705,0.8220338983050848,0.770872567482737,-5.116133082234775
1060,10003073,13.65000009536745,7.6999999284744245,0.5982423101067169,0.6390458254865035,4.080351537978655
1061,10003074,14.024999856948849,8.02500009536743,0.642812303829253,0.7674199623352166,12.460765850596356
1062,10003075,13.40000009536745,7.80000019073486,0.5612052730696798,0.6949152542372882,13.370998116760834
1063,10003076,13.3250000476837,7.6250001192092896,0.5445699937225361,0.6180163214061519,7.344632768361581
1064,10003077,15.77500009536745,8.450000166893005,0.8666038920276209,0.8618957940991839,-0.47080979284369606
1065,10003082,15.0,7.92500007152557,0.7890772128060264,0.7313245448838669,-5.77526679221595
1066,10003083,15.2999999523163,7.799999833106995,0.8204645323289391,0.6814187068424357,-13.904582548650346
1067,10003084,15.25,7.69999980926514,0.8188951663527935,0.6371625863151287,-18.173258003766477
1068,10003107,14.7999999523163,8.325000166893005,0.7583176396735719,0.8358443188951663,7.752667922159439
1069,10003109,16.70000012715655,8.40000001589457,0.9416195856873822,0.847457627118644,-9.416195856873822
1070,10003116,15.8499994277954,8.500000238418579,0.8703703703703703,0.8747645951035782,0.439422473320783
1071,10003117,15.1333333651225,8.75000015894572,0.8072818581293157,0.9033270558694287,9.6045197740113
1072,10003121,15.450000286102302,7.799999713897705,0.8411801632140615,0.6792215944758317,-16.19585687382298
1073,10003122,9.70000028610228,5.5,0.22096672944130571,0.06246076585059636,-15.850596359070934
1074,10003124,9.0,6.049999952316285,0.19522912743251727,0.12397991211550534,-7.124921531701194
1075,10003125,8.900000095367435,5.850000143051145,0.1902071563088512,0.09824231010671688,-9.196484620213432
1076,10003127,7.89999985694885,5.325000047683715,0.14846202134337727,0.04331450094161959,-10.514752040175768
1077,10003128,7.89999985694885,5.350000143051145,0.14846202134337727,0.04645323289391086,-10.200878844946642
1078,10003130,8.050000190734865,6.0,0.1647834274952919,0.11801632140615191,-4.676710608913999
1079,10003131,8.025000214576725,6.0,0.16070307595731326,0.11801632140615191,-4.268675455116135
1080,10003132,8.03333353996277,6.083333253860475,0.1613308223477715,0.13433772755806653,-2.6993094789704966
1081,10003134,8.09999990463257,5.599999904632565,0.1669805398618958,0.07250470809792843,-9.447583176396735
1082,10003135,8.09999990463257,5.599999904632565,0.1669805398618958,0.07250470809792843,-9.447583176396735
1083,10003136,9.14999961853027,5.850000143051145,0.19742623979912116,0.09824231010671688,-9.918392969240427
1084,10003138,9.90000009536743,5.5500000715255755,0.22755806654111738,0.0696798493408663,-15.787821720025107
1085,10003140,10.087499856948835,5.52500009536743,0.23979912115505336,0.06654111738857502,-17.325800376647834
1086,10003141,10.099999904632579,5.44999980926514,0.24168236032642812,0.05681104833647207,-18.487131198995606
1087,10003144,11.225000143051151,6.150000095367435,0.3157564344005022,0.15003138731952292,-16.57250470809793
1088,10003145,11.300000190734849,6.200000047683715,0.3229755178907721,0.15819209039548024,-16.478342749529187
1089,10003148,11.8000001907349,6.5,0.3870056497175141,0.23383553044569994,-15.317011927181417
1090,10003149,10.400000095367414,5.562499940395355,0.26020087884494664,0.07030759573132454,-18.989328311362208
1091,10003152,10.450000127156589,5.833333333333336,0.26616446955430006,0.09353421217827998,-17.263025737602007
1092,10003156,10.6500000953674,6.09999990463257,0.28185812931575643,0.1374764595103578,-14.438166980539863
1093,10003165,11.9249999523163,5.950000047683715,0.40426867545511613,0.11236660389202763,-29.19020715630885
1094,10003166,11.4500002861023,6.60000002384186,0.34243565599497805,0.26585059635907093,-7.658505963590711
1095,10003167,11.3000000317891,6.516666730244955,0.3220338983050847,0.2391713747645951,-8.286252354048962
1096,10003170,10.8500003814697,6.450000047683715,0.29441305712492155,0.22347771500313873,-7.093534212178282
1097,10003175,11.1125000715256,6.125000059604645,0.3050847457627119,0.1418706842435656,-16.321406151914626
1098,10003188,11.34999990463255,6.200000047683715,0.32642812303829255,0.15819209039548024,-16.823603264281232
1099,10003189,11.34999990463255,6.200000047683715,0.32642812303829255,0.15819209039548024,-16.823603264281232
1100,10003192,11.9500000476837,6.72500002384186,0.4083490269930948,0.2984934086629002,-10.985561833019458
1101,10003193,11.86666663487755,7.016666650772095,0.3973634651600753,0.3957940991839297,-0.1569365976145598
1102,10003195,11.050000190734849,6.47500002384186,0.30257376020087884,0.22849968612680477,-7.4074074074074066
1103,10003196,11.2000002861023,6.5,0.3145009416195857,0.23383553044569994,-8.066541117388576
1104,10003197,11.4500002861023,6.34999990463257,0.34243565599497805,0.1977401129943503,-14.469554300062775
1105,10003198,11.63333336512245,6.266666650772095,0.3728813559322034,0.17953546767106088,-19.334588826114253
1106,10003199,11.5,6.34999990463257,0.3493408662900188,0.1977401129943503,-15.160075329566853
1107,10003200,10.775000095367421,6.25,0.2900188323917137,0.17451349654739484,-11.550533584431887
1108,10003201,10.699999809265135,6.299999952316285,0.2843691148775895,0.18832391713747645,-9.604519774011303
1109,10003202,11.25,6.424999952316285,0.31858129315756434,0.2162586315128688,-10.232266164469554
1110,10003203,11.25,6.399999856948855,0.31858129315756434,0.20747018204645323,-11.11111111111111
1111,10003204,11.199999809265151,6.38333328564962,0.31324544883866917,0.2059008160703076,-10.734463276836156
1112,10003208,12.5999999046326,6.149999856948855,0.47865662272441933,0.14438166980539863,-33.42749529190207
1113,10003209,12.86666679382325,6.8000000317891445,0.5003138731952291,0.3239171374764595,-17.639673571876962
1114,10003227,14.65000009536745,8.450000286102295,0.7372881355932204,0.8640929064657878,12.680477087256747
1115,10003229,14.274999856948849,8.999999761581421,0.6892655367231638,0.9227871939736346,23.35216572504708
1116,10003233,14.59999990463255,7.59999990463257,0.7259887005649718,0.6073446327683616,-11.864406779661019
1117,10003235,14.75,8.69999980926514,0.7529817953546767,0.8961079723791588,14.312617702448216
1118,10003247,14.8999996185303,6.90000009536743,0.7689893283113622,0.3531073446327684,-41.588198367859384
1119,10003253,12.824999928474451,6.1875,0.49843063402385435,0.15285624607658507,-34.55743879472693
1120,10003255,13.15000009536745,6.850000143051145,0.524482109227872,0.34055241682360327,-18.392969240426872
1121,10003256,13.15000009536745,6.9250000715255755,0.524482109227872,0.36220966729441306,-16.22724419334589
1122,10003262,12.09999990463255,6.200000047683715,0.4234149403640929,0.15819209039548024,-26.522284996861266
1123,10003263,12.09999990463255,6.25,0.4234149403640929,0.17451349654739484,-24.890144381669803
1124,10003268,13.3250000476837,6.424999952316285,0.5445699937225361,0.2162586315128688,-32.83113622096673
1125,10003278,15.02500009536745,7.75000023841858,0.7919020715630886,0.6707470182046453,-12.115505335844324
1126,10003284,14.6999998092651,7.200000047683715,0.7419962335216572,0.4541745134965474,-28.78217200251098
1127,10003289,14.25,6.299999952316285,0.6861268047708726,0.18832391713747645,-49.78028876333962
1128,10003307,14.875,6.84999990463257,0.7677338355304457,0.33207784055241685,-43.565599497802886
1129,10003308,14.5999999046326,6.65000009536743,0.7281858129315757,0.28311362209667296,-44.50721908349028
1130,10003310,13.574999809265151,6.375,0.5850596359070935,0.20433145009416195,-38.072818581293156
1131,10003316,14.575000047683751,6.39999997615814,0.7250470809792844,0.20903954802259886,-51.600753295668554
1132,10003320,14.6500000953674,7.65000009536743,0.7347771500313873,0.6249215317011927,-10.985561833019464
1133,10003324,14.52500009536745,6.20000004768372,0.7206528562460766,0.162586315128688,-55.80665411173885
1134,10003327,14.0,6.233333349227905,0.6374764595103578,0.1669805398618958,-47.04959196484621
1135,10003329,14.625,7.150000095367435,0.7322661644695543,0.44130571249215317,-29.09604519774011
1136,10003330,14.5999999046326,7.200000047683715,0.7281858129315757,0.4541745134965474,-27.401129943502827
1137,10003331,13.6999998092651,6.09999990463257,0.6016949152542372,0.1374764595103578,-46.421845574387945
1138,10003333,13.300000190734849,6.549999952316285,0.5417451349654739,0.24733207784055242,-29.44130571249215
1139,10003342,14.2000000476837,7.3750001192092896,0.6760828625235404,0.5269930947897049,-14.908976773383554
1140,10003348,16.525000095367403,9.65000009536743,0.9259259259259259,0.9566854990583804,3.0759573132454476
1141,10003350,14.962499856948849,8.949999928474426,0.7812303829252982,0.9171374764595104,13.590709353421214
1142,10003352,14.8499999046326,8.700000286102295,0.7658505963590709,0.89924670433145,13.33961079723791
1143,10003354,15.1500000953674,7.60000014305115,0.810420590081607,0.613308223477715,-19.711236660389208
1144,10003356,15.25,7.50000023841858,0.8188951663527935,0.576271186440678,-24.26239799121155
1145,10003357,15.12499988079075,7.4125000834465,0.805398618957941,0.5423728813559322,-26.302573760200875
1146,10003362,15.1250002384186,7.75,0.8066541117388575,0.6641556811048337,-14.249843063402379
1147,10003363,15.2000002861023,7.90000009536743,0.8141870684243565,0.7247332077840553,-8.945386064030124
1148,10003365,14.8499999046326,8.149999856948856,0.7658505963590709,0.793157564344005,2.730696798493404
1149,10003367,15.1499996185303,8.15000009536743,0.8085373509102323,0.7984934086629002,-1.0043942247332072
1150,10003369,13.9749999046326,7.84999990463257,0.6290018832391714,0.7021343377275581,7.313245448838668
1151,10003370,13.949999809265151,7.799999713897705,0.6249215317011927,0.6792215944758317,5.430006277463906
1152,10003372,14.449999809265151,7.77500009536743,0.711864406779661,0.6760828625235404,-3.5781544256120568
1153,10003376,14.9833334287008,8.199999888737995,0.7865662272441933,0.810420590081607,2.385436283741371
1154,10003377,15.02500009536745,8.19999980926514,0.7919020715630886,0.8085373509102323,1.6635279347143705
1155,10003378,14.975000143051151,8.224999845027925,0.7849968612680477,0.8198367859384809,3.4839924670433176
1156,10003383,15.0499999523163,8.450000047683716,0.7959824231010671,0.8600125549278091,6.4030131826742
1157,10003385,14.8000001907349,7.799999713897705,0.7620841180163214,0.6792215944758317,-8.286252354048962
1158,10003386,14.90000009536745,7.774999856948855,0.7740112994350282,0.6716886377903327,-10.23226616446955
1159,10003387,15.050000190734849,8.59999990463257,0.7969240426867545,0.886691776522285,8.976773383553049
1160,10003389,15.47499978542325,8.46250009536743,0.842435655994978,0.8662900188323918,2.385436283741371
1161,10003390,15.4999995231628,8.349999904632565,0.8443188951663528,0.8396107972379159,-0.47080979284369606
1162,10003392,14.049999952316249,7.92500019073486,0.6462649089767734,0.7328939108600125,8.662900188323919
1163,10003397,13.975000143051151,7.950000047683715,0.6311989956057753,0.7416823603264281,11.048336472065278
1164,10003398,14.5,8.5,0.7178279974890145,0.8703703703703703,15.254237288135586
1165,10003405,15.0500001907349,7.799999952316285,0.7997489014438167,0.6861268047708726,-11.36220966729441
1166,10003411,15.850000381469702,8.950000286102295,0.8722536095417451,0.9199623352165726,4.770872567482742
1167,10003412,15.850000381469702,8.975000143051144,0.8722536095417451,0.9215317011927181,4.927809165097297
1168,10003413,15.1000003814697,9.0,0.8041431261770244,0.9249843063402385,12.08411801632141
1169,10003414,14.09999990463255,8.450000286102295,0.6556811048336472,0.8640929064657878,20.84118016321407
1170,10003415,14.2999999523163,7.3000000715255755,0.6917765222849969,0.5018832391713748,-18.989328311362208
1171,10003419,15.850000381469702,8.450000047683716,0.8722536095417451,0.8600125549278091,-1.2241054613935987
1172,10003424,15.075000047683751,8.499999940395355,0.8016321406151915,0.8675455116133082,6.591337099811668
1173,10003425,15.15000009536745,8.600000143051144,0.8116760828625236,0.8876333961079724,7.595731324544886
1174,10003432,17.400000095367403,9.8250000476837,0.9667294413057125,0.9617074701820465,-0.502197112366598
1175,10003433,17.22499990463255,9.375,0.96045197740113,0.9444444444444444,-1.6007532956685555
1176,10003434,17.325000286102302,9.674999952316265,0.9661016949152542,0.9573132454488387,-0.8788449466415549
1177,10003444,14.3750002384186,6.950000047683715,0.7055869428750785,0.37445072190834905,-33.11362209667295
1178,10003464,8.283333301544186,8.149999936421715,0.17451349654739484,0.7940991839296924,61.95856873822976
1179,10003465,8.16666674613953,8.049999952316284,0.16886377903327057,0.7749529190207156,60.608913998744505
1180,10003492,15.22499990463255,7.450000047683715,0.8151286880100439,0.5539861895794099,-26.114249843063398
1181,10003496,14.875,8.450000047683716,0.7677338355304457,0.8600125549278091,9.227871939736342
1182,10003507,15.883333524068199,7.166666746139525,0.8782172002510985,0.44224733207784056,-43.59698681732579
1183,10003538,14.650000333786,7.07499992847443,0.7394852479598242,0.4174513496547395,-32.20338983050846
1184,10003539,14.15000009536745,7.0500000715255755,0.6682360326428123,0.4114877589453861,-25.67482736974262
1185,10003542,16.17500019073485,7.52499997615814,0.901443816698054,0.5775266792215945,-32.391713747645944
1186,10003551,12.5500001907349,7.450000047683715,0.4770872567482737,0.5539861895794099,7.689893283113625
1187,10003554,11.9499998092651,7.40000009536743,0.4048964218455744,0.5360954174513497,13.11989956057753
1188,10003556,11.8000001907349,7.149999976158146,0.3870056497175141,0.43565599497802887,4.865034526051476
1189,10003557,11.8500003814697,7.25,0.3954802259887006,0.4748901443816698,7.940991839296924
1190,10003558,11.8500003814697,7.25,0.3954802259887006,0.4748901443816698,7.940991839296924
1191,10003559,11.8500003814697,7.25,0.3954802259887006,0.4748901443816698,7.940991839296924
1192,10003561,11.8500003814697,7.174999952316285,0.3954802259887006,0.4438166980539862,4.833647206528563
1193,10003565,7.200000047683715,7.550000190734865,0.12146892655367232,0.5998116760828626,47.834274952919024
1194,10003566,13.2833333015442,8.03333330154419,0.5342121782799749,0.7693032015065914,23.509102322661647
1195,10003568,9.625,6.75,0.21720025109855617,0.3050847457627119,8.788449466415571
1196,10003569,6.916666666666664,6.400000015894575,0.10546139359698682,0.21092278719397364,10.546139359698682
1197,10003571,12.1000003814697,8.0,0.42718141870684245,0.7580037664783428,33.082234777150035
1198,10003572,9.324999809265151,7.524999976158146,0.20087884494664154,0.5800376647834274,37.91588198367859
1199,10003574,12.075000047683751,9.35000038146973,0.42027620841180163,0.943502824858757,52.32266164469554
1200,10003576,12.449999809265151,8.89999961853027,0.4620213433772756,0.9136848713119899,45.16635279347144
1201,10003578,12.59999990463255,10.049999713897684,0.47771500313873194,0.965473948524796,48.7758945386064
1202,10003579,6.84999990463257,6.450000047683715,0.09981167608286252,0.22347771500313873,12.366603892027621
1203,10003580,10.1749999523163,7.40000009536743,0.24544883866917766,0.5360954174513497,29.064657878217204
1204,10003583,9.350000381469716,6.899999856948855,0.20464532328939108,0.3468298807281858,14.218455743879474
1205,10003584,11.3500003814697,7.700000047683715,0.327683615819209,0.6431261770244822,31.544256120527315
1206,10003585,11.4000000953674,8.049999952316284,0.3330194601381042,0.7749529190207156,44.19334588826114
1207,10003587,6.30000019073486,6.69999980926514,0.06842435655994979,0.2884494664155681,22.002510985561834
1208,10003590,9.399999618530284,7.299999952316285,0.20527306967984935,0.49591964846202136,29.064657878217204
1209,10003591,11.23333342870075,6.733333428700765,0.3170119271814187,0.30006277463904585,-1.6949152542372836
1210,10003592,11.4500002861023,7.69999980926514,0.34243565599497805,0.6371625863151287,29.472693032015062
1211,10003595,15.1499996185303,7.55000019073486,0.8085373509102323,0.5963590709353421,-21.217827997489014
1212,10003598,14.3000001907349,6.34999990463257,0.6939736346516008,0.1977401129943503,-49.62335216572505
1213,10003601,7.287499964237215,6.862500011920931,0.12429378531073447,0.3427495291902072,21.84557438794727
1214,10003602,6.65000009536743,6.549999952316285,0.08505963590709353,0.24733207784055242,16.22724419334589
1215,10003603,6.549999952316285,6.0,0.07878217200251099,0.11801632140615191,3.923414940364092
1216,10003607,5.19999980926514,6.09999990463257,0.02573760200878845,0.1374764595103578,11.173885750156936
1217,10003614,14.15000009536745,6.924999952316285,0.6682360326428123,0.3606403013182674,-30.759573132454488
1218,10003615,13.90000009536745,6.84999990463257,0.6211550533584432,0.33207784055241685,-28.907721280602637
1219,10003616,14.050000190734849,6.82499992847443,0.6484620213433773,0.32642812303829255,-32.20338983050847
1220,10003618,16.5750000476837,9.0,0.9303201506591338,0.9249843063402385,-0.5335844318895222
1221,10003624,5.25,6.950000166893005,0.027306967984934087,0.37915881983678595,35.18518518518518
1222,10003625,4.450000047683715,6.600000143051145,0.014752040175768989,0.2699309478970496,25.51789077212806
1223,10003626,6.200000047683715,6.5,0.06277463904582549,0.23383553044569994,17.106089139987446
1224,10003628,5.5,7.25000023841858,0.03232893910860012,0.485247959824231,45.29190207156309
1225,10003629,5.575000166893005,7.287499964237215,0.0354676710608914,0.4883866917765223,45.29190207156309
1226,10003650,16.30000019073485,7.950000047683715,0.9121155053358443,0.7416823603264281,-17.04331450094162
1227,10003652,16.15000009536745,8.0,0.8986189579409919,0.7580037664783428,-14.061519146264912
1228,10003662,15.75,7.0,0.864406779661017,0.38857501569365976,-47.58317639673572
1229,10003698,16.2999992370605,8.5,0.9096045197740112,0.8703703703703703,-3.9234149403640894
1230,10003710,16.649999618530252,7.44999980926514,0.9347143753923415,0.5480225988700564,-38.669177652228505
1231,10003721,15.0499997138977,7.55000019073486,0.7937853107344632,0.5963590709353421,-19.74262397991211
1232,10003728,16.6499996185303,7.399999856948855,0.9353421217827997,0.5301318267419962,-40.52102950408035
1233,10003769,4.94999980926514,5.0,0.02197112366603892,0.02416823603264281,0.21971123666038905
1234,10003773,4.462500035762785,5.28750002384186,0.016321406151914627,0.038292529817953544,2.197112366603892
1235,10003774,4.450000047683715,5.24999992052714,0.014752040175768989,0.032015065913371,1.726302573760201
1236,10003775,4.450000047683715,5.299999952316285,0.014752040175768989,0.039861895794099184,2.5109855618330195
1237,10003780,5.64999985694885,5.47499990463257,0.03954802259887006,0.059008160703075956,1.9460138104205895
1238,10003781,5.6249998807907104,5.72500002384186,0.038292529817953544,0.08254865034526052,4.425612052730697
1239,10003787,6.4250000715255755,6.05000001192093,0.07219083490269931,0.12680477087256747,5.461393596986816
1240,10003790,8.350000143051144,5.850000143051145,0.17765222849968612,0.09824231010671688,-7.940991839296924
1241,10003791,9.299999713897705,5.75,0.2002510985561833,0.0847457627118644,-11.550533584431891
1242,10003794,7.924999952316285,5.3749998807907104,0.15254237288135594,0.047080979284369114,-10.546139359698683
1243,10003795,7.91249996423721,5.34999990463257,0.15191462649089768,0.04488386691776522,-10.703075957313246
1244,10003799,3.45000004768372,5.700000047683715,0.0009416195856873823,0.08160703075957314,8.066541117388576
1245,10003800,3.45000004768372,5.40000009536743,0.0009416195856873823,0.05273069679849341,5.178907721280603
1246,10003824,12.012499928474451,7.05000001192093,0.41368487131198994,0.40991839296924043,-0.3766478342749513
1247,10003826,11.9749999046326,6.9499999284744245,0.41117388575015695,0.36785938480853736,-4.331450094161959
1248,10003834,12.449999809265151,7.09999990463257,0.4620213433772756,0.4221594475831764,-3.9861895794099156
1249,10003846,11.52500009536745,7.524999976158146,0.35436283741368485,0.5800376647834274,22.56748273697426
1250,10003880,14.7999997138977,7.600000143051145,0.7567482736974263,0.6111111111111112,-14.563716258631509
1251,10003892,18.80000019073485,8.800000190734865,0.9846202134337727,0.90646578782172,-7.815442561205266
1252,10003928,15.974999666214,7.6750000715255755,0.8838669177652229,0.6315128688010044,-25.23540489642184
1253,10003934,15.3499999046326,7.05000019073486,0.8261142498430634,0.41462649089767734,-41.1487758945386
1254,10003950,13.5,8.000000238418579,0.571563088512241,0.7645951035781544,19.30320150659134
1255,10003957,6.287499964237215,5.825000047683715,0.06716886377903326,0.09290646578782172,2.5737602008788456
1256,10003973,8.225000143051144,6.29999995231628,0.17263025737602009,0.1829880728185813,1.0357815442561202
1257,10003974,8.175000071525574,6.30000007152557,0.17011927181418707,0.1933458882611425,2.3226616446955424
1258,10003976,10.25,7.200000047683715,0.25109855618330196,0.4541745134965474,20.307595731324547
1259,10003978,10.550000190734881,6.90000009536743,0.27526679221594474,0.3531073446327684,7.784055241682363
1260,10003990,14.65000009536745,8.049999952316284,0.7372881355932204,0.7749529190207156,3.766478342749524
1261,10003993,13.375,7.0,0.5549278091650973,0.38857501569365976,-16.635279347143754
1262,10003996,14.10000002384185,7.8499999642372105,0.6613308223477715,0.704331450094162,4.300062774639047
1263,10004002,13.34999990463255,6.95000004768372,0.5470809792843692,0.3785310734463277,-16.854990583804145
1264,10004003,14.25,7.74999976158142,0.6861268047708726,0.657564344005022,-2.8562460765850672
1265,10004008,13.449999809265151,6.299999952316285,0.564030131826742,0.18832391713747645,-37.57062146892656
1266,10004017,13.5499997138977,5.75,0.5781544256120528,0.0847457627118644,-49.34086629001884
1267,10004018,13.125,5.64999985694885,0.519774011299435,0.07689893283113622,-44.287507846829875
1268,10004019,12.9500002861023,5.90000009536743,0.5072190834902699,0.10546139359698682,-40.17576898932831
1269,10004023,15.699999809265151,7.55000019073486,0.85969868173258,0.5963590709353421,-26.33396107972379
1270,10004024,15.6249997615814,7.4250000715255755,0.8540489642184558,0.5445699937225361,-30.947897049591965
1271,10004034,15.700000047683702,8.52499997615814,0.8606403013182674,0.8763339610797238,1.5693659761456424
1272,10004035,15.875,8.64999973773956,0.8763339610797238,0.8904582548650345,1.412429378531066
1273,10004040,13.3249998092651,6.475000023841854,0.5433145009416196,0.2278719397363465,-31.544256120527308
1274,10004043,11.5499997138977,7.25,0.357187696170747,0.4748901443816698,11.77024482109228
1275,10004054,12.6500000953674,7.350000143051145,0.482736974262398,0.5204017576898933,3.7664783427495294
1276,10004060,16.7999997138977,9.750000000000021,0.9447583176396736,0.9585687382297552,1.381042059008164
1277,10004065,12.40000009536745,7.0,0.4566854990583804,0.38857501569365976,-6.811048336472064
1278,10004068,10.799999713897684,6.799999952316285,0.290646578782172,0.32015065913371,2.950408035153801
1279,10004089,12.2999997138977,7.80000019073486,0.4444444444444444,0.6949152542372882,25.047080979284374
1280,10004094,12.22499990463255,6.950000047683715,0.43565599497802887,0.37445072190834905,-6.120527306967983
1281,10004095,11.5374999046326,7.25,0.35530445699937224,0.4748901443816698,11.958568738229758
1282,10004116,8.0,4.84999990463257,0.15819209039548024,0.018832391713747645,-13.93596986817326
1283,10004118,10.224999904632586,6.599999904632565,0.24858757062146894,0.2564344005021971,0.7846829880728184
1284,10004121,10.083333174387619,6.249999920527145,0.2391713747645951,0.1694915254237288,-6.96798493408663
1285,10004125,11.949999928474451,7.562499761581425,0.4074074074074074,0.60075329566855,19.334588826114256
1286,10004126,11.97499990463255,7.549999713897705,0.4105461393596987,0.5825486503452605,17.20025109855618
1287,10004137,9.79999971389772,6.75,0.22441933458882612,0.3050847457627119,8.066541117388576
1288,10004138,9.79999971389772,6.75,0.22441933458882612,0.3050847457627119,8.066541117388576
1289,10004139,9.84999990463255,6.75,0.22598870056497175,0.3050847457627119,7.909604519774013
1290,10004143,13.924999952316249,6.075000166893005,0.623352165725047,0.13308223477715003,-49.0269930947897
1291,10004146,13.975000143051151,6.200000047683715,0.6311989956057753,0.15819209039548024,-47.30069052102951
1292,10004153,14.800000190734849,6.600000143051145,0.7602008788449467,0.2699309478970496,-49.02699309478971
1293,10004157,15.5,7.3249999284744245,0.8468298807281858,0.5097300690521029,-33.709981167608284
1294,10004159,16.3000001907349,8.200000286102295,0.9133709981167608,0.8160703075957313,-9.730069052102952
1295,10004165,15.149999856948849,7.349999904632565,0.8097928436911488,0.5125549278091651,-29.723791588198367
1296,10004168,14.7999997138977,7.25,0.7567482736974263,0.4748901443816698,-28.185812931575644
1297,10004170,14.84999990463255,7.299999952316285,0.7642812303829253,0.49591964846202136,-26.83615819209039
1298,10004173,15.4249997138977,7.6750000715255755,0.8342749529190208,0.6315128688010044,-20.276208411801633
1299,10004174,15.449999809265151,7.55000019073486,0.8377275580665411,0.5963590709353421,-24.136848713119896
1300,10004177,16.1500000953674,7.75,0.8976773383553045,0.6641556811048337,-23.35216572504708
1301,10004181,14.1999998092651,6.450000047683715,0.6732580037664784,0.22347771500313873,-44.978028876333966
1302,10004183,15.350000143051151,7.29999995231628,0.8270558694287508,0.48932831136220967,-33.77275580665411
1303,10004184,15.350000143051151,7.5,0.8270558694287508,0.5690521029504081,-25.800376647834266
1304,10004190,16.0250000953674,7.424999833106995,0.8913998744507219,0.5430006277463905,-34.83992467043314
1305,10004193,10.65000009536745,5.600000143051145,0.2837413684871312,0.07407407407407407,-20.966729441305716
1306,10004194,14.949999809265151,6.0500000715255755,0.7765222849968613,0.12774639045825487,-64.87758945386064
1307,10004197,15.4500002861023,7.299999952316285,0.8396107972379159,0.49591964846202136,-34.36911487758945
1308,10004210,15.800000190734849,7.05000019073486,0.8681732580037664,0.41462649089767734,-45.35467671060891
1309,10004213,15.72499990463255,6.849999904632565,0.8618957940991839,0.32799748901443815,-53.38983050847458
1310,10004216,11.5499997138977,5.200000047683715,0.357187696170747,0.030759573132454487,-32.64281230382925
1311,10004219,14.949999809265151,6.700000047683715,0.7765222849968613,0.29315756434400503,-48.336472065285626
1312,10004226,12.1000003814697,6.200000047683715,0.42718141870684245,0.15819209039548024,-26.898932831136225
1313,10004236,14.550000190734849,7.700000047683715,0.7234777150031387,0.6431261770244822,-8.035153797865657
1314,10004241,15.5,7.5,0.8468298807281858,0.5690521029504081,-27.777777777777768
1315,10004248,15.4374998807907,8.21249997615814,0.8355304456999372,0.8185812931575643,-1.6949152542372836
1316,10004250,16.6000003814697,8.5,0.9315756434400502,0.8703703703703703,-6.120527306967983
1317,10004251,14.65000009536745,8.30000019073486,0.7372881355932204,0.8320778405524168,9.478970495919647
1318,10004255,14.4000000953674,8.549999713897705,0.7084118016321406,0.8785310734463276,17.011927181418706
1319,10004264,16.2000002861023,9.39999961853027,0.9033270558694287,0.9453860640301318,4.205900816070307
1320,10004330,14.8000001907349,7.466666618982956,0.7620841180163214,0.559322033898305,-20.276208411801633
1321,10004331,14.75,7.575000047683715,0.7529817953546767,0.6020087884494664,-15.097300690521031
1322,10004339,6.799999952316285,8.325000166893005,0.096045197740113,0.8358443188951663,73.97991211550533
1323,10004443,11.6499996185303,7.049999952316285,0.3738229755178908,0.40458254865034526,3.0759573132454476
1324,10004444,11.6499996185303,7.049999952316285,0.3738229755178908,0.40458254865034526,3.0759573132454476
1325,10004446,10.449999809265151,6.450000047683715,0.2655367231638418,0.22347771500313873,-4.205900816070307
1326,10004447,10.47499990463255,6.450000047683715,0.2674199623352166,0.22347771500313873,-4.3942247332077855
1327,10004449,9.475000143051144,5.77500009536743,0.21029504080351538,0.08725674827369742,-12.303829252981796
1328,10004451,10.875,6.575000047683715,0.2953546767106089,0.2542372881355932,-4.111738857501567
1329,10004453,16.69999980926515,6.84999990463257,0.9403640929064658,0.33207784055241685,-60.8286252354049
1330,10004475,18.80000019073485,8.85000038146973,0.9846202134337727,0.9108600125549278,-7.376020087884494
1331,10004487,14.975000143051151,7.02500009536743,0.7849968612680477,0.39861895794099184,-38.637790332705585
1332,10004496,16.1000003814697,7.15000009536743,0.8932831136220967,0.4387947269303202,-45.44883866917765
1333,10004497,15.27500009536745,6.54999995231628,0.8198367859384809,0.24231010671688638,-57.75266792215945
1334,10004500,16.15000009536745,7.5,0.8986189579409919,0.5690521029504081,-32.95668549905838
1335,10004505,16.80000019073485,6.94999980926514,0.9456999372253609,0.36472065285624605,-58.09792843691148
1336,10004512,15.5750000476837,7.349999904632565,0.8515379786566227,0.5125549278091651,-33.89830508474576
1337,10004514,14.9000000953674,6.9499999284744245,0.7715003138731952,0.36785938480853736,-40.36409290646578
1338,10004515,14.9000000953674,6.9499999284744245,0.7715003138731952,0.36785938480853736,-40.36409290646578
1339,10004527,16.94999980926515,8.09999990463257,0.9526051475204017,0.7846829880728186,-16.792215944758315
1340,10004534,17.02500009536745,7.32499992847443,0.9554300062774639,0.5112994350282486,-44.41305712492153
1341,10004536,16.75,7.75,0.9428750784682988,0.6641556811048337,-27.87193973634651
1342,10004551,16.22499990463255,7.400000095367435,0.9045825486503453,0.5414312617702448,-36.31512868801005
1343,10004555,13.1000003814697,8.40000009536743,0.5178907721280602,0.849654739485248,33.17639673571877
1344,10004556,13.12500023841855,8.25,0.5204017576898933,0.8232893910860013,30.288763339610803
1345,10004557,13.6500000953674,7.399999856948855,0.5963590709353421,0.5301318267419962,-6.622724419334592
1346,10004558,13.6500000953674,7.399999856948855,0.5963590709353421,0.5301318267419962,-6.622724419334592
1347,10004567,14.5,7.649999856948855,0.7178279974890145,0.6208411801632141,-9.698681732580038
1348,10004569,14.300000190734849,8.299999713897705,0.6927181418706843,0.8295668549905838,13.684871311989955
1349,10004572,13.47499990463255,7.725000023841854,0.5668549905838042,0.6506591337099812,8.3804143126177
1350,10004573,13.1500000953674,7.90000009536743,0.5229127432517263,0.7247332077840553,20.182046453232893
1351,10004574,13.2999999523163,7.8750001192092896,0.5401757689893283,0.7168863779033271,17.671060891399883
1352,10004575,14.0500001907349,7.612500011920931,0.6497175141242938,0.6145637162586315,-3.5153797865662306
1353,10004576,13.9500002861023,7.450000047683715,0.6261770244821092,0.5539861895794099,-7.219083490269929
1354,10004579,13.34999990463255,7.450000047683715,0.5470809792843692,0.5539861895794099,0.6905210295040765
1355,10004580,13.3249998092651,7.3750001192092896,0.5433145009416196,0.5269930947897049,-1.6321406151914686
1356,10004585,13.100000143051151,6.549999952316285,0.5166352793471437,0.24733207784055242,-26.930320150659128
1357,10004586,13.449999809265151,7.25,0.564030131826742,0.4748901443816698,-8.913998744507218
1358,10004589,12.949999809265151,6.5,0.5050219711236661,0.23383553044569994,-27.118644067796616
1359,10004592,11.8499999046326,7.90000009536743,0.3926553672316384,0.7247332077840553,33.20778405524168
1360,10004593,11.8499999046326,7.63333336512248,0.3926553672316384,0.6189579409918393,22.63025737602009
1361,10004594,11.7999999523163,7.3000000715255755,0.3860640301318267,0.5018832391713748,11.581920903954806
1362,10004595,11.774999856948849,7.25,0.38355304456999373,0.4748901443816698,9.133709981167609
1363,10004598,12.46666669845585,9.14999993642171,0.46641556811048335,0.9347143753923415,46.82988072818581
1364,10004606,12.3499999046326,8.52500009536743,0.45134965473948524,0.8769617074701821,42.56120527306969
1365,10004611,12.5,9.59999990463257,0.46955430006277465,0.9548022598870056,48.5247959824231
1366,10004612,12.449999809265151,7.40000009536743,0.4620213433772756,0.5360954174513497,7.407407407407413
1367,10004622,12.09999990463255,8.449999809265135,0.4234149403640929,0.8556183301946014,43.22033898305085
1368,10004627,11.75,7.5,0.3822975517890772,0.5690521029504081,18.675455116133087
1369,10004639,11.87499976158145,6.77499997615814,0.3979912115505336,0.3116760828625235,-8.631512868801005
1370,10004645,10.449999809265119,7.899999976158146,0.263653483992467,0.7203389830508474,45.66854990583804
1371,10004646,10.466666539510095,8.04999995231628,0.2667922159447583,0.7721280602636534,50.53358443188951
1372,10004647,11.2999997138977,7.5,0.32077840552416825,0.5690521029504081,24.827369742623983
1373,10004649,11.7999997138977,7.799999952316285,0.3851224105461394,0.6861268047708726,30.100439422473325
1374,10004650,11.8249998092651,7.52499997615814,0.3879472693032015,0.5775266792215945,18.9579409918393
1375,10004659,7.15000009536743,6.85000002384186,0.11801632140615191,0.3370998116760829,21.908349026993097
1376,10004660,7.15000009536743,6.90000009536743,0.11801632140615191,0.3531073446327684,23.509102322661647
1377,10004694,13.3999996185303,8.150000095367435,0.5577526679221595,0.8016321406151915,24.3879472693032
1378,10004714,15.200000286102298,8.350000143051144,0.8135593220338984,0.8421217827997489,2.856246076585056
1379,10004724,16.7500004768372,9.25,0.943502824858757,0.9391086001255493,-0.4394224733207719
1380,10004732,13.84999990463255,6.89999997615814,0.6139359698681732,0.3483992467043315,-26.553672316384176
1381,10004734,13.675000190734849,7.125,0.6004394224733208,0.4300062774639046,-17.043314500941626
1382,10004812,8.94999980926514,6.5,0.1933458882611425,0.23383553044569994,4.048964218455745
1383,10004852,6.63333336512248,6.11666671435038,0.0834902699309479,0.14124293785310735,5.7752667922159455
1384,10004895,14.0,7.90000009536743,0.6374764595103578,0.7247332077840553,8.725674827369744
1385,10004913,15.0,8.274999856948856,0.7890772128060264,0.8273697426239799,3.8292529817953502
1386,10004916,17.44999980926515,9.949999809265151,0.9689265536723164,0.9629629629629629,-0.5963590709353483
1387,10004920,14.69999996821085,8.150000095367435,0.743879472693032,0.8016321406151915,5.77526679221595
1388,10004921,16.2500002384186,8.700000047683716,0.9083490269930948,0.8976773383553045,-1.0671688637790333
1389,10004922,16.200000286102302,8.650000095367435,0.903954802259887,0.8939108600125549,-1.0043942247332072
1390,10004923,16.600000381469748,8.89999961853027,0.9331450094161958,0.9136848713119899,-1.9460138104205882
1391,10004952,14.950000286102302,9.049999713897705,0.7802887633396108,0.9271814187068425,14.689265536723163
1392,10005035,8.366666793823246,4.883333365122475,0.17827997489014438,0.020087884494664157,-15.81920903954802
1393,10005113,12.75,7.90000009536743,0.4905838041431262,0.7247332077840553,23.414940364092907
1394,10005114,12.77500009536745,7.875,0.49278091650973005,0.7153170119271814,22.25360954174514
1395,10005130,11.5499997138977,7.25,0.357187696170747,0.4748901443816698,11.77024482109228
1396,10005191,15.9999995231628,7.0,0.8851224105461394,0.38857501569365976,-49.65473948524796
1397,10005199,14.40000009536745,7.049999952316285,0.7096672944130571,0.40458254865034526,-30.508474576271183
1398,10005201,17.8000001907349,7.549999952316285,0.9736346516007532,0.5881983678593848,-38.54362837413684
1399,10005212,15.5499997138977,8.000000238418579,0.8493408662900188,0.7645951035781544,-8.47457627118644
1400,10005222,12.5,7.55000019073486,0.46955430006277465,0.5963590709353421,12.680477087256747
1401,10005248,5.65000009536743,9.750000238418565,0.040175768989328314,0.9591964846202135,91.90207156308851
1402,10005251,4.59999990463257,7.85000002384184,0.01694915254237288,0.7055869428750785,68.86377903327056
1403,10005252,8.40000009536745,6.950000047683715,0.17890772128060264,0.37445072190834905,19.55430006277464
1404,10005253,8.100000143051165,7.799999713897705,0.1682360326428123,0.6792215944758317,51.098556183301945
1405,10005256,7.474999785423275,11.97500002384186,0.13433772755806653,0.9899560577526679,85.56183301946014
1406,10005258,6.5,8.999999999999979,0.07595731324544884,0.9234149403640929,84.7457627118644
1407,10005261,7.050000190734865,12.00000047683718,0.113308223477715,0.9905838041431262,87.72755806654112
1408,10005263,7.00000023841858,10.525000095367414,0.11236660389202763,0.9780288763339611,86.56622724419334
1409,10005264,6.80000019073486,10.500000000000021,0.09792843691148775,0.9774011299435028,87.94726930320151
1410,10005267,6.924999952316285,7.549999952316285,0.1064030131826742,0.5881983678593848,48.179535467671066
1411,10005272,8.049999952316284,6.974999904632565,0.16290018832391714,0.3797865662272442,21.688637790332706
1412,10005273,7.600000143051145,6.950000047683715,0.13873195229127433,0.37445072190834905,23.57187696170747
1413,10005275,7.59999990463257,7.59999990463257,0.13779033270558694,0.6073446327683616,46.95543000627747
1414,10005282,6.924999952316285,6.549999952316285,0.1064030131826742,0.24733207784055242,14.092906465787822
1415,10005283,7.299999952316285,9.15000009536743,0.12554927809165098,0.9356559949780289,81.01067168863779
1416,10005290,6.92500019073486,8.42500007152557,0.10797237915881984,0.8531073446327684,74.51349654739485
1417,10005299,8.199999809265135,7.924999952316285,0.17074701820464533,0.7303829252981795,55.96359070935342
1418,10005303,10.349999904632554,8.34999978542328,0.25486503452605147,0.8386691776522285,58.3804143126177
1419,10005305,8.649999976158146,8.5,0.18267419962335216,0.8703703703703703,68.76961707470181
1420,10005319,5.700000047683715,8.13333320617676,0.04174513496547395,0.7903327055869429,74.85875706214689
1421,10005324,7.549999952316285,10.650000095367421,0.1362209667294413,0.9799121155053359,84.36911487758945
1422,10005328,12.40000009536745,8.40000009536743,0.4566854990583804,0.849654739485248,39.296924042686754
1423,10005362,10.5,7.949999809265135,0.27055869428750784,0.7341494036409291,46.359070935342125
1424,10005378,11.84999990463255,6.549999952316285,0.3907721280602637,0.24733207784055242,-14.344005021971126
1425,10005380,13.1749999523163,7.59999990463257,0.5263653483992468,0.6073446327683616,8.097928436911484
1426,10005554,13.89999997615815,7.26249998807907,0.6183301946013811,0.4861895794099184,-13.214061519146265
1427,10005599,14.799999713897698,8.650000095367435,0.7548650345260515,0.8939108600125549,13.904582548650346
1428,10005600,14.799999713897698,8.650000095367435,0.7548650345260515,0.8939108600125549,13.904582548650346
1429,10005639,11.59999990463255,7.35000014305115,0.36691776522284997,0.524482109227872,15.7564344005022
1430,10005694,15.675000190734899,7.299999952316285,0.8587570621468926,0.49591964846202136,-36.28374136848713
1431,10005784,8.200000286102295,6.5,0.17200251098556182,0.23383553044569994,6.1833019460138114
1432,10005831,14.375,7.85000002384186,0.7046453232893911,0.7077840552416823,0.3138731952291196
1433,10005834,13.5499997138977,6.600000143051145,0.5781544256120528,0.2699309478970496,-30.82234777150032
1434,10005856,12.6500000953674,7.350000143051145,0.482736974262398,0.5204017576898933,3.7664783427495294
1435,10005949,14.4000000953674,8.09999990463257,0.7084118016321406,0.7846829880728186,7.6271186440677985
1436,10005978,14.3999996185303,7.399999856948855,0.7065285624607659,0.5301318267419962,-17.63967357187697
1437,10005985,15.0999999046326,7.09999990463257,0.8035153797865662,0.4221594475831764,-38.135593220338976
1438,10006146,13.91250002384185,6.8500000834465045,0.6227244193345888,0.33835530445699935,-28.43691148775894
1439,10006147,13.700000047683751,6.25,0.6026365348399246,0.17451349654739484,-42.812303829252976
1440,10006148,14.875,7.25,0.7677338355304457,0.4748901443816698,-29.284369114877588
1441,10006149,11.65000009536745,7.29999995231628,0.3763339610797238,0.48932831136220967,11.299435028248588
1442,10006152,14.0,6.1750000715255755,0.6374764595103578,0.15160075329566855,-48.58757062146892
1443,10006153,17.32499933242795,7.72500002384186,0.965473948524796,0.6519146264908977,-31.355932203389823
1444,10006154,16.82499980926515,7.625,0.9466415568110483,0.6167608286252354,-32.988072818581294
1445,10006167,13.175000190734849,6.700000047683715,0.527306967984934,0.29315756434400503,-23.4149403640929
1446,10006168,12.0,9.7000000476837,0.4124293785310734,0.9579409918392969,54.55116133082235
1447,10006170,10.800000190734849,6.15000009536743,0.29127432517263024,0.14814814814814814,-14.312617702448211
1448,10006171,15.5,7.25,0.8468298807281858,0.4748901443816698,-37.19397363465159
1449,10006172,12.9499998092651,6.90000009536743,0.5040803515379787,0.3531073446327684,-15.097300690521031
1450,10006173,15.699999809265151,7.450000047683715,0.85969868173258,0.5539861895794099,-30.57124921531701
1451,10006174,15.8749998807907,7.4250000715255755,0.8750784682988073,0.5445699937225361,-33.05084745762712
1452,10006175,8.0,4.875,0.15819209039548024,0.0194601381042059,-13.873195229127433
1453,10006176,8.050000071525576,4.89999997615814,0.1638418079096045,0.021343377275580666,-14.249843063402384
1454,10006177,14.2000002861023,6.375,0.6779661016949152,0.20433145009416195,-47.36346516007532
1455,10006178,14.2000002861023,6.5,0.6779661016949152,0.23383553044569994,-44.41305712492153
1456,10006179,18.19999980926515,11.3999996185303,0.9799121155053359,0.9855618330194601,0.5649717514124242
1457,10006180,18.125,11.3499999046326,0.9783427495291902,0.9849340866290018,0.6591337099811634
1458,10006184,4.40000009536743,6.09999990463257,0.011927181418706842,0.1374764595103578,12.554927809165095
1459,10006185,15.37499976158145,7.8749998807907104,0.8279974890144381,0.7140615191462649,-11.393596986817322
1460,10006186,16.55000019073485,9.59999990463255,0.9290646578782172,0.9538606403013182,2.4795982423100993
1461,10006189,6.149999856948855,5.425000011920925,0.059008160703075956,0.054613935969868174,-0.4394224733207781
1462,10006191,15.700000286102302,7.799999952316285,0.8612680477087257,0.6861268047708726,-17.514124293785304
1463,10006193,6.43333331743876,5.516666650772095,0.07281858129315756,0.06465787821720025,-0.8160703075957315
1464,10006194,18.1500005722046,12.3000001907349,0.9792843691148776,0.9930947897049592,1.381042059008164
1465,10006195,15.0,7.049999952316285,0.7890772128060264,0.40458254865034526,-38.44946641556811
1466,10006196,11.4500002861023,7.30000019073486,0.34243565599497805,0.5056497175141242,16.32140615191462
1467,10006197,11.3999996185303,7.200000047683715,0.3295668549905838,0.4541745134965474,12.460765850596362
1468,10006198,15.899999856948849,7.725000143051145,0.8807281858129316,0.6550533584431889,-22.567482736974263
1469,10006199,14.65000009536745,7.350000143051145,0.7372881355932204,0.5204017576898933,-21.68863779033271
1470,10006200,14.65000009536745,7.25,0.7372881355932204,0.4748901443816698,-26.239799121155055
1471,10006201,14.625,7.40000009536743,0.7322661644695543,0.5360954174513497,-19.617074701820457
1472,10006204,13.6625000238419,8.75,0.5994978028876334,0.9020715630885122,30.25737602008788
1473,10006205,13.0,8.174999952316284,0.5109855618330195,0.8044569993722536,29.34714375392341
1474,10006206,13.7000002861023,7.049999952316285,0.6042059008160703,0.40458254865034526,-19.9623352165725
1475,10006207,13.7000002861023,7.049999952316285,0.6042059008160703,0.40458254865034526,-19.9623352165725
1476,10006208,13.2999997138977,7.30000019073486,0.5373509102322661,0.5056497175141242,-3.170119271814187
1477,10006209,14.6500000953674,7.75000023841858,0.7347771500313873,0.6707470182046453,-6.4030131826742
1478,10006210,14.8499999046326,8.25,0.7658505963590709,0.8232893910860013,5.7438794726930364
1479,10006211,7.67500007152557,5.52499997615814,0.14124293785310735,0.06528562460765851,-7.595731324544884
1480,10006217,15.575000166892998,8.16250002384186,0.8524795982423101,0.802887633396108,-4.959196484620209
1481,10006218,14.0,6.700000047683715,0.6374764595103578,0.29315756434400503,-34.43188951663528
1482,10006219,8.250000238418579,8.449999809265135,0.1738857501569366,0.8556183301946014,68.17325800376648
1483,10006238,10.749999999999986,6.549999952316285,0.2884494664155681,0.24733207784055242,-4.111738857501571
1484,10006239,19.1499996185303,9.05000019073486,0.9887005649717514,0.9287507846829881,-5.99497802887633
1485,10006241,17.149999618530252,7.700000047683715,0.9595103578154426,0.6431261770244822,-31.63841807909604
1486,10006290,13.5999999046326,7.89999985694885,0.5900816070307596,0.7175141242937854,12.743251726302574
1487,10006298,13.300000190734849,7.94999980926514,0.5417451349654739,0.7360326428123039,19.42875078468299
1488,10006299,7.950000047683715,5.44999980926514,0.15379786566227244,0.05681104833647207,-9.698681732580036
1489,10006300,11.325000047683751,7.200000047683715,0.325172630257376,0.4541745134965474,12.900188323917138
1490,10006306,13.6499996185303,11.8999996185303,0.5938480853735091,0.9887005649717514,39.485247959824235
1491,10006307,13.725000143051151,11.5750000476837,0.6060891399874451,0.9880728185812931,38.19836785938481
1492,10006309,16.650000333786,9.449999809265135,0.935969868173258,0.9491525423728814,1.3182674199623379
1493,10006311,13.0,8.150000095367435,0.5109855618330195,0.8016321406151915,29.064657878217204
1494,10006312,10.599999904632579,7.299999952316285,0.2780916509730069,0.49591964846202136,21.782799748901443
1495,10006320,13.5,9.34999990463257,0.571563088512241,0.9425612052730696,37.09981167608286
1496,10006322,16.2249999046326,7.77499997615814,0.9055241682360327,0.6732580037664784,-23.22661644695543
1497,10006323,14.3499999046326,7.40000009536743,0.7018204645323289,0.5360954174513497,-16.572504708097924
1498,10006324,12.3499999046326,8.900000095367435,0.45134965473948524,0.9165097300690521,46.516007532956685
1499,10006326,13.5499997138977,7.950000047683715,0.5781544256120528,0.7416823603264281,16.352793471437533
1500,10006327,13.2999997138977,6.850000143051145,0.5373509102322661,0.34055241682360327,-19.679849340866284
1501,10006328,10.449999809265119,8.174999952316284,0.263653483992467,0.8044569993722536,54.08035153797866
1502,10006329,12.1999998092651,6.84999990463257,0.4331450094161959,0.33207784055241685,-10.106716886377903
1503,10006330,12.049999952316249,6.75,0.416195856873823,0.3050847457627119,-11.11111111111111
1504,10006331,14.25,7.25,0.6861268047708726,0.4748901443816698,-21.12366603892028
1505,10006332,10.34999990463257,5.5,0.25580665411173886,0.06246076585059636,-19.334588826114253
1506,10006339,17.75,8.15000009536743,0.972693032015066,0.7984934086629002,-17.419962335216578
1507,10006347,10.225000143051135,8.17500019073486,0.24921531701192717,0.805398618957941,55.618330194601384
1508,10006348,14.725000143051151,6.700000047683715,0.7495291902071564,0.29315756434400503,-45.637162586315135
1509,10006349,15.15000009536745,8.199999809265135,0.8116760828625236,0.8063402385436284,-0.5335844318895222
1510,10006350,13.4000000953674,6.649999856948855,0.5596359070935342,0.2787193973634652,-28.0916509730069
1511,10006351,16.875,10.174999952316284,0.9485247959824231,0.9692404268675455,2.0715630885122405
1512,10006352,16.899999618530252,10.349999904632579,0.9491525423728814,0.9736346516007532,2.448210922787186
1513,10006353,14.34999990463255,7.40000009536743,0.6989956057752668,0.5360954174513497,-16.290018832391706
1514,10006363,14.0625,7.862500131130215,0.6509730069052103,0.7131198995605775,6.214689265536721
1515,10006364,15.8499994277954,8.500000238418579,0.8703703703703703,0.8747645951035782,0.439422473320783
1516,10006365,15.049999952316298,8.174999833106995,0.7953546767106089,0.8035153797865662,0.8160703075957287
1517,10006374,15.550000190734849,8.849999904632565,0.8499686126804771,0.9083490269930948,5.838041431261775
1518,10006375,16.0000004768372,9.049999713897705,0.8895166352793471,0.9271814187068425,3.766478342749535
1519,10006376,12.5499997138977,6.90000009536743,0.4755178907721281,0.3531073446327684,-12.24105461393597
1520,10006377,15.3999996185303,8.449999809265135,0.8301946013810421,0.8556183301946014,2.5423728813559365
1521,10006378,17.100000381469748,9.499999999999979,0.9585687382297552,0.9510357815442562,-0.7532956685499026
1522,10006379,15.450000286102302,7.799999713897705,0.8411801632140615,0.6792215944758317,-16.19585687382298
1523,10006380,17.91666666666665,10.18333355585736,0.9748901443816698,0.9698681732580038,-0.502197112366598
1524,10006381,14.5,8.0,0.7178279974890145,0.7580037664783428,4.017576898932829
1525,10006383,17.55000019073485,10.050000190734849,0.9701820464532329,0.9673571876961707,-0.28248587570621764
1526,10006387,14.9000000953674,8.200000286102295,0.7715003138731952,0.8160703075957313,4.456999372253612
1527,10006389,10.300000190734849,6.40000009536743,0.2529817953546767,0.21249215317011927,-4.048964218455742
1528,10006451,9.150000095367435,6.44999980926514,0.19836785938480853,0.21876961707470183,2.04017576898933
1529,10006453,16.0,7.09999990463257,0.8870056497175142,0.4221594475831764,-46.48462021343377
1530,10006505,7.15000009536743,6.90000009536743,0.11801632140615191,0.3531073446327684,23.509102322661647
1531,10006507,14.09999990463255,7.950000047683715,0.6556811048336472,0.7416823603264281,8.600125549278093
1532,10006508,14.5499997138977,8.450000047683716,0.7219083490269931,0.8600125549278091,13.810420590081607
1533,10006512,13.25,7.850000143051145,0.5317011927181419,0.7099811676082862,17.827997489014436
1534,10006513,6.274999976158146,4.54999995231628,0.06622724419334589,0.009416195856873822,-5.681104833647206
1535,10006524,17.0500001907349,8.300000190734865,0.9569993722536095,0.8333333333333334,-12.366603892027616
1536,10006526,13.5999999046326,8.250000238418579,0.5900816070307596,0.8258003766478342,23.57187696170746
1537,10006528,17.0500001907349,8.049999952316284,0.9569993722536095,0.7749529190207156,-18.20464532328939
1538,10006529,13.0,8.549999713897705,0.5109855618330195,0.8785310734463276,36.75455116133082
1539,10006530,10.150000095367421,8.799999952316284,0.2448210922787194,0.9045825486503453,65.97614563716259
1540,10006531,13.3499999046326,7.6750000715255755,0.549278091650973,0.6315128688010044,8.223477715003147
1541,10006532,6.799999952316285,7.200000047683715,0.096045197740113,0.4541745134965474,35.81293157564344
1542,10006536,10.624999999999979,6.77499997615814,0.27997489014438165,0.3116760828625235,3.170119271814187
1543,10006537,9.950000286102316,6.5,0.22944130571249216,0.23383553044569994,0.43942247332077744
1544,10006538,13.59999990463255,7.775000214576719,0.5872567482736974,0.6767106089139987,8.945386064030124
1545,10006542,13.550000190734849,8.0,0.5828625235404896,0.7580037664783428,17.514124293785315
1546,10006544,6.700000047683715,8.099999904632565,0.08819836785938481,0.783427495291902,69.52291274325172
1547,10006546,16.0,8.89999961853027,0.8870056497175142,0.9136848713119899,2.6679221594475777
1548,10006547,15.0,7.700000286102295,0.7890772128060264,0.6481481481481481,-14.092906465787824
1549,10006549,9.90000009536743,6.09999990463257,0.22755806654111738,0.1374764595103578,-9.008160703075957
1550,10006565,12.6500000953674,7.350000143051145,0.482736974262398,0.5204017576898933,3.7664783427495294
1551,10006570,6.200000047683714,6.5,0.062146892655367235,0.23383553044569994,17.16886377903327
1552,10006571,5.600000143051145,7.299999952316285,0.03766478342749529,0.49591964846202136,45.82548650345261
1553,10006572,4.450000047683715,6.600000143051145,0.014752040175768989,0.2699309478970496,25.51789077212806
1554,10006573,4.399999856948855,5.450000047683715,0.010671688637790333,0.05806654111738858,4.739485247959824
1555,10006575,7.6249998807907104,6.1750000715255755,0.1393596986817326,0.15160075329566855,1.224105461393596
1556,10006576,5.575000166893005,7.299999952316285,0.0354676710608914,0.49591964846202136,46.045197740113
1557,10006580,5.40000009536743,6.5,0.03044569993722536,0.23383553044569994,20.33898305084746
1558,10006581,8.09999990463257,9.0,0.1669805398618958,0.9249843063402385,75.80037664783428
1559,10006582,14.975000143051151,6.9499999284744245,0.7849968612680477,0.36785938480853736,-41.71374764595103
1560,10006587,7.399999856948855,7.15000009536743,0.12868801004394226,0.4387947269303202,31.010671688637792
1561,10006588,6.549999952316285,6.0,0.07878217200251099,0.11801632140615191,3.923414940364092
1562,10006593,10.200000047683716,6.900000095367435,0.24733207784055242,0.3578154425612053,11.048336472065287
1563,10006595,8.59999990463257,6.549999952316285,0.18141870684243566,0.24733207784055242,6.591337099811676
1564,10006596,10.09999990463257,6.549999952316285,0.24074074074074073,0.24733207784055242,0.6591337099811689
1565,10006597,10.09999990463257,6.549999952316285,0.24074074074074073,0.24733207784055242,0.6591337099811689
1566,10006598,14.0,7.30000019073486,0.6374764595103578,0.5056497175141242,-13.182674199623357
1567,10006599,12.27500009536745,5.75,0.44099183929692404,0.0847457627118644,-35.624607658505965
1568,10006612,3.8999999761581403,6.049999952316285,0.005021971123666039,0.12397991211550534,11.89579409918393
1569,10006613,8.75,11.349999904632579,0.18455743879472694,0.9843063402385436,79.97489014438166
1570,10006614,6.75,6.700000047683715,0.09227871939736347,0.29315756434400503,20.087884494664156
1571,10006623,17.30000019073485,9.650000095367414,0.9642184557438794,0.9554300062774639,-0.8788449466415549
1572,10006624,14.34999990463255,7.65000009536743,0.6989956057752668,0.6249215317011927,-7.4074074074074066
1573,10006633,12.8999996185303,10.250000000000021,0.5009416195856874,0.9717514124293786,47.08097928436912
1574,10006636,13.050000190734849,9.349999904632565,0.5144381669805399,0.9409918392969241,42.65536723163842
1575,10006637,14.050000190734849,9.650000095367421,0.6484620213433773,0.9560577526679221,30.759573132454488
1576,10006639,7.450000047683715,5.399999856948855,0.1327683615819209,0.04959196484620213,-8.317639673571877
1577,10006640,7.950000047683715,6.049999952316285,0.15379786566227244,0.12397991211550534,-2.9817953546767098
1578,10006648,15.949999809265151,6.799999952316285,0.8819836785938481,0.32015065913371,-56.183301946013806
1579,10006664,16.0249999761581,7.537499964237215,0.8907721280602636,0.5819209039548022,-30.88512241054614
1580,10006668,7.90000009536743,5.30000019073486,0.15003138731952292,0.04143126177024482,-10.86001255492781
1581,10006669,9.349999904632565,7.200000286102295,0.2033898305084746,0.46076585059635905,25.737602008788446
1582,10006672,14.300000190734849,6.649999856948855,0.6927181418706843,0.2787193973634652,-41.39987445072191
1583,10006673,16.5,7.299999952316285,0.9243565599497803,0.49591964846202136,-42.84369114877589
1584,10006674,13.3499999046326,7.0,0.549278091650973,0.38857501569365976,-16.07030759573132
1585,10006675,7.200000047683715,6.049999952316285,0.12146892655367232,0.12397991211550534,0.2510985561833018
1586,10006944,8.900000095367435,5.09999990463257,0.1902071563088512,0.025423728813559324,-16.47834274952919
1587,10006966,4.25,7.44999992847443,0.007532956685499058,0.549278091650973,54.17451349654739
1588,10006971,15.09999990463255,5.94999980926514,0.8025737602008789,0.10922787193973635,-69.33458882611426
1589,10006979,15.85000038146975,9.10000038146973,0.8741368487131199,0.931261770244821,5.712492153170112
1590,10006992,13.8874999284744,7.125000059604645,0.6164469554300063,0.4312617702448211,-18.51851851851852
1591,10007015,14.0,7.700000047683715,0.6374764595103578,0.6431261770244822,0.5649717514124353
1592,10007020,7.174999952316285,5.40000009536743,0.11989956057752668,0.05273069679849341,-6.716886377903328
