,FACILITYID,STATE,TYPE,pm25_2019_2022_mean,delta_from_naaqs,pm25_1998,pm25_2019,pm25_2022,statewide_1998_mean,statewide_2019_mean,statewide_2022_mean,perc_natl_1998,perc_natl_2019,perc_natl_2022,delta_natl_1998,delta_natl_2019,delta_natl_2022
0,10000004,WV,FEDERAL,7.450000047683712,-1.5499999523162877,16.8333326975505,7.40000009536743,7.23333342870076,15.616666666666672,6.849999999999999,6.616666666666666,0.10030560362296209,0.08182164606604668,0.0892927640061188,4.703740860815804,0.6780613198572256,0.3272109797211673
1,10000006,WV,FEDERAL,6.887499988079073,-2.112500011920927,15.4499998092651,6.85000014305115,6.69999980926514,15.616666666666672,6.849999999999999,6.616666666666666,-0.013740516551993065,2.128123390383971e-08,0.012066560246232939,3.320407972530404,0.12806136754094588,-0.20612263971445266
2,10000013,WV,STATE,6.866666714350383,-2.133333285649617,15.6333335240682,6.93333339691162,6.46666669845581,15.616666666666672,6.849999999999999,6.616666666666666,0.0013740658074785667,0.012397226409622621,-0.02171985355299046,3.5037416873335054,0.21139462140141596,-0.4394557505237833
3,10000014,WV,STATE,6.674999952316282,-2.3250000476837176,16.0500001907349,6.54999995231628,6.5,15.616666666666672,6.849999999999999,6.616666666666666,0.03572531787556674,-0.044629988118412844,-0.016893223010244224,3.9204083540002035,-0.1719388231939245,-0.40612244897959293
4,10000023,WV,FEDERAL,6.09999990463257,-2.90000009536743,14.8000001907349,6.09999990463257,5.69999980926514,15.616666666666672,6.849999999999999,6.616666666666666,-0.06732843832868986,-0.11157496674915826,-0.1327324941272895,2.6704083540002053,-0.6219388708776341,-1.2061226397144527
5,10000025,WV,STATE,7.649999976158143,-1.350000023841857,16.2999992370605,7.59999990463257,7.30000019073486,15.616666666666672,6.849999999999999,6.616666666666666,0.05633599049263494,0.11157493837418139,0.09894604810680105,4.170407400325805,0.8780611291223659,0.3938777417552668
6,10000028,WV,STATE,6.412499964237212,-2.5875000357627878,13.6500000953674,6.30000019073486,6.14999985694885,15.616666666666672,6.849999999999999,6.616666666666666,-0.1621379018989894,-0.08182160350358045,-0.06757291275464834,1.5204082586327043,-0.4219385847753445,-0.7561225920307431
7,10000043,WV,FEDERAL,6.9000000953674325,-2.0999999046325675,14.5,6.85000014305115,6.5,15.616666666666672,6.849999999999999,6.616666666666666,-0.09206135554246983,2.128123390383971e-08,-0.016893223010244224,2.3704081632653047,0.12806136754094588,-0.40612244897959293
8,10000044,WV,FEDERAL,6.975000023841858,-2.024999976158142,14.5,6.90000009536743,6.59999990463257,15.616666666666672,6.849999999999999,6.616666666666666,-0.09206135554246983,0.007438344358266791,-0.002413331382005643,2.3704081632653047,0.17806131985722562,-0.3061225443470228
9,10000053,WY,STATE,6.72499990463257,-2.27500009536743,9.0,5.30000019073486,6.69999980926514,6.758333333333333,4.408333333333333,5.175,0.18480973612630044,0.13265024975385137,0.22081853030139442,-3.1295918367346953,-1.4219385847753445,-0.20612263971445266
10,10000055,WY,STATE,5.131250083446499,-3.868749916553501,5.59999990463257,4.04999995231628,4.80000019073486,6.758333333333333,4.408333333333333,5.175,-0.09549648861165537,-0.05330803998432067,-0.05429961777184356,-6.529591932102125,-2.6719388231939245,-2.106122258244733
11,10000056,WY,STATE,5.875,-3.125,6.59999990463257,4.5,5.5,6.758333333333333,4.408333333333333,5.175,-0.013053483648249976,0.01363693864642633,0.047059692671394815,-5.529591932102125,-2.2219387755102042,-1.406122448979593
12,10000057,WY,STATE,5.07499998807907,-3.92500001192093,6.90000009536743,3.79999995231628,4.69999980926514,6.758333333333333,4.408333333333333,5.175,0.01167943356552663,-0.09049969083821055,-0.06877957844565045,-5.2295917413672655,-2.921938823193924,-2.2061226397144527
13,10000060,AR,STATE,6.124999880790712,-2.8750001192092878,12.1000003814697,6.09999990463257,6.0,15.358333333333334,7.550000000000001,7.533333333333334,-0.26862675972292094,-0.2157115891400504,-0.22202521670606784,-0.029591455264995403,-0.6219388708776341,-0.9061224489795929
14,10000062,AR,STATE,8.175000071525572,-0.824999928474428,14.8999996185303,8.30000019073486,8.0,15.358333333333334,7.550000000000001,7.533333333333334,-0.03778640872440258,0.11157498093664696,0.06757289204097702,2.7704077817956048,1.5780614152246555,1.093877551020407
15,10000065,AR,STATE,8.362499952316284,-0.6375000476837158,17.2000007629395,8.59999990463257,8.25,15.358333333333334,7.550000000000001,7.533333333333334,0.1518325970399631,0.15620491939884903,0.10377265563435763,5.070408926204804,1.878061129122366,1.343877551020407
16,10000066,AR,STATE,7.89999997615814,-1.1000000238418597,17.1000003814697,8.0,7.90000009536743,15.358333333333334,7.550000000000001,7.533333333333334,0.14358826509410616,0.0669449715370018,0.05309300041273844,4.970408544735006,1.2780612244897958,0.9938776463878369
17,10000069,AR,STATE,8.550000190734863,-0.4499998092651367,17.7000007629395,8.30000019073486,8.80000019073486,15.358333333333334,7.550000000000001,7.533333333333334,0.1930540995216658,0.11157498093664696,0.1834121631580223,5.570408926204804,1.5780614152246555,1.8938777417552668
18,10000070,AR,STATE,8.550000190734863,-0.4499998092651367,17.6000003814697,8.30000019073486,8.80000019073486,15.358333333333334,7.550000000000001,7.533333333333334,0.18480976757580886,0.11157498093664696,0.1834121631580223,5.470408544735006,1.5780614152246555,1.8938777417552668
19,10000075,AR,STATE,7.26250010728836,-1.7374998927116403,15.0500001907349,7.40000009536743,7.30000019073486,15.358333333333334,7.550000000000001,7.533333333333334,-0.02541991080562505,-0.022314976324845453,-0.033786418402261355,2.9204083540002053,0.6780613198572256,0.3938777417552668
20,10000076,AR,STATE,7.52500009536743,-1.4749999046325701,15.3999996185303,7.40000009536743,7.5,15.358333333333334,7.550000000000001,7.533333333333334,0.003435093757300116,-0.022314976324845453,-0.004826635145784193,3.2704077817956048,0.6780613198572256,0.5938775510204071
21,10000078,AR,STATE,7.800000071525573,-1.1999999284744272,15.6000003814697,7.90000009536743,7.80000019073486,15.358333333333334,7.550000000000001,7.533333333333334,0.01992375764899792,0.05206832538293443,0.03861310878449986,3.4704085447350046,1.1780613198572256,0.8938777417552668
22,10000079,AR,STATE,7.6250001192092896,-1.3749998807907104,15.6000003814697,7.5,7.59999990463257,15.358333333333334,7.550000000000001,7.533333333333334,0.01992375764899792,-0.007438330170778094,0.009653256482454388,3.4704085447350046,0.7780612244897958,0.6938774556529772
23,10000080,AR,STATE,7.687500059604645,-1.3124999403953552,15.6500000953674,7.54999995231628,7.70000004768372,15.358333333333334,7.550000000000001,7.533333333333334,0.02404588431003483,-7.093745207182146e-09,0.024133182633477898,3.5204082586327043,0.8280611768060755,0.7938775987041273
24,10000081,AR,STATE,7.825000047683715,-1.174999952316285,15.8000001907349,7.69999980926514,7.80000019073486,15.358333333333334,7.550000000000001,7.533333333333334,0.03641234291692899,0.022314962137356623,0.03861310878449986,3.6704083540002053,0.978061033754936,0.8938777417552668
25,10000082,AR,STATE,7.662500023841861,-1.3374999761581394,15.6999998092651,7.5,7.70000004768372,15.358333333333334,7.550000000000001,7.533333333333334,0.02816801097107174,-0.007438330170778094,0.024133182633477898,3.570407972530404,0.7780612244897958,0.7938775987041273
26,10000083,AR,STATE,8.124999999999996,-0.8750000000000036,16.5,7.80000019073486,8.0,15.358333333333334,7.550000000000001,7.533333333333334,0.09412243066655442,0.03719167922886707,0.06757289204097702,4.370408163265305,1.0780614152246555,1.093877551020407
27,10000084,AR,STATE,8.418750137090685,-0.5812498629093152,16.7249999046326,8.07500016689301,8.40000009536743,15.358333333333334,7.550000000000001,7.533333333333334,0.11267209892094562,0.07810249162127511,0.12549252759949966,4.595408067897905,1.3530613913828065,1.493877646387837
28,10000085,AR,STATE,8.100000143051151,-0.899999856948849,15.3000001907349,8.0,8.10000038146973,15.358333333333334,7.550000000000001,7.533333333333334,-0.004809159564773704,0.0669449715370018,0.08205285271478546,3.1704083540002053,1.2780612244897958,1.1938779324901372
29,10000087,AR,STATE,8.050000190734865,-0.9499998092651349,14.8999996185303,8.10000038146973,7.90000009536743,15.358333333333334,7.550000000000001,7.533333333333334,-0.03778640872440258,0.08182168862851383,0.05309300041273844,2.7704077817956048,1.3780616059595259,0.9938776463878369
30,10000088,AR,STATE,8.024999976158142,-0.9750000238418579,15.1000003814697,8.19999980926514,7.90000009536743,15.358333333333334,7.550000000000001,7.533333333333334,-0.021297744832704774,0.09669826384513651,0.05309300041273844,2.9704085447350046,1.478061033754936,0.9938776463878369
31,10000092,VT,STATE,5.22499990463257,-3.77500009536743,9.30000019073486,5.0,5.09999990463257,9.791666666666666,5.0,5.3083333333333345,-0.040534461715585945,0.0,-0.030166483470264332,-2.8295916459998356,-1.7219387755102042,-1.8061225443470228
32,10000094,VT,STATE,5.3500001430511475,-3.6499998569488525,9.55000019073486,4.80000019073486,5.30000019073486,9.791666666666666,5.0,5.3083333333333345,-0.0199237104747346,-0.02975329230813472,-0.0012066311682188584,-2.5795916459998356,-1.9219385847753445,-1.6061222582447332
33,10000095,VT,STATE,5.712500035762785,-3.287499964237215,10.5,5.25,5.75,9.791666666666666,5.0,5.3083333333333345,0.058397128515745536,0.037191650853889945,0.06395291568163891,-1.6295918367346953,-1.4719387755102042,-1.156122448979593
34,10000098,SC,STATE,6.13749998807907,-2.86250001192093,14.1999998092651,6.09999990463257,6.04999995231628,15.533333333333333,6.816666666666667,6.933333333333334,-0.1099240223426322,-0.10661607996863988,-0.12790583826783578,2.070407972530404,-0.6219388708776341,-0.8561224966633132
35,10000099,SC,FEDERAL,6.249999940395358,-2.750000059604642,14.25,6.20000004768372,6.19999980926514,15.533333333333333,6.816666666666667,6.933333333333334,-0.10580185636970357,-0.09173939834585018,-0.10618600082547715,2.1204081632653047,-0.521938727826484,-0.7061226397144527
36,10000100,ME,STATE,4.550000071525572,-4.449999928474428,7.90000009536743,4.30000019073486,4.19999980926514,8.283333333333333,4.666666666666667,4.591666666666666,-0.03160314404026123,-0.05454772621072806,-0.05671299058119017,-4.2295917413672655,-2.4219385847753445,-2.7061226397144527
37,10000101,KY,STATE,7.799999952316285,-1.200000047683715,16.6500005722046,7.69999980926514,7.30000019073486,16.133333333333333,7.533333333333332,7.424999999999998,0.042595599738692876,0.02479440552761621,-0.018099854178462698,4.520408735469905,0.978061033754936,0.3938777417552668
38,10000102,KY,STATE,8.037499964237215,-0.9625000357627851,16.75,7.95000004768372,7.59999990463257,16.133333333333333,7.533333333333332,7.424999999999998,0.050839853060766695,0.061986091850228485,0.025339820706253048,4.620408163265305,1.228061272173516,0.6938774556529772
39,10000103,KY,STATE,7.875000119209288,-1.1249998807907122,16.7000007629395,7.80000019073486,7.40000009536743,16.133333333333333,7.533333333333332,7.424999999999998,0.046717765711621353,0.039671122619126656,-0.0036199625502241154,4.570408926204804,1.0780614152246555,0.49387764638783693
40,10000106,KY,STATE,7.9250000715255755,-1.0749999284744245,17.3999996185303,7.69999980926514,7.5,16.133333333333333,7.533333333333332,7.424999999999998,0.10442777483747169,0.02479440552761621,0.010859929078014465,5.270407781795603,0.978061033754936,0.5938775510204071
41,10000107,KY,STATE,6.34999990463257,-2.65000009536743,14.4499998092651,6.19999980926514,6.09999990463257,16.133333333333333,7.533333333333332,7.424999999999998,-0.13877907407982407,-0.19835549959572343,-0.1918587608540306,2.320407972530404,-0.521938966245064,-0.8061225443470228
42,10000109,KY,FEDERAL,7.82499998807907,-1.1750000119209298,16.6999998092651,7.54999995231628,7.5,16.133333333333333,7.533333333333332,7.424999999999998,0.04671768708783822,0.002479436296514378,0.010859929078014465,4.570407972530406,0.8280611768060755,0.5938775510204071
43,10000110,KY,STATE,6.425000011920927,-2.574999988079073,14.3499999046326,6.35000014305115,6.15000009536743,16.133333333333333,7.533333333333332,7.424999999999998,-0.14702336671378124,-0.17604045942717853,-0.18461878051712716,2.220408067897905,-0.3719386324590541,-0.7561223536121631
44,10000112,KY,STATE,6.662499964237213,-2.337500035762787,14.9500002861023,6.64999985694885,6.5,16.133333333333333,7.533333333333332,7.424999999999998,-0.09755753228622965,-0.13141052096497804,-0.13393912529550797,2.820408449367605,-0.07193891856135437,-0.40612244897959293
45,10000115,KY,STATE,6.700000047683716,-2.299999952316284,14.1000003814697,6.59999990463257,6.40000009536743,16.133333333333333,7.533333333333332,7.424999999999998,-0.16763407864274923,-0.13884884404201092,-0.14841901692374654,1.9704085447350046,-0.12193887087763411,-0.5061223536121631
46,10000116,KY,STATE,7.362500131130219,-1.6374998688697806,15.3000001907349,7.04999995231628,6.95000004768372,16.133333333333333,7.533333333333332,7.424999999999998,-0.06870248841141277,-0.0719038654112655,-0.06877954392286527,3.1704083540002053,0.3280611768060755,0.04387759870412733
47,10000117,KY,STATE,7.574999928474425,-1.4250000715255746,16.7000007629395,7.40000009536743,7.30000019073486,16.133333333333333,7.533333333333332,7.424999999999998,0.046717765711621353,-0.01983553293458587,-0.018099854178462698,4.570408926204804,0.6780613198572256,0.3938777417552668
48,10000118,KY,FEDERAL,7.06875005364418,-1.9312499463558197,15.0,6.95000004768372,7.0,16.133333333333333,7.533333333333332,7.424999999999998,-0.09343540562519274,-0.08678051156533129,-0.061539598108746756,2.8704081632653047,0.22806127217351602,0.09387755102040707
49,10000119,KY,FEDERAL,7.050000071525572,-1.949999928474428,15.0,6.90000009536743,7.0,16.133333333333333,7.533333333333332,7.424999999999998,-0.09343540562519274,-0.09421883464236576,-0.061539598108746756,2.8704081632653047,0.17806131985722562,0.09387755102040707
50,10000120,KY,STATE,7.662500023841858,-1.337499976158142,15.75,7.34999990463257,7.5,16.133333333333333,7.533333333333332,7.424999999999998,-0.031603151902638696,-0.02727389148034109,0.010859929078014465,3.6204081632653047,0.6280611291223659,0.5938775510204071
51,10000121,KY,STATE,7.262499988079073,-1.7375000119209272,14.75,6.95000004768372,7.04999995231628,16.133333333333333,7.533333333333332,7.424999999999998,-0.11404615686604408,-0.08678051156533129,-0.054299652294628235,2.6204081632653047,0.22806127217351602,0.1438775033366868
52,10000122,KY,STATE,6.662499964237211,-2.3375000357627886,15.2000002861023,6.64999985694885,6.59999990463257,16.133333333333333,7.533333333333332,7.424999999999998,-0.0769467810453783,-0.13141052096497804,-0.11945923366726939,3.070408449367605,-0.07193891856135437,-0.3061225443470228
53,10000129,AL,STATE,7.524999976158142,-1.475000023841858,15.8000001907349,7.40000009536743,7.59999990463257,16.066666666666666,7.825,7.599999999999999,-0.021984785598816396,-0.06322579226412431,-1.3809113482328899e-08,3.6704083540002053,0.6780613198572256,0.6938774556529772
54,10000132,AL,STATE,7.574999928474428,-1.425000071525572,16.2000007629395,7.59999990463257,7.59999990463257,16.066666666666666,7.825,7.599999999999999,0.010992463560812333,-0.03347249995598959,-1.3809113482328899e-08,4.070408926204804,0.8780611291223659,0.6938774556529772
55,10000136,AL,FEDERAL,7.218749940395355,-1.7812500596046448,15.3499999046326,7.67499995231628,7.12499988079071,16.066666666666666,7.825,7.599999999999999,-0.05908416141948218,-0.022314997606079093,-0.06877956808881551,3.220408067897905,0.9530611768060755,0.21887743181111663
56,10000140,AL,STATE,8.100000023841858,-0.8999999761581421,17.0,8.69999980926514,7.90000009536743,16.066666666666666,7.825,7.599999999999999,0.07694680463251172,0.13017074961363753,0.043439730121170576,4.870408163265305,1.978061033754936,0.9938776463878369
57,10000141,AL,FEDERAL,8.43749988079071,-0.5625001192092896,18.5999994277954,8.89999961853027,8.34999990463257,16.066666666666666,7.825,7.599999999999999,0.20885556539969363,0.15992404192177068,0.10859927697102835,6.470407591060704,2.1780608430200656,1.4438774556529772
58,10000142,AL,STATE,7.350000023841857,-1.649999976158143,15.0,7.59999990463257,7.30000019073486,16.066666666666666,7.825,7.599999999999999,-0.08793920529429906,-0.03347249995598959,-0.04343968869382923,2.8704081632653047,0.8780611291223659,0.3938777417552668
59,10000143,AL,STATE,7.100000023841858,-1.899999976158142,15.6500000953674,7.5,6.90000009536743,16.066666666666666,7.825,7.599999999999999,-0.034351244205710556,-0.04834914611005695,-0.10135932425235186,3.5204082586327043,0.7780612244897958,-0.006122353612163067
60,10000144,AL,STATE,7.100000023841858,-1.899999976158142,15.25,7.5,6.84999990463257,16.066666666666666,7.825,7.599999999999999,-0.06732845405344771,-0.04834914611005695,-0.1085993045892553,3.1204081632653047,0.7780612244897958,-0.056122544347022796
61,10000146,AL,STATE,7.037499964237212,-1.9625000357627878,12.5,7.04999995231628,6.75,16.066666666666666,7.825,7.599999999999999,-0.29404671770281254,-0.11529412474080394,-0.12307919621749389,0.3704081632653047,0.3280611768060755,-0.15612244897959293
62,10000149,AL,STATE,7.237500071525575,-1.7624999284744254,13.5,7.30000019073486,6.95000004768372,16.066666666666666,7.825,7.599999999999999,-0.21160371273940715,-0.07810243841819167,-0.0941193784382318,1.3704081632653047,0.5780614152246555,0.04387759870412733
63,10000150,AL,STATE,8.625000238418579,-0.3749997615814209,14.1000003814697,8.60000038146973,8.5,16.066666666666666,7.825,7.599999999999999,-0.16213787831185555,0.11529417439701485,0.13031914893617036,1.9704085447350046,1.8780616059595259,1.593877551020407
64,10000151,TX,STATE,4.3375000059604645,-4.6624999940395355,4.90000009536743,3.35000002384186,4.30000019073486,12.799999999999999,7.783333333333332,8.008333333333335,-0.651299731348525,-0.6595319382621089,-0.536963132350252,-7.2295917413672655,-3.371938751668344,-2.606122258244733
65,10000152,TX,STATE,6.175000011920925,-2.8249999880790746,7.40000009536743,5.30000019073486,6.54999995231628,12.799999999999999,7.783333333333332,8.008333333333335,-0.44519221894001154,-0.3694370367736627,-0.21116529453261135,-4.7295917413672655,-1.4219385847753445,-0.3561224966633132
66,10000154,TX,STATE,6.349999944368999,-2.6500000556310006,8.26666673024496,5.56666660308838,6.59999990463257,12.799999999999999,7.783333333333332,8.008333333333335,-0.3737416172591854,-0.32976598036281646,-0.20392534871849127,-3.862925106489735,-1.1552721724218245,-0.3061225443470228
67,10000155,TX,STATE,5.300000071525572,-3.699999928474428,5.19999980926514,4.80000019073486,5.30000019073486,12.799999999999999,7.783333333333332,8.008333333333335,-0.6265668534466359,-0.4438203384814426,-0.3921640779767295,-6.929592027469555,-1.9219385847753445,-1.6061222582447332
68,10000156,TX,STATE,5.662499964237212,-3.3375000357627878,5.14999985694885,5.25,5.54999995231628,12.799999999999999,7.783333333333332,8.008333333333335,-0.6306889997636178,-0.37687539531941794,-0.35596434890613377,-6.9795919797858454,-1.4719387755102042,-1.3561224966633132
69,10000157,TX,STATE,6.049999952316286,-2.950000047683714,9.0,5.59999990463257,5.90000009536743,12.799999999999999,7.783333333333332,8.008333333333335,-0.3132834188609404,-0.32480709831146065,-0.30528465916172964,-3.1295918367346953,-1.121938870877634,-1.006122353612163
70,10000159,TX,FEDERAL,5.425000071525572,-3.574999928474428,5.69999980926514,4.5,5.80000019073486,12.799999999999999,7.783333333333332,8.008333333333335,-0.5853453509649332,-0.48845034788108777,-0.31976455078996824,-6.429592027469555,-2.2219387755102042,-1.1061222582447332
71,10000160,TX,STATE,5.600000023841858,-3.399999976158142,5.95000004768372,5.29999995231628,5.90000009536743,12.799999999999999,7.783333333333332,8.008333333333335,-0.5647345800681377,-0.36943707224238503,-0.30528465916172964,-6.179591789050975,-1.4219388231939245,-1.006122353612163
72,10000161,TX,STATE,7.024999976158143,-1.975000023841857,12.3000001907349,7.0,6.80000019073486,12.799999999999999,7.783333333333332,8.008333333333335,-0.04122148675694425,-0.11653383934218833,-0.17496549641644582,0.17040835400020526,0.27806122448979576,-0.1061222582447332
73,10000163,TX,FEDERAL,7.733333349227902,-1.2666666507720983,13.733333269755,7.33333349227905,7.59999990463257,12.799999999999999,7.783333333333332,8.008333333333335,0.07694679939092298,-0.06694494789118734,-0.05912629434496885,1.6037414330203053,0.6113947167688458,0.6938774556529772
74,10000165,TX,FEDERAL,7.949999988079073,-1.0500000119209272,13.9500002861023,7.70000004768372,7.5,12.799999999999999,7.783333333333332,8.008333333333335,0.09480947929504965,-0.012397209857551396,-0.07360618597320742,1.820408449367605,0.978061272173516,0.5938775510204071
75,10000172,TX,FEDERAL,7.925000071525573,-1.0749999284744272,13.8999996185303,7.69999980926514,7.80000019073486,12.799999999999999,7.783333333333332,8.008333333333335,0.09068727401023766,-0.012397245326273733,-0.03016644204292337,1.7704077817956048,0.978061033754936,0.8938777417552668
76,10000174,TX,STATE,5.399999856948855,-3.600000143051145,5.19999980926514,5.19999980926514,5.69999980926514,12.799999999999999,7.783333333333332,8.008333333333335,-0.6265668534466359,-0.38431375386517314,-0.33424451146377515,-6.929592027469555,-1.521938966245064,-1.2061226397144527
77,10000175,TX,STATE,6.999999880790713,-2.000000119209287,6.90000009536743,6.90000009536743,7.19999980926514,12.799999999999999,7.783333333333332,8.008333333333335,-0.48641372142171424,-0.1314104854962557,-0.11704592990349148,-5.2295917413672655,0.17806131985722562,0.29387736028554734
78,10000176,TX,STATE,6.725000023841858,-2.274999976158142,6.90000009536743,6.59999990463257,6.90000009536743,12.799999999999999,7.783333333333332,8.008333333333335,-0.48641372142171424,-0.17604049489590087,-0.16048560478820723,-5.2295917413672655,-0.12193887087763411,-0.006122353612163067
79,10000178,TX,STATE,7.325000047683716,-1.6749999523162842,12.5,6.90000009536743,7.40000009536743,12.799999999999999,7.783333333333332,8.008333333333335,-0.02473290148902153,-0.1314104854962557,-0.088086077601446,0.3704081632653047,0.17806131985722562,0.49387764638783693
80,10000180,TX,STATE,5.625000059604647,-3.3749999403953526,5.30000019073486,5.45000004768372,5.95000004768372,12.799999999999999,7.783333333333332,8.008333333333335,-0.6183225215007854,-0.34712206754256086,-0.2980447133476096,-6.829591645999836,-1.271938727826484,-0.9561224012958727
81,10000182,TX,FEDERAL,6.712500005960463,-2.2874999940395373,7.19999992847443,6.30000007152557,7.29999995231628,12.799999999999999,7.783333333333332,8.008333333333335,-0.46168083369185303,-0.22067045109246405,-0.10256600375246952,-4.9295919082602655,-0.42193870398463407,0.3938775033366868
82,10000183,TX,STATE,6.75,-2.25,11.8999996185303,6.59999990463257,6.69999980926514,12.799999999999999,7.783333333333332,8.008333333333335,-0.07419873591657312,-0.17604049489590087,-0.1894454570902527,-0.22959221820439524,-0.12193887087763411,-0.20612263971445266
83,10000184,TX,STATE,6.812499940395353,-2.1875000596046474,12.0999999046326,6.79999995231628,6.64999985694885,12.799999999999999,7.783333333333332,8.008333333333335,-0.05771011133675869,-0.14628716711904538,-0.19668540290437275,-0.029591932102094987,0.0780611768060755,-0.25612259203074306
84,10000185,TX,STATE,6.875000119209287,-2.124999880790713,11.8000001907349,6.90000009536743,6.80000019073486,12.799999999999999,7.783333333333332,8.008333333333335,-0.08244298923864694,-0.1314104854962557,-0.17496549641644582,-0.32959164599979474,0.17806131985722562,-0.1061222582447332
85,10000186,TX,STATE,7.324999928474427,-1.6750000715255728,12.6000003814697,7.19999980926514,7.19999980926514,12.799999999999999,7.783333333333332,8.008333333333335,-0.016488569543172626,-0.08678054703405362,-0.11704592990349148,0.4704085447350046,0.478061033754936,0.29387736028554734
86,10000187,TX,STATE,7.24999996026357,-1.7500000397364301,12.2333335876465,7.13333320617676,7.16666650772095,12.799999999999999,7.783333333333332,8.008333333333335,-0.04671768184625461,-0.09669831113676527,-0.12187256044623772,0.10374175091180504,0.41139443066655534,0.260544058741357
87,10000190,TX,STATE,6.475000023841858,-2.524999976158142,11.4499998092651,6.40000009536743,6.34999990463257,12.799999999999999,7.783333333333332,8.008333333333335,-0.11129807242535554,-0.20579378720403557,-0.2401251123118719,-0.6795920274695959,-0.3219386801427744,-0.5561225443470228
88,10000191,TX,FEDERAL,6.16249996423721,-2.8375000357627904,8.94999980926514,5.64999985694885,6.04999995231628,12.799999999999999,7.783333333333332,8.008333333333335,-0.31740558483386566,-0.31736877523442775,-0.2835648217193726,-3.179592027469555,-1.0719389185613544,-0.8561224966633132
89,10000192,TX,MULTI,9.462499976158142,0.4624999761581421,9.80000019073486,8.34999990463257,10.5,12.799999999999999,7.783333333333332,8.008333333333335,-0.2473289991654611,0.08430106108132873,0.36079097714735986,-2.3295916459998356,1.628061129122366,3.593877551020407
90,10000193,TX,MULTI,9.39999985694886,0.39999985694885964,9.80000019073486,8.30000019073486,10.3999996185303,12.799999999999999,7.783333333333332,8.008333333333335,-0.2473289991654611,0.0768627734730166,0.34631101647355583,-2.3295916459998356,1.5780614152246555,3.493877169550707
91,10000194,TX,STATE,5.712499976158142,-3.287500023841858,11.2000002861023,5.45000004768372,5.70000004768372,12.799999999999999,7.783333333333332,8.008333333333335,-0.1319087843543152,-0.34712206754256086,-0.3342444769409902,-0.9295915506323951,-1.271938727826484,-1.2061224012958727
92,10000195,TX,STATE,6.056250065565113,-2.943749934434887,11.5249998569489,5.85000014305115,6.07499992847443,12.799999999999999,7.783333333333332,8.008333333333335,-0.10511484312190429,-0.2876154119888483,-0.2799448488123118,-0.6045919797857948,-0.8719386324590541,-0.8311225205051631
93,10000196,TX,STATE,5.649999976158142,-3.350000023841858,10.9500002861023,5.5,5.64999985694885,12.799999999999999,7.783333333333332,8.008333333333335,-0.15251953559516654,-0.339683744465528,-0.34148445727789517,-1.179591550632395,-1.2219387755102042,-1.256122592030743
94,10000197,TX,STATE,7.7750000953674325,-1.2249999046325675,12.1999998092651,7.69999980926514,7.80000019073486,12.799999999999999,7.783333333333332,8.008333333333335,-0.0494658187028015,-0.012397245326273733,-0.03016644204292337,0.0704079725304041,0.978061033754936,0.8938777417552668
95,10000198,TX,STATE,7.7750000953674325,-1.2249999046325675,12.1999998092651,7.69999980926514,7.80000019073486,12.799999999999999,7.783333333333332,8.008333333333335,-0.0494658187028015,-0.012397245326273733,-0.03016644204292337,0.0704079725304041,0.978061033754936,0.8938777417552668
96,10000199,TX,STATE,5.999999999999997,-3.0000000000000027,8.59999990463257,6.0,5.79999995231628,12.799999999999999,7.783333333333332,8.008333333333335,-0.3462606287086801,-0.2653004427577481,-0.31976458531275315,-3.529591932102125,-0.7219387755102042,-1.1061224966633132
97,10000200,TX,STATE,7.21249997615814,-1.7875000238418597,19.3999996185303,6.64999985694885,8.40000009536743,12.799999999999999,7.783333333333332,8.008333333333335,0.5441238013089672,-0.16860217181886797,0.05671297677207643,7.270407781795603,-0.07193891856135437,1.493877646387837
98,10000203,TX,STATE,6.231249988079073,-2.768750011920927,15.2000000476837,5.97499990463257,6.94999992847443,12.799999999999999,7.783333333333332,8.008333333333335,0.19786321584336053,-0.26901962203062574,-0.1532456762354797,3.0704082109490045,-0.7469388708776341,0.04387747949483689
99,10000204,TX,STATE,7.574999928474428,-1.425000071525572,12.3999996185303,7.69999980926514,7.5,12.799999999999999,7.783333333333332,8.008333333333335,-0.03297723343487043,-0.012397245326273733,-0.07360618597320742,0.27040778179560476,0.978061033754936,0.5938775510204071
100,10000205,TX,STATE,7.712499976158139,-1.2875000238418606,12.8500003814697,7.65000009536743,7.79999995231628,12.799999999999999,7.783333333333332,8.008333333333335,0.004122181697678721,-0.01983553293458587,-0.030166476565708297,0.7204085447350046,0.9280613198572256,0.8938775033366868
101,10000206,TX,STATE,7.008333325386047,-1.9916666746139526,12.766666730245,6.93333339691162,7.03333330154419,12.799999999999999,7.783333333333332,8.008333333333335,-0.002748094923857955,-0.12645160344489986,-0.1411790826172224,0.6370748935103041,0.21139462140141596,0.1272108525645974
102,10000208,TX,STATE,7.124999880790712,-1.8750001192092878,12.0,7.09999990463257,7.09999990463257,12.799999999999999,7.783333333333332,8.008333333333335,-0.06595440397072423,-0.10165719318812097,-0.13152582153173006,-0.12959183673469532,0.3780611291223659,0.1938774556529772
103,10000209,TX,STATE,7.950000047683718,-1.0499999523162824,12.6999998092651,7.69999980926514,8.10000038146973,12.799999999999999,7.783333333333332,8.008333333333335,-0.008244316221098807,-0.012397245326273733,0.013273301887362227,0.5704079725304041,0.978061033754936,1.1938779324901372
104,10000210,TX,STATE,7.800000071525572,-1.199999928474428,12.8000001907349,7.59999990463257,7.90000009536743,12.799999999999999,7.783333333333332,8.008333333333335,1.572475844347157e-08,-0.02727389148034109,-0.01568655041468479,0.6704083540002053,0.8780611291223659,0.9938776463878369
105,10000211,TX,STATE,7.7750000953674325,-1.2249999046325675,12.8000001907349,7.59999990463257,7.85000014305115,12.799999999999999,7.783333333333332,8.008333333333335,1.572475844347157e-08,-0.02727389148034109,-0.02292649622880331,0.6704083540002053,0.8780611291223659,0.9438776940715572
106,10000212,TX,STATE,7.8999998569488525,-1.1000001430511475,13.0,7.69999980926514,8.0,12.799999999999999,7.783333333333332,8.008333333333335,0.016488600992681166,-0.012397245326273733,-0.001206658786446209,0.8704081632653047,0.978061033754936,1.093877551020407
107,10000213,TX,STATE,7.59999990463257,-1.4000000953674299,12.0,7.5,7.69999980926514,12.799999999999999,7.783333333333332,8.008333333333335,-0.06595440397072423,-0.04215053763440845,-0.04464640271673027,-0.12959183673469532,0.7780612244897958,0.7938773602855473
108,10000215,TX,STATE,7.57499998807907,-1.4250000119209298,12.7999997138977,7.45000004768372,7.64999985694885,12.799999999999999,7.783333333333332,8.008333333333335,-2.3587133271761482e-08,-0.049588860711441335,-0.05188634853085033,0.6704078771630044,0.728061272173516,0.7438774079692569
109,10000216,TX,STATE,6.8062500357627895,-2.1937499642372105,12.7250001430511,6.82500004768372,6.82500004768372,12.799999999999999,7.783333333333332,8.008333333333335,-0.006183213578692811,-0.1425679878461662,-0.17134554077077746,0.5954083063164042,0.10306127217351602,-0.08112240129587267
110,10000219,TX,FEDERAL,6.474999964237215,-2.525000035762785,12.3499999046326,6.59999990463257,6.5,12.799999999999999,7.783333333333332,8.008333333333335,-0.03709936009590734,-0.17604049489590087,-0.21840524034672987,0.220408067897905,-0.12193887087763411,-0.40612244897959293
111,10000220,TX,STATE,6.768750011920928,-2.231249988079072,12.9250001907349,6.85000014305115,6.67499995231628,12.799999999999999,7.783333333333332,8.008333333333335,0.010305391345184118,-0.13884880857328857,-0.19306541273592104,0.7954083540002053,0.12806136754094588,-0.2311224966633132
112,10000224,TX,STATE,7.65000009536743,-1.3499999046325701,13.3000001907349,7.40000009536743,7.80000019073486,12.799999999999999,7.783333333333332,8.008333333333335,0.04122151820646114,-0.05702718378847581,-0.03016644204292337,1.1704083540002053,0.6780613198572256,0.8938777417552668
113,10000225,TX,STATE,7.274999976158142,-1.725000023841858,11.6000003814697,7.09999990463257,7.40000009536743,12.799999999999999,7.783333333333332,8.008333333333335,-0.09893157450657802,-0.10165719318812097,-0.088086077601446,-0.5295914552649954,0.3780611291223659,0.49387764638783693
114,10000226,TX,FEDERAL,6.291666626930238,-2.7083333730697623,11.4333333969116,6.33333333333333,6.23333326975505,12.799999999999999,7.783333333333332,8.008333333333335,-0.11267210154173728,-0.21571157495256196,-0.25701833071907776,-0.6962584398230955,-0.38860544217687387,-0.6727891792245426
115,10000228,TX,STATE,6.974999964237213,-2.025000035762787,11.9499998092651,7.04999995231628,6.90000009536743,12.799999999999999,7.783333333333332,8.008333333333335,-0.07007656994365286,-0.10909551626515544,-0.16048560478820723,-0.1795920274695959,0.3280611768060755,-0.006122353612163067
116,10000229,TX,STATE,8.225000063578287,-0.7749999364217128,14.1000000635783,8.06666660308838,8.33333333333333,12.799999999999999,7.783333333333332,8.008333333333335,0.10717591169401317,0.04215052817608309,0.04705969267139418,1.9704082268436043,1.3447278275781764,1.4272108843537374
117,10000234,TX,STATE,8.09166669845581,-0.9083333015441895,14.266666730245,7.96666685740153,8.26666641235352,12.799999999999999,7.783333333333332,8.008333333333335,0.12091641252125013,0.02727390566783058,0.03740638555552317,2.137074893510304,1.244728081891326,1.3605439633739262
118,10000237,TX,STATE,7.0,-2.0,11.0,7.09999990463257,7.0,12.799999999999999,7.783333333333332,8.008333333333335,-0.14839740893412962,-0.10165719318812097,-0.14600571315996863,-1.1295918367346953,0.3780611291223659,0.09387755102040707
119,10000238,TX,STATE,7.049999952316284,-1.9500000476837158,11.0,7.09999990463257,7.09999990463257,12.799999999999999,7.783333333333332,8.008333333333335,-0.14839740893412962,-0.10165719318812097,-0.13152582153173006,-1.1295918367346953,0.3780611291223659,0.1938774556529772
120,10000241,TX,STATE,6.58124992251396,-2.41875007748604,12.2250001430511,6.40000009536743,6.64999985694885,12.799999999999999,7.783333333333332,8.008333333333335,-0.04740471606039551,-0.20579378720403557,-0.19668540290437275,0.09540830631640418,-0.3219386801427744,-0.25612259203074306
121,10000242,TX,STATE,6.499999940395352,-2.5000000596046483,12.1000003814697,6.29999995231628,6.59999990463257,12.799999999999999,7.783333333333332,8.008333333333335,-0.057710072024875325,-0.22067046882682528,-0.20392534871849127,-0.029591455264995403,-0.4219388231939245,-0.3061225443470228
122,10000243,TX,STATE,6.812499940395355,-2.1875000596046448,12.4499998092651,6.5,6.94999980926514,12.799999999999999,7.783333333333332,8.008333333333335,-0.028855067461950153,-0.1909171410499682,-0.1532456934968721,0.3204079725304041,-0.22193877551020424,0.04387736028554734
123,10000244,TX,STATE,6.40000009536743,-2.59999990463257,12.3000001907349,6.30000019073486,6.5,12.799999999999999,7.783333333333332,8.008333333333335,-0.04122148675694425,-0.22067043335810294,-0.21840524034672987,0.17040835400020526,-0.4219385847753445,-0.40612244897959293
124,10000245,TX,STATE,6.69999998807907,-2.30000001192093,12.1500000953674,6.5,6.79999995231628,12.799999999999999,7.783333333333332,8.008333333333335,-0.053587945363838416,-0.1909171410499682,-0.17496553093923073,0.020408258632704346,-0.22193877551020424,-0.10612249666331319
125,10000246,TX,STATE,7.03333330154419,-1.9666666984558097,12.6666666666667,6.83333349227905,7.16666650772095,12.799999999999999,7.783333333333332,8.008333333333335,-0.010992400661784564,-0.14132824959896723,-0.12187256044623772,0.5370748299320045,0.11139471676884583,0.260544058741357
126,10000247,TX,STATE,6.200000017881395,-2.799999982118605,7.45000004768372,6.09999990463257,6.25000011920929,12.799999999999999,7.783333333333332,8.008333333333335,-0.44107007262302955,-0.25042379660368075,-0.25460498667871795,-4.679591789050975,-0.6219388708776341,-0.6561223297703025
127,10000248,TX,STATE,6.887500047683715,-2.112499952316285,12.0500001907349,6.80000019073486,6.95000004768372,12.799999999999999,7.783333333333332,8.008333333333335,-0.0618322379977956,-0.14628713165032306,-0.15324565897408715,-0.07959164599979474,0.07806141522465548,0.04387759870412733
128,10000252,TX,STATE,7.350000023841857,-1.649999976158143,12.8999996185303,7.59999990463257,6.80000019073486,12.799999999999999,7.783333333333332,8.008333333333335,0.008244269046832264,-0.02727389148034109,-0.17496549641644582,0.7704077817956048,0.8780611291223659,-0.1061222582447332
129,10000257,OR,STATE,5.99999996026357,-3.00000003973643,5.63333320617676,4.86666679382324,4.73333326975505,7.416666666666665,6.133333333333334,6.641666666666667,-0.1470233693345762,-0.18843767874305753,-0.2763248713022139,-6.496258630557936,-1.8552719816869638,-2.1727891792245426
130,10000258,NV,STATE,5.4375,-3.5625,3.20000004768372,4.25,4.95000004768372,6.733333333333333,6.058333333333334,7.075000000000002,-0.2912986136061766,-0.2690196078431373,-0.30769798363917783,-8.929591789050976,-2.4719387755102042,-1.9561224012958727
131,10000260,NV,STATE,10.35000002384188,1.3500000238418792,8.39999961853027,6.59999990463257,8.69999980926514,6.733333333333333,6.058333333333334,7.075000000000002,0.13740497682283145,0.08058189599593955,0.23529843573874634,-3.7295922182044254,-0.12193887087763411,1.7938773602855473
132,10000261,NV,STATE,8.325000047683718,-0.6749999523162824,7.19999980926514,7.19999980926514,8.60000038146973,6.733333333333333,6.058333333333334,7.075000000000002,0.038473386591500854,0.1698418438577868,0.22081861315607762,-4.929592027469555,0.478061033754936,1.6938779324901372
133,10000262,MN,STATE,6.125,-2.875,10.5,5.80000019073486,5.59999990463257,10.450000000000001,6.216666666666666,6.05,0.004122150248170182,-0.06198605638150589,-0.06515958827719873,-1.6295918367346953,-0.9219385847753445,-1.3061225443470228
134,10000263,MN,FEDERAL,6.062499940395358,-2.937500059604642,10.8499999046326,5.69999980926514,5.69999980926514,10.450000000000001,6.216666666666666,6.05,0.032977194122987066,-0.07686277347301633,-0.05067969664896015,-1.279591932102095,-1.021938966245064,-1.2061226397144527
135,10000264,MI,STATE,4.366666654745737,-4.633333345254263,6.69999980926514,3.83333341280619,4.03333330154419,13.391666666666667,7.316666666666667,7.499999999999999,-0.5516811239382095,-0.518203656741293,-0.5019700597645822,-5.429592027469555,-2.888605362704014,-2.8727891474354026
136,10000267,MI,STATE,5.637499988079073,-3.362500011920927,10.5,5.20000004768372,5.34999990463257,13.391666666666667,7.316666666666667,7.499999999999999,-0.238397689352514,-0.31488930346918986,-0.31131798071218675,-1.6295918367346953,-1.521938727826484,-1.5561225443470228
137,10000269,MI,STATE,7.149999856948852,-1.8500001430511483,12.0999999046326,6.69999980926514,7.14999985694885,13.391666666666667,7.316666666666667,7.499999999999999,-0.10648888927344037,-0.09173943381457252,-0.05067968974440399,-0.029591932102094987,-0.021938966245063973,0.24387740796925694
138,10000272,MI,STATE,6.675000011920931,-2.3249999880790693,13.0500001907349,6.35000014305115,6.5,13.391666666666667,7.316666666666667,7.499999999999999,-0.028168010971071886,-0.1438076953538075,-0.1447990543735223,0.9204083540002053,-0.3719386324590541,-0.40612244897959293
139,10000273,MI,STATE,6.600000023841858,-2.399999976158142,13.0,6.30000019073486,6.40000009536743,13.391666666666667,7.316666666666667,7.499999999999999,-0.032290176944000513,-0.15124601843084196,-0.1592789460017609,0.8704081632653047,-0.4219385847753445,-0.5061223536121631
140,10000274,MI,STATE,8.143749952316284,-0.8562500476837158,13.0,7.75,8.22499990463257,13.391666666666667,7.316666666666667,7.499999999999999,-0.032290176944000513,0.06446552814674247,0.10497930061169024,0.8704081632653047,1.0280612244897958,1.3188774556529772
141,10000275,MI,FEDERAL,7.587500035762787,-1.4124999642372131,13.75,7.35000014305115,7.5,13.391666666666667,7.316666666666667,7.499999999999999,0.02954207677855353,0.004958908061752281,1.2860739528754767e-16,1.6204081632653047,0.6280613675409459,0.5938775510204071
142,10000277,MI,STATE,7.250000059604645,-1.7499999403953552,12.1499998569489,6.92500007152557,7.25,13.391666666666667,7.316666666666667,7.499999999999999,-0.1023667429564576,-0.05826690903047821,-0.03619976359338048,0.02040802021420518,0.20306129601536593,0.34387755102040707
143,10000278,MI,STATE,7.200000047683715,-1.799999952316285,12.1999998092651,6.90000009536743,7.19999980926514,13.391666666666667,7.316666666666667,7.499999999999999,-0.09824459663948318,-0.06198607056899472,-0.04343974393028393,0.0704079725304041,0.17806131985722562,0.29387736028554734
144,10000281,MA,STATE,6.050000071525572,-2.949999928474428,11.5,5.5,5.90000009536743,11.233333333333334,5.883333333333333,6.316666666666666,0.021984801323574693,-0.057027197975964505,-0.06033292551318732,-0.6295918367346953,-1.2219387755102042,-1.006122353612163
145,10000282,MA,STATE,6.500000119209288,-2.4999998807907122,11.6999998092651,5.90000009536743,6.40000009536743,11.233333333333334,5.883333333333333,6.316666666666666,0.03847338659149742,0.0024794575777480174,0.0120666016735739,-0.4295920274695959,-0.8219386801427744,-0.5061223536121631
146,10000283,GA,STATE,7.049999952316284,-1.9500000476837158,18.0500001907349,7.19999980926514,7.09999990463257,17.26666666666667,8.025,7.758333333333333,0.06458036961275888,-0.12273247619281409,-0.0953260579383492,5.9204083540002035,0.478061033754936,0.1938774556529772
147,10000284,GA,STATE,7.374999880790712,-1.6250001192092878,17.0,7.69999980926514,7.40000009536743,17.26666666666667,8.025,7.758333333333333,-0.021984801323574985,-0.048349174485034216,-0.05188631400806514,4.870408163265305,0.978061033754936,0.49387764638783693
148,10000285,GA,FEDERAL,8.83333333333333,-0.16666666666666963,18.7333329518636,9.03333346048991,8.73333326975504,17.26666666666667,8.025,7.758333333333333,0.12091637583014977,0.1500063440273414,0.14117906880810763,6.603741115128903,2.311394684979706,1.8272108207754467
149,10000292,GA,STATE,8.974999904632568,-0.02500009536743164,19.0,9.10000038146973,8.89999961853027,17.26666666666667,8.025,7.758333333333333,0.1429012086032358,0.15992415542168276,0.16531219850664866,6.870408163265305,2.378061605959526,1.993877169550677
150,10000296,GA,STATE,7.699999928474428,-1.300000071525572,16.5,8.19999980926514,7.59999990463257,17.26666666666667,8.025,7.758333333333333,-0.06320630380527768,0.026034127222745673,-0.02292653075158798,4.370408163265305,1.478061033754936,0.6938774556529772
151,10000297,GA,STATE,6.8500001430511475,-2.1499998569488525,15.6500000953674,6.90000009536743,6.85000014305115,17.26666666666667,8.025,7.758333333333333,-0.13328285016179725,-0.16736241465501617,-0.13152578700894488,3.5204082586327043,0.17806131985722562,-0.056122305928442806
152,10000298,GA,STATE,7.362499982118607,-1.6375000178813934,16.025000333786,7.52499997615814,7.35000002384186,17.26666666666667,8.025,7.758333333333333,-0.10236670364457438,-0.07438330525465242,-0.059126277083576186,3.8954084970513048,0.8030612006479361,0.44387757486226675
153,10000303,GA,STATE,6.75,-2.25,16.6000003814697,6.90000009536743,6.59999990463257,17.26666666666667,8.025,7.758333333333333,-0.05496197185942863,-0.16736241465501617,-0.1677255851251104,4.470408544735006,0.17806131985722562,-0.3061225443470228
154,10000304,GA,STATE,8.075000047683716,-0.9249999523162842,18.6000003814697,8.5,7.90000009536743,17.26666666666667,8.025,7.758333333333333,0.10992403806738214,0.07066413662239084,0.020513213178696078,6.470408544735006,1.7780612244897958,0.9938776463878369
155,10000307,GA,STATE,7.012499988079069,-1.9875000119209307,17.0500001907349,7.14999985694885,6.90000009536743,17.26666666666667,8.025,7.758333333333333,-0.017862635350646507,-0.13017079926984856,-0.12428584119482636,4.9204083540002035,0.42806108143864563,-0.006122353612163067
156,10000308,GA,STATE,6.950000047683715,-2.049999952316285,15.8999996185303,7.30000019073486,6.69999980926514,17.26666666666667,8.025,7.758333333333333,-0.11267213823282927,-0.10785575910130366,-0.15324569349687184,3.7704077817956048,0.5780614152246555,-0.20612263971445266
157,10000309,GA,STATE,6.950000047683715,-2.049999952316285,15.3000001907349,7.0,6.80000019073486,17.26666666666667,8.025,7.758333333333333,-0.1621378940366058,-0.1524857685009488,-0.13876573282306495,3.1704083540002053,0.27806122448979576,-0.1061222582447332
158,10000310,GA,STATE,7.081250011920931,-1.9187499880790693,16.3000001907349,7.32500004768372,6.875,17.26666666666667,8.025,7.758333333333333,-0.07969488907320055,-0.1041366152971468,-0.12790583136327807,4.1704083540002035,0.603061272173516,-0.03112244897959293
159,10000313,GA,STATE,7.9750001430511475,-1.0249998569488525,15.3999996185303,8.10000038146973,8.0,17.26666666666667,8.025,7.758333333333333,-0.153893640714532,0.011157552006122985,0.034993104806934655,3.2704077817956048,1.3780616059595259,1.093877551020407
160,10000314,GA,STATE,8.274999856948853,-0.7250001430511475,15.3999996185303,8.19999980926514,8.39999961853027,17.26666666666667,8.025,7.758333333333333,-0.153893640714532,0.026034127222745673,0.09291267131988744,3.2704077817956048,1.478061033754936,1.493877169550677
161,10000315,GA,FEDERAL,7.108333349227905,-1.8916666507720947,17.3666667938232,7.36666679382324,7.0,17.26666666666667,8.025,7.758333333333333,0.008244310979506996,-0.09793799499859199,-0.10980594956658778,5.237074957088504,0.6447280183130362,0.09387755102040707
162,10000316,GA,STATE,7.137500107288361,-1.8624998927116394,16.7999992370605,7.35000014305115,7.0,17.26666666666667,8.025,7.758333333333333,-0.03847346521528099,-0.10041743602426918,-0.10980594956658778,4.670407400325805,0.6280613675409459,0.09387755102040707
163,10000318,GA,STATE,7.1875,-1.8125,17.6499996185303,7.34999990463257,7.09999990463257,17.26666666666667,8.025,7.758333333333333,0.03160312045313001,-0.10041747149299152,-0.0953260579383492,5.520407781795603,0.6280611291223659,0.1938774556529772
164,10000319,GA,FEDERAL,7.087500035762788,-1.9124999642372122,15.5999999046326,7.09999990463257,7.04999995231628,17.26666666666667,8.025,7.758333333333333,-0.13740501613471753,-0.13760912234688147,-0.10256600375246926,3.470408067897905,0.3780611291223659,0.1438775033366868
165,10000320,GA,FEDERAL,7.02500009536743,-1.9749999046325701,15.5,7.0,7.0,17.26666666666667,8.025,7.758333333333333,-0.14564930876868307,-0.1524857685009488,-0.10980594956658778,3.3704081632653047,0.27806122448979576,0.09387755102040707
166,10000323,GA,STATE,7.600000023841858,-1.399999976158142,16.6000003814697,7.69999980926514,7.59999990463257,17.26666666666667,8.025,7.758333333333333,-0.05496197185942863,-0.048349174485034216,-0.02292653075158798,4.470408544735006,0.978061033754936,0.6938774556529772
167,10000325,GA,STATE,7.825000047683715,-1.174999952316285,17.0500001907349,8.05000019073486,7.70000004768372,17.26666666666667,8.025,7.758333333333333,-0.017862635350646507,0.003719193460366176,-0.008446604600564471,4.9204083540002035,1.3280614152246555,0.7938775987041273
168,10000327,GA,FEDERAL,6.837500095367435,-2.162499904632565,14.3499999046326,6.70000004768372,6.95000004768372,17.26666666666667,8.025,7.758333333333333,-0.24045877233897428,-0.19711574243187163,-0.1170458953807063,2.220408067897905,-0.021938727826483984,0.04387759870412733
169,10000328,GA,STATE,7.787500023841858,-1.212499976158142,16.9499998092651,7.79999995231628,7.85000014305115,17.26666666666667,8.025,7.758333333333333,-0.026106967296503466,-0.0334724928622461,0.013273267364577557,4.820407972530406,1.0780611768060755,0.9438776940715572
170,10000329,GA,STATE,8.025000095367432,-0.9749999046325684,17.1000003814697,8.0,8.10000038146973,17.26666666666667,8.025,7.758333333333333,-0.013740469377725937,-0.003719165085389047,0.049473065480743095,4.970408544735006,1.2780612244897958,1.1938779324901372
171,10000330,FL,FEDERAL,7.5,-1.5,13.8000001907349,7.40000009536743,7.30000019073486,12.841666666666667,7.208333333333333,7.408333333333334,0.07900789548135517,0.02851361317547095,-0.01568653660557105,1.6704083540002053,0.6780613198572256,0.3938777417552668
172,10000332,FL,STATE,7.02500009536743,-1.9749999046325701,13.6000003814697,7.0,6.90000009536743,12.841666666666667,7.208333333333333,7.408333333333334,0.0625193102134241,-0.030993042378241575,-0.07360617216409368,1.4704085447350046,0.27806122448979576,-0.006122353612163067
173,10000333,FL,STATE,6.975000083446505,-2.0249999165534946,13.5,6.95000004768372,6.85000014305115,12.841666666666667,7.208333333333333,7.408333333333334,0.05427497826757521,-0.03843136545527446,-0.0808461179782122,1.3704081632653047,0.22806127217351602,-0.056122305928442806
174,10000334,FL,STATE,7.574999988079073,-1.4250000119209272,14.5999999046326,7.5,7.44999980926514,12.841666666666667,7.208333333333333,7.408333333333334,0.14496227586494614,0.04339025932953831,0.006033266314002666,2.470408067897905,0.7780612244897958,0.5438773602855473
175,10000335,FL,STATE,8.000000059604645,-0.9999999403953552,14.6999998092651,7.85000014305115,7.90000009536743,12.841666666666667,7.208333333333333,7.408333333333334,0.15320656849890332,0.09545859180621795,0.07119288220942875,2.570407972530404,1.1280613675409459,0.9938776463878369
176,10000336,FL,STATE,7.700000047683715,-1.299999952316285,13.6999998092651,7.5,7.55000019073486,12.841666666666667,7.208333333333333,7.408333333333334,0.07076356353549793,0.04339025932953831,0.02051322698780956,1.570407972530404,0.7780612244897958,0.6438777417552668
177,10000337,FL,STATE,7.583333373069763,-1.4166666269302368,13.766666730245,7.40000009536743,7.40000009536743,12.841666666666667,7.208333333333333,7.408333333333334,0.07625978483273878,0.02851361317547095,-0.0012066449773324693,1.637074893510304,0.6780613198572256,0.49387764638783693
178,10000338,FL,FEDERAL,7.462500035762785,-1.537499964237215,13.8000001907349,7.29999995231628,7.30000019073486,12.841666666666667,7.208333333333333,7.408333333333334,0.07900789548135517,0.013636931552681255,-0.01568653660557105,1.6704083540002053,0.5780611768060755,0.3938777417552668
179,10000339,FL,STATE,8.325000286102298,-0.6749997138977015,12.6000003814697,8.10000038146973,8.10000038146973,12.841666666666667,7.208333333333333,7.408333333333334,-0.01992369474998128,0.13265027812883023,0.10015273451147577,0.4704085447350046,1.3780616059595259,1.1938779324901372
180,10000345,FL,STATE,7.675000071525572,-1.324999928474428,13.3000001907349,7.40000009536743,7.5,12.841666666666667,7.208333333333333,7.408333333333334,0.03778639299965248,0.02851361317547095,0.013273246650906111,1.1704083540002053,0.6780613198572256,0.5938775510204071
181,10000356,FL,STATE,7.8874999880790675,-1.1125000119209325,13.8499999046326,7.79999995231628,7.79999995231628,12.841666666666667,7.208333333333333,7.408333333333334,0.08313002214239208,0.08802023326046114,0.05671295605840524,1.720408067897905,1.0780611768060755,0.8938775033366868
182,10000357,FL,STATE,7.862500131130218,-1.1374998688697824,13.7000002861023,7.85000014305115,7.80000019073486,12.841666666666667,7.208333333333333,7.408333333333334,0.07076360284738964,0.09545859180621795,0.05671299058119017,1.570408449367605,1.1280613675409459,0.8938777417552668
183,10000360,FL,STATE,8.025000095367433,-0.9749999046325666,13.6500000953674,8.00000023841858,7.90000009536743,12.841666666666667,7.208333333333333,7.408333333333334,0.06664143687446102,0.11777359650604066,0.07119288220942875,1.5204082586327043,1.2780614629083766,0.9938776463878369
184,10000361,FL,STATE,8.100000143051147,-0.8999998569488525,13.6999998092651,8.10000038146973,8.0,12.841666666666667,7.208333333333333,7.408333333333334,0.07076356353549793,0.13265027812883023,0.08567277383766733,1.570407972530404,1.3780616059595259,1.093877551020407
185,10000365,FL,STATE,7.737500011920927,-1.2624999880790728,13.2750000953674,7.54999995231628,7.72499990463257,12.841666666666667,7.208333333333333,7.408333333333334,0.035725310013184,0.0508285824065712,0.045853020075835,1.1454082586327043,0.8280611768060755,0.8188774556529772
186,10000368,FL,STATE,7.712499976158143,-1.287500023841857,13.25,7.54999995231628,7.69999980926514,12.841666666666667,7.208333333333333,7.408333333333334,0.03366422702672386,0.0508285824065712,0.04223302990738327,1.1204081632653047,0.8280611768060755,0.7938773602855473
187,10000369,FL,STATE,7.77500009536743,-1.2249999046325701,13.5,7.5,7.75,12.841666666666667,7.208333333333333,7.408333333333334,0.05427497826757521,0.04339025932953831,0.04947301024428672,1.3704081632653047,0.7780612244897958,0.8438775510204071
188,10000370,FL,STATE,8.362500071525572,-0.637499928474428,14.0,8.09999990463257,8.40000009536743,12.841666666666667,7.208333333333333,7.408333333333334,0.0954964807492779,0.13265020719138557,0.14359240939618997,1.8704081632653047,1.378061129122366,1.493877646387837
189,10000374,FL,STATE,7.575000047683714,-1.424999952316286,13.8000001907349,7.30000019073486,7.59999990463257,12.841666666666667,7.208333333333333,7.408333333333334,0.07900789548135517,0.01363696702140359,0.027753138279144694,1.6704083540002053,0.5780614152246555,0.6938774556529772
190,10000375,FL,FEDERAL,7.924999952316285,-1.075000047683715,14.1999998092651,7.59999990463257,8.0,12.841666666666667,7.208333333333333,7.408333333333334,0.11198506601720062,0.05826690548360567,0.08567277383766733,2.070407972530404,0.8780611291223659,1.093877551020407
191,10000378,FL,STATE,7.018749952316282,-1.9812500476837176,13.6749999523163,6.79999995231628,7.02499985694885,12.841666666666667,7.208333333333333,7.408333333333334,0.06870250020498364,-0.06074637015509863,-0.05550632489018831,1.5454081155816048,0.0780611768060755,0.11887740796925694
192,10000381,FL,STATE,6.55833335717519,-2.44166664282481,13.9666665395101,6.5,6.5,12.841666666666667,7.208333333333333,7.408333333333334,0.09274837010066166,-0.10537634408602146,-0.13152580772261632,1.8370747027754053,-0.22193877551020424,-0.40612244897959293
193,10000382,FL,STATE,6.649999976158142,-2.350000023841858,14.0,6.59999990463257,6.59999990463257,12.841666666666667,7.208333333333333,7.408333333333334,0.0954964807492779,-0.0904996979319541,-0.11704591609437774,1.8704081632653047,-0.12193887087763411,-0.3061225443470228
194,10000384,FL,STATE,7.287500023841861,-1.7124999761581394,15.2000002861023,7.19999980926514,7.35000014305115,12.841666666666667,7.208333333333333,7.408333333333334,0.19442811029249774,-0.0012397500701068554,-0.008446590791450988,3.070408449367605,0.478061033754936,0.4438776940715572
195,10000385,FL,STATE,7.25,-1.75,15.2000002861023,7.19999980926514,7.30000019073486,12.841666666666667,7.208333333333333,7.408333333333334,0.19442811029249774,-0.0012397500701068554,-0.01568653660557105,3.070408449367605,0.478061033754936,0.3938777417552668
196,10000386,FL,STATE,7.25,-1.75,15.2000002861023,7.19999980926514,7.30000019073486,12.841666666666667,7.208333333333333,7.408333333333334,0.19442811029249774,-0.0012397500701068554,-0.01568653660557105,3.070408449367605,0.478061033754936,0.3938777417552668
197,10000387,FL,STATE,7.52500009536743,-1.4749999046325701,12.6000003814697,7.30000019073486,7.40000009536743,12.841666666666667,7.208333333333333,7.408333333333334,-0.01992369474998128,0.01363696702140359,-0.0012066449773324693,0.4704085447350046,0.5780614152246555,0.49387764638783693
198,10000388,FL,STATE,7.587500095367435,-1.4124999046325648,12.6500000953674,7.35000014305115,7.45000004768372,12.841666666666667,7.208333333333333,7.408333333333334,-0.01580156808894437,0.021075290098438063,0.0060333008367875925,0.5204082586327043,0.6280613675409459,0.5438775987041273
199,10000391,FL,STATE,7.674999952316285,-1.325000047683715,12.3000001907349,7.59999990463257,7.5,12.841666666666667,7.208333333333333,7.408333333333334,-0.04465661196375291,0.05826690548360567,0.013273246650906111,0.17040835400020526,0.8780611291223659,0.5938775510204071
200,10000392,FL,STATE,7.662499964237212,-1.3375000357627878,12.3499999046326,7.54999995231628,7.5,12.841666666666667,7.208333333333333,7.408333333333334,-0.040534485302716,0.0508285824065712,0.013273246650906111,0.220408067897905,0.8280611768060755,0.5938775510204071
201,10000393,FL,STATE,7.175000071525575,-1.8249999284744254,14.5500001907349,7.20000004768372,7.20000004768372,12.841666666666667,7.208333333333333,7.408333333333334,0.14084014920390922,-0.0012397146013845193,-0.030166462756593015,2.4204083540002053,0.478061272173516,0.29387759870412733
202,10000394,FL,STATE,7.350000143051146,-1.6499998569488543,14.6000003814697,7.40000009536743,7.40000009536743,12.841666666666667,7.208333333333333,7.408333333333334,0.1449623151768295,0.02851361317547095,-0.0012066449773324693,2.4704085447350046,0.6780613198572256,0.49387764638783693
203,10000395,FL,STATE,7.1916668017705305,-1.8083331982294695,14.4333333969116,7.20000012715658,7.23333342870076,12.841666666666667,7.208333333333333,7.408333333333334,0.13122178814167024,-0.001239702778477162,-0.025339820706253305,2.3037415601769045,0.4780613516463754,0.3272109797211673
204,10000396,FL,STATE,7.0,-2.0,14.5,7.0,7.0,12.841666666666667,7.208333333333333,7.408333333333334,0.1367179832309806,-0.030993042378241575,-0.05912628053585511,2.3704081632653047,0.27806122448979576,0.09387755102040707
205,10000400,FL,STATE,6.800000071525572,-2.199999928474428,14.8999996185303,6.5,7.0,12.841666666666667,7.208333333333333,7.408333333333334,0.1696951537668344,-0.10537634408602146,-0.05912628053585511,2.7704077817956048,-0.22193877551020424,0.09387755102040707
206,10000402,FL,STATE,7.375000119209288,-1.6249998807907122,13.6999998092651,7.30000019073486,7.5,12.841666666666667,7.208333333333333,7.408333333333334,0.07076356353549793,0.01363696702140359,0.013273246650906111,1.570407972530404,0.5780614152246555,0.5938775510204071
207,10000403,FL,STATE,7.3375000953674325,-1.6624999046325675,13.7999997138977,7.25,7.45000004768372,12.841666666666667,7.208333333333333,7.408333333333334,0.07900785616946346,0.0061986084756483675,0.0060333008367875925,1.6704078771630044,0.5280612244897958,0.5438775987041273
208,10000405,FL,STATE,6.90000009536743,-2.09999990463257,14.8999996185303,6.90000009536743,6.90000009536743,12.841666666666667,7.208333333333333,7.408333333333334,0.1696951537668344,-0.04586968853230893,-0.07360617216409368,2.7704077817956048,0.17806131985722562,-0.006122353612163067
209,10000407,FL,STATE,7.8250001668930045,-1.1749998331069955,14.3000001907349,7.59999990463257,7.80000019073486,12.841666666666667,7.208333333333333,7.408333333333334,0.12022939796305787,0.05826690548360567,0.05671299058119017,2.1704083540002053,0.8780611291223659,0.8938777417552668
210,10000409,FL,STATE,7.450000047683716,-1.5499999523162842,14.8999996185303,7.40000009536743,7.40000009536743,12.841666666666667,7.208333333333333,7.408333333333334,0.1696951537668344,0.02851361317547095,-0.0012066449773324693,2.7704077817956048,0.6780613198572256,0.49387764638783693
211,10000410,FL,STATE,7.412500083446503,-1.5874999165534973,14.9499998092651,7.40000009536743,7.35000014305115,12.841666666666667,7.208333333333333,7.408333333333334,0.17381731973975467,0.02851361317547095,-0.008446590791450988,2.820407972530404,0.6780613198572256,0.4438776940715572
212,10000411,FL,STATE,6.874999880790713,-2.125000119209287,12.6999998092651,6.69999980926514,6.69999980926514,12.841666666666667,7.208333333333333,7.408333333333334,-0.011679441427907462,-0.07562305177788674,-0.10256602446613916,0.5704079725304041,-0.021938966245063973,-0.20612263971445266
213,10000412,FL,STATE,6.887499928474427,-2.112500071525573,12.5999999046326,6.75,6.69999980926514,12.841666666666667,7.208333333333333,7.408333333333334,-0.01992373406186465,-0.06818469323213151,-0.10256602446613916,0.470408067897905,0.028061224489795755,-0.20612263971445266
214,10000413,FL,STATE,7.87500011920929,-1.1249998807907096,13.6999998092651,7.40000009536743,7.80000019073486,12.841666666666667,7.208333333333333,7.408333333333334,0.07076356353549793,0.02851361317547095,0.05671299058119017,1.570407972530404,0.6780613198572256,0.8938777417552668
215,10000414,FL,STATE,6.624999880790713,-2.375000119209287,14.0,6.59999990463257,6.69999980926514,12.841666666666667,7.208333333333333,7.408333333333334,0.0954964807492779,-0.0904996979319541,-0.10256602446613916,1.8704081632653047,-0.12193887087763411,-0.20612263971445266
216,10000416,FL,STATE,7.137499988079072,-1.862500011920928,13.8999996185303,7.14999985694885,7.20000004768372,12.841666666666667,7.208333333333333,7.408333333333334,0.087252148803429,-0.008678073147141328,-0.030166462756593015,1.7704077817956048,0.42806108143864563,0.29387759870412733
217,10000417,FL,STATE,7.325000047683716,-1.6749999523162842,13.8000001907349,7.30000019073486,7.40000009536743,12.841666666666667,7.208333333333333,7.408333333333334,0.07900789548135517,0.01363696702140359,-0.0012066449773324693,1.6704083540002053,0.5780614152246555,0.49387764638783693
218,10000418,FL,STATE,6.8499999046325675,-2.1500000953674325,14.1000001430511,6.77499997615814,6.94999980926514,12.841666666666667,7.208333333333333,7.408333333333334,0.10374079303918095,-0.064465531693615,-0.06636626087275856,1.9704083063164042,0.05306120064793607,0.04387736028554734
219,10000419,FL,STATE,6.8499999046325675,-2.1500000953674325,14.1500000953674,6.75,6.94999980926514,12.841666666666667,7.208333333333333,7.408333333333334,0.10786293935616371,-0.06818469323213151,-0.06636626087275856,2.0204082586327043,0.028061224489795755,0.04387736028554734
220,10000420,FL,STATE,7.124999880790713,-1.8750001192092869,14.1000003814697,7.09999990463257,7.19999980926514,12.841666666666667,7.208333333333333,7.408333333333334,0.1037408126951268,-0.016116396224174215,-0.030166497279377945,1.9704085447350046,0.3780611291223659,0.29387736028554734
221,10000422,FL,STATE,7.937500059604645,-1.0624999403953552,15.2999997138977,7.40000009536743,7.95000004768372,12.841666666666667,7.208333333333333,7.408333333333334,0.20267236361457155,0.02851361317547095,0.07843282802354881,3.1704078771630044,0.6780613198572256,1.0438775987041273
222,10000424,FL,STATE,7.44999998807907,-1.5500000119209298,13.5,7.45000004768372,7.54999995231628,12.841666666666667,7.208333333333333,7.408333333333334,0.05427497826757521,0.03595193625250542,0.02051319246502463,1.3704081632653047,0.728061272173516,0.6438775033366868
223,10000426,FL,STATE,7.487499952316284,-1.5125000476837158,13.9000000953674,7.45000004768372,7.59999990463257,12.841666666666667,7.208333333333333,7.408333333333334,0.08725218811531237,0.03595193625250542,0.027753138279144694,1.7704082586327043,0.728061272173516,0.6938774556529772
224,10000428,FL,STATE,6.9124999046325675,-2.0875000953674325,14.7000002861023,7.04999995231628,6.89999985694885,12.841666666666667,7.208333333333333,7.408333333333334,0.15320660781079504,-0.023554719301208688,-0.07360620668687862,2.570408449367605,0.3280611768060755,-0.006122592030743057
225,10000429,FL,STATE,7.074999928474428,-1.925000071525572,14.8000001907349,7.19999980926514,7.09999990463257,12.841666666666667,7.208333333333333,7.408333333333334,0.16145090044476057,-0.0012397500701068554,-0.044646388907616526,2.6704083540002053,0.478061033754936,0.1938774556529772
226,10000430,FL,STATE,7.625,-1.375,12.8999996185303,7.69999980926514,7.59999990463257,12.841666666666667,7.208333333333333,7.408333333333334,0.004809143840023608,0.07314355163767303,0.027753138279144694,0.7704077817956048,0.978061033754936,0.6938774556529772
227,10000432,FL,STATE,7.112500011920927,-1.8874999880790728,14.5500001907349,7.20000004768372,7.15000009536743,12.841666666666667,7.208333333333333,7.408333333333334,0.14084014920390922,-0.0012397146013845193,-0.037406408570713076,2.4204083540002053,0.478061272173516,0.24387764638783693
228,10000433,FL,STATE,7.25,-1.75,14.6000003814697,7.40000009536743,7.30000019073486,12.841666666666667,7.208333333333333,7.408333333333334,0.1449623151768295,0.02851361317547095,-0.01568653660557105,2.4704085447350046,0.6780613198572256,0.3938777417552668
229,10000437,FL,STATE,6.375,-2.625,13.5,6.43333339691162,6.30000003178914,12.841666666666667,7.208333333333333,7.408333333333334,0.05427497826757521,-0.115294108188733,-0.1604856139942834,1.3704081632653047,-0.28860537859858404,-0.6061224171904529
230,10000438,FL,STATE,6.38749998807907,-2.61250001192093,13.5,6.45000004768372,6.29999995231628,12.841666666666667,7.208333333333333,7.408333333333334,0.05427497826757521,-0.11281466716305434,-0.16048562550187842,1.3704081632653047,-0.271938727826484,-0.6061224966633132
231,10000440,FL,STATE,6.61250001192093,-2.38749998807907,13.75,6.70000004768372,6.54999995231628,12.841666666666667,7.208333333333333,7.408333333333334,0.07488572950842655,-0.0756230163091644,-0.1242858619084978,1.6204081632653047,-0.021938727826483984,-0.3561224966633132
232,10000441,FL,STATE,6.825000047683715,-2.174999952316285,13.8000001907349,6.80000019073486,6.80000019073486,12.841666666666667,7.208333333333333,7.408333333333334,0.07900789548135517,-0.060746334686376295,-0.08808606379233226,1.6704083540002053,0.07806141522465548,-0.1061222582447332
233,10000444,FL,STATE,6.7249999046325675,-2.2750000953674325,12.75,6.5,6.69999980926514,12.841666666666667,7.208333333333333,7.408333333333334,-0.007557275454978837,-0.10537634408602146,-0.10256602446613916,0.6204081632653047,-0.22193877551020424,-0.20612263971445266
234,10000445,FL,STATE,6.674999952316285,-2.325000047683715,12.6999998092651,6.45000004768372,6.64999985694885,12.841666666666667,7.208333333333333,7.408333333333334,-0.011679441427907462,-0.11281466716305434,-0.10980597028025922,0.5704079725304041,-0.271938727826484,-0.25612259203074306
235,10000450,FL,STATE,6.350000023841857,-2.649999976158143,12.3999996185303,6.19999980926514,6.30000019073486,12.841666666666667,7.208333333333333,7.408333333333334,-0.03641235864167909,-0.15000635348566663,-0.16048559097909348,0.27040778179560476,-0.521938966245064,-0.6061222582447332
236,10000453,FL,STATE,7.025000035762788,-1.9749999642372122,11.5,6.75,7.0,12.841666666666667,7.208333333333333,7.408333333333334,-0.11061103165923558,-0.06818469323213151,-0.05912628053585511,-0.6295918367346953,0.028061224489795755,0.09387755102040707
237,10000455,FL,STATE,6.59999990463257,-2.40000009536743,11.6999998092651,6.59999990463257,6.5,12.841666666666667,7.208333333333333,7.408333333333334,-0.09412244639131286,-0.0904996979319541,-0.13152580772261632,-0.4295920274695959,-0.12193887087763411,-0.40612244897959293
238,10000456,FL,FEDERAL,7.300000071525573,-1.6999999284744272,12.3999996185303,7.09999990463257,7.30000019073486,12.841666666666667,7.208333333333333,7.408333333333334,-0.03641235864167909,-0.016116396224174215,-0.01568653660557105,0.27040778179560476,0.3780611291223659,0.3938777417552668
239,10000457,FL,STATE,6.59999990463257,-2.40000009536743,11.6999998092651,6.59999990463257,6.5,12.841666666666667,7.208333333333333,7.408333333333334,-0.09412244639131286,-0.0904996979319541,-0.13152580772261632,-0.4295920274695959,-0.12193887087763411,-0.40612244897959293
240,10000460,FL,STATE,7.325000047683715,-1.674999952316285,11.8999996185303,7.0,7.30000019073486,12.841666666666667,7.208333333333333,7.408333333333334,-0.07763386112338179,-0.030993042378241575,-0.01568653660557105,-0.22959221820439524,0.27806122448979576,0.3938777417552668
241,10000461,FL,STATE,8.212500154972076,-0.7874998450279236,13.0,7.95000004768372,8.30000019073486,12.841666666666667,7.208333333333333,7.408333333333334,0.013053475785872511,0.11033523796028531,0.12911251776795138,0.8704081632653047,1.228061272173516,1.3938777417552668
242,10000465,FL,STATE,6.850000023841857,-2.149999976158143,12.8000001907349,6.80000019073486,6.69999980926514,12.841666666666667,7.208333333333333,7.408333333333334,-0.0034351094820502122,-0.060746334686376295,-0.10256602446613916,0.6704083540002053,0.07806141522465548,-0.20612263971445266
243,10000467,FL,STATE,7.843750029802322,-1.1562499701976776,12.75,7.70000004768372,7.75,12.841666666666667,7.208333333333333,7.408333333333334,-0.007557275454978837,0.07314358710639536,0.04947301024428672,0.6204081632653047,0.978061272173516,0.8438775510204071
244,10000473,FL,STATE,7.575000047683715,-1.424999952316285,11.9499998092651,7.45000004768372,7.5,12.841666666666667,7.208333333333333,7.408333333333334,-0.0735116951504615,0.03595193625250542,0.013273246650906111,-0.1795920274695959,0.728061272173516,0.5938775510204071
245,10000474,FL,STATE,7.600000023841858,-1.399999976158142,12.0,7.5,7.5,12.841666666666667,7.208333333333333,7.408333333333334,-0.06938952917753288,0.04339025932953831,0.013273246650906111,-0.12959183673469532,0.7780612244897958,0.5938775510204071
246,10000479,FL,STATE,8.950000286102298,-0.049999713897701525,12.1999998092651,8.60000038146973,9.0,12.841666666666667,7.208333333333333,7.408333333333334,-0.05290094390961016,0.2070335798366101,0.23047182821118978,0.0704079725304041,1.8780616059595259,2.093877551020407
247,10000480,FL,STATE,7.024999976158142,-1.975000023841858,12.3999996185303,6.80000019073486,7.0,12.841666666666667,7.208333333333333,7.408333333333334,-0.03641235864167909,-0.060746334686376295,-0.05912628053585511,0.27040778179560476,0.07806141522465548,0.09387755102040707
248,10000492,FL,STATE,7.5,-1.5,12.3000001907349,7.40000009536743,7.40000009536743,12.841666666666667,7.208333333333333,7.408333333333334,-0.04465661196375291,0.02851361317547095,-0.0012066449773324693,0.17040835400020526,0.6780613198572256,0.49387764638783693
249,10000494,FL,STATE,7.30000001192093,-1.6999999880790702,12.2000002861023,7.25,7.25,12.841666666666667,7.208333333333333,7.408333333333334,-0.05290090459771844,0.0061986084756483675,-0.0229265169424745,0.07040844936760493,0.5280612244897958,0.34387755102040707
250,10000495,FL,STATE,5.374999880790712,-3.6250001192092878,11.0,5.09999990463257,5.09999990463257,12.841666666666667,7.208333333333333,7.408333333333334,-0.15183253414093828,-0.31364960305529377,-0.3342444976546614,-1.1295918367346953,-1.621938870877634,-1.8061225443470228
251,10000502,FL,STATE,6.537499964237215,-2.462500035762785,10.3999996185303,6.35000014305115,6.45000004768372,12.841666666666667,7.208333333333333,7.408333333333334,-0.20129836856848987,-0.12769131331712172,-0.13876575353673484,-1.7295922182043952,-0.3719386324590541,-0.45612240129587267
252,10000503,FL,STATE,6.574999928474428,-2.425000071525572,10.3999996185303,6.40000009536743,6.5,12.841666666666667,7.208333333333333,7.408333333333334,-0.20129836856848987,-0.12025299024008881,-0.13152580772261632,-1.7295922182043952,-0.3219386801427744,-0.40612244897959293
253,10000504,FL,STATE,6.574999928474428,-2.425000071525572,10.3999996185303,6.40000009536743,6.5,12.841666666666667,7.208333333333333,7.408333333333334,-0.20129836856848987,-0.12025299024008881,-0.13152580772261632,-1.7295922182043952,-0.3219386801427744,-0.40612244897959293
254,10000507,FL,STATE,5.850000023841857,-3.149999976158143,11.1000003814697,5.59999990463257,5.80000019073486,12.841666666666667,7.208333333333333,7.408333333333334,-0.14358820219508936,-0.23926630134751387,-0.2328851181658547,-1.0295914552649954,-1.121938870877634,-1.1061222582447332
255,10000508,FL,STATE,5.924999833106997,-3.0750001668930027,11.8000001907349,5.59999990463257,5.69999980926514,12.841666666666667,7.208333333333333,7.408333333333334,-0.08587811444545561,-0.23926630134751387,-0.2473650788396616,-0.32959164599979474,-1.121938870877634,-1.2061226397144527
256,10000509,FL,STATE,6.15000009536743,-2.84999990463257,11.6999998092651,5.80000019073486,6.0,12.841666666666667,7.208333333333333,7.408333333333334,-0.09412244639131286,-0.20951293810193605,-0.20392533490937753,-0.4295920274695959,-0.9219385847753445,-0.9061224489795929
257,10000510,FL,STATE,6.3125,-2.6875,11.6500000953674,6.0,6.25,12.841666666666667,7.208333333333333,7.408333333333334,-0.09824457305234977,-0.17975964579380135,-0.16772557131599694,-0.47959174136729565,-0.7219387755102042,-0.6561224489795929
258,10000512,FL,STATE,7.100000023841858,-1.899999976158142,11.3000001907349,6.95000004768372,7.04999995231628,12.841666666666667,7.208333333333333,7.408333333333334,-0.1270996169271583,-0.03843136545527446,-0.051886334721736586,-0.8295916459997947,0.22806127217351602,0.1438775033366868
259,10000518,FL,STATE,8.024999856948853,-0.9750001430511475,13.5,7.69999980926514,7.80000019073486,12.841666666666667,7.208333333333333,7.408333333333334,0.05427497826757521,0.07314355163767303,0.05671299058119017,1.3704081632653047,0.978061033754936,0.8938777417552668
260,10000519,FL,STATE,8.024999856948853,-0.9750001430511475,13.5,7.69999980926514,7.80000019073486,12.841666666666667,7.208333333333333,7.408333333333334,0.05427497826757521,0.07314355163767303,0.05671299058119017,1.3704081632653047,0.978061033754936,0.8938777417552668
261,10000525,FL,STATE,7.675000071525573,-1.3249999284744272,11.6999998092651,7.40000009536743,7.69999980926514,12.841666666666667,7.208333333333333,7.408333333333334,-0.09412244639131286,0.02851361317547095,0.04223302990738327,-0.4295920274695959,0.6780613198572256,0.7938773602855473
262,10000533,FL,STATE,6.90000009536743,-2.09999990463257,13.0,6.5,7.0,12.841666666666667,7.208333333333333,7.408333333333334,0.013053475785872511,-0.10537634408602146,-0.05912628053585511,0.8704081632653047,-0.22193877551020424,0.09387755102040707
263,10000542,FL,FEDERAL,7.233333349227905,-1.7666666507720947,12.1999998092651,6.86666679382324,7.19999996821086,12.841666666666667,7.208333333333333,7.408333333333334,-0.05290094390961016,-0.050828570583664634,-0.030166474264188035,0.0704079725304041,0.14472801831303617,0.29387751923126704
264,10000545,FL,STATE,6.649999976158142,-2.350000023841858,11.6999998092651,6.40000009536743,6.59999990463257,12.841666666666667,7.208333333333333,7.408333333333334,-0.09412244639131286,-0.12025299024008881,-0.11704591609437774,-0.4295920274695959,-0.3219386801427744,-0.3061225443470228
265,10000546,FL,STATE,6.612500011920927,-2.387499988079073,11.6999998092651,6.40000009536743,6.54999995231628,12.841666666666667,7.208333333333333,7.408333333333334,-0.09412244639131286,-0.12025299024008881,-0.1242858619084978,-0.4295920274695959,-0.3219386801427744,-0.3561224966633132
266,10000547,FL,STATE,8.450000047683716,-0.5499999523162842,11.5,8.0,8.5,12.841666666666667,7.208333333333333,7.408333333333334,-0.11061103165923558,0.11777356103731819,0.15807230102442854,-0.6295918367346953,1.2780612244897958,1.593877551020407
267,10000548,FL,STATE,8.487500071525572,-0.512499928474428,11.5999999046326,8.0,8.55000019073486,12.841666666666667,7.208333333333333,7.408333333333334,-0.10236673902527003,0.11777356103731819,0.165312281361332,-0.529591932102095,1.2780612244897958,1.6438777417552668
268,10000550,FL,FEDERAL,7.149999976158142,-1.850000023841858,12.1999998092651,6.80000019073486,7.09999990463257,12.841666666666667,7.208333333333333,7.408333333333334,-0.05290094390961016,-0.060746334686376295,-0.044646388907616526,0.0704079725304041,0.07806141522465548,0.1938774556529772
269,10000554,CO,STATE,5.233333428700762,-3.766666571299238,6.59999990463257,4.33333349227905,4.76666673024495,6.583333333333333,5.816666666666666,5.6000000000000005,0.001374042220345954,-0.22067043808726589,-0.12066586943852685,-5.529591932102125,-2.388605283231154,-2.1394557187346432
270,10000557,CO,STATE,4.60833332935969,-4.39166667064031,4.93333339691162,3.66666666666667,3.96666661898295,6.583333333333333,5.816666666666666,5.6000000000000005,-0.13603095294803386,-0.31984819734345293,-0.23650512904797716,-7.196258439823075,-3.055272108843534,-2.939455829996643
271,10000560,CO,STATE,7.71250009536743,-1.2874999046325701,7.54999995231628,7.25,6.90000009536743,6.583333333333333,5.816666666666666,5.6000000000000005,0.07969490086676938,0.21323213156230236,0.18823878449469275,-4.579591884418416,0.5280612244897958,-0.006122353612163067
272,10000561,CO,STATE,7.71250009536743,-1.2874999046325701,7.54999995231628,7.25,6.90000009536743,6.583333333333333,5.816666666666666,5.6000000000000005,0.07969490086676938,0.21323213156230236,0.18823878449469275,-4.579591884418416,0.5280612244897958,-0.006122353612163067
273,10000563,CO,STATE,6.899999976158142,-2.100000023841858,7.19999980926514,6.40000009536743,5.90000009536743,6.583333333333333,5.816666666666666,5.6000000000000005,0.050839837336011696,0.08678053284656519,0.04343973012117031,-4.929592027469555,-0.3219386801427744,-1.006122353612163
274,10000565,CO,STATE,5.649999976158143,-3.350000023841857,6.59999990463257,4.90000009536743,5.69999980926514,6.583333333333333,5.816666666666666,5.6000000000000005,0.001374042220345954,-0.13636937227677448,0.014479877819124841,-5.529591932102125,-1.8219386801427744,-1.2061226397144527
275,10000567,CO,STATE,4.649999976158145,-4.350000023841855,6.0,4.09999990463257,4.45000004768372,6.583333333333333,5.816666666666666,5.6000000000000005,-0.048091752895319785,-0.2553826833841995,-0.16651890562499327,-6.129591836734695,-2.621938870877634,-2.4561224012958727
276,10000569,CO,STATE,5.666666746139525,-3.3333332538604754,5.40000009536743,4.83333349227905,5.30000019073486,6.583333333333333,5.816666666666666,5.6000000000000005,-0.09755754801098553,-0.146287136379486,-0.043439688693829484,-6.7295917413672655,-1.8886052832311542,-1.6061222582447332
277,10000573,CO,STATE,4.950000047683715,-4.049999952316285,5.06666660308838,4.59999990463257,4.40000009536743,6.583333333333333,5.816666666666666,5.6000000000000005,-0.1250385627694165,-0.18099938167641963,-0.17375885143911335,-7.0629252336463155,-2.121938870877634,-2.506122353612163
278,10000575,CO,STATE,5.218750089406965,-3.7812499105930346,5.87500011920929,4.80000007152557,4.77500009536743,6.583333333333333,5.816666666666666,5.6000000000000005,-0.058397118687773336,-0.15124603616520294,-0.11945920604904242,-6.254591717525405,-1.921938703984634,-2.131122353612163
279,10000576,CO,STATE,5.200000047683715,-3.799999952316285,5.85000014305115,4.75,4.75,6.583333333333333,5.816666666666666,5.6000000000000005,-0.060458191846263915,-0.15868437697659704,-0.12307919621749415,-6.279591693683545,-1.9719387755102042,-2.156122448979593
280,10000577,CO,STATE,5.158333301544193,-3.841666698455807,5.90000009536743,4.73333326975505,4.73333326975505,6.583333333333333,5.816666666666666,5.6000000000000005,-0.056336045529282834,-0.1611638298251816,-0.12549252299646144,-6.2295917413672655,-1.988605505755154,-2.1727891792245426
281,10000578,CO,STATE,5.458333253860475,-3.5416667461395246,5.76666673024495,5.13333320617676,4.93333339691162,6.583333333333333,5.816666666666666,5.6000000000000005,-0.067328448811863,-0.10165719791728405,-0.09653269370960588,-6.362925106489746,-1.5886055693334447,-1.9727890520679727
282,10000579,CO,FEDERAL,5.174999952316285,-3.825000047683715,6.19999980926514,4.69999980926514,4.69999980926514,6.583333333333333,5.816666666666666,5.6000000000000005,-0.031603167627393694,-0.16612273552235227,-0.1303191765543976,-5.929592027469555,-2.021938966245064,-2.2061226397144527
283,10000580,CO,FEDERAL,5.149999976158142,-3.850000023841858,6.13333320617676,4.69999980926514,4.69999980926514,6.583333333333333,5.816666666666666,5.6000000000000005,-0.037099362716702444,-0.16612273552235227,-0.1303191765543976,-5.996258630557936,-2.021938966245064,-2.2061226397144527
284,10000581,CO,FEDERAL,5.162499964237215,-3.837500035762785,6.19999980926514,4.69999980926514,4.69999980926514,6.583333333333333,5.816666666666666,5.6000000000000005,-0.031603167627393694,-0.16612273552235227,-0.1303191765543976,-5.929592027469555,-2.021938966245064,-2.2061226397144527
285,10000582,CO,FEDERAL,5.149999976158142,-3.850000023841858,6.09999990463257,4.69999980926514,4.69999980926514,6.583333333333333,5.816666666666666,5.6000000000000005,-0.03984746026135674,-0.16612273552235227,-0.1303191765543976,-6.029591932102125,-2.021938966245064,-2.2061226397144527
286,10000585,CO,STATE,4.437499910593033,-4.562500089406967,6.59999990463257,3.85000002384186,4.14999985694885,6.583333333333333,5.816666666666666,5.6000000000000005,0.001374042220345954,-0.2925743165037283,-0.20995864955527888,-5.529591932102125,-2.871938751668344,-2.756122592030743
287,10000586,CO,STATE,5.899999976158143,-3.100000023841857,7.59999990463257,5.30000019073486,5.69999980926514,6.583333333333333,5.816666666666666,5.6000000000000005,0.08381704718375134,-0.07686271672306194,0.014479877819124841,-4.529591932102125,-1.4219385847753445,-1.2061226397144527
288,10000587,CO,STATE,6.024999976158142,-2.975000023841858,7.54999995231628,5.45000004768372,5.75,6.583333333333333,5.816666666666666,5.6000000000000005,0.07969490086676938,-0.05454774749196011,0.02171985815602829,-4.579591884418416,-1.271938727826484,-1.156122448979593
289,10000593,CO,STATE,4.137500107288361,-4.862499892711639,6.19999980926514,3.5,3.90000009536743,6.583333333333333,5.816666666666666,5.6000000000000005,-0.031603167627393694,-0.34464263124604677,-0.24615837862587456,-5.929592027469555,-3.2219387755102042,-3.006122353612163
290,10000595,AZ,STATE,3.724999994039535,-5.2750000059604645,4.30000019073486,3.45000004768372,3.54999995231628,9.583333333333334,7.341666666666666,8.424999999999999,-0.4355738604985702,-0.5789500245318083,-0.7058953969754792,-7.829591645999836,-3.2719387278264844,-3.3561224966633127
291,10000598,AZ,STATE,6.437499940395355,-2.5625000596046448,5.57499992847443,5.75,6.25,9.583333333333334,7.341666666666666,8.424999999999999,-0.33045905079176624,-0.23678684376976586,-0.31493794326241115,-6.5545919082602655,-0.9719387755102042,-0.6561224489795929
292,10000600,AZ,STATE,4.812499940395355,-4.187500059604645,3.70000004768372,4.14999985694885,4.5,9.583333333333334,7.341666666666666,8.424999999999999,-0.4850396752701793,-0.4748134305158952,-0.5683362884160754,-8.429591789050976,-2.5719389185613544,-2.406122448979593
293,10000601,AZ,FEDERAL,7.612500011920931,-1.3874999880790693,8.25,6.70000004768372,7.5,9.583333333333334,7.341666666666666,8.424999999999999,-0.10992400661787391,-0.09545856343123897,-0.1339391252955081,-3.8795918367346953,-0.021938727826483984,0.5938775510204071
294,10000603,AZ,FEDERAL,7.725000023841858,-1.274999976158142,8.19999980926514,6.80000019073486,7.59999990463257,9.583333333333334,7.341666666666666,8.424999999999999,-0.11404617259079916,-0.08058188180845086,-0.11945923366726952,-3.929592027469555,0.07806141522465548,0.6938774556529772
295,10000605,AZ,STATE,9.512500047683718,0.5125000476837176,16.8499994277954,8.60000038146973,9.54999971389771,9.583333333333334,7.341666666666666,8.424999999999999,0.5990857888931458,0.18719803271453556,0.16289889474287192,4.720407591060704,1.8780616059595259,2.6438772649181175
296,10000606,AZ,STATE,12.050000190734876,3.0500001907348757,14.8999996185303,10.8000001907349,12.0,9.583333333333334,7.341666666666666,8.424999999999999,0.4383219449392636,0.5144845318537943,0.5176566193853429,2.7704077817956048,4.078061415224696,5.093877551020407
297,10000613,AZ,FEDERAL,5.824999928474428,-3.175000071525572,5.19999980926514,5.19999980926514,5.59999990463257,9.583333333333334,7.341666666666666,8.424999999999999,-0.3613751874810153,-0.31860850402330093,-0.4090573424143144,-6.929592027469555,-1.521938966245064,-1.3061225443470228
298,10000615,AZ,STATE,7.183333396911619,-1.8166666030883807,8.69999980926514,6.20000012715658,6.73333342870076,9.583333333333334,7.341666666666666,8.424999999999999,-0.07282467010909646,-0.16984185331611149,-0.24495171983942873,-3.429592027469555,-0.5219386483536246,-0.1727890202788327
299,10000618,AZ,STATE,7.225000023841857,-1.774999976158143,9.30000019073486,6.30000019073486,6.69999980926514,9.583333333333334,7.341666666666666,8.424999999999999,-0.023358835681543257,-0.15496518351623073,-0.24977839641255337,-2.8295916459998356,-0.4219385847753445,-0.20612263971445266
300,10000619,AZ,MULTI,7.149999976158143,-1.850000023841857,9.5,6.19999980926514,6.69999980926514,9.583333333333334,7.341666666666666,8.424999999999999,-0.0068702504136171644,-0.16984190060774118,-0.24977839641255337,-2.6295918367346953,-0.521938966245064,-0.20612263971445266
301,10000622,AZ,STATE,7.312500059604647,-1.6874999403953526,10.75,6.45000004768372,7.75,9.583333333333334,7.341666666666666,8.424999999999999,0.09618350579063957,-0.1326502142851289,-0.09773936170212749,-1.3795918367346953,-0.271938727826484,0.8438775510204071
302,10000624,AZ,FEDERAL,5.42500001192093,-3.57499998807907,5.85000014305115,4.65000009536743,5.35000014305115,9.583333333333334,7.341666666666666,8.424999999999999,-0.30778720673648013,-0.400430093339393,-0.44525707148491006,-6.279591693683545,-2.0719386801427744,-1.5561223059284428
303,10000626,AZ,STATE,5.299999952316284,-3.700000047683716,5.69999980926514,4.40000009536743,5.09999990463257,9.583333333333334,7.341666666666666,8.424999999999999,-0.3201536849993126,-0.4376217441932829,-0.4814568696010756,-6.429592027469555,-2.3219386801427744,-1.8061225443470228
304,10000627,AZ,FEDERAL,5.087499976158142,-3.912500023841858,5.80000019073486,4.25,5.09999990463257,9.583333333333334,7.341666666666666,8.424999999999999,-0.3119093530534621,-0.4599367488931055,-0.4814568696010756,-6.329591645999836,-2.4719387755102042,-1.8061225443470228
305,10000628,AZ,STATE,4.850000023841858,-4.149999976158142,5.5,4.09999990463257,4.80000019073486,9.583333333333334,7.341666666666666,8.424999999999999,-0.33664227026723875,-0.4822517535929281,-0.5248965444857914,-6.629591836734695,-2.621938870877634,-2.106122258244733
306,10000632,AZ,STATE,5.056249976158142,-3.943750023841858,5.35000002384186,4.52499997615814,4.75,9.583333333333334,7.341666666666666,8.424999999999999,-0.349008719046155,-0.419025936500699,-0.5321365248226948,-6.779591812892836,-2.196938799352064,-2.156122448979593
307,10000633,IL,FEDERAL,8.400000035762787,-0.5999999642372131,15.5499997138977,8.34999990463257,7.95000004768372,16.925,8.616666666666667,8.475,-0.11335915541181583,-0.03967110843163796,-0.07601949664154163,3.4204078771630044,1.628061129122366,1.0438775987041273
308,10000635,IL,STATE,9.100000143051151,0.10000014305115101,18.7999992370605,9.10000038146973,8.60000038146973,16.925,8.616666666666667,8.475,0.15458057140736012,0.07190391506747654,0.018099937033146548,6.670407400325805,2.378061605959526,1.6938779324901372
309,10000636,IL,STATE,9.125,0.125,18.7999992370605,9.0,8.69999980926514,16.925,8.616666666666667,8.475,0.15458057140736012,0.057027197975964505,0.032579759615815274,6.670407400325805,2.2780612244897958,1.7938773602855473
310,10000638,IL,STATE,8.774999856948853,-0.22500014305114746,16.6000003814697,8.5,8.5,16.925,8.616666666666667,8.475,-0.0267939451635983,-0.017356103731815377,0.0036199763593381122,4.470408544735006,1.7780612244897958,1.593877551020407
311,10000642,IL,STATE,7.69166664282481,-1.30833335717519,14.233333269755,7.53333330154419,7.06666660308838,16.925,8.616666666666667,8.475,-0.22190909360142172,-0.16116382509601931,-0.20392534411545318,2.1037414330203053,0.8113945260339861,0.16054415410878686
312,10000644,IL,STATE,8.71250021457672,-0.2874997854232806,16.0500001907349,8.65000009536743,8.30000019073486,16.925,8.616666666666667,8.475,-0.07213761361822156,0.004958900968007206,-0.02533980689713905,3.9204083540002035,1.9280613198572256,1.3938777417552668
313,10000646,IL,STATE,9.612499952316293,0.6124999523162931,17.5,9.30000019073486,9.34999990463257,16.925,8.616666666666667,8.475,0.047404727853958044,0.10165720737560967,0.12669915876771853,5.370408163265305,2.5780614152246555,2.443877455652977
314,10000647,IL,STATE,9.76250004768371,0.7625000476837105,17.7000007629395,9.60000038146973,9.44999980926514,16.925,8.616666666666667,8.475,0.06389339174566405,0.1462872167752564,0.1411790503959571,5.570408926204804,2.878061605959526,2.5438773602855473
315,10000652,IL,STATE,7.600000023841857,-1.399999976158143,14.8999996185303,7.40000009536743,7.19999980926514,16.925,8.616666666666667,8.475,-0.16694711650040434,-0.1809993533014425,-0.18461882194446838,2.7704077817956048,0.6780613198572256,0.29387736028554734
316,10000653,IL,STATE,8.09999990463257,-0.9000000953674299,15.0999999046326,7.95000004768372,7.85000014305115,16.925,8.616666666666667,8.475,-0.1504584919205899,-0.09917772851662815,-0.09049938826978021,2.970408067897905,1.228061272173516,0.9438776940715572
317,10000655,IL,STATE,7.874999940395358,-1.125000059604642,15.5999999046326,7.59999990463257,7.70000004768372,16.925,8.616666666666667,8.475,-0.10923698943888721,-0.15124606099330778,-0.11221926023492224,3.470408067897905,0.8780611291223659,0.7938775987041273
318,10000657,IL,STATE,8.47499990463257,-0.5250000953674299,15.8000001907349,8.30000019073486,8.19999980926514,16.925,8.616666666666667,8.475,-0.09274836485907277,-0.0471093960399501,-0.03981976757094594,3.6704083540002053,1.5780614152246555,1.2938773602855473
319,10000658,IL,FEDERAL,8.150000095367433,-0.8499999046325666,15.25,7.95000004768372,7.95000004768372,16.925,8.616666666666667,8.475,-0.1380920333137041,-0.09917772851662815,-0.07601949664154163,3.1204081632653047,1.228061272173516,1.0438775987041273
320,10000659,IL,FEDERAL,8.212500035762787,-0.7874999642372131,15.75,8.0,8.05000019073486,16.925,8.616666666666667,8.475,-0.0968705308320014,-0.09173940543959526,-0.06153957049051966,3.6204081632653047,1.2780612244897958,1.1438777417552668
321,10000660,IL,STATE,8.300000190734865,-0.6999998092651349,14.8999996185303,8.0,8.10000038146973,16.925,8.616666666666667,8.475,-0.16694711650040434,-0.09173940543959526,-0.05429959015361467,2.7704077817956048,1.2780612244897958,1.1938779324901372
322,10000662,IL,STATE,8.787500023841858,-0.2124999761581421,16.25,8.80000019073486,8.55000019073486,16.925,8.616666666666667,8.475,-0.055649028350298696,0.02727390566782979,0.01085995669624156,4.120408163265305,2.0780614152246555,1.6438777417552668
323,10000664,IL,STATE,7.625,-1.375,14.974999666214,7.42500007152557,7.27499997615814,16.925,8.616666666666667,8.475,-0.16076388719696144,-0.177280191762926,-0.1737588687005056,2.8454078294793046,0.7030612960153659,0.3688775271785474
324,10000665,IL,STATE,7.8083333174387635,-1.1916666825612365,15.233333269755,7.53333330154419,7.53333346048991,16.925,8.616666666666667,8.475,-0.13946608863801632,-0.16116382509601931,-0.13635242445624818,3.1037414330203053,0.8113945260339861,0.6272110115103171
325,10000667,IL,STATE,8.649999856948853,-0.35000014305114746,14.8000001907349,8.19999980926514,8.60000038146973,16.925,8.616666666666667,8.475,-0.17519136982247815,-0.06198611313146054,0.018099937033146548,2.6704083540002053,1.478061033754936,1.6938779324901372
326,10000669,IL,STATE,9.099999904632565,0.0999999046325648,17.0,8.89999961853027,8.80000019073486,16.925,8.616666666666667,8.475,0.006183225372255346,0.042150480884452474,0.047059720289622166,4.870408163265305,2.1780608430200656,1.8938777417552668
327,10000671,IL,STATE,8.175000190734863,-0.8249998092651367,15.1000003814697,8.0,8.10000038146973,16.925,8.616666666666667,8.475,-0.15045845260870652,-0.09173940543959526,-0.05429959015361467,2.9704085447350046,1.2780612244897958,1.1938779324901372
328,10000672,IL,STATE,8.262500107288357,-0.737499892711643,14.8499999046326,7.95000028610229,8.04999995231628,16.925,8.616666666666667,8.475,-0.17106924316144126,-0.0991776930479074,-0.06153960501330446,2.720408067897905,1.2280615105920853,1.1438775033366877
329,10000673,IL,STATE,7.649999976158139,-1.3500000238418606,15.6000003814697,7.5,7.30000019073486,16.925,8.616666666666667,8.475,-0.10923695012700384,-0.16612270714737515,-0.1701388612706615,3.4704085447350046,0.7780612244897958,0.3938777417552668
330,10000674,IL,STATE,8.300000190734865,-0.6999998092651349,16.1000003814697,8.10000038146973,8.0,16.925,8.616666666666667,8.475,-0.068015447645301,-0.07686268834808323,-0.06877955082742311,3.9704085447350064,1.3780616059595259,1.093877551020407
331,10000676,IL,STATE,7.849999904632567,-1.1500000953674334,14.8999996185303,7.80000019073486,7.59999990463257,16.925,8.616666666666667,8.475,-0.16694711650040434,-0.12149269774772999,-0.12669918638594574,2.7704077817956048,1.0780614152246555,0.6938774556529772
332,10000677,IL,STATE,8.150000095367433,-0.8499999046325666,16.2000007629395,8.00000023841858,7.95000004768372,16.925,8.616666666666667,8.475,-0.05977111569944404,-0.09173936997087279,-0.07601949664154163,4.070408926204804,1.2780614629083766,1.0438775987041273
333,10000678,IL,STATE,8.474999964237215,-0.5250000357627851,15.8500003814697,8.34999990463257,8.34999990463257,16.925,8.616666666666667,8.475,-0.08862619888615249,-0.03967110843163796,-0.018099895605803915,3.7204085447350046,1.628061129122366,1.4438774556529772
334,10000679,IL,FEDERAL,8.537500023841858,-0.4624999761581421,16.1000003814697,8.5,8.30000019073486,16.925,8.616666666666667,8.475,-0.068015447645301,-0.017356103731815377,-0.02533980689713905,3.9704085447350064,1.7780612244897958,1.3938777417552668
335,10000680,IL,FEDERAL,8.525000095367432,-0.47499990463256836,15.9499998092651,8.5,8.30000019073486,16.925,8.616666666666667,8.475,-0.08038194556407867,-0.017356103731815377,-0.02533980689713905,3.820407972530404,1.7780612244897958,1.3938777417552668
336,10000682,IL,STATE,8.362500071525572,-0.637499928474428,16.1500005722046,8.09999990463257,8.20000028610229,16.925,8.616666666666667,8.475,-0.06389328167237251,-0.0768627592855279,-0.03981969852537763,4.020408735469905,1.378061129122366,1.2938778371226967
337,10000683,IL,STATE,8.287500023841858,-0.7124999761581421,17.3999996185303,8.25,8.10000038146973,16.925,8.616666666666667,8.475,0.03916039590810899,-0.05454775458570532,-0.05429959015361467,5.270407781795603,1.5280612244897958,1.1938779324901372
338,10000685,IL,STATE,9.149999976158142,0.1499999761581421,17.8000001907349,8.94999980926514,8.95000028610229,16.925,8.616666666666667,8.475,0.07213764506773787,0.04958883943020929,0.0687795922547642,5.6704083540002035,2.228061033754936,2.0438778371226967
339,10000687,IL,STATE,7.724999964237212,-1.2750000357627878,15.6500000953674,7.59999990463257,7.54999995231628,16.925,8.616666666666667,8.475,-0.10511482346596693,-0.15124606099330778,-0.1339391322000658,3.5204082586327043,0.8780611291223659,0.6438775033366868
340,10000688,IL,STATE,8.050000190734863,-0.9499998092651367,16.3999996185303,7.90000009536743,7.80000019073486,16.925,8.616666666666667,8.475,-0.0432826090552964,-0.10661605159366262,-0.09773933408390027,4.270407781795603,1.1780613198572256,0.8938777417552668
341,10000689,IL,STATE,8.175000071525572,-0.824999928474428,16.2999992370605,7.90000009536743,8.0,16.925,8.616666666666667,8.475,-0.051526941001153355,-0.10661605159366262,-0.06877955082742311,4.170407400325805,1.1780613198572256,1.093877551020407
342,10000694,IL,FEDERAL,6.649999976158142,-2.350000023841858,14.6999998092651,6.5,6.40000009536743,16.925,8.616666666666667,8.475,-0.1834357017683354,-0.3148893105629349,-0.30045802401594535,2.570407972530404,-0.22193877551020424,-0.5061223536121631
343,10000695,IL,STATE,7.012500047683715,-1.987499952316285,14.6500000953674,6.75,6.80000019073486,16.925,8.616666666666667,8.475,-0.18755782842937233,-0.277697659709045,-0.2425383884574227,2.5204082586327043,0.028061224489795755,-0.1061222582447332
344,10000696,IL,STATE,6.9375,-2.0625,14.6000003814697,6.75,6.70000004768372,16.925,8.616666666666667,8.475,-0.19167995509040922,-0.277697659709045,-0.25701831460844465,2.4704085447350046,0.028061224489795755,-0.20612240129587267
345,10000699,DE,STATE,8.175000011920927,-0.8249999880790728,15.6999998092651,8.15000009536743,7.95000028610229,15.283333333333333,7.050000000000001,6.733333333333333,0.034351236343327235,0.16364327794460426,0.17617222424845994,3.570407972530404,1.4280613198572256,1.0438778371226967
346,10000701,DE,STATE,8.12500011920929,-0.8749998807907104,15.6999998092651,8.10000038146973,7.90000009536743,15.283333333333333,7.050000000000001,6.733333333333333,0.034351236343327235,0.1562049903362937,0.1689322439115565,3.570407972530404,1.3780616059595259,0.9938776463878369
347,10000704,DE,STATE,6.5,-2.5,15.3999996185303,6.5,6.09999990463257,15.283333333333333,7.050000000000001,6.733333333333333,0.009618319129555608,-0.08182163187855798,-0.09170608157901121,3.2704077817956048,-0.22193877551020424,-0.8061225443470228
348,10000706,DE,STATE,6.225000023841858,-2.774999976158142,15.3999996185303,6.40000009536743,5.90000009536743,15.283333333333333,7.050000000000001,6.733333333333333,0.009618319129555608,-0.09669827803262533,-0.12066586483548837,3.2704077817956048,-0.3219386801427744,-1.006122353612163
349,10000707,DE,STATE,6.17500001192093,-2.82499998807907,15.4499998092651,6.35000002384186,5.87500011920929,15.283333333333333,7.050000000000001,6.733333333333333,0.013740485102475886,-0.10413661884401947,-0.12428583774254758,3.320407972530404,-0.37193875166834456,-1.0311223297703025
350,10000709,PA,STATE,6.337499976158142,-2.662500023841858,12.5499997138977,6.25,6.09999990463257,15.866666666666667,7.633333333333333,7.591666666666665,-0.27343599004909463,-0.20579380139152428,-0.21599193658295104,0.42040787716300443,-0.47193877551020424,-0.8061225443470228
351,10000712,PA,FEDERAL,6.537500023841858,-2.462499976158142,12.3499999046326,6.25,6.5,15.866666666666667,7.633333333333333,7.591666666666665,-0.2899245753170173,-0.20579380139152428,-0.15807230102442843,0.220408067897905,-0.47193877551020424,-0.40612244897959293
352,10000713,PA,FEDERAL,6.475000023841858,-2.524999976158142,12.3000001907349,6.19999980926514,6.40000009536743,15.866666666666667,7.633333333333333,7.591666666666665,-0.29404670197805427,-0.2132321599372795,-0.172552192652667,0.17040835400020526,-0.521938966245064,-0.5061223536121631
353,10000718,PA,STATE,6.512499988079069,-2.4875000119209307,13.3499999046326,6.30000019073486,6.45000004768372,15.866666666666667,7.633333333333333,7.591666666666665,-0.20748157035361195,-0.19835544284576906,-0.16531224683854695,1.220408067897905,-0.4219385847753445,-0.45612240129587267
354,10000719,PA,STATE,7.049999912579855,-1.950000087420145,13.8999999364217,6.76666673024495,7.06666660308838,15.866666666666667,7.633333333333333,7.591666666666665,-0.16213791500295005,-0.12893104683515985,-0.07601951275217486,1.770408099687005,0.044727954734745445,0.16054415410878686
355,10000720,PA,FEDERAL,7.216666658719383,-1.783333341280617,15.0666669209798,7.03333330154419,7.09999990463257,15.866666666666667,7.633333333333333,7.591666666666665,-0.0659543830043854,-0.08925996677849862,-0.07119288220942863,2.937075084245105,0.3113945260339861,0.1938774556529772
356,10000721,PA,STATE,7.087500035762788,-1.9124999642372122,15.1500000953674,7.09999990463257,6.95000004768372,15.866666666666667,7.633333333333333,7.591666666666665,-0.059084145694732235,-0.0793422026757871,-0.09291271965178571,3.0204082586327043,0.3780611291223659,0.04387759870412733
357,10000728,PA,STATE,7.69166664282481,-1.30833335717519,15.3666664759318,7.69999996821086,7.69999996821086,15.866666666666667,7.633333333333333,7.591666666666665,-0.041221518206458356,0.009917768831875,0.015686559620761088,3.237074639197104,0.9780611927006557,0.793877519231267
358,10000733,PA,STATE,8.5583332379659,-0.4416667620340995,16.4666665395101,8.5,8.39999961853027,15.866666666666667,7.633333333333333,7.591666666666665,0.04946579249487379,0.1289310562934852,0.11704584704880802,4.337074702775405,1.7780612244897958,1.493877169550677
359,10000737,PA,STATE,7.32499998807907,-1.6750000119209298,15.0,7.25,7.25,15.866666666666667,7.633333333333333,7.591666666666665,-0.07145060430161805,-0.057027197975964505,-0.04947301024428659,2.8704081632653047,0.5280612244897958,0.34387755102040707
360,10000744,NY,STATE,5.43333339691162,-3.56666660308838,10.8000001907349,4.80000019073486,5.30000019073486,13.350000000000001,6.541666666666667,6.641666666666667,-0.2102296469319255,-0.25910180590712273,-0.19427203699958193,-1.3295916459997947,-1.9219385847753445,-1.6061222582447332
361,10000745,NY,STATE,5.924999952316284,-3.075000047683716,11.6000003814697,5.59999990463257,5.59999990463257,13.350000000000001,6.541666666666667,6.641666666666667,-0.1442752272364512,-0.14008856573714076,-0.1508323621148662,-0.5295914552649954,-1.121938870877634,-1.3061225443470228
362,10000750,NY,STATE,5.625,-3.375,11.3000001907349,5.30000019073486,5.5,13.350000000000001,6.541666666666667,6.641666666666667,-0.1690081444502228,-0.18471850419934285,-0.16531225374310476,-0.8295916459997947,-1.4219385847753445,-1.406122448979593
363,10000751,NY,STATE,5.625,-3.375,11.1999998092651,5.30000019073486,5.5,13.350000000000001,6.541666666666667,6.641666666666667,-0.17725247639608005,-0.18471850419934285,-0.16531225374310476,-0.9295920274695959,-1.4219385847753445,-1.406122448979593
364,10000754,NY,STATE,5.906249970197678,-3.0937500298023224,11.6499998569489,5.64999985694885,5.62499988079071,13.350000000000001,6.541666666666667,6.641666666666667,-0.1401531202313518,-0.1326502426601079,-0.147212389207807,-0.4795919797857948,-1.0719389185613544,-1.2811225681888834
365,10000756,NY,STATE,6.375,-2.625,12.1999998092651,6.0,6.19999980926514,13.350000000000001,6.541666666666667,6.641666666666667,-0.09480947143267467,-0.08058191018342825,-0.0639529432998664,0.0704079725304041,-0.7219387755102042,-0.7061226397144527
366,10000757,NY,STATE,6.25,-2.75,12.1999998092651,5.90000009536743,6.0,13.350000000000001,6.541666666666667,6.641666666666667,-0.09480947143267467,-0.09545855633749561,-0.09291272655634356,0.0704079725304041,-0.8219386801427744,-0.9061224489795929
367,10000759,NY,STATE,6.633333325386047,-2.3666666746139526,12.3000001907349,6.36666679382324,6.40000009536743,13.350000000000001,6.541666666666667,6.641666666666667,-0.08656513948681742,-0.026034136681071424,-0.03499309099782092,0.17040835400020526,-0.35527198168696383,-0.5061223536121631
368,10000760,NY,STATE,6.625,-2.375,12.3000001907349,6.40000009536743,6.40000009536743,13.350000000000001,6.541666666666667,6.641666666666667,-0.08656513948681742,-0.021075254629715726,-0.03499309099782092,0.17040835400020526,-0.3219386801427744,-0.5061223536121631
369,10000761,NY,STATE,6.200000047683715,-2.799999952316285,12.0,5.90000009536743,6.09999990463257,13.350000000000001,6.541666666666667,6.641666666666667,-0.11129805670059739,-0.09545855633749561,-0.07843283492810497,-0.12959183673469532,-0.8219386801427744,-0.8061225443470228
370,10000763,NY,STATE,6.049999952316285,-2.950000047683715,12.1000003814697,5.69999980926514,6.0,13.350000000000001,6.541666666666667,6.641666666666667,-0.1030537247547485,-0.12521191958307343,-0.09291272655634356,-0.029591455264995403,-1.021938966245064,-0.9061224489795929
371,10000770,NJ,FEDERAL,6.256250023841857,-2.743749976158143,14.625,6.05000007152557,5.95000004768372,14.558333333333335,6.783333333333334,6.633333333333334,0.005496200330893527,-0.10909549853079448,-0.09894601358401613,2.4954081632653047,-0.6719387039846341,-0.9561224012958727
372,10000771,CA,STATE,7.687500059604642,-1.312499940395358,5.40000009536743,5.14999985694885,5.30000019073486,11.566666666666668,8.825000000000001,9.508333333333333,-0.5083985227452892,-0.5467172888334161,-0.6093626595370129,-6.7295917413672655,-1.5719389185613544,-1.6061222582447332
373,10000772,CA,FEDERAL,10.449999988079071,1.449999988079071,6.0,6.04999995231628,6.75,11.566666666666668,8.825000000000001,9.508333333333333,-0.45893272762962345,-0.41282733157192364,-0.3994040583136326,-6.129591836734695,-0.6719388231939245,-0.15612244897959293
374,10000773,CA,STATE,9.887499988079062,0.8874999880790622,5.90000009536743,6.45000004768372,6.90000009536743,11.566666666666668,8.825000000000001,9.508333333333333,-0.46717702026358654,-0.3533206760182095,-0.3776841863484906,-6.2295917413672655,-0.271938727826484,-0.006122353612163067
375,10000774,CA,STATE,7.8749998807907104,-1.1250001192092896,4.80000019073486,5.0,5.59999990463257,11.566666666666668,8.825000000000001,9.508333333333333,-0.5578643178609549,-0.5690322580645163,-0.5659229846522971,-7.329591645999836,-1.7219387755102042,-1.3061225443470228
376,10000780,CA,STATE,9.150000214576721,0.1500002145767212,8.5,6.90000009536743,7.80000019073486,11.566666666666668,8.825000000000001,9.508333333333333,-0.25282521522111,-0.2863756973874641,-0.24736502360320678,-3.6295918367346953,0.17806131985722562,0.8938777417552668
377,10000782,CA,STATE,8.591666539510086,-0.4083334604899136,7.76666673024495,6.0,7.19999980926514,11.566666666666668,8.825000000000001,9.508333333333333,-0.3132834136193559,-0.4202656546489565,-0.3342445114637749,-4.362925106489746,-0.7219387755102042,0.29387736028554734
378,10000785,CA,STATE,8.216666658719378,-0.7833333412806223,9.83333301544189,7.03333330154419,7.0,11.566666666666668,8.825000000000001,9.508333333333333,-0.14290123481116204,-0.26654016918204093,-0.36320429472025206,-2.296258821292806,0.3113945260339861,0.09387755102040707
379,10000786,CA,STATE,8.124999940395362,-0.8750000596046377,11.3499999046326,7.0,7.04999995231628,11.566666666666668,8.825000000000001,9.508333333333333,-0.017862658937779632,-0.27149905123339674,-0.35596434890613354,-0.779591932102095,0.27806122448979576,0.1438775033366868
380,10000789,CA,STATE,8.674999833106984,-0.32500016689301603,7.90000009536743,6.19999980926514,7.40000009536743,11.566666666666668,8.825000000000001,9.508333333333333,-0.30229101033677575,-0.39051236234082176,-0.3052846591617294,-4.2295917413672655,-0.521938966245064,0.49387764638783693
381,10000790,CA,STATE,9.491666634877527,0.49166663487752693,9.43333339691162,8.46666653951009,9.33333333333333,11.566666666666668,8.825000000000001,9.508333333333333,-0.17587840534701335,-0.05330805180722776,-0.025339834515366786,-2.696258439823076,1.7447277639998857,2.4272108843537374
382,10000794,CA,STATE,9.450000047683726,0.4500000476837265,12.3000001907349,7.69999980926514,9.0,11.566666666666668,8.825000000000001,9.508333333333333,0.060458219364588846,-0.16736245721748214,-0.07360618597320717,0.17040835400020526,0.978061033754936,2.093877551020407
383,10000799,CA,STATE,10.099999984105432,1.0999999841054322,12.6333335240682,8.1333335240682,9.46666685740153,11.566666666666668,8.825000000000001,9.508333333333333,0.08793922101905458,-0.10289687232078396,-0.00603326631400228,0.5037416873335054,1.4113947485579965,2.5605444084219364
384,10000801,CA,STATE,12.075000286102282,3.0750002861022825,14.5,8.60000038146973,10.5,11.566666666666668,8.825000000000001,9.508333333333333,0.24183281455932235,-0.03347242901854505,0.14359239558707648,2.3704081632653047,1.8780616059595259,3.593877551020407
385,10000802,CA,STATE,12.0750002861023,3.0750002861023003,14.3999996185303,8.5,10.5,11.566666666666668,8.825000000000001,9.508333333333333,0.23358848261347345,-0.048349146110057084,0.14359239558707648,2.2704077817956048,1.7780612244897958,3.593877551020407
386,10000806,CA,FEDERAL,12.90000009536744,3.9000000953674405,15.5500001907349,9.55000019073486,11.75,11.566666666666668,8.825000000000001,9.508333333333333,0.32839798549565635,0.1078558158512579,0.3245912135539795,3.4204083540002053,2.8280614152246555,4.843877551020407
387,10000810,CA,STATE,7.131250023841858,-1.868749976158142,10.8249998092651,5.14999997615814,6.95000004768372,11.566666666666668,8.825000000000001,9.508333333333333,-0.061145244405950816,-0.5467172710990548,-0.3704442405343706,-1.304592027469596,-1.571938799352064,0.04387759870412733
388,10000811,CA,STATE,10.074999928474444,1.074999928474444,8.80000019073486,7.40000009536743,7.19999980926514,11.566666666666668,8.825000000000001,9.508333333333333,-0.22809229800733338,-0.2119923956796842,-0.3342445114637749,-3.3295916459998356,0.6780613198572256,0.29387736028554734
389,10000814,CA,STATE,6.062499940395355,-2.9375000596046448,6.64999985694885,5.52499997615814,5.32499992847443,11.566666666666668,8.825000000000001,9.508333333333333,-0.40534478619697667,-0.49092979481821986,-0.6057427211527371,-5.4795919797858454,-1.196938799352064,-1.581122520505163
390,10000817,CA,STATE,6.418750017881395,-2.581249982118605,5.57499992847443,4.94999992847443,5.92499995231628,11.566666666666668,8.825000000000001,9.508333333333333,-0.4939710106358537,-0.5764705988759103,-0.5188632850763463,-6.5545919082602655,-1.7719388470357744,-0.9811224966633132
391,10000821,CA,STATE,6.574999928474428,-2.425000071525572,5.59999990463257,5.09999990463257,6.09999990463257,11.566666666666668,8.825000000000001,9.508333333333333,-0.4919099374773631,-0.5541556119104489,-0.4935234574655359,-6.529591932102125,-1.621938870877634,-0.8061225443470228
392,10000822,CA,STATE,6.149999976158143,-2.850000023841857,5.59999990463257,4.69999980926514,5.69999980926514,11.566666666666668,8.825000000000001,9.508333333333333,-0.4919099374773631,-0.6136622674641614,-0.5514430930240586,-6.529591932102125,-2.021938966245064,-1.2061226397144527
393,10000824,CA,STATE,12.468749880790693,3.4687498807906927,18.375,9.89999961853027,11.9499998092651,11.566666666666668,8.825000000000001,9.508333333333333,0.5612994587925182,0.15992404192177054,0.35355099681045077,6.245408163265305,3.1780608430200656,5.0438773602855065
394,10000825,CA,STATE,12.462499856948844,3.4624998569488437,18.3500003814697,9.89999961853027,11.9499998092651,11.566666666666668,8.825000000000001,9.508333333333333,0.5592384151179416,0.15992404192177054,0.35355099681045077,6.220408544735006,3.1780608430200656,5.0438773602855065
395,10000826,CA,STATE,7.575000047683715,-1.424999952316285,10.6999998092651,6.0,7.30000019073486,11.566666666666668,8.825000000000001,9.508333333333333,-0.07145062002637649,-0.4202656546489565,-0.31976455078996796,-1.429592027469596,-0.7219387755102042,0.3938777417552668
396,10000830,CA,FEDERAL,10.150000095367439,1.1500000953674387,10.3000001907349,8.80000019073486,10.0500001907349,11.566666666666668,8.825000000000001,9.508333333333333,-0.10442779056222193,-0.003719136710411918,0.07843284873722463,-1.8295916459997947,2.0780614152246555,3.1438777417553077
397,10000831,CA,FEDERAL,10.15833353996277,1.1583335399627703,10.2000001271566,8.73333358764648,10.0666669209798,11.566666666666668,8.825000000000001,9.508333333333333,-0.11267209630014868,-0.013636900813123316,0.08084617551618473,-1.9295917095780961,2.0113948121362766,3.1605444720002076
398,10000832,CA,FEDERAL,10.175000190734838,1.1750001907348384,10.3000001907349,8.80000019073486,10.1000003814697,11.566666666666668,8.825000000000001,9.508333333333333,-0.10442779056222193,-0.003719136710411918,0.08567282907411933,-1.8295916459997947,2.0780614152246555,3.193877932490107
399,10000833,CA,FEDERAL,10.091666698455821,1.0916666984558212,10.3000001907349,8.73333358764648,10.0,11.566666666666668,8.825000000000001,9.508333333333333,-0.10442779056222193,-0.013636900813123316,0.07119286840031526,-1.8295916459997947,2.0113948121362766,3.093877551020407
400,10000836,CA,STATE,14.808333476384474,5.808333476384474,15.8333330154419,13.3666667938232,13.3666667938232,11.566666666666668,8.825000000000001,9.508333333333333,0.3517567949692712,0.6756483427623127,0.5586830365366532,3.7037411787072045,6.644728018312995,6.460544344843607
401,10000838,CA,STATE,6.200000166893003,-2.7999998331069973,11.5,5.90000009536743,5.80000019073486,11.566666666666668,8.825000000000001,9.508333333333333,-0.00549620033089382,-0.43514230080302385,-0.5369631323502516,-0.6295918367346953,-0.8219386801427744,-1.1061222582447332
402,10000840,CA,STATE,15.200000047683725,6.200000047683725,15.8999996185303,13.8999996185303,13.8000001907349,11.566666666666668,8.825000000000001,9.508333333333333,0.3572529900585815,0.7549904555840141,0.6214293026379337,3.7704077817956048,7.178060843020096,6.893877741755308
403,10000841,CA,STATE,13.956250011920925,4.956250011920925,17.25,10.3499999046326,13.0250000953674,11.566666666666668,8.825000000000001,9.508333333333333,0.4685510782086872,0.22686905602124435,0.5092100216893299,5.120408163265305,3.628061129122396,6.118877646387807
404,10000844,CA,STATE,13.700000047683725,4.700000047683725,17.5,10.1999998092651,12.8999996185303,11.566666666666668,8.825000000000001,9.508333333333333,0.4891618294495385,0.20455405132141122,0.49111007084707853,5.370408163265305,3.478061033754895,5.993877169550707
405,10000847,CA,STATE,13.100000023841858,4.100000023841858,17.9499998092651,9.65000009536743,12.75,11.566666666666668,8.825000000000001,9.508333333333333,0.5262611659583127,0.12273246200532527,0.469390267927502,5.820407972530406,2.9280613198572256,5.843877551020407
406,10000850,CA,STATE,14.462499976158151,5.462499976158151,16.5,10.3499999046326,13.1999998092651,11.566666666666668,8.825000000000001,9.508333333333333,0.4067188244861331,0.22686905602124435,0.5345498147773539,4.370408163265305,3.628061129122396,6.2938773602855065
407,10000851,CA,STATE,14.425000190734876,5.425000190734876,16.5,10.3000001907349,13.1999998092651,11.566666666666668,8.825000000000001,9.508333333333333,0.4067188244861331,0.21943076841293382,0.5345498147773539,4.370408163265305,3.5780614152246963,6.2938773602855065
408,10000852,CA,STATE,9.050000071525558,0.05000007152555774,7.19999980926514,6.90000009536743,8.25,11.566666666666668,8.825000000000001,9.508333333333333,-0.360001137398292,-0.2863756973874641,-0.182205476753349,-4.929592027469555,0.17806131985722562,1.343877551020407
409,10000855,CA,STATE,6.599999964237212,-2.4000000357627878,6.5,4.90000009536743,6.04999995231628,11.566666666666668,8.825000000000001,9.508333333333333,-0.41771122514792075,-0.5839089042185837,-0.500763403279656,-5.629591836734695,-1.8219386801427744,-0.8561224966633132
410,10000856,CA,STATE,10.60000014305114,1.6000001430511404,15.1999998092651,9.30000019073486,9.5,11.566666666666668,8.825000000000001,9.508333333333333,0.29954290230894776,0.07066416499736797,-0.0012066587864459518,3.070407972530404,2.5780614152246555,2.593877551020407
411,10000857,CA,STATE,10.90000003576278,1.9000000357627798,15.3499999046326,9.625,9.82500004768372,11.566666666666668,8.825000000000001,9.508333333333333,0.3119093609158419,0.11901328273244766,0.04585304078950631,3.220408067897905,2.9030612244897958,2.9188775987041264
412,10000858,CA,STATE,6.412500023841858,-2.587499976158142,11.1000003814697,6.09999990463257,5.75,11.566666666666668,8.825000000000001,9.508333333333333,-0.03847337086674761,-0.4053890084948891,-0.544203112687155,-1.0295914552649954,-0.6219388708776341,-1.156122448979593
413,10000861,CA,STATE,5.312500059604645,-3.6874999403953552,9.41666634877523,4.78333346048991,5.48333334922791,11.566666666666668,8.825000000000001,9.508333333333333,-0.177252486879247,-0.6012650032212355,-0.5828161915519081,-2.712925487959465,-1.9386053150202942,-1.4227890997516832
414,10000863,CA,FEDERAL,6.175000011920927,-2.824999988079073,7.14999985694885,4.90000009536743,5.64999985694885,11.566666666666668,8.825000000000001,9.508333333333333,-0.36412328371527397,-0.5839089042185837,-0.5586830388381786,-4.9795919797858454,-1.8219386801427744,-1.256122592030743
415,10000864,CA,FEDERAL,5.937499940395354,-3.0625000596046457,7.14999985694885,4.75,5.39999985694885,11.566666666666668,8.825000000000001,9.508333333333333,-0.36412328371527397,-0.6062239089184062,-0.5948828024315592,-4.9795919797858454,-1.9719387755102042,-1.506122592030743
416,10000867,CA,FEDERAL,6.125,-2.875,7.19999980926514,4.90000009536743,5.59999990463257,11.566666666666668,8.825000000000001,9.508333333333333,-0.360001137398292,-0.5839089042185837,-0.5659229846522971,-4.929592027469555,-1.8219386801427744,-1.3061225443470228
417,10000869,CA,STATE,11.850000143051124,2.8500001430511244,13.6000003814697,10.6000003814697,10.1999998092651,11.566666666666668,8.825000000000001,9.508333333333333,0.16763414154176587,0.26406077781257,0.10015265165678651,1.4704085447350046,3.8780616059594957,3.2938773602855065
418,10000871,CA,FEDERAL,11.625,2.625,11.6000003814697,10.1000003814697,10.8999996185303,11.566666666666668,8.825000000000001,9.508333333333333,0.002748131614955083,0.1896774761047901,0.20151196210003364,-0.5295914552649954,3.3780616059594957,3.993877169550707
419,10000874,CA,FEDERAL,11.625,2.625,11.6000003814697,10.1000003814697,10.8999996185303,11.566666666666668,8.825000000000001,9.508333333333333,0.002748131614955083,0.1896774761047901,0.20151196210003364,-0.5295914552649954,3.3780616059594957,3.993877169550707
420,10000877,CA,STATE,6.075000047683715,-2.924999952316285,9.0,5.69999980926514,5.30000019073486,11.566666666666668,8.825000000000001,9.508333333333333,-0.21160371273940728,-0.46489566404860166,-0.6093626595370129,-3.1295918367346953,-1.021938966245064,-1.6061222582447332
421,10000878,CA,STATE,8.049999952316284,-0.9500000476837158,11.3999996185303,7.19999980926514,7.5,11.566666666666668,8.825000000000001,9.508333333333333,-0.013740532276742722,-0.241745758925262,-0.2908047675334908,-0.7295922182043952,0.478061033754936,0.5938775510204071
422,10000879,CA,STATE,7.15000009536743,-1.8499999046325701,11.1999998092651,7.09999990463257,6.30000019073486,11.566666666666668,8.825000000000001,9.508333333333333,-0.030229117544673792,-0.2566224050793294,-0.46456360516349043,-0.9295920274695959,0.3780611291223659,-0.6061222582447332
423,10000887,CA,FEDERAL,10.825000047683726,1.8250000476837265,11.5,9.69999980926514,9.80000019073486,11.566666666666668,8.825000000000001,9.508333333333333,-0.00549620033089382,0.1301707496136374,0.042233085143838105,-0.6295918367346953,2.978061033754936,2.893877741755267
424,10000892,CA,FEDERAL,13.75,4.75,14.5,12.3999996185303,13.1000003814697,11.566666666666668,8.825000000000001,9.508333333333333,0.24183281455932235,0.5318405504606745,0.5200699921946866,2.3704081632653047,5.678060843020096,6.193877932490107
425,10000901,CA,STATE,5.787499964237212,-3.2125000357627878,6.90000009536743,5.09999990463257,5.04999995231628,11.566666666666668,8.825000000000001,9.508333333333333,-0.38473401530018114,-0.5541556119104489,-0.6455624576531784,-5.2295917413672655,-1.621938870877634,-1.8561224966633132
426,10000902,CA,STATE,4.924999952316285,-4.075000047683715,7.30000019073486,4.09999990463257,4.40000009536743,11.566666666666668,8.825000000000001,9.508333333333333,-0.3517568054524415,-0.7029222153260087,-0.7396818222822967,-4.829591645999836,-2.621938870877634,-2.506122353612163
427,10000904,CA,STATE,8.424999952316284,-0.5750000476837158,12.3000001907349,8.0,7.69999980926514,11.566666666666668,8.825000000000001,9.508333333333333,0.060458219364588846,-0.12273244781783697,-0.26184498427701364,0.17040835400020526,1.2780612244897958,0.7938773602855473
428,10000905,CA,STATE,6.77500009536743,-2.22499990463257,10.1999998092651,5.90000009536743,6.09999990463257,11.566666666666668,8.825000000000001,9.508333333333333,-0.11267212250807919,-0.43514230080302385,-0.4935234574655359,-1.929592027469596,-0.8219386801427744,-0.8061225443470228
429,10000917,MD,STATE,8.549999952316282,-0.4500000476837176,16.6000003814697,8.60000038146973,8.39999961853027,15.108333333333333,7.008333333333333,6.941666666666666,0.12297751385325495,0.2367869005197221,0.2111652323915974,4.470408544735006,1.8780616059595259,1.493877169550677
430,10000918,MD,STATE,8.549999952316282,-0.4500000476837176,16.6000003814697,8.60000038146973,8.39999961853027,15.108333333333333,7.008333333333333,6.941666666666666,0.12297751385325495,0.2367869005197221,0.2111652323915974,4.470408544735006,1.8780616059595259,1.493877169550677
431,10000919,MD,STATE,7.4500001668930045,-1.5499998331069955,14.8999996185303,7.40000009536743,7.30000019073486,15.108333333333333,7.008333333333333,6.941666666666666,-0.017175657483551085,0.058266933858582934,0.051886355435406234,2.7704077817956048,0.6780613198572256,0.3938777417552668
432,10000923,VA,STATE,5.862499952316285,-3.137500047683715,14.1999998092651,5.69999980926514,5.75,14.250000000000002,6.6000000000000005,6.516666666666667,-0.004122165972928772,-0.1338899714489811,-0.11101260835303386,2.070407972530404,-1.021938966245064,-1.156122448979593
433,10000924,VA,STATE,6.099999964237212,-2.9000000357627878,12.75,6.14999985694885,6.0,14.250000000000002,6.6000000000000005,6.516666666666667,-0.12366450744510823,-0.0669449928182357,-0.07481284475965325,0.6204081632653047,-0.5719389185613544,-0.9061224489795929
434,10000925,VA,STATE,6.012499988079075,-2.9875000119209254,12.8000001907349,5.95000004768372,5.95000004768372,14.250000000000002,6.6000000000000005,6.516666666666667,-0.11954234147217961,-0.09669828512636883,-0.08205279057377177,0.6704083540002053,-0.771938727826484,-0.9561224012958727
435,10000926,CT,STATE,7.5,-1.5,12.6999998092651,7.0,7.30000019073486,12.316666666666668,6.258333333333333,6.366666666666666,0.03160313617788025,0.11033523086654023,0.13514581170018167,0.5704079725304041,0.27806122448979576,0.3938777417552668
436,10000927,CT,STATE,7.087500035762788,-1.9124999642372122,12.3499999046326,6.45000004768372,7.04999995231628,12.316666666666668,6.258333333333333,6.366666666666666,0.0027480923030717154,0.028513606081727462,0.09894601358401613,0.220408067897905,-0.271938727826484,0.1438775033366868
437,10000928,CT,STATE,6.925000071525572,-2.074999928474428,11.6999998092651,6.19999980926514,6.90000009536743,12.316666666666668,6.258333333333333,6.366666666666666,-0.05083986878552514,-0.008678080240884817,0.07722617614165903,-0.4295920274695959,-0.521938966245064,-0.006122353612163067
438,10000929,CT,STATE,6.925000071525572,-2.074999928474428,11.6999998092651,6.19999980926514,6.90000009536743,12.316666666666668,6.258333333333333,6.366666666666666,-0.05083986878552514,-0.008678080240884817,0.07722617614165903,-0.4295920274695959,-0.521938966245064,-0.006122353612163067
439,10000931,CT,STATE,6.024999916553497,-2.9750000834465027,10.8499999046326,5.69999980926514,5.75,12.316666666666668,6.258333333333333,6.366666666666666,-0.12091641514203637,-0.0830613819486647,-0.08929275019700544,-1.279591932102095,-1.021938966245064,-1.156122448979593
440,10000933,CT,STATE,6.312499999999997,-2.6875000000000027,11.8000001907349,5.90000009536743,6.04999995231628,12.316666666666668,6.258333333333333,6.366666666666666,-0.04259553683966789,-0.05330801870308689,-0.04585304078950631,-0.32959164599979474,-0.8219386801427744,-0.8561224966633132
441,10000934,CT,STATE,6.437499940395355,-2.5625000596046448,12.25,6.19999980926514,6.14999985694885,12.316666666666668,6.258333333333333,6.366666666666666,-0.00549620033089382,-0.008678080240884817,-0.03137314916126773,0.12040816326530468,-0.521938966245064,-0.7561225920307431
442,10000935,CT,FEDERAL,6.34999990463257,-2.65000009536743,12.1999998092651,6.09999990463257,6.09999990463257,12.316666666666668,6.258333333333333,6.366666666666666,-0.009618366303822444,-0.023554726394952177,-0.03861309497538625,0.0704079725304041,-0.6219388708776341,-0.8061225443470228
443,10000937,CT,STATE,6.787499964237212,-2.2125000357627878,12.3000001907349,6.40000009536743,6.54999995231628,12.316666666666668,6.258333333333333,6.366666666666666,-0.0013740343579651945,0.02107528300469299,0.026546486397254904,0.17040835400020526,-0.3219386801427744,-0.3561224966633132
444,10000941,MO,STATE,7.233333349227905,-1.7666666507720947,13.1000000635783,6.86666679382324,7.16666666666667,14.325000000000001,7.425000000000002,7.3999999999999995,-0.10099267583858562,-0.0830613346570362,-0.03378644602048806,0.9704082268436043,0.14472801831303617,0.2605442176870767
445,10000942,MO,STATE,6.6500000953674325,-2.3499999046325675,13.0499999523163,6.35000014305115,6.54999995231628,14.325000000000001,7.425000000000002,7.3999999999999995,-0.10511483525952946,-0.15992407739049327,-0.12307920312205159,0.9204081155816048,-0.3719386324590541,-0.3561224966633132
446,10000948,LA,STATE,7.724999964237212,-1.2750000357627878,13.5,7.62499988079071,7.80000007152557,13.275,8.116666666666665,8.258333333333335,0.018549676116766185,-0.07314359774701126,-0.06636622289769638,1.3704081632653047,0.9030611052805053,0.8938776225459772
447,10000952,LA,STATE,7.425000071525573,-1.5749999284744272,15.5,7.80000019073486,7.30000019073486,13.275,8.116666666666665,8.258333333333335,0.18343568604357696,-0.04710939603994983,-0.1387657328230652,3.3704081632653047,1.0780614152246555,0.3938777417552668
448,10000953,LA,STATE,7.58750009536743,-1.4124999046325701,12.8250002861023,7.37500011920929,7.90000009536743,13.275,8.116666666666665,8.258333333333335,-0.037099328646399095,-0.11033521313217873,-0.0518863140080654,0.6954084493676049,0.6530613436990862,0.9938776463878369
449,10000955,LA,FEDERAL,7.6500000655651075,-1.3499999344348925,12.8249998092651,7.5,7.80000007152557,13.275,8.116666666666665,8.258333333333335,-0.03709936795829081,-0.091739405439595,-0.06636622289769638,0.6954079725304041,0.7780612244897958,0.8938776225459772
450,10000956,LA,FEDERAL,7.725000023841858,-1.274999976158142,12.8000001907349,7.59999990463257,7.90000009536743,13.275,8.116666666666665,8.258333333333335,-0.039160411632859236,-0.07686275928552763,-0.0518863140080654,0.6704083540002053,0.8780611291223659,0.9938776463878369
451,10000960,LA,STATE,7.650000095367432,-1.3499999046325684,13.0,7.40000009536743,7.59999990463257,13.275,8.116666666666665,8.258333333333335,-0.02267182636493651,-0.10661605159366236,-0.09532605793834946,0.8704081632653047,0.6780613198572256,0.6938774556529772
452,10000963,LA,STATE,7.475000023841857,-1.524999976158143,12.8000001907349,7.59999990463257,7.30000019073486,13.275,8.116666666666665,8.258333333333335,-0.039160411632859236,-0.07686275928552763,-0.1387657328230652,0.6704083540002053,0.8780611291223659,0.3938777417552668
453,10000967,LA,STATE,7.250000029802322,-1.7499999701976776,12.3999998569489,7.375,7.17500007152557,13.275,8.116666666666665,8.258333333333335,-0.07213764113654225,-0.11033523086653997,-0.1568656318811479,0.2704080202142052,0.6530612244897958,0.26887762254597725
454,10000968,LA,FEDERAL,7.1875,-1.8125,11.8999998569489,7.27500009536743,7.12499988079071,13.275,8.116666666666665,8.258333333333335,-0.11335914361824495,-0.12521187702060732,-0.16410561221805148,-0.22959197978579482,0.5530613198572256,0.21887743181111663
455,10000972,LA,STATE,8.300000190734863,-0.6999998092651367,14.8999996185303,8.5,8.60000038146973,13.275,8.116666666666665,8.258333333333335,0.13396985161602537,0.05702719797596477,0.04947306548074284,2.7704077817956048,1.7780612244897958,1.6938779324901372
456,10000974,LA,STATE,8.300000190734863,-0.6999998092651367,14.8000001907349,8.60000038146973,8.5,13.275,8.116666666666665,8.258333333333335,0.12572559829395155,0.0719039150674768,0.0349931048069344,2.6704083540002053,1.8780616059595259,1.593877551020407
457,10000976,OH,STATE,7.199999928474427,-1.8000000715255728,15.3000001907349,7.59999990463257,6.69999980926514,15.299999999999999,8.083333333333334,7.658333333333332,1.572475844347157e-08,-0.07190387250500926,-0.1387657880595195,3.1704083540002053,0.8780611291223659,-0.20612263971445266
458,10000978,OH,MULTI,8.100000023841856,-0.8999999761581439,15.6999998092651,7.90000009536743,7.85000014305115,15.299999999999999,8.083333333333334,7.658333333333332,0.03297718626060389,-0.027273863105364095,0.027753172801929876,3.570407972530404,1.1780613198572256,0.9438776940715572
459,10000980,OH,STATE,7.587499976158142,-1.412500023841858,14.4499998092651,7.75,7.25,15.299999999999999,8.083333333333334,7.658333333333332,-0.07007656994365286,-0.049588867805186676,-0.05912628053585485,2.320407972530404,1.0280612244897958,0.34387755102040707
460,10000981,OH,STATE,7.549999952316285,-1.450000047683715,14.4499998092651,7.70000004768372,7.14999985694885,15.299999999999999,8.083333333333334,7.658333333333332,-0.07007656994365286,-0.05702719088221957,-0.07360620668687835,2.320407972530404,0.978061272173516,0.24387740796925694
461,10000982,OH,STATE,8.106249988079071,-0.893750011920929,14.5249998569489,8.17499995231628,7.64999997615814,15.299999999999999,8.083333333333334,7.658333333333332,-0.06389334064020159,0.013636931552681255,-0.0012066622387246117,2.395408020214205,1.4530611768060764,0.7438775271785474
462,10000983,OH,STATE,7.350000023841858,-1.649999976158142,14.3000001907349,7.40000009536743,6.75,15.299999999999999,8.083333333333334,7.658333333333332,-0.08244298923864694,-0.10165716481314398,-0.13152580772261607,2.1704083540002053,0.6780613198572256,-0.15612244897959293
463,10000984,OH,STATE,8.325000047683718,-0.6749999523162824,15.75,8.44999980926514,7.95000004768372,15.299999999999999,8.083333333333334,7.658333333333332,0.037099352233532515,0.054547726210727926,0.04223306443016846,3.6204081632653047,1.728061033754936,1.0438775987041273
464,10000987,WA,STATE,4.287499964237212,-4.712500035762788,4.35000014305115,4.25,4.25,7.633333333333333,5.741666666666667,6.425000000000001,-0.27068785450294763,-0.22191018342821006,-0.3149379432624114,-7.779591693683545,-2.4719387755102042,-2.656122448979593
465,10000988,WI,STATE,5.287500083446505,-3.7124999165534946,7.59999990463257,4.85000014305115,4.85000014305115,13.108333333333333,7.125,6.858333333333333,-0.4541235602024688,-0.33844400148916476,-0.29080474681981966,-4.529591932102125,-1.8719386324590541,-2.056122305928443
466,10000990,WI,STATE,6.775000035762784,-2.224999964237216,10.1000003814697,6.80000019073486,6.14999985694885,13.108333333333333,7.125,6.858333333333333,-0.24801600848206945,-0.04834911773507969,-0.102566017561583,-2.0295914552649954,0.07806141522465548,-0.7561225920307431
467,10000991,WI,STATE,6.725000023841858,-2.274999976158142,10.1999998092651,6.69999980926514,6.0,13.108333333333333,7.125,6.858333333333333,-0.23977175515999563,-0.06322583482659014,-0.1242858550039401,-1.929592027469596,-0.021938966245063973,-0.9061224489795929
468,10000992,WI,STATE,8.125000178813933,-0.8749998211860675,13.8000001907349,7.90000009536743,8.00000023841858,13.108333333333333,7.125,6.858333333333333,0.057023094157780486,0.11529413183454744,0.16531228826588984,1.6704083540002053,1.1780613198572256,1.093877789438988
469,10000993,WI,STATE,6.4625000059604645,-2.5374999940395355,11.8250000476837,6.19999992847443,5.77500009536743,13.108333333333333,7.125,6.858333333333333,-0.10580185243851602,-0.13760911880000892,-0.15686562842886898,-0.3045917890509955,-0.5219388470357744,-1.131122353612163
470,10000994,WI,FEDERAL,6.475000023841857,-2.524999976158143,10.8999996185303,6.30000019073486,5.80000019073486,13.108333333333333,7.125,6.858333333333333,-0.18206166741036187,-0.12273241944285958,-0.15324563826041726,-1.2295922182043952,-0.4219385847753445,-1.1061222582447332
471,10000995,WI,STATE,6.600000023841858,-2.399999976158142,12.0,6.45000004768372,5.90000009536743,13.108333333333333,7.125,6.858333333333333,-0.09137433050110758,-0.10041745021175774,-0.1387657466321787,-0.12959183673469532,-0.271938727826484,-1.006122353612163
472,10000998,WI,STATE,6.831250101327897,-2.168749898672103,12.4249997138977,6.75,6.37500011920929,13.108333333333333,7.125,6.858333333333333,-0.05633607697879364,-0.05578747628083491,-0.06998619235247666,0.29540787716300443,0.028061224489795755,-0.5311223297703025
473,10000999,WI,STATE,7.037499964237212,-1.9625000357627878,12.2999997138977,6.64999985694885,6.5,13.108333333333333,7.125,6.858333333333333,-0.06664145259921932,-0.07066415790362461,-0.05188632781717888,0.17040787716300443,-0.07193891856135437,-0.40612244897959293
474,10001000,WI,STATE,7.4000000059604645,-1.5999999940395355,13.3499999046326,7.07499992847443,7.02499997615814,13.108333333333333,7.125,6.858333333333333,0.0199237183371147,-0.007438340811394121,0.02413317227664166,1.220408067897905,0.3530611529642256,0.11887752717854738
475,10001001,WI,STATE,7.375,-1.625,12.6999998092651,7.0,6.90000009536743,13.108333333333333,7.125,6.858333333333333,-0.03366424275148216,-0.018595825426944972,0.006033307741343755,0.5704079725304041,0.27806122448979576,-0.006122353612163067
476,10001002,WI,STATE,7.387500047683718,-1.6124999523162824,12.7999997138977,7.20000004768372,6.95000004768372,13.108333333333333,7.125,6.858333333333333,-0.02541995011751662,0.011157502349912083,0.013273253555463818,0.6704078771630044,0.478061272173516,0.04387759870412733
477,10001003,WI,STATE,7.737500071525572,-1.262499928474428,14.4000000953674,7.5,7.25,13.108333333333333,7.125,6.858333333333333,0.10648888927344037,0.05578747628083491,0.056712962962962944,2.2704082586327043,0.7780612244897958,0.34387755102040707
478,10001004,WI,STATE,7.850000023841858,-1.149999976158142,14.5,7.59999990463257,7.40000009536743,13.108333333333333,7.125,6.858333333333333,0.1147331819074059,0.07066412243490228,0.07843283492810497,2.3704081632653047,0.8780611291223659,0.49387764638783693
479,10001005,WI,STATE,7.574999928474427,-1.4250000715255728,14.0,7.30000019073486,7.19999980926514,13.108333333333333,7.125,6.858333333333333,0.0735116794257032,0.026034183972700194,0.0494729826260595,1.8704081632653047,0.5780614152246555,0.29387736028554734
480,10001007,WI,STATE,8.925000190734865,-0.07499980926513494,15.3000001907349,8.69999980926514,8.60000038146973,13.108333333333333,7.125,6.858333333333333,0.18068760160288858,0.2343073720045294,0.2521917416036744,3.1704083540002053,1.978061033754936,1.6938779324901372
481,10001008,WI,STATE,8.112499952316288,-0.8875000476837123,14.9499998092651,7.95000004768372,7.69999980926514,13.108333333333333,7.125,6.858333333333333,0.15183251841617998,0.12273245491158191,0.12187250981282072,2.820407972530404,1.228061272173516,0.7938773602855473
482,10001009,WI,STATE,8.925000190734865,-0.07499980926513494,15.3000001907349,8.69999980926514,8.60000038146973,13.108333333333333,7.125,6.858333333333333,0.18068760160288858,0.2343073720045294,0.2521917416036744,3.1704083540002053,1.978061033754936,1.6938779324901372
483,10001014,TN,STATE,6.424999922513962,-2.575000077486038,15.4750001430511,6.12499988079071,6.35000002384186,16.733333333333334,7.3999999999999995,7.375,-0.10374076945205603,-0.18967743708919985,-0.14841902728058176,3.345408306316404,-0.5969388947194947,-0.5561224251377332
484,10001015,TN,STATE,6.825000047683714,-2.174999952316286,14.9666668574015,6.80000019073486,6.59999990463257,16.733333333333334,7.3999999999999995,7.375,-0.1456492930439302,-0.08925993367435854,-0.11221928094859356,2.837075020666804,0.07806141522465548,-0.3061225443470228
485,10001016,OK,STATE,7.275000035762788,-1.7249999642372122,8.94999980926514,6.54999995231628,7.20000004768372,12.375,7.333333333333333,7.508333333333333,-0.2823673077244184,-0.11653384643593355,-0.04464636819394508,-3.179592027469555,-0.1719388231939245,0.29387759870412733
486,10001017,OK,STATE,7.175000071525572,-1.824999928474428,10.6999998092651,6.90000009536743,7.0,12.375,7.333333333333333,7.508333333333333,-0.1380920490384624,-0.0644655139592539,-0.07360618597320717,-1.429592027469596,0.17806131985722562,0.09387755102040707
487,10001021,NC,STATE,5.424999952316286,-3.575000047683714,11.6000003814697,5.19999980926514,5.40000009536743,15.199999999999998,6.858333333333333,6.883333333333333,-0.29679478641875084,-0.24670464570578052,-0.21478525017827788,-0.5295914552649954,-1.521938966245064,-1.506122353612163
488,10001022,NC,STATE,7.575000047683714,-1.424999952316286,15.3999996185303,7.80000019073486,7.59999990463257,15.199999999999998,6.858333333333333,6.883333333333333,0.016488569543172918,0.14008857992462934,0.10377264182524415,3.2704077817956048,1.0780614152246555,0.6938774556529772
489,10001023,NC,STATE,6.450000047683715,-2.549999952316285,14.3000001907349,6.40000009536743,6.30000019073486,15.199999999999998,6.858333333333333,6.883333333333333,-0.07419868874230628,-0.06818467904464295,-0.08446608743299402,2.1704083540002053,-0.3219386801427744,-0.6061222582447332
490,10001025,NC,STATE,6.937500059604645,-2.0624999403953552,15.8499999046326,6.90000009536743,6.95000004768372,15.199999999999998,6.858333333333333,6.883333333333333,0.05358794536383871,0.0061986226631369325,0.009653277196125834,3.720408067897905,0.17806131985722562,0.04387759870412733
491,10001027,NC,STATE,5.950000047683715,-3.049999952316285,15.3000001907349,5.80000019073486,6.19999980926514,15.199999999999998,6.858333333333333,6.883333333333333,0.008244316221099099,-0.1574446269064902,-0.09894604810680092,3.1704083540002053,-0.9219385847753445,-0.7061226397144527
492,10001028,KS,STATE,6.299999952316285,-2.700000047683715,7.69999980926514,6.09999990463257,5.69999980926514,11.68333333333333,6.8500000000000005,7.249999999999999,-0.32839798549565286,-0.11157496674915852,-0.22443856189718697,-4.429592027469555,-0.6219388708776341,-1.2061226397144527
493,10001029,KS,FEDERAL,7.125,-1.875,12.3000001907349,6.54999995231628,7.0,11.68333333333333,6.8500000000000005,7.249999999999999,0.05083986878552529,-0.04462998811841311,-0.03619976359338048,0.17040835400020526,-0.1719388231939245,0.09387755102040707
494,10001030,KS,STATE,7.475000023841858,-1.524999976158142,12.8333333333333,6.93333339691162,7.33333333333333,11.68333333333333,6.8500000000000005,7.249999999999999,0.09480945570791374,0.012397226409622358,0.012066587864459903,0.7037414965986049,0.21139462140141596,0.42721088435373744
495,10001031,KS,STATE,7.40000009536743,-1.5999999046325701,12.8000001907349,6.85000014305115,7.25,11.68333333333333,6.8500000000000005,7.249999999999999,0.09206137126722798,2.1281233639577137e-08,1.2860739528754767e-16,0.6704083540002053,0.12806136754094588,0.34387755102040707
496,10001033,KS,STATE,7.325000047683715,-1.674999952316285,12.8000001907349,7.0,7.0,11.68333333333333,6.8500000000000005,7.249999999999999,0.09206137126722798,0.022314990512333887,-0.03619976359338048,0.6704083540002053,0.27806122448979576,0.09387755102040707
497,10001040,KS,STATE,6.449999928474427,-2.550000071525573,9.5,5.90000009536743,6.19999980926514,11.68333333333333,6.8500000000000005,7.249999999999999,-0.18000056083676816,-0.14132825905729324,-0.15203903471042576,-2.6295918367346953,-0.8219386801427744,-0.7061226397144527
498,10001042,KS,STATE,7.299999952316285,-1.700000047683715,10.1999998092651,6.5,7.19999980926514,11.68333333333333,6.8500000000000005,7.249999999999999,-0.12229047308714275,-0.052068311195446,-0.007239980336903318,-1.929592027469596,-0.22193877551020424,0.29387736028554734
499,10001043,KS,STATE,7.237499952316285,-1.762500047683715,10.0499997138977,6.45000004768372,7.14999985694885,11.68333333333333,6.8500000000000005,7.249999999999999,-0.13465693169402856,-0.05950663427247888,-0.01447992615102338,-2.0795921228369956,-0.271938727826484,0.24387740796925694
500,10001044,KS,STATE,7.52499997615814,-1.4750000238418597,10.8999996185303,6.80000019073486,7.40000009536743,11.68333333333333,6.8500000000000005,7.249999999999999,-0.06458038533750898,-0.007438301795800833,0.021719871965142155,-1.2295922182043952,0.07806141522465548,0.49387764638783693
501,10001045,KS,STATE,7.5416667064030944,-1.4583332935969056,11.3333333333333,6.96666669845581,7.60000006357829,11.68333333333333,6.8500000000000005,7.249999999999999,-0.028855051737194347,0.017356108460978056,0.05067967823680923,-0.7962585034013951,0.24472792294560541,0.6938776145986969
502,10001048,KS,STATE,8.674999952316274,-0.3250000476837265,12.6000003814697,7.80000019073486,8.69999980926514,11.68333333333333,6.8500000000000005,7.249999999999999,0.07557278599929691,0.14132830161975893,0.20995860122338034,0.4704085447350046,1.0780614152246555,1.7938773602855473
503,10001050,KS,STATE,7.024999976158143,-1.975000023841857,11.1000003814697,6.30000019073486,7.19999980926514,11.68333333333333,6.8500000000000005,7.249999999999999,-0.04809172144581118,-0.08182160350358071,-0.007239980336903318,-1.0295914552649954,-0.4219385847753445,0.29387736028554734
504,10001051,IN,STATE,8.149999856948856,-0.8500001430511439,15.3999996185303,7.69999980926514,8.0,16.85833333333333,8.583333333333334,8.374999999999998,-0.12022941368780768,-0.13141052805872178,-0.05429964539007066,3.2704077817956048,0.978061033754936,1.093877551020407
505,10001054,IN,STATE,7.7749998569488525,-1.2250001430511475,15.5,7.19999980926514,7.69999980926514,16.85833333333333,8.583333333333334,8.374999999999998,-0.11198508174195877,-0.20579382976650168,-0.09773938932035471,3.3704081632653047,0.478061033754936,0.7938773602855473
506,10001059,IN,STATE,8.52500009536743,-0.47499990463257014,17.2999992370605,8.80000019073486,8.0,16.85833333333333,8.583333333333334,8.374999999999998,0.036412264293146,0.03223279244834843,-0.05429964539007066,5.170407400325805,2.0780614152246555,1.093877551020407
507,10001060,IN,STATE,8.475000143051144,-0.5249998569488561,16.9499998092651,8.59999990463257,8.20000028610229,16.85833333333333,8.583333333333334,8.374999999999998,0.007557259730220833,0.002479429202770624,-0.02533979308802518,4.820407972530406,1.878061129122366,1.2938778371226967
508,10001061,IN,STATE,8.574999988079073,-0.4250000119209272,16.6999998092651,8.65000009536743,8.34999990463257,16.85833333333333,8.583333333333334,8.374999999999998,-0.013053491510630514,0.009917787748525848,-0.003619990168451466,4.570407972530406,1.9280613198572256,1.4438774556529772
509,10001063,IN,STATE,8.125,-0.875,14.6999998092651,8.10000038146973,7.80000019073486,16.85833333333333,8.583333333333334,8.374999999999998,-0.17793950143744144,-0.07190380156756458,-0.08325942864654781,2.570407972530404,1.3780616059595259,0.8938777417552668
510,10001065,IN,STATE,9.543749988079064,0.5437499880790639,17.9499998092651,9.54999995231628,9.20000004768372,16.85833333333333,8.583333333333334,8.374999999999998,0.09000026469362622,0.14380770954129604,0.11945922676271374,5.820407972530406,2.8280611768060764,2.2938775987041264
511,10001067,IN,STATE,9.174999952316284,0.17499995231628418,17.5,9.10000038146973,8.89999961853027,16.85833333333333,8.583333333333334,8.374999999999998,0.05290092818485201,0.07686280184799518,0.07601944830964334,5.370408163265305,2.378061605959526,1.993877169550677
512,10001068,IN,STATE,9.1875,0.1875,17.5,9.10000038146973,8.89999961853027,16.85833333333333,8.583333333333334,8.374999999999998,0.05290092818485201,0.07686280184799518,0.07601944830964334,5.370408163265305,2.378061605959526,1.993877169550677
513,10001071,IN,STATE,7.574999928474427,-1.4250000715255728,14.8999996185303,7.59999990463257,7.30000019073486,16.85833333333333,8.583333333333334,8.374999999999998,-0.16145091616951038,-0.14628717421278914,-0.15565895583330905,2.7704077817956048,0.8780611291223659,0.3938777417552668
514,10001072,IN,STATE,8.200000127156578,-0.7999998728434221,16.1333338419596,8.06666692097982,8.10000038146973,16.85833333333333,8.583333333333334,8.374999999999998,-0.05977113666579078,-0.07686270726473526,-0.03981968471626222,4.003742005224906,1.3447281454696158,1.1938779324901372
515,10001073,IN,STATE,7.962500035762786,-1.037499964237214,16.1999998092651,8.00000023841858,7.54999995231628,16.85833333333333,8.583333333333334,8.374999999999998,-0.05427499399233321,-0.08678048319035415,-0.11945922676271335,4.070407972530406,1.2780614629083766,0.6438775033366868
516,10001075,IN,STATE,7.250000059604645,-1.7499999403953552,15.5500001907349,7.09999990463257,6.95000004768372,16.85833333333333,8.583333333333334,8.374999999999998,-0.10786291576903015,-0.22067047592056904,-0.20633864557771162,3.4204083540002053,0.3780611291223659,0.04387759870412733
517,10001076,IA,STATE,6.425000071525572,-2.574999928474428,10.1999998092651,6.0,6.0,12.716666666666667,7.05,6.8500000000000005,-0.20748157821599528,-0.15620493358633772,-0.12307919621749415,-1.929592027469596,-0.7219387755102042,-0.9061224489795929
518,10001077,IA,STATE,6.125000119209287,-2.874999880790713,11.3999996185303,5.90000009536743,5.80000019073486,12.716666666666667,7.05,6.8500000000000005,-0.1085499879846588,-0.17108157974040508,-0.1520389794739713,-0.7295922182043952,-0.8219386801427744,-1.1061222582447332
519,10001078,IA,STATE,6.34999990463257,-2.65000009536743,11.1999998092651,6.09999990463257,6.09999990463257,12.716666666666667,7.05,6.8500000000000005,-0.12503857325258988,-0.14132828743227038,-0.10859930458925557,-0.9295920274695959,-0.6219388708776341,-0.8061225443470228
520,10001080,IA,STATE,6.200000047683715,-2.799999952316285,11.1000003814697,5.80000019073486,6.0,12.716666666666667,7.05,6.8500000000000005,-0.1332828265746637,-0.18595822589447245,-0.12307919621749415,-1.0295914552649954,-0.9219385847753445,-0.9061224489795929
521,10001082,IA,STATE,6.787499964237212,-2.2125000357627878,12.5999999046326,6.79999995231628,6.20000004768372,12.716666666666667,7.05,6.8500000000000005,-0.009618358441438976,-0.037191657947635015,-0.09411937843823205,0.470408067897905,0.0780611768060755,-0.7061224012958727
522,10001087,IA,STATE,7.274999976158142,-1.725000023841858,12.6000003814697,7.0,6.90000009536743,12.716666666666667,7.05,6.8500000000000005,-0.009618319129555608,-0.007438330170777962,0.007239966527789707,0.4704085447350046,0.27806122448979576,-0.006122353612163067
523,10001089,IA,STATE,7.287499964237213,-1.7125000357627869,12.900000095367398,6.95000004768372,6.80000019073486,12.716666666666667,7.05,6.8500000000000005,0.015114558772332504,-0.014876653247810848,-0.007239925100448874,0.7704082586327026,0.22806127217351602,-0.1061222582447332
524,10001090,IA,STATE,7.487499892711638,-1.5125001072883624,12.75,7.29999995231628,7.0,12.716666666666667,7.05,6.8500000000000005,0.0027481001654468366,0.03719164376014487,0.02171985815602829,0.6204081632653047,0.5780611768060755,0.09387755102040707
525,10001091,IA,STATE,8.149999976158142,-0.8500000238418579,14.5,8.0,7.69999980926514,12.716666666666667,7.05,6.8500000000000005,0.14702335885140627,0.1413282732447818,0.12307916859926667,2.3704081632653047,1.2780612244897958,0.7938773602855473
526,10001095,IA,STATE,8.75,-0.25,15.6000003814697,8.60000038146973,8.39999961853027,12.716666666666667,7.05,6.8500000000000005,0.23771069576066056,0.23058829204407372,0.2244384790425035,3.4704085447350046,1.8780616059595259,1.493877169550677
527,10001096,IA,STATE,7.549999952316285,-1.450000047683715,13.8999996185303,7.19999980926514,7.30000019073486,12.716666666666667,7.05,6.8500000000000005,0.09755752442385467,0.02231496213735676,0.06515960208631234,1.7704077817956048,0.478061033754936,0.3938777417552668
528,10001099,IA,STATE,7.299999952316284,-1.7000000476837158,11.8999996185303,6.90000009536743,7.09999990463257,12.716666666666667,7.05,6.8500000000000005,-0.06732848550295611,-0.02231497632484532,0.03619974978426687,-0.22959221820439524,0.17806131985722562,0.1938774556529772
529,10001100,IA,STATE,7.600000023841858,-1.399999976158142,14.1999998092651,7.30000019073486,7.40000009536743,12.716666666666667,7.05,6.8500000000000005,0.1222904416376263,0.0371916792288672,0.07963949371455092,2.070407972530404,0.5780614152246555,0.49387764638783693
530,10001106,WV,STATE,6.425000071525573,-2.574999928474427,13.8999996185303,6.30000019073486,6.30000019073486,15.616666666666672,6.849999999999999,6.616666666666666,-0.14152718997002142,-0.08182160350358045,-0.04585300626672139,1.7704077817956048,-0.4219385847753445,-0.6061222582447332
531,10001108,WV,STATE,7.249999880790712,-1.7500001192092878,14.5,7.19999980926514,6.90000009536743,15.616666666666672,6.849999999999999,6.616666666666666,-0.09206135554246983,0.05206828282046887,0.041026412548278414,2.3704081632653047,0.478061033754936,-0.006122353612163067
532,10001116,VT,STATE,5.375,-3.625,8.89999961853027,5.0,5.30000019073486,9.791666666666666,5.0,5.3083333333333345,-0.07351171087521395,0.0,-0.0012066311682188584,-3.2295922182044254,-1.7219387755102042,-1.6061222582447332
533,10001118,SD,STATE,6.450000047683715,-2.549999952316285,8.10000038146973,5.59999990463257,6.30000019073486,8.108333333333333,5.25,5.533333333333334,-0.00068699359185079,0.0520682970079573,0.11101263597126108,-4.029591455264965,-1.121938870877634,-0.6061222582447332
534,10001121,SD,STATE,6.55000001192093,-2.44999998807907,9.65000009536743,5.70000004768372,5.95000004768372,8.108333333333333,5.25,5.533333333333334,0.1270996405142942,0.066944978630747,0.06033294622685851,-2.4795917413672655,-1.021938727826484,-0.9561224012958727
535,10001123,SD,STATE,6.6250001192092896,-2.3749998807907104,9.60000038146973,5.80000019073486,6.0,8.108333333333333,5.25,5.533333333333334,0.1229775138532573,0.08182166025353511,0.06757289204097702,-2.529591455264965,-0.9219385847753445,-0.9061224489795929
536,10001125,SD,FEDERAL,6.2437500655651075,-2.7562499344348925,9.20000004768372,6.0,5.25000011920929,8.108333333333333,5.25,5.533333333333334,0.0900002843495734,0.11157495256166983,-0.041026381477772274,-2.929591789050976,-0.7219387755102042,-1.6561223297703025
537,10001126,SD,STATE,6.225000143051145,-2.774999856948855,8.60000038146973,5.90000009536743,5.30000019073486,8.108333333333333,5.25,5.533333333333334,0.040534508889851904,0.09669830640760246,-0.033786418402261355,-3.529591455264965,-0.8219386801427744,-1.6061222582447332
538,10001128,SD,STATE,6.40625,-2.59375,8.44999980926514,6.04999995231628,5.37500011920929,8.108333333333333,5.25,5.533333333333334,0.028168010971075255,0.11901327563870272,-0.022926499681081968,-3.679592027469555,-0.6719388231939245,-1.5311223297703025
539,10001129,SC,STATE,7.087499976158142,-1.912500023841858,16.0,6.85000014305115,7.09999990463257,15.533333333333333,6.816666666666667,6.933333333333334,0.03847340231625586,0.004958908061752281,0.02413316191980671,3.8704081632653047,0.12806136754094588,0.1938774556529772
540,10001132,SC,STATE,6.95000010728836,-2.0499998927116403,15.75,7.0,7.05000019073486,15.533333333333333,6.816666666666667,6.933333333333334,0.017862651075404513,0.02727387729285253,0.016893250628471575,3.6204081632653047,0.27806122448979576,0.1438777417552668
541,10001133,SC,STATE,6.625,-2.375,16.1000003814697,6.59999990463257,6.80000019073486,15.533333333333333,6.816666666666667,6.933333333333334,0.04671773426210491,-0.03223277826086,-0.019306512964909036,3.9704085447350064,-0.12193887087763411,-0.1061222582447332
542,10001134,SC,FEDERAL,6.449999968210857,-2.5500000317891427,16.3333333333333,6.43333339691162,6.63333320617676,15.533333333333333,6.816666666666667,6.933333333333334,0.0659544039707216,-0.05702718851763888,-0.0434397347242084,4.203741496598605,-0.28860537859858404,-0.27278924280283334
543,10001135,SC,FEDERAL,6.424999952316284,-2.575000047683716,16.3999996185303,6.40000009536743,6.59999990463257,15.533333333333333,6.816666666666667,6.933333333333334,0.07145057285210951,-0.06198607056899472,-0.048266365266954506,4.270407781795603,-0.3219386801427744,-0.3061225443470228
544,10001137,SC,STATE,7.0,-2.0,17.0,7.19999980926514,6.90000009536743,15.533333333333333,6.816666666666667,6.933333333333334,0.12091640727966126,0.05702716960098725,-0.004826621336670453,4.870408163265305,0.478061033754936,-0.006122353612163067
545,10001138,SC,STATE,6.399999976158142,-2.600000023841858,15.8999996185303,6.40000009536743,6.5,15.533333333333333,6.816666666666667,6.933333333333334,0.030229070370406955,-0.06198607056899472,-0.06274625689519309,3.7704077817956048,-0.3219386801427744,-0.40612244897959293
546,10001141,SC,STATE,7.125000119209288,-1.8749998807907122,16.5,7.30000019073486,7.09999990463257,15.533333333333333,6.816666666666667,6.933333333333334,0.07969490479795856,0.0719038866924977,0.02413316191980671,4.370408163265305,0.5780614152246555,0.1938774556529772
547,10001142,SC,STATE,7.143750071525572,-1.856249928474428,16.3999996185303,7.27500009536743,7.14999985694885,15.533333333333333,6.816666666666667,6.933333333333334,0.07145057285210951,0.06818470741962009,0.03137310773392523,4.270407781795603,0.5530613198572256,0.24387740796925694
548,10001145,SC,STATE,6.658333381017047,-2.341666618982953,16.2999998728434,6.76666673024495,6.56666660308838,15.533333333333333,6.816666666666667,6.933333333333334,0.06320629332210534,-0.007438320712452869,-0.05309299580970075,4.1704080361087055,0.044727954734745445,-0.33945584589121314
549,10001146,SC,FEDERAL,7.137500047683715,-1.862499952316285,15.6999998092651,7.25,7.0,15.533333333333333,6.816666666666667,6.933333333333334,0.013740485102475886,0.06446552814674247,0.009653270291568128,3.570407972530404,0.5280612244897958,0.09387755102040707
550,10001147,SC,STATE,5.9749999642372105,-3.0250000357627895,13.1999998092651,6.04999995231628,6.04999995231628,15.533333333333333,6.816666666666667,6.933333333333334,-0.19236702730603758,-0.11405440304567435,-0.12790583826783578,1.070407972530404,-0.6719388231939245,-0.8561224966633132
551,10001150,SC,STATE,6.537499964237213,-2.462500035762787,13.3999996185303,6.59999990463257,6.54999995231628,15.533333333333333,6.816666666666667,6.933333333333334,-0.17587844203810651,-0.03223277826086,-0.05550631108107457,1.2704077817956048,-0.12193887087763411,-0.3561224966633132
552,10001151,MT,MULTI,5.449999928474428,-3.550000071525572,7.30000019073486,4.90000009536743,5.0,6.341666666666668,5.383333333333334,6.124999999999999,0.07900789548135173,-0.071903844130032,-0.16289893617021262,-4.829591645999836,-1.8219386801427744,-1.906122448979593
553,10001154,MT,STATE,6.700000047683715,-2.299999952316285,5.5,5.5,6.30000019073486,6.341666666666668,5.383333333333334,6.124999999999999,-0.06938952917753295,0.017356103731815245,0.02533986213359388,-6.629591836734695,-1.2219387755102042,-0.6061222582447332
554,10001155,MT,STATE,5.450000047683716,-3.549999952316284,8.10000038146973,4.69999980926514,5.40000009536743,6.341666666666668,5.383333333333334,6.124999999999999,0.14496231517683192,-0.1016572073756098,-0.10497930061168997,-4.029591455264965,-2.021938966245064,-1.506122353612163
555,10001156,MT,STATE,5.975000023841857,-3.024999976158143,5.45000004768372,5.0,5.30000019073486,6.341666666666668,5.383333333333334,6.124999999999999,-0.07351167549451404,-0.05702719797596464,-0.11945919223992855,-6.679591789050975,-1.7219387755102042,-1.6061222582447332
556,10001162,ME,STATE,4.34999990463257,-4.65000009536743,7.09999990463257,4.09999990463257,4.19999980926514,8.283333333333333,4.666666666666667,4.591666666666666,-0.09755756373574052,-0.08430108945630586,-0.05671299058119017,-5.029591932102125,-2.621938870877634,-2.7061226397144527
557,10001163,ME,STATE,4.474999964237212,-4.525000035762788,7.90000009536743,4.19999980926514,4.14999985694885,8.283333333333333,4.666666666666667,4.591666666666666,-0.03160314404026123,-0.0694244433022385,-0.06395293639531023,-4.2295917413672655,-2.521938966245064,-2.756122592030743
558,10001165,ME,STATE,5.049999952316285,-3.950000047683715,9.19999980926514,5.09999990463257,4.69999980926514,8.283333333333333,4.666666666666667,4.591666666666666,0.07557273882503329,0.0644655139592539,0.01568653660557105,-2.929592027469555,-1.621938870877634,-2.2061226397144527
559,10001170,KY,FEDERAL,6.687500000000003,-2.3124999999999973,15.9000000953674,6.59999990463257,6.45000004768372,16.133333333333333,7.533333333333332,7.424999999999998,-0.019236693295752883,-0.13884884404201092,-0.1411790711096265,3.7704082586327043,-0.12193887087763411,-0.45612240129587267
560,10001172,ID,STATE,6.83750009536743,-2.16249990463257,5.29999995231628,5.54999995231628,6.65000009536743,6.2250000000000005,5.816666666666666,7.158333333333332,-0.07625978352233921,-0.03967110133789434,-0.07360617216409343,-6.829591884418416,-1.1719388231939245,-0.25612235361216307
561,10001173,ID,STATE,5.7125000357627895,-3.2874999642372105,3.75,4.5,5.45000004768372,6.2250000000000005,5.816666666666666,7.158333333333332,-0.2040464372844284,-0.195876027830487,-0.24736504431687642,-8.379591836734695,-2.2219387755102042,-1.4561224012958727
562,10001176,ID,STATE,5.675000071525573,-3.324999928474427,5.0,4.30000019073486,5.19999980926514,6.2250000000000005,5.816666666666666,7.158333333333332,-0.10099268108017165,-0.22562932013862172,-0.283564842433042,-7.129591836734695,-2.4219385847753445,-1.7061226397144527
563,10001177,ID,STATE,9.60000026226044,0.6000002622604406,7.5,7.40000009536743,9.60000038146973,6.2250000000000005,5.816666666666666,7.158333333333332,0.10511483132834183,0.23554713626212495,0.35355107966514027,-4.629591836734695,0.6780613198572256,2.693877932490137
564,10001180,ID,STATE,7.699999928474428,-1.300000071525572,5.95000004768372,6.14999985694885,7.35000014305115,6.2250000000000005,5.816666666666666,7.158333333333332,-0.02267182243374734,0.04958884652395291,0.027753172801929876,-6.179591789050975,-0.5719389185613544,0.4438776940715572
565,10001181,ID,STATE,7.808333277702333,-1.1916667222976667,6.09999990463257,6.23333326975505,7.46666669845581,6.2250000000000005,5.816666666666666,7.158333333333332,-0.010305383482803212,0.061986075298158055,0.04464637970154074,-6.029591932102125,-0.48860550575515393,0.5605442494762167
566,10001182,ID,STATE,7.837499976158142,-1.162500023841858,6.14999985694885,6.25,7.5,6.2250000000000005,5.816666666666666,7.158333333333332,-0.006183237165822128,0.0644655281467426,0.04947301024428698,-5.9795919797858454,-0.47193877551020424,0.5938775510204071
567,10001183,ID,STATE,7.725000023841858,-1.274999976158142,6.14999985694885,6.09999990463257,7.40000009536743,6.2250000000000005,5.816666666666666,7.158333333333332,-0.006183237165822128,0.04215052344692002,0.034993118616048396,-5.9795919797858454,-0.6219388708776341,0.49387764638783693
568,10001184,ID,STATE,7.97499990463257,-1.0250000953674299,6.19999980926514,6.19999980926514,7.69999980926514,6.2250000000000005,5.816666666666666,7.158333333333332,-0.002061090848840166,0.05702716960098738,0.07843279350076414,-5.929592027469555,-0.521938966245064,0.7938773602855473
569,10001185,ID,STATE,7.950000047683718,-1.0499999523162824,6.19999980926514,6.35000014305115,7.64999985694885,6.2250000000000005,5.816666666666666,7.158333333333332,-0.002061090848840166,0.0793422097695323,0.07119284768664408,-5.929592027469555,-0.3719386324590541,0.7438774079692569
570,10001186,ID,STATE,6.424999952316286,-2.575000047683714,5.59999990463257,4.90000009536743,5.90000009536743,6.2250000000000005,5.816666666666666,7.158333333333332,-0.05152688596450591,-0.13636937227677448,-0.18220546294423526,-6.529591932102125,-1.8219386801427744,-1.006122353612163
571,10001187,ID,STATE,6.8249999284744245,-2.1750000715255755,7.35000014305115,5.04999995231628,6.5,6.2250000000000005,5.816666666666666,7.158333333333332,0.0927483923773977,-0.11405440304567423,-0.09532604412923545,-4.779591693683545,-1.6719388231939245,-0.40612244897959293
572,10001197,AL,STATE,7.149999976158143,-1.850000023841857,14.5,7.09999990463257,7.19999980926514,16.066666666666666,7.825,7.599999999999999,-0.12916070777600175,-0.10785580166376947,-0.05791964936763612,2.3704081632653047,0.3780611291223659,0.29387736028554734
573,10001199,AL,STATE,7.050000071525572,-1.949999928474428,14.3999996185303,6.90000009536743,7.09999990463257,16.066666666666666,7.825,7.599999999999999,-0.13740503972185067,-0.13760909397190418,-0.0723995409958747,2.2704077817956048,0.17806131985722562,0.1938774556529772
574,10001204,AL,STATE,9.500000238418579,0.5000002384185791,19.7000007629395,9.60000038146973,9.60000038146973,16.066666666666666,7.825,7.599999999999999,0.2995429809327312,0.26406077781257464,0.28959816398350124,7.570408926204804,2.878061605959526,2.693877932490137
575,10001209,AL,STATE,7.500000119209288,-1.4999998807907122,16.0,7.90000009536743,7.40000009536743,16.066666666666666,7.825,7.599999999999999,-0.005496200330893673,0.011157509443655574,-0.028959797065590646,3.8704081632653047,1.1780613198572256,0.49387764638783693
576,10001210,AL,STATE,8.22499990463257,-0.7750000953674299,16.5,8.19999980926514,8.5,16.066666666666666,7.825,7.599999999999999,0.035725302150809025,0.05578744790585765,0.13031914893617036,4.370408163265305,1.478061033754936,1.593877551020407
577,10001214,AL,STATE,7.925000071525573,-1.0749999284744272,16.5999994277954,8.40000009536743,7.79999995231628,16.066666666666666,7.825,7.599999999999999,0.043969555472882844,0.08554081115143546,0.028959803970147063,4.470407591060704,1.6780613198572256,0.8938775033366868
578,10001216,AL,STATE,7.725000023841858,-1.274999976158142,16.5,8.30000019073486,7.5,16.066666666666666,7.825,7.599999999999999,0.035725302150809025,0.07066416499736809,-0.014479905437352064,4.370408163265305,1.5780614152246555,0.5938775510204071
579,10001218,AL,STATE,7.925000071525573,-1.0749999284744272,17.7000007629395,8.39999961853027,7.80000019073486,16.066666666666666,7.825,7.599999999999999,0.13465697100592042,0.08554074021399079,0.028959838492931992,5.570408926204804,1.6780608430200656,0.8938777417552668
580,10001221,AL,STATE,7.937500059604645,-1.0624999403953552,17.6999998092651,8.40000009536743,7.70000004768372,16.066666666666666,7.825,7.599999999999999,0.1346568923821373,0.08554081115143546,0.014479912341910026,5.570407972530406,1.6780613198572256,0.7938775987041273
581,10001222,AL,STATE,7.962500035762785,-1.037499964237215,17.8499999046326,8.42499995231628,7.75000011920929,16.066666666666666,7.825,7.599999999999999,0.1470233509890313,0.08925995495559086,0.021719875417421073,5.720408067897905,1.7030611768060764,0.8438776702296975
582,10001223,AL,STATE,7.124999940395355,-1.8750000596046448,15.9500002861023,7.69999980926514,6.79999995231628,16.066666666666666,7.825,7.599999999999999,-0.009618326991930583,-0.018595853801922232,-0.11583925040337537,3.820408449367605,0.978061033754936,-0.10612249666331319
583,10001226,AL,STATE,7.525000095367432,-1.4749999046325684,16.1000003814697,8.10000038146973,7.09999990463257,16.066666666666666,7.825,7.599999999999999,0.002748131614955376,0.04091087268923496,-0.0723995409958747,3.9704085447350064,1.3780616059595259,0.1938774556529772
584,10001243,NM,MULTI,3.849999964237215,-5.150000035762785,6.0,3.09999990463257,3.70000004768372,6.25,4.875,5.891666666666667,-0.02061075124085135,-0.2640607352501072,-0.3173512539307458,-6.129591836734695,-3.621938870877634,-3.206122401295873
585,10001244,NM,STATE,5.256249964237212,-3.7437500357627878,5.57499992847443,4.5,5.19999992847443,6.25,4.875,5.891666666666667,-0.05564903424708158,-0.05578747628083491,-0.1001526896318546,-6.5545919082602655,-2.2219387755102042,-1.706122520505163
586,10001246,NM,STATE,3.799999952316285,-5.200000047683715,4.30000019073486,3.09999990463257,4.30000019073486,6.25,4.875,5.891666666666667,-0.16076384395388552,-0.2640607352501072,-0.23047180059296254,-7.829591645999836,-3.621938870877634,-2.606122258244733
587,10001249,NM,STATE,4.912499964237212,-4.087500035762788,6.40000009536743,4.30000019073486,5.09999990463257,6.25,4.875,5.891666666666667,0.012366458606888302,-0.08554076858896963,-0.11463259852148558,-5.7295917413672655,-2.4219385847753445,-1.8061225443470228
588,10001274,TX,STATE,5.850000023841857,-3.149999976158143,11.1000003814697,5.59999990463257,5.80000019073486,12.799999999999999,7.783333333333332,8.008333333333335,-0.14015307698828072,-0.32480709831146065,-0.31976455078996824,-1.0295914552649954,-1.121938870877634,-1.1061222582447332
589,10001275,TX,STATE,5.9150000333785995,-3.0849999666214005,11.239999961853,5.61999998092651,5.94000005722046,12.799999999999999,7.783333333333332,8.008333333333335,-0.12861109088786563,-0.3218317548931592,-0.299492702510434,-0.8895918748816953,-1.1019387945836945,-0.9661223917591331
590,10001279,TX,FEDERAL,6.908333420753477,-2.0916665792465228,12.766666730245,6.83333349227905,6.90000009536743,12.799999999999999,7.783333333333332,8.008333333333335,-0.002748094923857955,-0.14132824959896723,-0.16048560478820723,0.6370748935103041,0.11139471676884583,-0.006122353612163067
591,10001283,TX,FEDERAL,7.649999856948855,-1.3500001430511448,13.8999996185303,7.59999990463257,7.69999980926514,12.799999999999999,7.783333333333332,8.008333333333335,0.09068727401023766,-0.02727389148034109,-0.04464640271673027,1.7704077817956048,0.8780611291223659,0.7938773602855473
592,10001294,OR,STATE,6.791666706403097,-2.208333293596903,6.59999990463257,6.19999980926514,6.40000009536743,7.416666666666665,6.133333333333334,6.641666666666667,-0.0673284619158251,0.009917745186060022,-0.03499309099782092,-5.529591932102125,-0.521938966245064,-0.5061223536121631
593,10001295,OR,STATE,7.087500035762787,-1.9124999642372131,7.95000004768372,6.59999990463257,7.09999990463257,7.416666666666665,6.133333333333334,6.641666666666667,0.04396960657833885,0.06942440073977255,0.06636621944541746,-4.179591789050975,-0.12193887087763411,0.1938774556529772
594,10001298,OR,STATE,7.6083333094914645,-1.3916666905085355,7.96666669845581,6.23333326975505,6.66666650772095,7.416666666666665,6.133333333333334,6.641666666666667,0.04534365535066556,0.014876650883230699,0.0036199533441485894,-4.162925138278886,-0.48860550575515393,-0.239455941258643
595,10001301,OR,FEDERAL,5.587500035762787,-3.412499964237213,6.35000014305115,5.30000019073486,5.09999990463257,7.416666666666665,6.133333333333334,6.641666666666667,-0.08793919350073229,-0.1239721411379893,-0.2232318893016274,-5.779591693683545,-1.4219385847753445,-1.8061225443470228
596,10001302,OR,STATE,6.71666661898296,-2.28333338101704,7.43333339691162,5.76666673024495,5.69999980926514,7.416666666666665,6.133333333333334,6.641666666666667,0.0013740553243085654,-0.054547745127380094,-0.1363524704866276,-4.696258439823075,-0.9552720452652546,-1.2061226397144527
597,10001305,OR,STATE,6.624999999999995,-2.3750000000000053,7.40000009536743,5.69999980926514,5.59999990463257,7.416666666666665,6.133333333333334,6.641666666666667,-0.0013740422203458076,-0.06446555652171987,-0.1508323621148662,-4.7295917413672655,-1.021938966245064,-1.3061225443470228
598,10001306,OR,STATE,6.250000119209288,-2.7499998807907122,5.0,5.30000019073486,5.90000009536743,7.416666666666665,6.133333333333334,6.641666666666667,-0.19923726199489625,-0.1239721411379893,-0.10739261818458214,-7.129591836734695,-1.4219385847753445,-1.006122353612163
599,10001310,OR,STATE,7.387500077486038,-1.6124999225139618,6.54999995231628,5.85000014305115,6.80000007152557,7.416666666666665,6.133333333333334,6.641666666666667,-0.07145060823280706,-0.04215051635317495,0.02292652729930932,-5.579591884418416,-0.8719386324590541,-0.10612237745402275
600,10001312,OR,STATE,4.47499990463257,-4.52500009536743,4.69999980926514,4.40000009536743,4.19999980926514,7.416666666666665,6.133333333333334,6.641666666666667,-0.22397017920867285,-0.2578620983994817,-0.3535510520469113,-7.429592027469555,-2.3219386801427744,-2.7061226397144527
601,10001318,MN,STATE,4.537500023841854,-4.462499976158146,6.19999980926514,3.79999995231628,3.90000009536743,10.450000000000001,6.216666666666666,6.05,-0.35038278681922796,-0.3595192986813477,-0.31131795309395954,-5.929592027469555,-2.921938823193924,-3.006122353612163
602,10001319,MN,STATE,4.956250041723252,-4.043749958276748,7.59999990463257,4.5,4.42500007152557,10.450000000000001,6.216666666666666,6.05,-0.23496257200808296,-0.2553826691967108,-0.23529845300013902,-4.529591932102125,-2.2219387755102042,-2.4811223774540228
603,10001320,MN,FEDERAL,5.249999940395355,-3.7500000596046448,8.65000009536743,4.69999980926514,4.75,10.450000000000001,6.216666666666666,6.05,-0.1483974010717523,-0.2256293768885761,-0.18823877068557915,-3.4795917413672655,-2.021938966245064,-2.156122448979593
604,10001322,MN,STATE,5.866666674613953,-3.1333333253860474,9.69999980926514,5.43333339691162,5.30000019073486,10.450000000000001,6.216666666666666,6.05,-0.061832269447309116,-0.11653382988386259,-0.10859926316191447,-2.429592027469555,-1.288605378598584,-1.6061222582447332
605,10001324,MN,STATE,5.77500009536743,-3.22499990463257,9.80000019073486,5.40000009536743,5.5,10.450000000000001,6.216666666666666,6.05,-0.053587937501458606,-0.1214927119352184,-0.07963947990543731,-2.3295916459998356,-1.3219386801427744,-1.406122448979593
606,10001325,MN,STATE,7.325000047683716,-1.6749999523162842,11.1999998092651,7.09999990463257,6.90000009536743,10.450000000000001,6.216666666666666,6.05,0.0618322379977956,0.13141048549625595,0.12307921002660775,-0.9295920274695959,0.3780611291223659,-0.006122353612163067
607,10001330,MN,STATE,7.41250002384186,-1.5874999761581403,11.1999998092651,7.35000014305115,6.75,10.450000000000001,6.216666666666666,6.05,0.0618322379977956,0.16860217181886825,0.10135933806146573,-0.9295920274695959,0.6280613675409459,-0.15612244897959293
608,10001331,MN,STATE,7.287500023841858,-1.712499976158142,11.1999998092651,7.25,6.59999990463257,10.450000000000001,6.216666666666666,6.05,0.0618322379977956,0.15372549019607853,0.0796394660963237,-0.9295920274695959,0.5280612244897958,-0.3061225443470228
609,10001333,MN,STATE,6.806249976158142,-2.193750023841858,11.3999998569489,6.57499992847443,6.72500002384186,10.450000000000001,6.216666666666666,6.05,0.07832084292167253,0.053308022249959564,0.09773936515440641,-0.7295919797857948,-0.14693884703577442,-0.18112242513773325
610,10001337,MN,FEDERAL,6.75,-2.25,11.5,6.69999980926514,6.0,10.450000000000001,6.216666666666666,6.05,0.08656515521157557,0.07190382994254343,-0.007239952718676096,-0.6295918367346953,-0.021938966245063973,-0.9061224489795929
611,10001341,MI,STATE,4.987500131130217,-4.012499868869783,7.19999980926514,4.80000019073486,4.40000009536743,13.391666666666667,7.316666666666667,7.499999999999999,-0.5104596214565068,-0.3743959235541816,-0.44887705474880574,-4.929592027469555,-1.9219385847753445,-2.506122353612163
612,10001342,MI,STATE,5.243750005960463,-3.7562499940395373,6.17499983310699,4.75,4.77499997615814,13.391666666666667,7.316666666666667,7.499999999999999,-0.5949636995784036,-0.38183428209993686,-0.39457742662012724,-5.954592003627705,-1.9719387755102042,-2.1311224728214526
613,10001345,MI,STATE,5.400000035762788,-3.5999999642372122,8.10000038146973,4.95000004768372,5.04999995231628,13.391666666666667,7.316666666666667,7.499999999999999,-0.4362608698151761,-0.3520809543230798,-0.35475769011968744,-4.029591455264965,-1.771938727826484,-1.8561224966633132
614,10001346,MI,STATE,4.4249999821186075,-4.5750000178813925,6.5,4.45000004768372,3.85000002384186,13.391666666666667,7.316666666666667,7.499999999999999,-0.5681697092061355,-0.4264642560308597,-0.5285165450110779,-5.629591836734695,-2.271938727826484,-3.056122425137733
615,10001347,MI,STATE,4.5,-4.5,7.19999980926514,4.30000019073486,4.09999990463257,13.391666666666667,7.316666666666667,7.499999999999999,-0.5104596214565068,-0.4487792252619615,-0.49231679867908984,-4.929592027469555,-2.4219385847753445,-2.806122544347023
616,10001357,MI,STATE,6.700000047683715,-2.299999952316285,13.0,6.30000019073486,6.5,13.391666666666667,7.316666666666667,7.499999999999999,-0.032290176944000513,-0.15124601843084196,-0.1447990543735223,0.8704081632653047,-0.4219385847753445,-0.40612244897959293
617,10001361,MI,STATE,6.387499988079073,-2.612500011920927,13.25,6.0,6.19999980926514,13.391666666666667,7.316666666666667,7.499999999999999,-0.011679425703149166,-0.19587602783048713,-0.18823879830380635,1.1204081632653047,-0.7219387755102042,-0.7061226397144527
618,10001362,MI,STATE,6.387499988079073,-2.612500011920927,13.25,6.0,6.19999980926514,13.391666666666667,7.316666666666667,7.499999999999999,-0.011679425703149166,-0.19587602783048713,-0.18823879830380635,1.1204081632653047,-0.7219387755102042,-0.7061226397144527
619,10001364,MI,STATE,6.724999984105427,-2.275000015894573,13.2666664123535,6.46666669845581,6.53333330154419,13.391666666666667,7.316666666666667,7.499999999999999,-0.010305396586767435,-0.12645160817406306,-0.13997242383077607,1.1370745756188043,-0.2552720770543946,-0.3727891474354026
620,10001366,MI,STATE,7.650000095367432,-1.3499999046325684,12.6000003814697,7.40000009536743,7.59999990463257,13.391666666666667,7.316666666666667,7.499999999999999,-0.06526734747985431,0.012397231138785167,0.01447989162823871,0.4704085447350046,0.6780613198572256,0.6938774556529772
621,10001375,MI,STATE,8.437500119209286,-0.562499880790714,14.1000003814697,8.30000019073486,8.44999980926514,13.391666666666667,7.316666666666667,7.499999999999999,0.058397159965253784,0.14628718840027757,0.13755907403661913,1.9704085447350046,1.5780614152246555,1.5438773602855473
622,10001376,MI,STATE,8.450000047683716,-0.5499999523162842,14.1000003814697,8.30000019073486,8.44999980926514,13.391666666666667,7.316666666666667,7.499999999999999,0.058397159965253784,0.14628718840027757,0.13755907403661913,1.9704085447350046,1.5780614152246555,1.5438773602855473
623,10001382,MI,STATE,7.77500009536743,-1.2249999046325701,13.3000001907349,7.30000019073486,7.69999980926514,13.391666666666667,7.316666666666667,7.499999999999999,-0.0075572597302205405,-0.0024794150152821917,0.02895978325647729,1.1704083540002053,0.5780614152246555,0.7938773602855473
624,10001384,MI,STATE,7.5999999046325675,-1.4000000953674325,13.0,7.25,7.54999995231628,13.391666666666667,7.316666666666667,7.499999999999999,-0.032290176944000513,-0.009917773561037414,0.007239945814118648,0.8704081632653047,0.5280612244897958,0.6438775033366868
625,10001386,MI,STATE,7.225000023841857,-1.774999976158143,12.3000001907349,6.90000009536743,7.19999980926514,13.391666666666667,7.316666666666667,7.499999999999999,-0.09000026469362593,-0.06198607056899472,-0.04343974393028393,0.17040835400020526,0.17806131985722562,0.29387736028554734
626,10001387,MI,STATE,7.6249998807907104,-1.3750001192092896,13.8000001907349,7.40000009536743,7.5,13.391666666666667,7.316666666666667,7.499999999999999,0.03366424275148216,0.012397231138785167,1.2860739528754767e-16,1.6704083540002053,0.6780613198572256,0.5938775510204071
627,10001389,MI,STATE,7.200000047683715,-1.799999952316285,13.6999998092651,7.0,7.0,13.391666666666667,7.316666666666667,7.499999999999999,0.025419910805624904,-0.04710942441492736,-0.07239952718676108,1.570407972530404,0.27806122448979576,0.09387755102040707
628,10001392,MA,STATE,5.887499988079073,-3.112500011920927,11.3999996185303,5.35000014305115,5.69999980926514,11.233333333333334,5.883333333333333,6.316666666666666,0.01374046937772579,-0.07934216720706476,-0.08929277781523279,-0.7295922182043952,-1.3719386324590541,-1.2061226397144527
629,10001393,MA,STATE,6.075000047683718,-2.9249999523162824,10.8999996185303,5.45000004768372,6.0,11.233333333333334,5.883333333333333,6.316666666666666,-0.027481033103976905,-0.0644655210529974,-0.045853033884948734,-1.2295922182043952,-1.271938727826484,-0.9061224489795929
630,10001396,MA,STATE,6.100000023841858,-2.899999976158142,10.8999996185303,5.5,6.0,11.233333333333334,5.883333333333333,6.316666666666666,-0.027481033103976905,-0.057027197975964505,-0.045853033884948734,-1.2295922182043952,-1.2219387755102042,-0.9061224489795929
631,10001401,MA,STATE,6.937500059604646,-2.0624999403953543,12.1500000953674,6.35000014305115,6.85000014305115,11.233333333333334,5.883333333333333,6.316666666666666,0.0755727624121632,0.06942443620849502,0.0772261830462166,0.020408258632704346,-0.3719386324590541,-0.056122305928442806
632,10001404,MA,STATE,5.881249994039537,-3.1187500059604627,9.22500014305115,5.47500002384186,5.75,11.233333333333334,5.883333333333333,6.316666666666666,-0.16557302317460595,-0.06074635951448102,-0.08205279747832935,-2.904591693683546,-1.2469387516683446,-1.156122448979593
633,10001408,MA,STATE,6.5250000953674325,-2.4749999046325675,11.75,5.90000009536743,6.45000004768372,11.233333333333334,5.883333333333333,6.316666666666666,0.04259555256442604,0.0024794575777480174,0.019306547487693962,-0.3795918367346953,-0.8219386801427744,-0.45612240129587267
634,10001411,GA,STATE,9.249999761581423,0.24999976158142267,18.8999996185303,9.39999961853027,9.19999980926514,17.26666666666667,8.025,7.758333333333333,0.13465687665738674,0.20455402294643857,0.20875194243693426,6.770407781795603,2.6780608430200656,2.2938773602855473
635,10001414,GA,STATE,8.974999904632568,-0.02500009536743164,19.0,9.10000038146973,8.89999961853027,17.26666666666667,8.025,7.758333333333333,0.1429012086032358,0.15992415542168276,0.16531219850664866,6.870408163265305,2.378061605959526,1.993877169550677
636,10001415,GA,STATE,8.974999904632568,-0.02500009536743164,19.0,9.10000038146973,8.89999961853027,17.26666666666667,8.025,7.758333333333333,0.1429012086032358,0.15992415542168276,0.16531219850664866,6.870408163265305,2.378061605959526,1.993877169550677
637,10001421,GA,STATE,7.825000047683718,-1.1749999523162824,16.7999992370605,8.10000038146973,7.80000019073486,17.26666666666667,8.025,7.758333333333333,-0.03847346521528099,0.011157552006122985,0.006033321550457495,4.670407400325805,1.3780616059595259,0.8938777417552668
638,10001423,GA,STATE,7.725000023841857,-1.274999976158143,17.6000003814697,7.80000019073486,7.80000019073486,17.26666666666667,8.025,7.758333333333333,0.02748103310397676,-0.033472457393523766,0.006033321550457495,5.470408544735006,1.0780614152246555,0.8938777417552668
639,10001426,GA,STATE,8.075000047683716,-0.9249999523162842,18.6000003814697,8.5,7.90000009536743,17.26666666666667,8.025,7.758333333333333,0.10992403806738214,0.07066413662239084,0.020513213178696078,6.470408544735006,1.7780612244897958,0.9938776463878369
640,10001432,GA,STATE,8.225000143051147,-0.7749998569488525,17.6000003814697,8.30000019073486,8.30000019073486,17.26666666666667,8.025,7.758333333333333,0.02748103310397676,0.040910844314256116,0.07843284873721872,5.470408544735006,1.5780614152246555,1.3938777417552668
641,10001435,FL,FEDERAL,7.850000023841858,-1.149999976158142,13.1999998092651,7.80000019073486,7.59999990463257,12.841666666666667,7.208333333333333,7.408333333333334,0.029542061053795234,0.08802026872918348,0.027753138279144694,1.070407972530404,1.0780614152246555,0.6938774556529772
642,10001445,FL,STATE,7.125,-1.875,13.0,6.80000019073486,7.19999980926514,12.841666666666667,7.208333333333333,7.408333333333334,0.013053475785872511,-0.060746334686376295,-0.030166497279377945,0.8704081632653047,0.07806141522465548,0.29387736028554734
643,10001448,FL,STATE,7.649999976158143,-1.350000023841857,13.6999998092651,7.59999990463257,7.80000019073486,12.841666666666667,7.208333333333333,7.408333333333334,0.07076356353549793,0.05826690548360567,0.05671299058119017,1.570407972530404,0.8780611291223659,0.8938777417552668
644,10001454,FL,STATE,7.325000166893003,-1.6749998331069973,12.1999998092651,6.90000009536743,7.30000019073486,12.841666666666667,7.208333333333333,7.408333333333334,-0.05290094390961016,-0.04586968853230893,-0.01568653660557105,0.0704079725304041,0.17806131985722562,0.3938777417552668
645,10001459,FL,STATE,8.024999856948853,-0.9750001430511475,13.5,7.69999980926514,7.80000019073486,12.841666666666667,7.208333333333333,7.408333333333334,0.05427497826757521,0.07314355163767303,0.05671299058119017,1.3704081632653047,0.978061033754936,0.8938777417552668
646,10001470,IL,FEDERAL,9.324999809265126,0.32499980926512606,18.8999996185303,9.30000019073486,8.89999961853027,16.925,8.616666666666667,8.475,0.1628249033532171,0.10165720737560967,0.061539542872290895,6.770407781795603,2.5780614152246555,1.993877169550677
647,10001484,PA,FEDERAL,6.575000047683712,-2.4249999523162877,13.5,6.30000019073486,6.40000009536743,15.866666666666667,7.633333333333333,7.591666666666665,-0.19511511174672613,-0.19835544284576906,-0.172552192652667,1.3704081632653047,-0.4219385847753445,-0.5061223536121631
648,10001489,PA,STATE,7.02500009536743,-1.9749999046325701,14.3999996185303,6.80000019073486,6.90000009536743,15.866666666666667,7.633333333333333,7.591666666666665,-0.12091643872916964,-0.12397214113798917,-0.10015266546590579,2.2704077817956048,0.07806141522465548,-0.006122353612163067
649,10001496,NY,STATE,5.324999988079072,-3.675000011920928,8.19999980926514,4.75,5.07499992847443,13.350000000000001,6.541666666666667,6.641666666666667,-0.42458149128629286,-0.266540164452878,-0.22685186220868672,-3.929592027469555,-1.9719387755102042,-1.831122520505163
650,10001504,NY,STATE,5.916666666666668,-3.083333333333332,11.9666665395101,5.69999980926514,5.69999996821086,13.350000000000001,6.541666666666667,6.641666666666667,-0.11404616734921365,-0.12521191958307343,-0.1363524474714377,-0.1629252972245947,-1.021938966245064,-1.206122480768733
651,10001507,NY,FEDERAL,7.34999990463257,-1.6500000953674299,14.8999996185303,7.19999980926514,7.19999980926514,13.350000000000001,6.541666666666667,6.641666666666667,0.12778662624376988,0.09793798554026624,0.08084611107365604,2.7704077817956048,0.478061033754936,0.29387736028554734
652,10001516,NJ,STATE,6.15000009536743,-2.84999990463257,14.1000003814697,6.0,5.80000019073486,14.558333333333335,6.783333333333334,6.633333333333334,-0.03778634582538594,-0.1165338393421886,-0.12066585102637477,1.9704085447350046,-0.7219387755102042,-1.1061222582447332
653,10001518,NJ,STATE,5.675000071525573,-3.324999928474427,14.5,5.80000019073486,5.19999980926514,14.558333333333335,6.783333333333334,6.633333333333334,-0.004809175289532147,-0.1462871316503233,-0.20754533888694288,2.3704081632653047,-0.9219385847753445,-1.7061226397144527
654,10001519,NJ,STATE,6.150000035762785,-2.849999964237215,14.1000003814697,6.14999985694885,5.80000019073486,14.558333333333335,6.783333333333334,6.633333333333334,-0.03778634582538594,-0.09421887011108836,-0.12066585102637477,1.9704085447350046,-0.5719389185613544,-1.1061222582447332
655,10001520,NJ,FEDERAL,5.837500035762788,-3.1624999642372122,13.8499999046326,5.95000004768372,5.45000004768372,14.558333333333335,6.783333333333334,6.633333333333334,-0.058397136378120655,-0.12397216241922149,-0.17134554077077735,1.720408067897905,-0.771938727826484,-1.4561224012958727
656,10001522,CA,STATE,8.749999880790705,-0.2500001192092949,7.90000009536743,6.26666673024495,7.53333330154419,11.566666666666668,8.825000000000001,9.508333333333333,-0.30229101033677575,-0.38059455094648204,-0.2859781369907446,-4.2295917413672655,-0.45527204526525455,0.6272108525645974
657,10001530,CA,STATE,7.675000011920923,-1.3249999880790773,7.12499988079071,5.59999990463257,6.45000004768372,11.566666666666668,8.825000000000001,9.508333333333333,-0.36618435687376455,-0.47977231020266903,-0.44284376772113176,-5.004591955943986,-1.121938870877634,-0.45612240129587267
658,10001542,MD,STATE,7.174999952316285,-1.825000047683715,16.2000007629395,7.09999990463257,7.19999980926514,15.108333333333333,7.008333333333333,6.941666666666666,0.09000034331740922,0.013636924458937764,0.03740639476159934,4.070408926204804,0.3780611291223659,0.29387736028554734
659,10001543,MD,STATE,7.174999952316285,-1.825000047683715,16.3000001907349,7.14999985694885,7.19999980926514,15.108333333333333,7.008333333333333,6.941666666666666,0.09824459663948304,0.02107524753597065,0.03740639476159934,4.1704083540002035,0.42806108143864563,0.29387736028554734
660,10001546,MD,STATE,7.4000000953674325,-1.5999999046325675,15.3999996185303,7.5,7.19999980926514,15.108333333333333,7.008333333333333,6.941666666666666,0.02404584499815161,0.07314358001265028,0.03740639476159934,3.2704077817956048,0.7780612244897958,0.29387736028554734
661,10001547,MD,STATE,7.5,-1.5,15.6000003814697,7.5,7.40000009536743,15.108333333333333,7.008333333333333,6.941666666666666,0.04053450888984941,0.07314358001265028,0.06636624706364481,3.4704085447350046,0.7780612244897958,0.49387764638783693
662,10001548,MD,STATE,7.4312500953674325,-1.5687499046325675,15.5250000953674,7.45000004768372,7.30000007152557,15.108333333333333,7.008333333333333,6.941666666666666,0.034351259930460655,0.0657052569356174,0.051886338174013835,3.3954082586327043,0.728061272173516,0.39387762254597725
663,10001550,MD,STATE,8.549999952316282,-0.4500000476837176,16.6000003814697,8.60000038146973,8.39999961853027,15.108333333333333,7.008333333333333,6.941666666666666,0.12297751385325495,0.2367869005197221,0.2111652323915974,4.470408544735006,1.8780616059595259,1.493877169550677
664,10001552,MD,STATE,8.312499940395353,-0.6875000596046466,16.5,8.30000019073486,8.14999985694885,15.108333333333333,7.008333333333333,6.941666666666666,0.1147331819074059,0.19215689112007533,0.17496550332100183,4.370408163265305,1.5780614152246555,1.2438774079692578
665,10001553,MD,STATE,7.975000143051145,-1.0249998569488552,16.0,7.90000009536743,7.80000019073486,15.108333333333333,7.008333333333333,6.941666666666666,0.0735116794257032,0.13265023556636282,0.12428588262216744,3.8704081632653047,1.1780613198572256,0.8938777417552668
666,10001555,MD,STATE,8.950000047683716,-0.04999995231628418,16.7999992370605,9.0,8.80000019073486,15.108333333333333,7.008333333333333,6.941666666666666,0.1394660204974026,0.29629348513598996,0.26908493699568986,4.670407400325805,2.2780612244897958,1.8938777417552668
667,10001556,MD,STATE,5.949999928474427,-3.050000071525573,14.3000001907349,5.90000009536743,5.69999980926514,15.108333333333333,7.008333333333333,6.941666666666666,-0.0666414132873276,-0.16488297126475673,-0.1797921867986843,2.1704083540002053,-0.8219386801427744,-1.2061226397144527
668,10001557,MD,STATE,7.100000023841858,-1.899999976158142,15.0,7.0,7.0,15.108333333333333,7.008333333333333,6.941666666666666,-0.008931325537702182,-0.0012397216951295943,0.008446611505122176,2.8704081632653047,0.27806122448979576,0.09387755102040707
669,10001558,MD,STATE,7.100000023841858,-1.899999976158142,15.0,7.0,7.0,15.108333333333333,7.008333333333333,6.941666666666666,-0.008931325537702182,-0.0012397216951295943,0.008446611505122176,2.8704081632653047,0.27806122448979576,0.09387755102040707
670,10001559,MD,STATE,7.05000001192093,-1.9499999880790702,14.9499998092651,6.95000004768372,6.95000004768372,15.108333333333333,7.008333333333333,6.941666666666666,-0.013053491510630807,-0.00867804477216248,0.0012066656910036575,2.820407972530404,0.22806127217351602,0.04387759870412733
671,10001560,MD,STATE,7.27500009536743,-1.7249999046325701,14.9499998092651,7.20000004768372,7.15000009536743,15.108333333333333,7.008333333333333,6.941666666666666,-0.013053491510630807,0.028513606081727462,0.030166483470264203,2.820407972530404,0.478061272173516,0.24387764638783693
672,10001567,MD,STATE,5.649999976158142,-3.350000023841858,13.1999998092651,5.69999980926514,5.40000009536743,15.108333333333333,7.008333333333333,6.941666666666666,-0.15732875019659023,-0.19463633451033452,-0.22323186168340006,1.070407972530404,-1.021938966245064,-1.506122353612163
673,10001569,MD,STATE,6.225000023841858,-2.774999976158142,13.6999998092651,6.40000009536743,6.0,15.108333333333333,7.008333333333333,6.941666666666666,-0.11610724771488755,-0.09049966955697684,-0.13635244286840026,1.570407972530404,-0.3219386801427744,-0.9061224489795929
674,10001570,MD,STATE,6.25,-2.75,13.6999998092651,6.40000009536743,6.0,15.108333333333333,7.008333333333333,6.941666666666666,-0.11610724771488755,-0.09049966955697684,-0.13635244286840026,1.570407972530404,-0.3219386801427744,-0.9061224489795929
675,10001572,VA,STATE,6.0625,-2.9375,14.4000000953674,6.04999995231628,6.0,14.250000000000002,6.6000000000000005,6.516666666666667,0.012366458606885667,-0.08182163897230306,-0.07481284475965325,2.2704082586327043,-0.6719388231939245,-0.9061224489795929
676,10001573,VA,STATE,6.487499952316285,-2.512500047683715,12.8499999046326,6.29999995231628,6.45000004768372,14.250000000000002,6.6000000000000005,6.516666666666667,-0.1154202148111427,-0.04462998811841311,-0.00965326338701055,0.720408067897905,-0.4219388231939245,-0.45612240129587267
677,10001575,VA,STATE,6.124999940395354,-2.8750000596046457,13.8000001907349,6.14999985694885,5.95000004768372,14.250000000000002,6.6000000000000005,6.516666666666667,-0.037099336508774214,-0.0669449928182357,-0.08205279057377177,1.6704083540002053,-0.5719389185613544,-0.9561224012958727
678,10001578,VA,STATE,5.925000071525573,-3.074999928474427,14.3000001907349,5.80000019073486,5.80000019073486,14.250000000000002,6.6000000000000005,6.516666666666667,0.004122165972928479,-0.11901325435747066,-0.10377262801613041,2.1704083540002053,-0.9219385847753445,-1.1061222582447332
679,10001579,VA,STATE,6.362499952316282,-2.6375000476837176,13.9000000953674,6.29999995231628,6.14999985694885,14.250000000000002,6.6000000000000005,6.516666666666667,-0.028855043874817028,-0.04462998811841311,-0.05309300731729615,1.7704082586327043,-0.4219388231939245,-0.7561225920307431
680,10001581,VA,STATE,6.399999976158143,-2.600000023841857,13.8999996185303,6.30000019073486,6.19999980926514,14.250000000000002,6.6000000000000005,6.516666666666667,-0.0288550831867004,-0.044629952649690774,-0.045853061503176085,1.7704077817956048,-0.4219385847753445,-0.7061226397144527
681,10001582,VA,STATE,6.925000071525573,-2.074999928474427,14.5,7.0,6.80000019073486,14.250000000000002,6.6000000000000005,6.516666666666667,0.0206107512408512,0.05950664136622383,0.041026426357392023,2.3704081632653047,0.27806122448979576,-0.1061222582447332
682,10001583,VA,STATE,6.4250000119209325,-2.5749999880790675,14.3000001907349,6.45000004768372,6.09999990463257,14.250000000000002,6.6000000000000005,6.516666666666667,0.004122165972928479,-0.022314983418588945,-0.060332953131414666,2.1704083540002053,-0.271938727826484,-0.8061225443470228
683,10001584,VA,FEDERAL,7.137499868869785,-1.862500131130215,14.6500000953674,7.19999980926514,6.95000004768372,14.250000000000002,6.6000000000000005,6.516666666666667,0.03297720984773701,0.08925993367435854,0.06274626379975067,2.5204082586327043,0.478061033754936,0.04387759870412733
684,10001585,VA,FEDERAL,7.2416666348775225,-1.7583333651224775,14.6666666666667,7.26666657129924,7.03333330154419,14.250000000000002,6.6000000000000005,6.516666666666667,0.034351252068088166,0.09917772142288492,0.07481284015661542,2.5370748299320045,0.5447277957890355,0.1272108525645974
685,10001586,VA,FEDERAL,7.149999856948855,-1.8500001430511448,14.6999998092651,7.19999980926514,7.0,14.250000000000002,6.6000000000000005,6.516666666666667,0.03709933650877392,0.08925993367435854,0.06998620961386919,2.570407972530404,0.478061033754936,0.09387755102040707
686,10001588,VA,STATE,6.649999976158142,-2.350000023841858,14.5,6.59999990463257,6.5,14.250000000000002,6.6000000000000005,6.516666666666667,0.0206107512408512,-1.4187488696657565e-08,-0.002413317572892032,2.3704081632653047,-0.12193887087763411,-0.40612244897959293
687,10001589,VA,STATE,6.149999976158143,-2.850000023841857,14.1000003814697,6.19999980926514,5.80000019073486,14.250000000000002,6.6000000000000005,6.516666666666667,-0.012366419295002592,-0.059506669741201224,-0.10377262801613041,1.9704085447350046,-0.521938966245064,-1.1061222582447332
688,10001590,VA,STATE,6.149999976158143,-2.850000023841857,14.1000003814697,6.19999980926514,5.80000019073486,14.250000000000002,6.6000000000000005,6.516666666666667,-0.012366419295002592,-0.059506669741201224,-0.10377262801613041,1.9704085447350046,-0.521938966245064,-1.1061222582447332
689,10001591,VA,STATE,6.774999976158143,-2.225000023841857,14.3000001907349,6.69999980926514,6.80000019073486,14.250000000000002,6.6000000000000005,6.516666666666667,0.004122165972928479,0.014876631966578662,0.041026426357392023,2.1704083540002053,-0.021938966245063973,-0.1061222582447332
690,10001592,VA,STATE,6.049999892711637,-2.9500001072883633,13.2999997138977,6.14999985694885,5.64999985694885,14.250000000000002,6.6000000000000005,6.516666666666667,-0.07832087830236863,-0.0669449928182357,-0.12549253450405737,1.1704078771630044,-0.5719389185613544,-1.256122592030743
691,10001593,VA,STATE,5.987500071525573,-3.012499928474427,13.1999998092651,6.25,5.80000019073486,14.250000000000002,6.6000000000000005,6.516666666666667,-0.08656517093633416,-0.052068311195446,-0.10377262801613041,1.070407972530404,-0.47193877551020424,-1.1061222582447332
692,10001594,VA,STATE,5.987500071525573,-3.012499928474427,13.1999998092651,6.25,5.80000019073486,14.250000000000002,6.6000000000000005,6.516666666666667,-0.08656517093633416,-0.052068311195446,-0.10377262801613041,1.070407972530404,-0.47193877551020424,-1.1061222582447332
693,10001597,VA,STATE,6.100000023841857,-2.899999976158143,13.8999996185303,6.30000019073486,5.80000019073486,14.250000000000002,6.6000000000000005,6.516666666666667,-0.0288550831867004,-0.044629952649690774,-0.10377262801613041,1.7704077817956048,-0.4219385847753445,-1.1061222582447332
694,10001598,VA,STATE,6.125,-2.875,14.3000001907349,6.19999980926514,6.0,14.250000000000002,6.6000000000000005,6.516666666666667,0.004122165972928479,-0.059506669741201224,-0.07481284475965325,2.1704083540002053,-0.521938966245064,-0.9061224489795929
695,10001601,VA,STATE,6.174999952316284,-2.825000047683716,14.3999996185303,6.19999980926514,6.09999990463257,14.250000000000002,6.6000000000000005,6.516666666666667,0.012366419295002299,-0.059506669741201224,-0.060332953131414666,2.2704077817956048,-0.521938966245064,-0.8061225443470228
696,10001603,VA,STATE,6.149999976158142,-2.850000023841858,13.6999998092651,6.19999980926514,6.0,14.250000000000002,6.6000000000000005,6.516666666666667,-0.04534366845463147,-0.059506669741201224,-0.07481284475965325,1.570407972530404,-0.521938966245064,-0.9061224489795929
697,10001605,CT,STATE,7.050000071525575,-1.9499999284744254,12.0,6.40000009536743,6.95000004768372,12.316666666666668,6.258333333333333,6.366666666666666,-0.02610695157174517,0.02107528300469299,0.08446612195577909,-0.12959183673469532,-0.3219386801427744,0.04387759870412733
698,10001606,MO,STATE,7.0,-2.0,11.8999996185303,6.59999990463257,6.90000009536743,14.325000000000001,7.425000000000002,7.3999999999999995,-0.19992431848576653,-0.12273246200532567,-0.07239951337764748,-0.22959221820439524,-0.12193887087763411,-0.006122353612163067
699,10001608,MO,STATE,7.074999928474428,-1.925000071525572,12.1000003814697,6.59999990463257,7.0,14.325000000000001,7.425000000000002,7.3999999999999995,-0.18343565459406871,-0.12273246200532567,-0.0579196217494089,-0.029591455264995403,-0.12193887087763411,0.09387755102040707
700,10001609,MO,STATE,7.062499940395355,-1.9375000596046448,12.1500000953674,6.59999990463257,7.0,14.325000000000001,7.425000000000002,7.3999999999999995,-0.17931352793303182,-0.12273246200532567,-0.0579196217494089,0.020408258632704346,-0.12193887087763411,0.09387755102040707
701,10001612,MO,STATE,7.125,-1.875,12.1000003814697,6.54999995231628,7.04999995231628,14.325000000000001,7.425000000000002,7.3999999999999995,-0.18343565459406871,-0.13017078508236013,-0.05067967593529038,-0.029591455264995403,-0.1719388231939245,0.1438775033366868
702,10001614,MO,STATE,7.562499999999999,-1.4375000000000009,13.7000002861023,7.25,7.39999985694885,14.325000000000001,7.425000000000002,7.3999999999999995,-0.0515268545149951,-0.026034155597723197,-2.0713671188048812e-08,1.570408449367605,0.5280612244897958,0.49387740796925694
703,10001615,MO,STATE,7.950000047683715,-1.049999952316285,14.1000003814697,7.59999990463257,7.80000019073486,14.325000000000001,7.425000000000002,7.3999999999999995,-0.018549644667257937,0.026034141410234104,0.057919649367636376,1.9704085447350046,0.8780611291223659,0.8938777417552668
704,10001616,MO,STATE,8.775000095367435,-0.2249999046325648,14.6000003814697,8.19999980926514,8.60000038146973,14.325000000000001,7.425000000000002,7.3999999999999995,0.02267185781444476,0.11529408927208135,0.1737589204846832,2.4704085447350046,1.478061033754936,1.6938779324901372
705,10001617,MO,STATE,6.9499999284744245,-2.0500000715255755,13.4499998092651,6.64999985694885,6.75,14.325000000000001,7.425000000000002,7.3999999999999995,-0.07213764506773816,-0.11529413892829278,-0.0941193853427895,1.320407972530404,-0.07193891856135437,-0.15612244897959293
706,10001618,MO,STATE,7.125000119209288,-1.8749998807907122,13.6999998092651,6.90000009536743,6.90000009536743,14.325000000000001,7.425000000000002,7.3999999999999995,-0.05152689382688681,-0.0781024526056805,-0.07239951337764748,1.570407972530404,0.17806131985722562,-0.006122353612163067
707,10001619,MO,STATE,7.062500059604646,-1.9374999403953543,13.5499997138977,6.79999995231628,6.85000014305115,14.325000000000001,7.425000000000002,7.3999999999999995,-0.06389335243377263,-0.09297913422847019,-0.079639459191766,1.4204078771630044,0.0780611768060755,-0.056122305928442806
708,10001622,MO,STATE,7.42500001192093,-1.5749999880790702,14.25,7.25,7.35000014305115,14.325000000000001,7.425000000000002,7.3999999999999995,-0.006183225372255493,-0.026034155597723197,-0.00723993200500478,2.1204081632653047,0.5280612244897958,0.4438776940715572
709,10001624,MO,STATE,7.975000023841858,-1.024999976158142,14.0750000476837,7.625,7.5,14.325000000000001,7.425000000000002,7.3999999999999995,-0.020610747309663932,0.029753320683111716,0.01447990543735232,1.9454082109490045,0.9030612244897958,0.5938775510204071
710,10001626,MO,STATE,7.450000107288358,-1.549999892711642,14.8000001907349,7.15000009536743,7.29999995231628,14.325000000000001,7.425000000000002,7.3999999999999995,0.03916044308237583,-0.04091080175179056,-0.014479912341909769,2.6704083540002053,0.4280613198572256,0.3938775033366868
711,10001630,MO,STATE,6.274999976158142,-2.725000023841858,12.6000003814697,6.0,6.0,14.325000000000001,7.425000000000002,7.3999999999999995,-0.14221415211236602,-0.2119924098671729,-0.20271867612293135,0.4704085447350046,-0.7219387755102042,-0.9061224489795929
712,10001631,MO,STATE,6.700000047683715,-2.299999952316285,13.3999996185303,6.40000009536743,6.5,14.325000000000001,7.425000000000002,7.3999999999999995,-0.07625981104065843,-0.15248575431346037,-0.1303191489361701,1.2704077817956048,-0.3219386801427744,-0.40612244897959293
713,10001632,MO,STATE,6.72499990463257,-2.27500009536743,11.5,6.59999990463257,6.59999990463257,14.325000000000001,7.425000000000002,7.3999999999999995,-0.2329014890216203,-0.12273246200532567,-0.11583925730793153,-0.6295918367346953,-0.12193887087763411,-0.3061225443470228
714,10001633,MO,FEDERAL,8.12500011920929,-0.8749998807907104,14.6000003814697,8.0,8.10000038146973,14.325000000000001,7.425000000000002,7.3999999999999995,0.02267185781444476,0.08554079696394663,0.10135939329792197,2.4704085447350046,1.2780612244897958,1.1938779324901372
715,10001636,MO,STATE,7.825000047683715,-1.174999952316285,17.0,7.40000009536743,7.80000019073486,14.325000000000001,7.425000000000002,7.3999999999999995,0.22053503827710932,-0.0037191508979006146,0.057919649367636376,4.870408163265305,0.6780613198572256,0.8938777417552668
716,10001643,LA,STATE,7.949999809265138,-1.0500001907348624,14.8000001907349,8.39999961853027,7.69999980926514,13.275,8.116666666666665,8.258333333333335,0.12572559829395155,0.04215048088445274,-0.08084616631011088,2.6704083540002053,1.6780608430200656,0.7938773602855473
717,10001652,LA,MULTI,7.625,-1.375,12.3999996185303,7.5,7.59999990463257,13.275,8.116666666666665,8.258333333333335,-0.07213766079248811,-0.091739405439595,-0.09532605793834946,0.27040778179560476,0.7780612244897958,0.6938774556529772
718,10001676,WA,STATE,5.399999976158142,-3.600000023841858,7.59999990463257,5.09999990463257,6.5,7.633333333333333,5.741666666666667,6.425000000000001,-0.002748108027824301,-0.09545858471247287,0.01085992907801408,-4.529591932102125,-1.621938870877634,-0.40612244897959293
719,10001677,WA,STATE,6.250000119209287,-2.749999880790713,6.40000009536743,5.90000009536743,6.30000019073486,7.633333333333333,5.741666666666667,6.425000000000001,-0.10167969825915578,0.023554726394952177,-0.018099854178463083,-5.7295917413672655,-0.8219386801427744,-0.6061222582447332
720,10001678,WA,FEDERAL,6.450000047683715,-2.549999952316285,8.80000019073486,6.40000009536743,7.0,7.633333333333333,5.741666666666667,6.425000000000001,0.09618352151539465,0.09793802810273206,0.0832594562647753,-3.3295916459998356,-0.3219386801427744,0.09387755102040707
721,10001679,WA,STATE,4.850000023841861,-4.149999976158139,6.32500016689301,5.09999990463257,4.82500016689301,7.633333333333333,5.741666666666667,6.425000000000001,-0.10786291773462744,-0.09545858471247287,-0.231678462831686,-5.8045916698416855,-1.621938870877634,-2.081122282086583
722,10001681,WA,STATE,4.343750029802322,-4.656249970197678,5.09999990463257,4.40000009536743,3.92500007152557,7.633333333333333,5.741666666666667,6.425000000000001,-0.2088556204363378,-0.19959517872838747,-0.3619976255769713,-7.029591932102125,-2.3219386801427744,-2.9811223774540228
723,10001684,WA,STATE,5.574999928474427,-3.425000071525573,7.59999990463257,5.69999980926514,5.80000019073486,7.633333333333333,5.741666666666667,6.425000000000001,-0.002748108027824301,-0.0061986368506256285,-0.0904993813652243,-4.529591932102125,-1.021938966245064,-1.1061222582447332
724,10001687,WA,STATE,5.25,-3.75,6.19999980926514,5.0,5.5,7.633333333333333,5.741666666666667,6.425000000000001,-0.11816832283896934,-0.11033523086654023,-0.13393912529550836,-5.929592027469555,-1.7219387755102042,-1.406122448979593
725,10001690,WA,STATE,6.199999928474428,-2.800000071525572,7.40000009536743,6.0,5.90000009536743,7.633333333333333,5.741666666666667,6.425000000000001,-0.019236693295750392,0.03843137254901954,-0.07601948973698572,-4.7295917413672655,-0.7219387755102042,-1.006122353612163
726,10001696,WI,STATE,7.462499916553497,-1.5375000834465027,13.2999997138977,7.14999985694885,7.09999990463257,13.108333333333333,7.125,6.858333333333333,0.015801552364186074,0.003719143804155275,0.03499309099782092,1.1704078771630044,0.42806108143864563,0.1938774556529772
727,10001697,WI,STATE,7.449999928474428,-1.550000071525572,13.3999996185303,7.09999990463257,7.09999990463257,13.108333333333333,7.125,6.858333333333333,0.02404584499815161,-0.0037191792728776115,0.03499309099782092,1.2704077817956048,0.3780611291223659,0.1938774556529772
728,10001703,TN,STATE,5.77500009536743,-3.22499990463257,13.8000001907349,5.80000019073486,5.59999990463257,16.733333333333334,7.3999999999999995,7.375,-0.2418327988345642,-0.2380265370899183,-0.257018335322116,1.6704083540002053,-0.9219385847753445,-1.3061225443470228
729,10001705,TN,STATE,7.900000095367435,-1.0999999046325648,17.1500005722046,7.69999980926514,7.95000004768372,16.733333333333334,7.3999999999999995,7.375,0.03435129924235222,0.044629952649690774,0.083259463169333,5.020408735469905,0.978061033754936,1.0438775987041273
730,10001708,TN,STATE,7.6499998569488525,-1.3500001430511475,17.0,7.40000009536743,7.69999980926514,16.733333333333334,7.3999999999999995,7.375,0.021984801323574693,1.4187488696657565e-08,0.047059665053167464,4.870408163265305,0.6780613198572256,0.7938773602855473
731,10001709,TN,STATE,7.675000011920927,-1.3249999880790728,17.0,7.54999995231628,7.65000009536743,16.733333333333334,7.3999999999999995,7.375,0.021984801323574693,0.022314983418588945,0.03981975376183233,4.870408163265305,0.8280611768060755,0.7438776463878369
732,10001711,TN,STATE,6.6999999582767495,-2.3000000417232505,15.4500000476837,6.79999995231628,6.57500004768372,16.733333333333334,7.3999999999999995,7.375,-0.10580185243851616,-0.08925996914308089,-0.11583923659426035,3.3204082109490045,0.0780611768060755,-0.33112240129587267
733,10001713,TN,STATE,7.2000000178813925,-1.7999999821186075,13.625,7.35000014305115,7.17499995231628,16.733333333333334,7.3999999999999995,7.375,-0.2562603404279185,-0.00743830888954419,-0.02895981777926209,1.4954081632653047,0.6280613675409459,0.2688775033366868
734,10001716,TN,STATE,6.512499988079072,-2.487500011920928,14.4500002861023,6.25,6.45000004768372,16.733333333333334,7.3999999999999995,7.375,-0.1882448377459757,-0.17108159392789365,-0.13393911839095066,2.320408449367605,-0.47193877551020424,-0.45612240129587267
735,10001717,TN,STATE,6.650000035762788,-2.3499999642372122,14.9000000953674,6.5,6.5,16.733333333333334,7.3999999999999995,7.375,-0.15114550123720163,-0.1338899430740037,-0.12669917257683214,2.7704082586327043,-0.22193877551020424,-0.40612244897959293
736,10001718,TN,FEDERAL,8.125000238418577,-0.8749997615814227,17.2000007629395,8.30000019073486,8.10000038146973,16.733333333333334,7.3999999999999995,7.375,0.0384734652152807,0.1338899714489811,0.10497936965725996,5.070408926204804,1.5780614152246555,1.1938779324901372
737,10001720,TN,STATE,8.125000238418577,-0.8749997615814227,17.2000007629395,8.30000019073486,8.10000038146973,16.733333333333334,7.3999999999999995,7.375,0.0384734652152807,0.1338899714489811,0.10497936965725996,5.070408926204804,1.5780614152246555,1.1938779324901372
738,10001721,RI,STATE,7.075000047683715,-1.924999952316285,12.1000003814697,6.5,6.80000019073486,11.891666666666667,6.241666666666667,6.525000000000001,0.017175657483551085,0.03843137254901954,0.03981976757094582,-0.029591455264995403,-0.22193877551020424,-0.1061222582447332
739,10001722,OK,STATE,7.725000023841857,-1.274999976158143,10.8000001907349,7.30000019073486,7.69999980926514,12.375,7.333333333333333,7.508333333333333,-0.12984771709260515,-0.00495885840554138,0.02775312447003121,-1.3295916459997947,0.5780614152246555,0.7938773602855473
740,10001725,OK,STATE,7.175000190734862,-1.8249998092651376,13.0,6.80000019073486,7.0,12.375,7.333333333333333,7.508333333333333,0.051526878102128366,-0.07934216011332126,-0.07360618597320717,0.8704081632653047,0.07806141522465548,0.09387755102040707
741,10001727,OK,FEDERAL,7.325000047683718,-1.6749999523162824,10.5,7.19999980926514,7.09999990463257,12.375,7.333333333333333,7.508333333333333,-0.1545806343063851,-0.019835575497051828,-0.05912629434496859,-1.6295918367346953,0.478061033754936,0.1938774556529772
742,10001728,OK,FEDERAL,7.325000047683718,-1.6749999523162824,10.5,7.19999980926514,7.09999990463257,12.375,7.333333333333333,7.508333333333333,-0.1545806343063851,-0.019835575497051828,-0.05912629434496859,-1.6295918367346953,0.478061033754936,0.1938774556529772
743,10001729,OK,STATE,6.6125000715255755,-2.3874999284744245,10.9499998092651,6.15000009536743,6.25,12.375,7.333333333333333,7.508333333333333,-0.11748129779761103,-0.17604046652092373,-0.182205476753349,-1.179592027469596,-0.5719386801427744,-0.6561224489795929
744,10001730,OK,STATE,5.674999952316284,-3.325000047683716,5.90000009536743,5.19999980926514,5.59999990463257,12.375,7.333333333333333,7.508333333333333,-0.5338184492756725,-0.31736878232817134,-0.27632487590525223,-6.2295917413672655,-1.521938966245064,-1.3061225443470228
745,10001731,OK,STATE,7.425000011920927,-1.5749999880790728,11.6999998092651,7.54999995231628,7.15000009536743,12.375,7.333333333333333,7.508333333333333,-0.055649044075057,0.03223275697962623,-0.05188631400806514,-0.4295920274695959,0.8280611768060755,0.24387764638783693
746,10001732,OK,STATE,6.300000071525573,-2.699999928474427,10.1999998092651,5.80000019073486,5.80000019073486,12.375,7.333333333333333,7.508333333333333,-0.1793135515201651,-0.22810876352888104,-0.24736502360320678,-1.929592027469596,-0.9219385847753445,-1.1061222582447332
747,10001733,OK,STATE,6.737499952316282,-2.2625000476837176,10.5500001907349,6.25,6.25,12.375,7.333333333333333,7.508333333333333,-0.1504584683334565,-0.16116382036685636,-0.182205476753349,-1.5795916459997947,-0.47193877551020424,-0.6561224489795929
748,10001734,OK,STATE,6.912500083446503,-2.0874999165534973,11.75,6.35000014305115,6.5,12.375,7.333333333333333,7.508333333333333,-0.051526878102128366,-0.14628713874406668,-0.14600571315996838,-0.3795918367346953,-0.3719386324590541,-0.40612244897959293
749,10001735,OK,STATE,6.975000023841857,-2.024999976158143,9.60000038146973,6.5,6.69999980926514,12.375,7.333333333333333,7.508333333333333,-0.2287793073239391,-0.12397216951296643,-0.11704592990349122,-2.529591455264965,-0.22193877551020424,-0.20612263971445266
750,10001737,NH,STATE,5.912500023841858,-3.087499976158142,10.3499999046326,5.20000004768372,5.79999995231628,10.366666666666667,5.150000000000001,5.675000000000001,-0.0013740579450984662,0.007438337264522905,0.0180998748921326,-1.779591932102095,-1.521938727826484,-1.1061224966633132
751,10001738,NE,STATE,5.862499892711639,-3.1375001072883606,8.80000019073486,5.69999980926514,5.09999990463257,10.25,6.591666666666668,6.066666666666666,-0.11954234147218283,-0.1326502497538515,-0.13997243303685197,-3.3295916459998356,-1.021938966245064,-1.8061225443470228
752,10001739,NE,STATE,6.987500011920927,-2.012499988079073,10.9500002861023,6.79999995231628,6.25,10.25,6.591666666666668,6.066666666666666,0.05771012706151713,0.030993035284496366,0.026546493301812482,-1.179591550632395,0.0780611768060755,-0.6561224489795929
753,10001742,NE,STATE,6.600000023841858,-2.399999976158142,10.6000003814697,6.30000019073486,6.09999990463257,10.25,6.591666666666668,6.066666666666666,0.02885508318670025,-0.04339023095456118,0.004826621336670453,-1.5295914552649954,-0.4219385847753445,-0.8061225443470228
754,10001743,NE,STATE,5.84999990463257,-3.15000009536743,7.19999980926514,5.59999990463257,5.5,10.25,6.591666666666668,6.066666666666666,-0.25145118086314144,-0.14752689590791887,-0.08205279747832935,-4.929592027469555,-1.121938870877634,-1.406122448979593
755,10001745,NC,FEDERAL,5.987500011920931,-3.0124999880790693,14.0500001907349,6.09999990463257,5.90000009536743,15.199999999999998,6.858333333333333,6.883333333333333,-0.09480943998315763,-0.11281468844428812,-0.14238572299151667,1.9204083540002053,-0.6219388708776341,-1.006122353612163
756,10001747,NC,STATE,7.124999880790712,-1.8750001192092878,14.6999998092651,7.09999990463257,7.09999990463257,15.199999999999998,6.858333333333333,6.883333333333333,-0.04122151820646085,0.03595191497127165,0.031373114638482934,2.570407972530404,0.3780611291223659,0.1938774556529772
757,10001748,NC,FEDERAL,7.012499988079072,-1.987500011920928,14.9000000953674,7.04999995231628,6.95000004768372,15.199999999999998,6.858333333333333,6.883333333333333,-0.024732893626646407,0.02851359189423718,0.009653277196125834,2.7704082586327043,0.3280611768060755,0.04387759870412733
758,10001749,NC,STATE,6.300000071525573,-2.699999928474427,14.3000001907349,6.30000019073486,6.19999980926514,15.199999999999998,6.858333333333333,6.883333333333333,-0.07419868874230628,-0.08306132519871032,-0.09894604810680092,2.1704083540002053,-0.4219385847753445,-0.7061226397144527
759,10001750,NC,STATE,6.0,-3.0,14.3999996185303,6.09999990463257,5.90000009536743,15.199999999999998,6.858333333333333,6.883333333333333,-0.06595443542023247,-0.11281468844428812,-0.14238572299151667,2.2704077817956048,-0.6219388708776341,-1.006122353612163
760,10001751,NC,STATE,6.175000071525575,-2.8249999284744254,13.8499999046326,6.40000009536743,6.0,15.199999999999998,6.858333333333333,6.883333333333333,-0.11129806456297207,-0.06818467904464295,-0.12790583136327807,1.720408067897905,-0.3219386801427744,-0.9061224489795929
761,10001752,NC,STATE,5.574999988079071,-3.425000011920929,12.5250000953674,5.42499995231628,5.52499997615814,15.199999999999998,6.858333333333333,6.883333333333333,-0.2205350304147342,-0.21323213865604745,-0.19668538564297997,0.39540825863270435,-1.2969388231939245,-1.3811224728214526
762,10001753,NC,STATE,5.674999952316284,-3.325000047683716,12.6000003814697,5.59999990463257,5.59999990463257,15.199999999999998,6.858333333333333,6.883333333333333,-0.21435178145534545,-0.187197990152068,-0.1858254669218007,0.4704085447350046,-1.121938870877634,-1.3061225443470228
763,10001754,NC,STATE,6.20000010728836,-2.7999998927116403,13.5999999046326,6.20000004768372,6.0,15.199999999999998,6.858333333333333,6.883333333333333,-0.13190881580382344,-0.09793800682149842,-0.12790583136327807,1.470408067897905,-0.521938727826484,-0.9061224489795929
764,10001759,NC,STATE,5.324999968210857,-3.6750000317891427,12.6000000635783,5.33333349227905,5.26666657129924,15.199999999999998,6.858333333333333,6.883333333333333,-0.21435180766326775,-0.22686904656291426,-0.2340918183796411,0.4704082268436043,-1.3886052832311542,-1.6394558776803532
765,10001760,NC,FEDERAL,6.950000047683716,-2.049999952316284,15.0,7.0,6.90000009536743,15.199999999999998,6.858333333333333,6.883333333333333,-0.016488600992680874,0.02107526881720429,0.0024133313820057715,2.8704081632653047,0.27806122448979576,-0.006122353612163067
766,10001761,NC,FEDERAL,7.074999928474428,-1.925000071525572,15.1000003814697,7.09999990463257,7.0,15.199999999999998,6.858333333333333,6.883333333333333,-0.00824426904683197,0.03595191497127165,0.016893223010244353,2.9704085447350046,0.3780611291223659,0.09387755102040707
767,10001763,NC,STATE,6.737499952316285,-2.262500047683715,14.6000003814697,6.90000009536743,6.69999980926514,15.199999999999998,6.858333333333333,6.883333333333333,-0.049465771528534666,0.0061986226631369325,-0.0265465209200397,2.4704085447350046,0.17806131985722562,-0.20612263971445266
768,10001766,NC,STATE,7.875,-1.125,15.5,8.19999980926514,7.80000019073486,15.199999999999998,6.858333333333333,6.883333333333333,0.02473290148902182,0.1995951645408988,0.13273249412728963,3.3704081632653047,1.478061033754936,0.8938777417552668
769,10001769,NC,STATE,6.331250011920931,-2.6687499880790693,14.4000000953674,6.07499992847443,6.27500009536743,15.199999999999998,6.858333333333333,6.883333333333333,-0.0659543961083491,-0.11653384998280462,-0.08808607760144575,2.2704082586327043,-0.6469388470357744,-0.6311223536121631
770,10001770,NC,STATE,6.0,-3.0,13.75,5.95000004768372,5.95000004768372,15.199999999999998,6.858333333333333,6.883333333333333,-0.11954235719693761,-0.13512965767538837,-0.1351457771773966,1.6204081632653047,-0.771938727826484,-0.9561224012958727
771,10001771,NC,STATE,6.875000119209288,-2.1249998807907122,15.8999996185303,6.90000009536743,6.90000009536743,15.199999999999998,6.858333333333333,6.883333333333333,0.05771007202487562,0.0061986226631369325,0.0024133313820057715,3.7704077817956048,0.17806131985722562,-0.006122353612163067
772,10001775,NC,STATE,5.775000035762788,-3.2249999642372122,15.0500001907349,5.64999985694885,5.75,15.199999999999998,6.858333333333333,6.883333333333333,-0.012366435019752249,-0.1797596670750351,-0.1641055949566587,2.9204083540002053,-1.0719389185613544,-1.156122448979593
773,10001776,NC,STATE,6.312500059604642,-2.687499940395358,15.75,6.14999985694885,6.30000019073486,15.199999999999998,6.858333333333333,6.883333333333333,0.04534365272987317,-0.10537636536725523,-0.08446608743299402,3.6204081632653047,-0.5719389185613544,-0.6061222582447332
774,10001777,NC,STATE,6.812500059604646,-2.1874999403953543,15.2999997138977,6.90000009536743,6.85000014305115,15.199999999999998,6.858333333333333,6.883333333333333,0.008244276909207385,0.0061986226631369325,-0.004826614432112747,3.1704078771630044,0.17806131985722562,-0.056122305928442806
775,10001778,NC,STATE,6.425000071525572,-2.574999928474428,14.8999996185303,6.30000019073486,6.40000009536743,15.199999999999998,6.858333333333333,6.883333333333333,-0.024732932938529777,-0.08306132519871032,-0.06998619580475544,2.7704077817956048,-0.4219385847753445,-0.5061223536121631
776,10001782,NC,STATE,6.975000023841858,-2.024999976158142,16.8999996185303,6.90000009536743,7.0,15.199999999999998,6.858333333333333,6.883333333333333,0.14015307698828086,0.0061986226631369325,0.016893223010244353,4.770407781795603,0.17806131985722562,0.09387755102040707
777,10001784,NC,STATE,6.75,-2.25,15.1500000953674,6.75,6.75,15.199999999999998,6.858333333333333,6.883333333333333,-0.0041221423857950605,-0.01611638203668565,-0.019306540583136255,3.0204082586327043,0.028061224489795755,-0.15612244897959293
778,10001786,NC,STATE,7.149999976158142,-1.850000023841858,16.5,7.09999990463257,7.09999990463257,15.199999999999998,6.858333333333333,6.883333333333333,0.10717590645242721,0.03595191497127165,0.031373114638482934,4.370408163265305,0.3780611291223659,0.1938774556529772
779,10001787,NC,STATE,5.325000047683715,-3.674999952316285,12.0,5.30000019073486,5.30000019073486,15.199999999999998,6.858333333333333,6.883333333333333,-0.26381761588289704,-0.23182792861427007,-0.22926514180651647,-0.12959183673469532,-1.4219385847753445,-1.6061222582447332
780,10001788,NC,STATE,5.19166668256124,-3.80833331743876,11.3000001907349,5.06666660308838,5.23333326975505,15.199999999999998,6.858333333333333,6.883333333333333,-0.3215277036325225,-0.2665401739112037,-0.2389184489223872,-0.8295916459997947,-1.6552721724218245,-1.6727891792245426
781,10001790,NC,STATE,6.649999976158143,-2.350000023841857,16.7000007629395,6.59999990463257,6.69999980926514,15.199999999999998,6.858333333333333,6.883333333333333,0.12366457034413322,-0.038431386736508234,-0.0265465209200397,4.570408926204804,-0.12193887087763411,-0.20612263971445266
782,10001793,NC,STATE,6.712499976158143,-2.287500023841857,16.0999999046326,6.69999980926514,6.85000014305115,15.199999999999998,6.858333333333333,6.883333333333333,0.07419869660469006,-0.023554740582440874,-0.004826614432112747,3.970408067897905,-0.021938966245063973,-0.056122305928442806
783,10001797,NC,STATE,6.487500011920928,-2.512499988079072,14.8000001907349,6.5,6.54999995231628,15.199999999999998,6.858333333333333,6.883333333333333,-0.03297718626060359,-0.05330803289057559,-0.04826635836239834,2.6704083540002053,-0.22193877551020424,-0.3561224966633132
784,10001798,NC,STATE,5.212500035762788,-3.7874999642372122,14.1000003814697,5.0,5.45000004768372,15.199999999999998,6.858333333333333,6.883333333333333,-0.09068727401023736,-0.27645793801391527,-0.20754530436415783,1.9704085447350046,-1.7219387755102042,-1.4561224012958727
785,10001799,NC,STATE,5.500000119209287,-3.499999880790713,14.5,5.30000019073486,5.80000019073486,15.199999999999998,6.858333333333333,6.883333333333333,-0.057710103474383566,-0.23182792861427007,-0.15686561461975523,2.3704081632653047,-1.4219385847753445,-1.1061222582447332
786,10001801,NC,STATE,6.424999952316285,-2.575000047683715,12.6999998092651,6.09999990463257,6.69999980926514,15.199999999999998,6.858333333333333,6.883333333333333,-0.20610752813327163,-0.11281468844428812,-0.0265465209200397,0.5704079725304041,-0.6219388708776341,-0.20612263971445266
787,10001804,MS,STATE,6.850000143051145,-2.149999856948855,14.6999998092651,6.80000019073486,6.80000019073486,15.15,7.833333333333333,7.8500000000000005,-0.03709936795829081,-0.15372546182110114,-0.1520389794739713,2.570407972530404,0.07806141522465548,-0.1061222582447332
788,10001805,MS,MULTI,7.399999976158142,-1.600000023841858,15.3999996185303,7.59999990463257,7.40000009536743,15.15,7.833333333333333,7.8500000000000005,0.020610719791342956,-0.03471222165111919,-0.06515956065897151,3.2704077817956048,0.8780611291223659,0.49387764638783693
789,10001807,MS,STATE,7.325000047683715,-1.674999952316285,14.9666668574015,7.33333349227905,7.33333349227905,15.15,7.833333333333333,7.8500000000000005,-0.015114535185204942,-0.07438327806196543,-0.07481282174446385,2.837075020666804,0.6113947167688458,0.42721104329945714
790,10001811,MS,FEDERAL,7.641666730244956,-1.358333269755044,16.2333335876465,7.96666669845581,7.50000015894572,15.15,7.833333333333333,7.8500000000000005,0.08931327634336403,0.019835551851237507,-0.05067964601554302,4.103741750911803,1.2447279229456054,0.5938777099661268
791,10001812,MS,FEDERAL,7.48750001192093,-1.5124999880790702,16.0,7.85000014305115,7.30000019073486,15.15,7.833333333333333,7.8500000000000005,0.07007655421889455,0.0024794646714930923,-0.07963945228721009,3.8704081632653047,1.1280613675409459,0.3938777417552668
792,10001816,MS,STATE,7.558333357175193,-1.4416666428248073,14.5999997456868,7.5666667620341,7.5666667620341,15.15,7.833333333333333,7.8500000000000005,-0.04534367369621742,-0.039671080056660035,-0.04102638493005055,2.4704079089521045,0.8447279865238961,0.6605443130545074
793,10001820,MS,FEDERAL,7.399999976158143,-1.600000023841857,13.0999999046326,7.45000004768372,7.35000014305115,15.15,7.833333333333333,7.8500000000000005,-0.16900816803735608,-0.057027190882219435,-0.07239950647309003,0.970408067897905,0.728061272173516,0.4438776940715572
794,10001821,MS,STATE,6.600000023841858,-2.399999976158142,11.5,6.80000019073486,6.5,15.15,7.833333333333333,7.8500000000000005,-0.3009169681164297,-0.15372546182110114,-0.19547872340425537,-0.6295918367346953,0.07806141522465548,-0.40612244897959293
795,10001825,KS,FEDERAL,7.450000047683715,-1.549999952316285,12.8999996185303,7.0,7.30000019073486,11.68333333333333,6.8500000000000005,7.249999999999999,0.1003056245893018,0.022314990512333887,0.007239980336903575,0.7704077817956048,0.27806122448979576,0.3938777417552668
796,10001826,KS,FEDERAL,7.450000047683715,-1.549999952316285,12.8999996185303,7.0,7.30000019073486,11.68333333333333,6.8500000000000005,7.249999999999999,0.1003056245893018,0.022314990512333887,0.007239980336903575,0.7704077817956048,0.27806122448979576,0.3938777417552668
797,10001830,KS,STATE,5.799999952316286,-3.200000047683714,7.20000004768372,5.09999990463257,5.59999990463257,11.68333333333333,6.8500000000000005,7.249999999999999,-0.3696194683214114,-0.2603415701647183,-0.23891845352542554,-4.929591789050975,-1.621938870877634,-1.3061225443470228
798,10001831,KS,STATE,5.874999880790713,-3.125000119209287,7.40000009536743,5.19999980926514,5.69999980926514,11.68333333333333,6.8500000000000005,7.249999999999999,-0.353130863397542,-0.24546492401065093,-0.22443856189718697,-4.7295917413672655,-1.521938966245064,-1.2061226397144527
799,10001832,KS,STATE,5.799999952316286,-3.200000047683714,7.20000004768372,5.09999990463257,5.59999990463257,11.68333333333333,6.8500000000000005,7.249999999999999,-0.3696194683214114,-0.2603415701647183,-0.23891845352542554,-4.929591789050975,-1.621938870877634,-1.3061225443470228
800,10001852,IA,STATE,6.475000023841858,-2.524999976158142,11.6000003814697,6.19999980926514,6.0,12.716666666666667,7.05,6.8500000000000005,-0.092061324092961,-0.12645164127820302,-0.12307919621749415,-0.5295914552649954,-0.521938966245064,-0.9061224489795929
801,10001853,IA,STATE,7.25,-1.75,13.3000001907349,7.0,6.90000009536743,12.716666666666667,7.05,6.8500000000000005,0.048091768620078156,-0.007438330170777962,0.007239966527789707,1.1704083540002053,0.27806122448979576,-0.006122353612163067
802,10001856,IA,STATE,7.674999952316282,-1.3250000476837176,14.3999996185303,7.80000019073486,7.09999990463257,12.716666666666667,7.05,6.8500000000000005,0.13877902690555738,0.11157498093664708,0.03619974978426687,2.2704077817956048,1.0780614152246555,0.1938774556529772
803,10001861,IA,STATE,7.799999952316285,-1.200000047683715,14.5,7.59999990463257,7.30000019073486,12.716666666666667,7.05,6.8500000000000005,0.14702335885140627,0.08182161769106928,0.06515960208631234,2.3704081632653047,0.8780611291223659,0.3938777417552668
804,10001862,IA,STATE,7.799999952316285,-1.200000047683715,14.5,7.59999990463257,7.30000019073486,12.716666666666667,7.05,6.8500000000000005,0.14702335885140627,0.08182161769106928,0.06515960208631234,2.3704081632653047,0.8780611291223659,0.3938777417552668
805,10001863,IA,STATE,7.3999998569488525,-1.6000001430511475,13.1999998092651,7.09999990463257,6.90000009536743,12.716666666666667,7.05,6.8500000000000005,0.03984743667422091,0.007438315983289398,0.007239966527789707,1.070407972530404,0.3780611291223659,-0.006122353612163067
806,10001866,IA,STATE,7.700000166893003,-1.2999998331069973,13.0,7.30000019073486,7.30000019073486,12.716666666666667,7.05,6.8500000000000005,0.023358851406298186,0.0371916792288672,0.06515960208631234,0.8704081632653047,0.5780614152246555,0.3938777417552668
807,10001867,IA,STATE,7.200000047683718,-1.7999999523162824,12.3000001907349,7.19999980926514,6.5,12.716666666666667,7.05,6.8500000000000005,-0.034351236343327235,0.02231496213735676,-0.05067966903073293,0.17040835400020526,0.478061033754936,-0.40612244897959293
808,10001869,IA,STATE,7.3999998569488525,-1.6000001430511475,13.3999996185303,7.09999990463257,7.0,12.716666666666667,7.05,6.8500000000000005,0.056336021942151975,0.007438315983289398,0.02171985815602829,1.2704077817956048,0.3780611291223659,0.09387755102040707
809,10001871,IA,STATE,7.424999952316286,-1.575000047683714,13.9333330790202,7.19999996821086,7.19999996821086,12.716666666666667,7.05,6.8500000000000005,0.10030563507247092,0.022314985783171603,0.05067966442769536,1.8037412422855041,0.4780611927006557,0.29387751923126704
810,10001873,WV,STATE,8.149999916553497,-0.8500000834465027,16.6999998092651,8.19999980926514,7.84999990463257,15.616666666666672,6.849999999999999,6.616666666666666,0.08931323965226382,0.20083488623602863,0.1785854865848974,4.570407972530406,1.478061033754936,0.9438774556529772
811,10001875,WV,STATE,6.737499892711638,-2.2625001072883624,13.8000001907349,6.64999985694885,6.54999995231628,15.616666666666672,6.849999999999999,6.616666666666666,-0.14977144329209524,-0.029753341964345488,-0.009653277196125706,1.6704083540002053,-0.07193891856135437,-0.3561224966633132
812,10001879,WV,STATE,6.337500035762788,-2.6624999642372122,14.9000000953674,6.30000019073486,5.95000004768372,15.616666666666672,6.849999999999999,6.616666666666666,-0.05908414569473267,-0.08182160350358045,-0.09653269601112396,2.7704082586327043,-0.4219385847753445,-0.9561224012958727
813,10001906,AR,STATE,7.78749996423721,-1.2125000357627904,16.75,7.64999985694885,7.64999985694885,15.358333333333334,7.550000000000001,7.533333333333334,0.11473318190740575,0.014876639060322152,0.016893202296572908,4.620408163265305,0.9280610814386456,0.7438774079692569
814,10001908,AR,STATE,7.75,-1.25,16.7000007629395,7.59999990463257,7.59999990463257,15.358333333333334,7.550000000000001,7.533333333333334,0.11061109455826042,0.007438315983289265,0.009653256482454388,4.570408926204804,0.8780611291223659,0.6938774556529772
815,10001909,AR,STATE,8.874999999999996,-0.12500000000000355,17.7999992370605,8.89999961853027,8.80000019073486,15.358333333333334,7.550000000000001,7.533333333333334,0.2012982742199565,0.20083485786104951,0.1834121631580223,5.670407400325805,2.1780608430200656,1.8938777417552668
816,10001910,AR,STATE,7.774999976158143,-1.225000023841857,16.2999992370605,7.69999980926514,7.69999980926514,15.358333333333334,7.550000000000001,7.533333333333334,0.0776337667748484,0.022314962137356623,0.02413314811069297,4.170407400325805,0.978061033754936,0.7938773602855473
817,10001913,VT,STATE,5.337499976158142,-3.662500023841858,8.89999961853027,5.14999985694885,5.0,9.791666666666666,5.0,5.3083333333333345,-0.07351171087521395,0.022314969231100247,-0.044646375098502916,-3.2295922182044254,-1.5719389185613544,-1.906122448979593
818,10001914,VT,STATE,5.675000071525573,-3.324999928474427,9.89999961853027,5.30000019073486,5.69999980926514,9.791666666666666,5.0,5.3083333333333345,0.008931294088191447,0.04463000939964516,0.05671293534473547,-2.2295922182044254,-1.4219385847753445,-1.2061226397144527
819,10001918,VT,STATE,5.22499990463257,-3.77500009536743,9.30000019073486,5.0,5.09999990463257,9.791666666666666,5.0,5.3083333333333345,-0.040534461715585945,0.0,-0.030166483470264332,-2.8295916459998356,-1.7219387755102042,-1.8061225443470228
820,10001925,SC,STATE,7.125,-1.875,16.2999992370605,7.19999980926514,7.19999980926514,15.533333333333333,6.816666666666667,6.933333333333334,0.06320624090625254,0.05702716960098725,0.03861305354804529,4.170407400325805,0.478061033754936,0.29387736028554734
821,10001928,SC,STATE,7.125,-1.875,16.2999992370605,7.19999980926514,7.19999980926514,15.533333333333333,6.816666666666667,6.933333333333334,0.06320624090625254,0.05702716960098725,0.03861305354804529,4.170407400325805,0.478061033754936,0.29387736028554734
822,10001931,SC,STATE,5.993750035762788,-3.0062499642372122,13.1000003814697,6.00000011920929,6.125,15.533333333333333,6.816666666666667,6.933333333333334,-0.2006112806281114,-0.12149270838834601,-0.117045902285264,0.9704085447350046,-0.7219386563009138,-0.7811224489795929
823,10001933,MT,STATE,5.649999976158142,-3.350000023841858,4.90000009536743,4.69999980926514,4.90000009536743,6.341666666666668,5.383333333333334,6.124999999999999,-0.1188553242931987,-0.1016572073756098,-0.17737882779845118,-7.2295917413672655,-2.021938966245064,-2.006122353612163
824,10001936,MT,STATE,5.299999952316284,-3.700000047683716,4.30000019073486,3.90000009536743,4.59999990463257,6.341666666666668,5.383333333333334,6.124999999999999,-0.16832111940886443,-0.22067044754559176,-0.22081857172873526,-7.829591645999836,-2.8219386801427744,-2.306122544347023
825,10001938,ME,STATE,4.149999976158142,-4.850000023841858,7.40000009536743,4.0,4.09999990463257,8.283333333333333,4.666666666666667,4.591666666666666,-0.07282464652196392,-0.09917773561037323,-0.07119288220942875,-4.7295917413672655,-2.7219387755102042,-2.806122544347023
826,10001940,KY,FEDERAL,7.375,-1.625,16.2000007629395,7.09999990463257,7.30000019073486,16.133333333333333,7.533333333333332,7.424999999999998,0.00549626322991866,-0.06446554233423103,-0.018099854178462698,4.070408926204804,0.3780611291223659,0.3938777417552668
827,10001941,KY,FEDERAL,7.375,-1.625,16.2000007629395,7.09999990463257,7.30000019073486,16.133333333333333,7.533333333333332,7.424999999999998,0.00549626322991866,-0.06446554233423103,-0.018099854178462698,4.070408926204804,0.3780611291223659,0.3938777417552668
828,10001954,AL,STATE,7.337499916553497,-1.6625000834465027,15.1999998092651,7.70000004768372,7.34999990463257,16.066666666666666,7.825,7.599999999999999,-0.07145062002637634,-0.018595818333199895,-0.03619977740249409,3.070407972530404,0.978061272173516,0.4438774556529772
829,10001957,AL,STATE,7.850000023841858,-1.149999976158142,13.8999996185303,8.0,7.59999990463257,16.066666666666666,7.825,7.599999999999999,-0.17862654220355337,0.026034155597722933,-1.3809113482328899e-08,1.7704077817956048,1.2780612244897958,0.6938774556529772
830,10001960,NM,STATE,6.0,-3.0,6.40000009536743,5.40000009536743,5.90000009536743,6.25,4.875,5.891666666666667,0.012366458606888302,0.0781024809806575,0.0012066725955596912,-5.7295917413672655,-1.3219386801427744,-1.006122353612163
831,10001966,TX,STATE,6.225000023841858,-2.774999976158142,7.40000009536743,5.30000019073486,6.59999990463257,12.799999999999999,7.783333333333332,8.008333333333335,-0.44519221894001154,-0.3694370367736627,-0.20392534871849127,-4.7295917413672655,-1.4219385847753445,-0.3061225443470228
832,10001967,TX,STATE,6.4124999046325675,-2.5875000953674325,8.30000019073486,5.64999985694885,6.64999985694885,12.799999999999999,7.783333333333332,8.008333333333335,-0.3709935066105692,-0.31736877523442775,-0.19668540290437275,-3.8295916459998356,-1.0719389185613544,-0.25612259203074306
833,10001969,TX,STATE,6.52500009536743,-2.47499990463257,10.8999996185303,6.30000019073486,6.30000019073486,12.799999999999999,7.783333333333332,8.008333333333335,-0.1566417408799785,-0.22067043335810294,-0.24736502360320703,-1.2295922182043952,-0.4219385847753445,-0.6061222582447332
834,10001972,TX,FEDERAL,7.949999988079073,-1.0500000119209272,13.9500002861023,7.70000004768372,7.5,12.799999999999999,7.783333333333332,8.008333333333335,0.09480947929504965,-0.012397209857551396,-0.07360618597320742,1.820408449367605,0.978061272173516,0.5938775510204071
835,10001974,TX,FEDERAL,6.524999976158142,-2.475000023841858,7.19999980926514,6.09999990463257,7.09999990463257,12.799999999999999,7.783333333333332,8.008333333333335,-0.4616808435198251,-0.25042379660368075,-0.13152582153173006,-4.929592027469555,-0.6219388708776341,0.1938774556529772
836,10001975,TX,FEDERAL,6.587499976158142,-2.412500023841858,7.25,6.20000004768372,7.14999985694885,12.799999999999999,7.783333333333332,8.008333333333335,-0.45755867754689983,-0.23554711498089104,-0.12428587571761154,-4.879591836734695,-0.521938727826484,0.24387740796925694
837,10001977,TX,STATE,7.225000023841858,-1.774999976158142,12.1999998092651,7.19999980926514,7.09999990463257,12.799999999999999,7.783333333333332,8.008333333333335,-0.0494658187028015,-0.08678054703405362,-0.13152582153173006,0.0704079725304041,0.478061033754936,0.1938774556529772
838,10001978,TX,STATE,6.875,-2.125,12.1999998092651,6.90000009536743,6.69999980926514,12.799999999999999,7.783333333333332,8.008333333333335,-0.0494658187028015,-0.1314104854962557,-0.1894454570902527,0.0704079725304041,0.17806131985722562,-0.20612263971445266
839,10001981,TX,MULTI,6.34999990463257,-2.65000009536743,10.0,6.40000009536743,6.59999990463257,12.799999999999999,7.783333333333332,8.008333333333335,-0.230840413897535,-0.20579378720403557,-0.20392534871849127,-2.1295918367346953,-0.3219386801427744,-0.3061225443470228
840,10001984,TX,STATE,7.700000047683715,-1.299999952316285,12.8999996185303,7.5,7.80000019073486,12.799999999999999,7.783333333333332,8.008333333333335,0.008244269046832264,-0.04215053763440845,-0.03016644204292337,0.7704077817956048,0.7780612244897958,0.8938777417552668
841,10001989,TX,FEDERAL,7.912500023841858,-1.087499976158142,14.0500001907349,7.69999980926514,8.0,12.799999999999999,7.783333333333332,8.008333333333335,0.10305377192901519,-0.012397245326273733,-0.001206658786446209,1.9204083540002053,0.978061033754936,1.093877551020407
842,10001990,TX,FEDERAL,7.781249999999999,-1.2187500000000009,13.8749997615814,7.67499995231628,7.82500004768372,12.799999999999999,7.783333333333332,8.008333333333335,0.08862621067971503,-0.016116389130430592,-0.026546486397255032,1.7454079248467043,0.9530611768060755,0.9188775987041273
843,10002084,MI,STATE,5.437500059604645,-3.5624999403953552,8.10000038146973,4.95000004768372,5.09999990463257,13.391666666666667,7.316666666666667,7.499999999999999,-0.4362608698151761,-0.3520809543230798,-0.34751774430556737,-4.029591455264965,-1.771938727826484,-1.8061225443470228
844,10002088,MI,STATE,6.2375000715255755,-2.7624999284744245,12.3249998092651,5.90000009536743,6.02499997615814,13.391666666666667,7.316666666666667,7.499999999999999,-0.0879392210190575,-0.2107526739845545,-0.2135786086532242,0.1954079725304041,-0.8219386801427744,-0.8811224728214526
845,10002095,MA,STATE,6.875,-2.125,12.1000003814697,6.30000019073486,6.80000019073486,11.233333333333334,5.883333333333333,6.316666666666666,0.07145063575112628,0.06198611313146054,0.06998623723209654,-0.029591455264995403,-0.4219385847753445,-0.1061222582447332
846,10002097,MA,STATE,6.350000143051145,-2.649999856948855,10.8000001907349,5.80000019073486,6.30000019073486,11.233333333333334,5.883333333333333,6.316666666666666,-0.035725286426050724,-0.012397188576319343,-0.0024132899546646814,-1.3295916459997947,-0.9219385847753445,-0.6061222582447332
847,10002098,MA,STATE,6.350000143051145,-2.649999856948855,10.8000001907349,5.80000019073486,6.30000019073486,11.233333333333334,5.883333333333333,6.316666666666666,-0.035725286426050724,-0.012397188576319343,-0.0024132899546646814,-1.3295916459997947,-0.9219385847753445,-0.6061222582447332
848,10002101,MA,STATE,6.324999988079075,-2.6750000119209254,11.75,5.69999980926514,6.20000004768372,11.233333333333334,5.883333333333333,6.316666666666666,0.04259555256442604,-0.02727390566782979,-0.016893216105686646,-0.3795918367346953,-1.021938966245064,-0.7061224012958727
849,10002102,GA,STATE,6.8625000715255755,-2.1374999284744245,15.9000000953674,7.0,6.85000014305115,17.26666666666667,8.025,7.758333333333333,-0.11267209892094592,-0.1524857685009488,-0.13152578700894488,3.7704082586327043,0.27806122448979576,-0.056122305928442806
850,10002105,GA,STATE,8.162500083446503,-0.8374999165534973,17.5500001907349,8.34999990463257,8.10000038146973,17.26666666666667,8.025,7.758333333333333,0.02335886713105619,0.048349131922568254,0.049473065480743095,5.4204083540002035,1.628061129122366,1.1938779324901372
851,10002106,GA,STATE,8.162500083446503,-0.8374999165534973,17.5500001907349,8.34999990463257,8.10000038146973,17.26666666666667,8.025,7.758333333333333,0.02335886713105619,0.048349131922568254,0.049473065480743095,5.4204083540002035,1.628061129122366,1.1938779324901372
852,10002108,GA,STATE,7.90000009536743,-1.0999999046325701,17.9499998092651,8.34999990463257,7.80000019073486,17.26666666666667,8.025,7.758333333333333,0.05633603766690193,0.048349131922568254,0.006033321550457495,5.820407972530406,1.628061129122366,0.8938777417552668
853,10002114,GA,STATE,7.375000119209288,-1.6249998807907122,16.3999996185303,7.5,7.40000009536743,17.26666666666667,8.025,7.758333333333333,-0.07145063575112673,-0.07810246679316893,-0.05188631400806514,4.270407781795603,0.7780612244897958,0.49387764638783693
854,10002121,GA,STATE,9.474999666213987,0.4749996662139875,19.0,9.89999961853027,9.19999980926514,17.26666666666667,8.025,7.758333333333333,0.1429012086032358,0.27893732465421844,0.20875194243693426,6.870408163265305,3.1780608430200656,2.2938773602855473
855,10002126,GA,STATE,7.162499964237212,-1.8375000357627878,15.4000000953674,7.25,7.14999985694885,17.26666666666667,8.025,7.758333333333333,-0.1538936014026486,-0.11529411764705888,-0.08808611212423068,3.2704082586327043,0.5280612244897958,0.24387740796925694
856,10002129,GA,STATE,7.450000047683715,-1.549999952316285,16.5500001907349,7.35000014305115,7.64999985694885,17.26666666666667,8.025,7.758333333333333,-0.059084137832349205,-0.10041743602426918,-0.01568658493746946,4.4204083540002035,0.6280613675409459,0.7438774079692569
857,10002134,GA,STATE,7.525000035762785,-1.474999964237215,17.0499992370605,7.54999995231628,7.54999995231628,17.26666666666667,8.025,7.758333333333333,-0.017862713974429643,-0.07066414371613604,-0.03016647656570804,4.920407400325805,0.8280611768060755,0.6438775033366868
858,10002137,GA,STATE,7.206250011920931,-1.7937499880790693,17.3999996185303,7.39999997615814,7.12499988079071,17.26666666666667,8.025,7.758333333333333,0.01099236921227866,-0.0929791306815974,-0.09170608503129,5.270407781795603,0.6780612006479361,0.21887743181111663
859,10002138,GA,STATE,7.27500009536743,-1.7249999046325701,17.5,7.40000009536743,7.30000019073486,17.26666666666667,8.025,7.758333333333333,0.01923670115812771,-0.09297911294723629,-0.06636620563630373,5.370408163265305,0.6780613198572256,0.3938777417552668
860,10002141,GA,STATE,6.949999928474427,-2.050000071525573,16.1000003814697,7.19999980926514,6.80000019073486,17.26666666666667,8.025,7.758333333333333,-0.09618347434113132,-0.12273247619281409,-0.13876573282306495,3.9704085447350064,0.478061033754936,-0.1061222582447332
861,10002142,GA,STATE,7.4375,-1.5625,16.9499998092651,7.64999985694885,7.40000009536743,17.26666666666667,8.025,7.758333333333333,-0.026106967296503466,-0.05578749756206868,-0.05188631400806514,4.820407972530406,0.9280610814386456,0.49387764638783693
862,10002144,GA,STATE,7.225000023841857,-1.774999976158143,16.4499998092651,7.40000009536743,7.20000004768372,17.26666666666667,8.025,7.758333333333333,-0.06732846977820615,-0.09297911294723629,-0.08084613178732569,4.320407972530406,0.6780613198572256,0.29387759870412733
863,10002146,GA,STATE,7.112500071525572,-1.887499928474428,14.9499998092651,7.25,7.0,17.26666666666667,8.025,7.758333333333333,-0.1909929772233144,-0.11529411764705888,-0.10980594956658778,2.820407972530404,0.5280612244897958,0.09387755102040707
864,10002147,GA,STATE,7.725000023841857,-1.274999976158143,16.8999996185303,7.80000019073486,7.80000019073486,17.26666666666667,8.025,7.758333333333333,-0.030229133269424033,-0.033472457393523766,0.006033321550457495,4.770407781795603,1.0780614152246555,0.8938777417552668
865,10002152,FL,STATE,6.8125,-2.1875,12.7999997138977,6.79999995231628,6.45000004768372,12.841666666666667,7.208333333333333,7.408333333333334,-0.0034351487939419272,-0.06074637015509863,-0.13876575353673484,0.6704078771630044,0.0780611768060755,-0.45612240129587267
866,10002153,FL,STATE,6.850000023841858,-2.149999976158142,12.8999996185303,6.90000009536743,6.5,12.841666666666667,7.208333333333333,7.408333333333334,0.004809143840023608,-0.04586968853230893,-0.13152580772261632,0.7704077817956048,0.17806131985722562,-0.40612244897959293
867,10002174,FL,STATE,6.875,-2.125,11.8000001907349,6.64999985694885,6.85000014305115,12.841666666666667,7.208333333333333,7.408333333333334,-0.08587811444545561,-0.08306137485492121,-0.0808461179782122,-0.32959164599979474,-0.07193891856135437,-0.056122305928442806
868,10002175,FL,STATE,6.899999976158142,-2.100000023841858,12.0,6.69999980926514,6.90000009536743,12.841666666666667,7.208333333333333,7.408333333333334,-0.06938952917753288,-0.07562305177788674,-0.07360617216409368,-0.12959183673469532,-0.021938966245063973,-0.006122353612163067
869,10002176,FL,STATE,6.550000071525573,-2.449999928474427,11.0333334604899,6.30000019073486,6.46666669845581,12.841666666666667,7.208333333333333,7.408333333333334,-0.149084423492322,-0.13512963639415618,-0.13635243826536256,-1.096258376244796,-0.4219385847753445,-0.4394557505237833
870,10002177,FL,STATE,6.5,-2.5,11.0666669209798,6.26666673024495,6.43333339691162,12.841666666666667,7.208333333333333,7.408333333333334,-0.14633631284370563,-0.14008854209132685,-0.14117906880810868,-1.0629249157548948,-0.45527204526525455,-0.4727890520679727
871,10002178,FL,STATE,7.749999880790713,-1.2500001192092869,13.1000003814697,7.59999990463257,7.69999980926514,12.841666666666667,7.208333333333333,7.408333333333334,0.021297807731721415,0.05826690548360567,0.04223302990738327,0.9704085447350046,0.8780611291223659,0.7938773602855473
872,10002187,FL,STATE,6.575000047683715,-2.424999952316285,10.5,6.30000019073486,6.5,12.841666666666667,7.208333333333333,7.408333333333334,-0.19305403662264098,-0.13512963639415618,-0.13152580772261632,-1.6295918367346953,-0.4219385847753445,-0.40612244897959293
873,10002206,CO,FEDERAL,7.59166657924652,-1.40833342075348,7.36666679382324,7.16666650772095,6.76666673024495,6.583333333333333,5.816666666666666,5.6000000000000005,0.06458036437117096,0.2008348909651913,0.16893223930851803,-4.762925042911455,0.4447277322107457,-0.13945571873464324
874,10002221,CO,STATE,5.799999952316285,-3.200000047683715,6.0,5.19999980926514,5.5,6.583333333333333,5.816666666666666,5.6000000000000005,-0.048091752895319785,-0.09173943381457239,-0.01447990543735232,-6.129591836734695,-1.521938966245064,-1.406122448979593
875,10002222,CO,NOT AVAILABLE,5.425000071525572,-3.574999928474428,5.80000019073486,4.80000019073486,5.0,6.583333333333333,5.816666666666666,5.6000000000000005,-0.06458033816324588,-0.15124601843084182,-0.08687943262411355,-6.329591645999836,-1.9219385847753445,-1.906122448979593
876,10002225,CO,STATE,5.237500131130218,-3.7624998688697824,5.90000009536743,4.85000014305115,4.80000019073486,6.583333333333333,5.816666666666666,5.6000000000000005,-0.056336045529282834,-0.14380769535380736,-0.1158392158805907,-6.2295917413672655,-1.8719386324590541,-2.106122258244733
877,10002226,CO,STATE,5.17500001192093,-3.82499998807907,5.90000009536743,4.75,4.75,6.583333333333333,5.816666666666666,5.6000000000000005,-0.056336045529282834,-0.15868437697659704,-0.12307919621749415,-6.2295917413672655,-1.9719387755102042,-2.156122448979593
878,10002227,CO,STATE,5.21250009536743,-3.78749990463257,5.90000009536743,4.80000019073486,4.75,6.583333333333333,5.816666666666666,5.6000000000000005,-0.056336045529282834,-0.15124601843084182,-0.12307919621749415,-6.2295917413672655,-1.9219385847753445,-2.156122448979593
879,10002228,CO,STATE,4.562499940395355,-4.437500059604645,6.45000004768372,4.09999990463257,4.30000019073486,6.583333333333333,5.816666666666666,5.6000000000000005,-0.010992396730598175,-0.2553826833841995,-0.18823874306735192,-5.679591789050975,-2.621938870877634,-2.606122258244733
880,10002233,CO,STATE,4.975000023841858,-4.024999976158142,9.30000019073486,4.40000009536743,4.80000019073486,6.583333333333333,5.816666666666666,5.6000000000000005,0.223970179208673,-0.21075267398455436,-0.1158392158805907,-2.8295916459998356,-2.3219386801427744,-2.106122258244733
881,10002244,AZ,STATE,12.09999990463255,3.0999999046325506,12.1999998092651,10.5,12.1999998092651,9.583333333333334,7.341666666666666,8.424999999999999,0.21572584726281904,0.46985452245414305,0.5466164026418141,0.0704079725304041,3.7780612244897958,5.2938773602855065
882,10002245,AZ,STATE,10.487500190734858,1.487500190734858,11.4000000953674,9.10000038146973,10.8000001907349,9.583333333333334,7.341666666666666,8.424999999999999,0.14977146687922807,0.2615813344223154,0.3438977817553492,-0.7295917413672957,2.378061605959526,3.8938777417553077
883,10002248,AZ,STATE,6.299999952316285,-2.700000047683715,5.40000009536743,5.5,6.19999980926514,9.583333333333334,7.341666666666666,8.424999999999999,-0.3448865629012018,-0.2739784946236558,-0.3221779235993146,-6.7295917413672655,-1.2219387755102042,-0.7061226397144527
884,10002249,AZ,STATE,4.074999988079073,-4.925000011920927,4.19999980926514,3.70000004768372,3.90000009536743,9.583333333333334,7.341666666666666,8.424999999999999,-0.4438181924444207,-0.5417583736779183,-0.6552157072310753,-7.929592027469555,-3.0219387278264844,-3.006122353612163
885,10002250,AZ,FEDERAL,7.149999976158143,-1.850000023841857,9.5,6.19999980926514,6.69999980926514,9.583333333333334,7.341666666666666,8.424999999999999,-0.0068702504136171644,-0.16984190060774118,-0.24977839641255337,-2.6295918367346953,-0.521938966245064,-0.20612263971445266
886,10002258,IL,STATE,8.0,-1.0,14.5,7.59999990463257,7.90000009536743,16.925,8.616666666666667,8.475,-0.19992428703625814,-0.15124606099330778,-0.08325944245566169,2.3704081632653047,0.8780611291223659,0.9938776463878369
887,10002259,IL,STATE,8.318750143051147,-0.6812498569488525,16.5500001907349,8.05000007152557,8.15000009536743,16.925,8.616666666666667,8.475,-0.030916111136518872,-0.08430106462820114,-0.04705967886228108,4.4204083540002035,1.328061296015366,1.243877646387837
888,10002260,DE,STATE,8.025000095367432,-0.9749999046325684,15.6999998092651,8.0,7.80000019073486,15.283333333333333,7.050000000000001,6.733333333333333,0.034351236343327235,0.14132827324478167,0.1544523522833179,3.570407972530404,1.2780612244897958,0.8938777417552668
889,10002262,DE,STATE,6.662500023841858,-2.337499976158142,15.0,6.59999990463257,6.40000009536743,15.283333333333333,7.050000000000001,6.733333333333333,-0.023358851406298186,-0.06694498572449062,-0.048266337648727155,2.8704081632653047,-0.12193887087763411,-0.5061223536121631
890,10002281,NY,STATE,5.437499999999997,-3.5625000000000027,10.8000001907349,4.80000019073486,5.25,13.350000000000001,6.541666666666667,6.641666666666667,-0.2102296469319255,-0.25910180590712273,-0.20151201733648538,-1.3295916459997947,-1.9219385847753445,-1.656122448979593
891,10002287,NY,STATE,5.7125000953674325,-3.2874999046325675,11.6000001430511,5.35000014305115,5.42500007152557,13.350000000000001,6.541666666666667,6.641666666666667,-0.14427524689239704,-0.1772801811223084,-0.17617217246428402,-0.5295916936835958,-1.3719386324590541,-1.4811223774540228
892,10002290,NY,STATE,5.93124997615814,-3.0687500238418597,12.9749999046326,5.77500009536743,5.62499988079071,13.350000000000001,6.541666666666667,6.641666666666667,-0.030916134723652143,-0.11405438176444058,-0.147212389207807,0.845408067897905,-0.9469386801427744,-1.2811225681888834
893,10002294,NY,STATE,7.774999976158143,-1.225000023841857,14.8000001907349,7.59999990463257,7.69999980926514,13.350000000000001,6.541666666666667,6.641666666666667,0.11954237292169606,0.15744464109397877,0.15324563826041726,2.6704083540002053,0.8780611291223659,0.7938773602855473
894,10002298,NJ,STATE,7.643749982118605,-1.3562500178813952,14.9499998092651,7.35000002384186,7.27499997615814,14.558333333333335,6.783333333333334,6.633333333333334,0.03229016121924192,0.08430107881568957,0.09291272310406476,2.820407972530404,0.6280612483316554,0.3688775271785474
895,10002300,NJ,STATE,7.050000071525573,-1.9499999284744272,15.0,6.90000009536743,6.80000019073486,14.558333333333335,6.783333333333334,6.633333333333334,0.03641232719217055,0.01735611791930381,0.02413320334714767,2.8704081632653047,0.17806131985722562,-0.1061222582447332
896,10002301,NJ,STATE,7.050000071525573,-1.9499999284744272,15.0,6.90000009536743,6.80000019073486,14.558333333333335,6.783333333333334,6.633333333333334,0.03641232719217055,0.01735611791930381,0.02413320334714767,2.8704081632653047,0.17806131985722562,-0.1061222582447332
897,10002305,NJ,STATE,5.675000071525573,-3.324999928474427,13.3000001907349,5.69999980926514,5.30000019073486,14.558333333333335,6.783333333333334,6.633333333333334,-0.10374076552086026,-0.16116384874183376,-0.193065378213136,1.1704083540002053,-1.021938966245064,-1.6061222582447332
898,10002309,CA,STATE,6.675000071525583,-2.3249999284744174,5.5,4.90000009536743,5.19999980926514,11.566666666666668,8.825000000000001,9.508333333333333,-0.5001542301113262,-0.5839089042185837,-0.6238426202108197,-6.629591836734695,-1.8219386801427744,-1.7061226397144527
899,10002310,CA,STATE,9.881250023841858,0.8812500238418579,5.92500007152557,6.47500002384186,6.92500007152557,11.566666666666668,8.825000000000001,9.508333333333333,-0.46511594710509596,-0.3496015144796931,-0.3740642134414313,-6.204591765209125,-0.24693875166834456,0.018877622545977246
900,10002322,CA,STATE,9.04999995231627,0.04999995231626997,8.30000019073486,6.69999980926514,7.69999980926514,11.566666666666668,8.825000000000001,9.508333333333333,-0.2693138004890361,-0.3161290606330419,-0.26184498427701364,-3.8295916459998356,-0.021938966245063973,0.7938773602855473
901,10002323,CA,STATE,8.24999999999999,-0.7500000000000107,9.84999990463257,7.04999995231628,7.04999995231628,11.566666666666668,8.825000000000001,9.508333333333333,-0.1415271663828902,-0.26406072815636383,-0.35596434890613354,-2.279591932102125,0.3280611768060755,0.1438775033366868
902,10002330,CA,FEDERAL,8.699999809265128,-0.30000019073487216,8.39999961853027,7.5,8.39999961853027,11.566666666666668,8.825000000000001,9.508333333333333,-0.2610695471669614,-0.19711574952561686,-0.16048567383377682,-3.7295922182044254,0.7780612244897958,1.493877169550677
903,10002340,CA,STATE,9.812499880790707,0.8124998807907069,10.3499999046326,8.39999961853027,9.80000019073486,11.566666666666668,8.825000000000001,9.508333333333333,-0.10030566390118502,-0.06322586320156912,0.042233085143838105,-1.779591932102095,1.6780608430200656,2.893877741755267
904,10002341,CA,STATE,12.225000023841876,3.2250000238418757,15.5,10.8499999046326,10.9000000953674,11.566666666666668,8.825000000000001,9.508333333333333,0.32427581952272777,0.30125235772902426,0.20151203114559474,3.3704081632653047,4.128061129122396,3.9938776463878067
905,10002345,CA,STATE,6.699999928474427,-2.300000071525573,6.19999980926514,4.90000009536743,6.19999980926514,11.566666666666668,8.825000000000001,9.508333333333333,-0.4424441423616974,-0.5839089042185837,-0.4790435658372973,-5.929592027469555,-1.8219386801427744,-0.7061226397144527
906,10002346,CA,STATE,5.350000023841857,-3.649999976158143,9.39999961853027,4.85000014305115,5.54999995231628,11.566666666666668,8.825000000000001,9.508333333333333,-0.178626542203556,-0.5913472272956165,-0.5731629304664172,-2.7295922182044254,-1.8719386324590541,-1.3561224966633132
907,10002347,CA,STATE,9.050000071525574,0.05000007152557373,10.5,7.90000009536743,9.30000019073486,11.566666666666668,8.825000000000001,9.508333333333333,-0.08793920529429922,-0.13760909397190432,-0.030166442042923115,-1.6295918367346953,1.1780613198572256,2.393877741755267
908,10002348,CA,STATE,10.125000000000004,1.1250000000000036,11.3000001907349,9.29999971389771,10.25,11.566666666666668,8.825000000000001,9.508333333333333,-0.02198478559881654,0.07066409405992488,0.10739263199369588,-0.8295916459997947,2.578060938387506,3.343877551020407
909,10002349,CA,STATE,6.424999952316284,-2.575000047683716,8.0,5.59999990463257,6.09999990463257,11.566666666666668,8.825000000000001,9.508333333333333,-0.2940467177028127,-0.47977231020266903,-0.4935234574655359,-4.129591836734695,-1.121938870877634,-0.8061225443470228
910,10002353,CA,STATE,9.27499997615815,0.2749999761581492,8.5,7.59999990463257,8.89999961853027,11.566666666666668,8.825000000000001,9.508333333333333,-0.25282521522111,-0.1822391033715495,-0.08808614664701561,-3.6295918367346953,0.8780611291223659,1.993877169550677
911,10002359,MD,STATE,6.5,-2.5,14.5,6.40000009536743,6.30000019073486,15.108333333333333,7.008333333333333,6.941666666666666,-0.05015282801940488,-0.09049966955697684,-0.0929126989381162,2.3704081632653047,-0.3219386801427744,-0.6061222582447332
912,10002364,MD,STATE,7.387500166893003,-1.6124998331069973,14.8999996185303,7.30000019073486,7.30000019073486,15.108333333333333,7.008333333333333,6.941666666666666,-0.017175657483551085,0.04339028770451557,0.051886355435406234,2.7704077817956048,0.5780614152246555,0.3938777417552668
913,10002377,VA,STATE,6.137499988079069,-2.8625000119209307,13.1999998092651,6.30000019073486,5.90000009536743,14.250000000000002,6.6000000000000005,6.516666666666667,-0.08656517093633416,-0.044629952649690774,-0.08929273638789183,1.070407972530404,-0.4219385847753445,-1.006122353612163
914,10002395,DC,STATE,7.300000071525575,-1.6999999284744254,15.3000001907349,7.30000019073486,7.19999980926514,14.966666666666669,7.375000000000001,7.283333333333334,0.027481017379226664,-0.01115746688118988,-0.01206661548268764,3.1704083540002053,0.5780614152246555,0.29387736028554734
915,10002396,DC,STATE,7.300000071525575,-1.6999999284744254,15.3000001907349,7.30000019073486,7.19999980926514,14.966666666666669,7.375000000000001,7.283333333333334,0.027481017379226664,-0.01115746688118988,-0.01206661548268764,3.1704083540002053,0.5780614152246555,0.29387736028554734
916,10002399,CT,STATE,5.649999976158143,-3.350000023841857,10.3000001907349,5.19999980926514,5.30000019073486,12.316666666666668,6.258333333333333,6.366666666666666,-0.16626004428477598,-0.1574446836564446,-0.15445229704686322,-1.8295916459997947,-1.521938966245064,-1.6061222582447332
917,10002400,CT,STATE,6.6333333651224775,-2.3666666348775225,13.3333333333333,6.40000009536743,6.33333349227905,12.316666666666668,6.258333333333333,6.366666666666666,0.08381705504612595,0.02107528300469299,-0.004826612130594541,1.2037414965986049,-0.3219386801427744,-0.5727889567005429
918,10002405,MO,STATE,7.500000000000002,-1.4999999999999982,14.7999997138977,7.20000004768372,7.34999990463257,14.325000000000001,7.425000000000002,7.3999999999999995,0.03916040377048411,-0.033472478674756084,-0.007239966527789707,2.6704078771630044,0.478061272173516,0.4438774556529772
919,10002416,LA,STATE,7.950000047683715,-1.049999952316285,13.5499997138977,8.05000019073486,8.25,13.275,8.116666666666665,8.258333333333335,0.022671802777803094,-0.00991774518605989,-0.001206658786446209,1.4204078771630044,1.3280614152246555,1.343877551020407
920,10002425,OH,STATE,8.0,-1.0,14.8999996185303,8.0,7.5,15.299999999999999,8.083333333333334,7.658333333333332,-0.03297723343487043,-0.012397216951296735,-0.02292651694247424,2.7704077817956048,1.2780612244897958,0.5938775510204071
921,10002428,OH,STATE,7.475000023841858,-1.524999976158142,15.3000001907349,7.5,7.09999990463257,15.299999999999999,8.083333333333334,7.658333333333332,1.572475844347157e-08,-0.08678051865907661,-0.08084615250099687,3.1704083540002053,0.7780612244897958,0.1938774556529772
922,10002431,OH,STATE,7.524999976158142,-1.475000023841858,14.75,7.5,7.09999990463257,15.299999999999999,8.083333333333334,7.658333333333332,-0.045343652729872876,-0.08678051865907661,-0.08084615250099687,2.6204081632653047,0.7780612244897958,0.1938774556529772
923,10002432,OH,STATE,7.599999964237212,-1.4000000357627878,14.75,7.57500004768372,7.17499995231628,15.299999999999999,8.083333333333334,7.658333333333332,-0.045343652729872876,-0.07562301630916454,-0.06998621651842664,2.6204081632653047,0.853061272173516,0.2688775033366868
924,10002436,OH,STATE,9.499999999999993,0.4999999999999929,17.5,9.60000038146973,9.0,15.299999999999999,8.083333333333334,7.658333333333332,0.18137461091949195,0.22562940526355496,0.1942720646178094,5.370408163265305,2.878061605959526,2.093877551020407
925,10002440,WA,STATE,4.799999952316285,-4.200000047683715,6.40000009536743,4.59999990463257,5.40000009536743,7.633333333333333,5.741666666666667,6.425000000000001,-0.10167969825915578,-0.16984188642025275,-0.14841901692374693,-5.7295917413672655,-2.121938870877634,-1.506122353612163
926,10002455,WA,STATE,3.8500000536441825,-5.149999946355818,4.19999980926514,3.85000002384186,3.5,7.633333333333333,5.741666666666667,6.425000000000001,-0.2830543327657801,-0.2814168212475614,-0.4235372340425532,-7.929592027469555,-2.871938751668344,-3.406122448979593
927,10002460,WA,STATE,7.499999880790713,-1.5000001192092869,7.40000009536743,7.09999990463257,7.69999980926514,7.633333333333333,5.741666666666667,6.425000000000001,-0.019236693295750392,0.20207462211864666,0.18461876670801367,-4.7295917413672655,0.3780611291223659,0.7938773602855473
928,10002463,WA,STATE,5.600000023841858,-3.399999976158142,7.59999990463257,5.69999980926514,6.0,7.633333333333333,5.741666666666667,6.425000000000001,-0.002748108027824301,-0.0061986368506256285,-0.06153959810874714,-4.529591932102125,-1.021938966245064,-0.9061224489795929
929,10002469,WA,STATE,6.774999976158142,-2.225000023841858,8.89999961853027,6.80000019073486,7.59999990463257,7.633333333333333,5.741666666666667,6.425000000000001,0.10442777483746934,0.1574446836564446,0.1701388750797751,-3.2295922182044254,0.07806141522465548,0.6938774556529772
930,10002470,WA,STATE,6.72499990463257,-2.27500009536743,8.89999961853027,6.69999980926514,7.5,7.633333333333333,5.741666666666667,6.425000000000001,0.10442777483746934,0.14256796656493415,0.1556589834515365,-3.2295922182044254,-0.021938966245063973,0.5938775510204071
931,10002471,WA,STATE,6.299999952316285,-2.700000047683715,8.30000019073486,6.19999980926514,7.19999980926514,7.633333333333333,5.741666666666667,6.425000000000001,0.05496201903369195,0.06818466485715426,0.11221923952125246,-3.8295916459998356,-0.521938966245064,0.29387736028554734
932,10002472,WA,STATE,6.774999976158142,-2.225000023841858,8.89999961853027,6.80000019073486,7.59999990463257,7.633333333333333,5.741666666666667,6.425000000000001,0.10442777483746934,0.1574446836564446,0.1701388750797751,-3.2295922182044254,0.07806141522465548,0.6938774556529772
933,10002479,WA,STATE,5.075000047683715,-3.924999952316285,6.90000009536743,5.19999980926514,5.30000019073486,7.633333333333333,5.741666666666667,6.425000000000001,-0.06045819577745309,-0.08058193855840551,-0.16289890855198552,-5.2295917413672655,-1.521938966245064,-1.6061222582447332
934,10002485,WA,STATE,5.700000047683715,-3.299999952316285,7.80000019073486,5.69999980926514,5.80000019073486,7.633333333333333,5.741666666666667,6.425000000000001,0.013740516551989258,-0.0061986368506256285,-0.0904993813652243,-4.329591645999836,-1.021938966245064,-1.1061222582447332
935,10002491,WA,STATE,4.800000071525572,-4.199999928474428,6.0,4.90000009536743,4.80000019073486,7.633333333333333,5.741666666666667,6.425000000000001,-0.13465690810689543,-0.1252118770206076,-0.23529843573874673,-6.129591836734695,-1.8219386801427744,-2.106122258244733
936,10002493,WA,STATE,5.225000023841858,-3.774999976158142,7.09999990463257,5.30000019073486,5.19999980926514,7.633333333333333,5.741666666666667,6.425000000000001,-0.043969610509526996,-0.06570522146689507,-0.1773788692257924,-5.029591932102125,-1.4219385847753445,-1.7061226397144527
937,10002505,WA,STATE,7.212499976158139,-1.7875000238418606,7.84999990463257,6.90000009536743,7.14999985694885,7.633333333333333,5.741666666666667,6.425000000000001,0.01786264321302705,0.17232132981051196,0.1049792937071324,-4.279591932102125,0.17806131985722562,0.24387740796925694
938,10002506,WA,STATE,7.1437499821186075,-1.8562500178813925,6.85000014305115,6.42500007152557,6.87500011920929,7.633333333333333,5.741666666666667,6.425000000000001,-0.06458034209443417,0.10165718964124858,0.06515959172947752,-5.279591693683545,-0.29693870398463407,-0.031122329770302493
939,10002510,WA,STATE,5.799999952316284,-3.200000047683716,7.09999990463257,5.30000019073486,5.59999990463257,7.633333333333333,5.741666666666667,6.425000000000001,-0.043969610509526996,-0.06570522146689507,-0.11945923366726978,-5.029591932102125,-1.4219385847753445,-1.3061225443470228
940,10002517,WI,STATE,4.674999952316285,-4.325000047683715,7.0,4.40000009536743,4.09999990463257,13.108333333333333,7.125,6.858333333333333,-0.5035893553181345,-0.40538898011991176,-0.39940407212274637,-5.129591836734695,-2.3219386801427744,-2.806122544347023
941,10002522,WI,STATE,5.200000047683714,-3.799999952316286,8.5,4.90000009536743,4.59999990463257,13.108333333333333,7.125,6.858333333333333,-0.37992484787302644,-0.33100567841213185,-0.3270045449359852,-3.6295918367346953,-1.8219386801427744,-2.306122544347023
942,10002537,WI,STATE,6.574999988079073,-2.425000011920927,10.3999996185303,6.45000004768372,5.90000009536743,13.108333333333333,7.125,6.858333333333333,-0.22328316989206456,-0.10041745021175774,-0.1387657466321787,-1.7295922182043952,-0.271938727826484,-1.006122353612163
943,10002556,WI,STATE,6.274999976158142,-2.725000023841858,10.6999998092651,6.19999980926514,5.40000009536743,13.108333333333333,7.125,6.858333333333333,-0.19855025267829293,-0.13760913653437,-0.2111652738189399,-1.429592027469596,-0.521938966245064,-1.506122353612163
944,10002558,WI,STATE,6.487499952316285,-2.512500047683715,10.8000001907349,6.40000009536743,5.69999980926514,13.108333333333333,7.125,6.858333333333333,-0.19030592073243568,-0.10785577328879221,-0.16772559893422415,-1.3295916459997947,-0.3219386801427744,-1.2061226397144527
945,10002560,WI,STATE,7.15000009536743,-1.8499999046325701,13.0,7.0,7.0,13.108333333333333,7.125,6.858333333333333,-0.008931325537702182,-0.018595825426944972,0.020513199369582336,0.8704081632653047,0.27806122448979576,0.09387755102040707
946,10002564,WI,STATE,6.600000063578288,-2.399999936421712,12.233333269755,6.36666679382324,5.93333339691162,13.108333333333333,7.125,6.858333333333333,-0.07213763458456846,-0.11281465534014791,-0.13393911608943243,0.10374143302030525,-0.35527198168696383,-0.9727890520679727
947,10002565,WI,FEDERAL,6.475000023841857,-2.524999976158143,10.8999996185303,6.30000019073486,5.80000019073486,13.108333333333333,7.125,6.858333333333333,-0.18206166741036187,-0.12273241944285958,-0.15324563826041726,-1.2295922182043952,-0.4219385847753445,-1.1061222582447332
948,10002568,WI,STATE,8.024999856948853,-0.9750001430511475,12.6000003814697,7.69999980926514,7.80000019073486,13.108333333333333,7.125,6.858333333333333,-0.04190849607355598,0.08554076858896963,0.1363524704866276,0.4704085447350046,0.978061033754936,0.8938777417552668
949,10002569,WI,STATE,7.97499990463257,-1.0250000953674299,12.5500001907349,7.59999990463257,7.75,13.108333333333333,7.125,6.858333333333333,-0.04603066204647625,0.07066412243490228,0.12911249014972417,0.42040835400020526,0.8780611291223659,0.8438775510204071
950,10002570,WI,STATE,8.024999856948853,-0.9750001430511475,12.6000003814697,7.69999980926514,7.80000019073486,13.108333333333333,7.125,6.858333333333333,-0.04190849607355598,0.08554076858896963,0.1363524704866276,0.4704085447350046,0.978061033754936,0.8938777417552668
951,10002571,WI,STATE,7.487500011920931,-1.5124999880790693,12.6749999523163,7.14999985694885,7.14999997615814,13.108333333333333,7.125,6.858333333333333,-0.035725306081996436,0.003719143804155275,0.042233054073331965,0.5454081155816048,0.42806108143864563,0.24387752717854738
952,10002579,WI,STATE,7.5,-1.5,12.75,7.25,7.14999985694885,13.108333333333333,7.125,6.858333333333333,-0.02954207677855353,0.018595825426944972,0.042233036811939434,0.6204081632653047,0.5280612244897958,0.24387740796925694
953,10002591,WI,STATE,6.725000023841857,-2.274999976158143,12.5,6.5,6.19999980926514,13.108333333333333,7.125,6.858333333333333,-0.05015282801940488,-0.09297912713472485,-0.09532607174746294,0.3704081632653047,-0.22193877551020424,-0.7061226397144527
954,10002600,WI,STATE,8.325000166893007,-0.6749998331069929,14.3999996185303,8.10000038146973,7.90000009536743,13.108333333333333,7.125,6.858333333333333,0.106488849961557,0.14504749508012682,0.1508323621148662,2.2704077817956048,1.3780616059595259,0.9938776463878369
955,10002605,WI,STATE,7.487500011920931,-1.5124999880790693,14.4000000953674,7.45000004768372,7.09999990463257,13.108333333333333,7.125,6.858333333333333,0.10648888927344037,0.04834915320380203,0.03499309099782092,2.2704082586327043,0.728061272173516,0.1938774556529772
956,10002607,WI,STATE,7.7500001192092896,-1.2499998807907104,14.8999996185303,7.59999990463257,7.40000009536743,13.108333333333333,7.125,6.858333333333333,0.1477103524432597,0.07066412243490228,0.07843283492810497,2.7704077817956048,0.8780611291223659,0.49387764638783693
957,10002608,WI,STATE,7.78750005364418,-1.2124999463558197,14.9249997138977,7.59999990463257,7.42500007152557,13.108333333333333,7.125,6.858333333333333,0.14977143542971982,0.07066412243490228,0.08205280783516429,2.7954078771630044,0.8780611291223659,0.5188776225459772
958,10002613,WI,STATE,7.899999976158142,-1.100000023841858,15.3999996185303,7.80000019073486,7.5,13.108333333333333,7.125,6.858333333333333,0.1889318549249624,0.10041748568048008,0.09291272655634356,3.2704077817956048,1.0780614152246555,0.5938775510204071
959,10002616,UT,FEDERAL,6.912499964237212,-2.0875000357627878,7.59999990463257,6.0,6.80000019073486,7.008333333333334,5.8,6.758333333333334,0.04877877007430399,0.02975332068311198,0.006033321550457366,-4.529591932102125,-0.7219387755102042,-0.1061222582447332
960,10002617,UT,STATE,5.550000071525577,-3.4499999284744227,5.0,4.85000014305115,5.45000004768372,7.008333333333334,5.8,6.758333333333334,-0.16557303496817252,-0.14132825196354803,-0.18944542256746763,-7.129591836734695,-1.8719386324590541,-1.4561224012958727
961,10002629,OK,STATE,8.012499868869785,-0.987500131130215,12.9499998092651,7.69999980926514,7.70000004768372,12.375,7.333333333333333,7.508333333333333,0.04740471212919974,0.05454772621072806,0.02775315899281614,0.8204079725304041,0.978061033754936,0.7938775987041273
962,10002633,NC,STATE,6.425000071525573,-2.574999928474427,14.1999998092651,6.5,6.30000019073486,15.199999999999998,6.858333333333333,6.883333333333333,-0.08244302068816355,-0.05330803289057559,-0.08446608743299402,2.070407972530404,-0.22193877551020424,-0.6061222582447332
963,10002638,NC,STATE,6.80000001192093,-2.19999998807907,14.3000001907349,6.75,6.70000004768372,15.199999999999998,6.858333333333333,6.883333333333333,-0.07419868874230628,-0.01611638203668565,-0.026546486397254775,2.1704083540002053,0.028061224489795755,-0.20612240129587267
964,10002640,NC,STATE,6.425000071525573,-2.574999928474427,14.0,6.40000009536743,6.30000019073486,15.199999999999998,6.858333333333333,6.883333333333333,-0.09893160595608626,-0.06818467904464295,-0.08446608743299402,1.8704081632653047,-0.3219386801427744,-0.6061222582447332
965,10002656,IA,STATE,7.200000047683718,-1.7999999523162824,12.5,7.0,6.59999990463257,12.716666666666667,7.05,6.8500000000000005,-0.017862651075404513,-0.007438330170777962,-0.036199777402494346,0.3704081632653047,0.27806122448979576,-0.3061225443470228
966,10002657,SD,STATE,5.65000009536743,-3.34999990463257,7.0,4.90000009536743,5.40000009536743,8.108333333333333,5.25,5.533333333333334,-0.09137433050110758,-0.0520682970079573,-0.019306526774022774,-5.129591836734695,-1.8219386801427744,-1.506122353612163
967,10002658,SD,STATE,5.65000009536743,-3.34999990463257,7.0,4.90000009536743,5.40000009536743,8.108333333333333,5.25,5.533333333333334,-0.09137433050110758,-0.0520682970079573,-0.019306526774022774,-5.129591836734695,-1.8219386801427744,-1.506122353612163
968,10002668,SC,STATE,6.331249982118605,-2.668750017881395,15.6750001907349,6.09999990463257,6.40000009536743,15.533333333333333,6.816666666666667,6.933333333333334,0.011679441427907462,-0.10661607996863988,-0.07722614852343167,3.5454083540002053,-0.6219388708776341,-0.5061223536121631
969,10002670,SC,STATE,8.174999952316284,-0.8250000476837158,17.2000007629395,8.0,8.19999980926514,15.533333333333333,6.816666666666667,6.933333333333334,0.13740507117136724,0.1760404807084123,0.18341210792156773,5.070408926204804,1.2780612244897958,1.2938773602855473
970,10002671,SC,STATE,7.899999976158142,-1.100000023841858,17.2000007629395,7.69999980926514,7.90000009536743,15.533333333333333,6.816666666666667,6.933333333333334,0.13740507117136724,0.13141047130876712,0.13997243303685197,5.070408926204804,0.978061033754936,0.9938776463878369
971,10002685,SC,STATE,6.75,-2.25,16.6000003814697,6.69999980926514,7.0,15.533333333333333,6.816666666666667,6.933333333333334,0.0879392367438076,-0.017356132106792637,0.009653270291568128,4.470408544735006,-0.021938966245063973,0.09387755102040707
972,10002687,SC,STATE,6.691666682561238,-2.3083333174387617,16.2333329518636,6.86666679382324,6.66666650772095,15.533333333333333,6.816666666666667,6.933333333333334,0.05771007202487254,0.007438349087429469,-0.03861310418146217,4.103741115128903,0.14472801831303617,-0.239455941258643
973,10002688,SC,STATE,6.67500001192093,-2.32499998807907,15.7000002861023,6.90000009536743,6.69999980926514,15.533333333333333,6.816666666666667,6.933333333333334,0.013740524414367601,0.012397231138785167,-0.033786473638715925,3.570408449367605,0.17806131985722562,-0.20612263971445266
974,10002689,SC,STATE,6.89999997615814,-2.1000000238418597,15.75,7.04999995231628,6.75,15.533333333333333,6.816666666666667,6.933333333333334,0.017862651075404513,0.03471220036988541,-0.026546493301812482,3.6204081632653047,0.3280611768060755,-0.15612244897959293
975,10002691,SC,STATE,5.712500035762788,-3.2874999642372122,14.3999996185303,5.70000004768372,5.85000014305115,15.533333333333333,6.816666666666667,6.933333333333334,-0.09343543707470113,-0.16612270005363006,-0.1568656215243114,2.2704077817956048,-1.021938727826484,-1.0561223059284428
976,10002692,SC,FEDERAL,5.683333317438763,-3.3166666825612374,13.3999999364217,5.66666666666667,5.83333333333333,15.533333333333333,6.816666666666667,6.933333333333334,-0.17587841583018424,-0.17108159392789338,-0.15927895981087514,1.270408099687005,-1.0552721088435346,-1.0727891156462626
977,10002693,SC,FEDERAL,5.59999990463257,-3.40000009536743,13.3999996185303,5.59999990463257,5.69999980926514,15.533333333333333,6.816666666666667,6.933333333333334,-0.17587844203810651,-0.18099938167641977,-0.17858552801223837,1.2704077817956048,-1.121938870877634,-1.2061226397144527
978,10002701,SC,FEDERAL,6.199999988079069,-2.8000000119209307,14.1500000953674,6.25,6.09999990463257,15.533333333333333,6.816666666666667,6.933333333333334,-0.1140461490036691,-0.0843010752688173,-0.12066589245371573,2.0204082586327043,-0.47193877551020424,-0.8061225443470228
979,10002713,TX,STATE,5.8499999642372105,-3.1500000357627895,5.45000004768372,5.25,5.79999995231628,12.799999999999999,7.783333333333332,8.008333333333335,-0.6059560825498403,-0.37687539531941794,-0.31976458531275315,-6.679591789050975,-1.4719387755102042,-1.1061224966633132
980,10002714,TX,STATE,5.774999856948855,-3.225000143051145,5.40000009536743,5.19999980926514,5.69999980926514,12.799999999999999,7.783333333333332,8.008333333333335,-0.6100782288668223,-0.38431375386517314,-0.33424451146377515,-6.7295917413672655,-1.521938966245064,-1.2061226397144527
981,10002716,TX,STATE,7.34999990463257,-1.6500000953674299,9.89999961853027,6.80000019073486,7.19999980926514,12.799999999999999,7.783333333333332,8.008333333333335,-0.2390847458433864,-0.14628713165032306,-0.11704592990349148,-2.2295922182044254,0.07806141522465548,0.29387736028554734
982,10002725,TX,STATE,6.3187499940395355,-2.6812500059604645,12.5250000953674,6.09999990463257,6.0,12.799999999999999,7.783333333333332,8.008333333333335,-0.02267181850256139,-0.25042379660368075,-0.2908047675334911,0.39540825863270435,-0.6219388708776341,-0.9061224489795929
983,10002726,TX,STATE,6.25,-2.75,12.5,6.09999990463257,5.90000009536743,12.799999999999999,7.783333333333332,8.008333333333335,-0.02473290148902153,-0.25042379660368075,-0.30528465916172964,0.3704081632653047,-0.6219388708776341,-1.006122353612163
984,10002729,TX,STATE,6.77500009536743,-2.22499990463257,6.09999990463257,6.30000019073486,6.80000019073486,12.799999999999999,7.783333333333332,8.008333333333335,-0.5523681411171936,-0.22067043335810294,-0.17496549641644582,-6.029591932102125,-0.4219385847753445,-0.1061222582447332
985,10002731,TX,STATE,7.88749998807907,-1.1125000119209298,14.2999997138977,8.10000038146973,7.64999985694885,12.799999999999999,7.783333333333332,8.008333333333335,0.12366448385797481,0.04710948116488346,-0.05188634853085033,2.1704078771630044,1.3780616059595259,0.7438774079692569
986,10002755,TX,STATE,8.625,-0.375,14.6500000953674,8.5,8.5,12.799999999999999,7.783333333333332,8.008333333333335,0.15251956704467506,0.10661606578115132,0.07119286840031501,2.5204082586327043,1.7780612244897958,1.593877551020407
987,10002758,TX,STATE,5.975000023841861,-3.0249999761581394,6.14999985694885,5.45000004768372,6.45000004768372,12.799999999999999,7.783333333333332,8.008333333333335,-0.5482459948002124,-0.34712206754256086,-0.2256451861608484,-5.9795919797858454,-1.271938727826484,-0.45612240129587267
988,10002759,TX,STATE,5.762499868869782,-3.2375001311302176,7.65000009536743,5.59999990463257,5.69999980926514,12.799999999999999,7.783333333333332,8.008333333333335,-0.42458146769916016,-0.32480709831146065,-0.33424451146377515,-4.4795917413672655,-1.121938870877634,-1.2061226397144527
989,10002784,TX,STATE,7.262499988079073,-1.7375000119209272,12.75,7.14999985694885,7.19999980926514,12.799999999999999,7.783333333333332,8.008333333333335,-0.004122150248170182,-0.0942188701110881,-0.11704592990349148,0.6204081632653047,0.42806108143864563,0.29387736028554734
990,10002791,TX,STATE,7.312499999999997,-1.6875000000000027,11.9499998092651,7.25,7.29999995231628,12.799999999999999,7.783333333333332,8.008333333333335,-0.07007656994365286,-0.0793421884882984,-0.10256600375246952,-0.1795920274695959,0.5280612244897958,0.3938775033366868
991,10002792,TX,STATE,7.22499990463257,-1.7750000953674299,12.0,7.19999980926514,7.19999980926514,12.799999999999999,7.783333333333332,8.008333333333335,-0.06595440397072423,-0.08678054703405362,-0.11704592990349148,-0.12959183673469532,0.478061033754936,0.29387736028554734
992,10002799,TX,STATE,6.174999952316284,-2.825000047683716,8.10000038146973,6.09999990463257,6.09999990463257,12.799999999999999,7.783333333333332,8.008333333333335,-0.3874820918784944,-0.25042379660368075,-0.2763248759052525,-4.029591455264965,-0.6219388708776341,-0.8061225443470228
993,10002800,TX,FEDERAL,6.16249996423721,-2.8375000357627904,8.94999980926514,5.64999985694885,6.04999995231628,12.799999999999999,7.783333333333332,8.008333333333335,-0.31740558483386566,-0.31736877523442775,-0.2835648217193726,-3.179592027469555,-1.0719389185613544,-0.8561224966633132
994,10002801,TX,FEDERAL,7.450000047683715,-1.549999952316285,9.69999980926514,6.90000009536743,7.5,12.799999999999999,7.783333333333332,8.008333333333335,-0.2555733311113116,-0.1314104854962557,-0.07360618597320742,-2.429592027469555,0.17806131985722562,0.5938775510204071
995,10002802,TX,STATE,7.475000023841858,-1.524999976158142,9.69999980926514,6.90000009536743,7.59999990463257,12.799999999999999,7.783333333333332,8.008333333333335,-0.2555733311113116,-0.1314104854962557,-0.05912629434496885,-2.429592027469555,0.17806131985722562,0.6938774556529772
996,10002817,TX,STATE,5.950000047683715,-3.049999952316285,11.3999996185303,5.59999990463257,6.0,12.799999999999999,7.783333333333332,8.008333333333335,-0.11542023839827582,-0.32480709831146065,-0.2908047675334911,-0.7295922182043952,-1.121938870877634,-0.9061224489795929
997,10002822,TX,STATE,7.47500002384186,-1.5249999761581403,13.1000003814697,7.45000004768372,7.45000004768372,12.799999999999999,7.783333333333332,8.008333333333335,0.02473293293853007,-0.049588860711441335,-0.08084613178732594,0.9704085447350046,0.728061272173516,0.5438775987041273
998,10002827,TX,STATE,7.212500035762788,-1.7874999642372122,12.9500002861023,7.19999980926514,7.30000019073486,12.799999999999999,7.783333333333332,8.008333333333335,0.012366474331644256,-0.08678054703405362,-0.10256596922968458,0.8204084493676049,0.478061033754936,0.3938777417552668
999,10002828,TX,STATE,6.562499999999997,-2.4375000000000027,11.9000000953674,6.54999995231628,6.54999995231628,12.799999999999999,7.783333333333332,8.008333333333335,-0.07419869660468977,-0.18347881797293533,-0.21116529453261135,-0.22959174136729565,-0.1719388231939245,-0.3561224966633132
1000,10002835,TX,STATE,6.324999928474427,-2.675000071525573,10.3000001907349,6.40000009536743,6.19999980926514,12.799999999999999,7.783333333333332,8.008333333333335,-0.20610749668375503,-0.20579378720403557,-0.2618449842770139,-1.8295916459997947,-0.3219386801427744,-0.7061226397144527
1001,10002838,TX,STATE,6.925000071525572,-2.074999928474428,13.3000001907349,6.90000009536743,6.90000009536743,12.799999999999999,7.783333333333332,8.008333333333335,0.04122151820646114,-0.1314104854962557,-0.16048560478820723,1.1704083540002053,0.17806131985722562,-0.006122353612163067
1002,10002843,TX,STATE,7.8125,-1.1875,12.75,7.90000009536743,7.75,12.799999999999999,7.783333333333332,8.008333333333335,-0.004122150248170182,0.017356117919304075,-0.03740642237982682,0.6204081632653047,1.1780613198572256,0.8438775510204071
1003,10002844,TX,STATE,7.650000005960463,-1.3499999940395373,13.125,7.42500007152557,7.77499997615814,12.799999999999999,7.783333333333332,8.008333333333335,0.02679397661310684,-0.0533080222499593,-0.033786449472767495,0.9954081632653047,0.7030612960153659,0.8688775271785474
1004,10002845,TX,STATE,7.725000083446505,-1.2749999165534946,13.25,7.5,7.85000014305115,12.799999999999999,7.783333333333332,8.008333333333335,0.037099352233532515,-0.04215053763440845,-0.02292649622880331,1.1204081632653047,0.7780612244897958,0.9438776940715572
1005,10002851,TX,MULTI,9.950000286102282,0.9500002861022825,26.7000007629395,9.5,10.6000003814697,12.799999999999999,7.783333333333332,8.008333333333335,1.14595783189036,0.2553826691967111,0.37527093782116394,14.570408926204804,2.7780612244897958,3.693877932490107
1006,10002857,TX,STATE,8.387500047683716,-0.6124999523162842,14.1500000953674,8.25,8.5,12.799999999999999,7.783333333333332,8.008333333333335,0.11129806456297237,0.06942441492726137,0.07119286840031501,2.0204082586327043,1.5280612244897958,1.593877551020407
1007,10002858,TX,STATE,8.337499976158142,-0.6625000238418579,14.0500001907349,8.20000028610229,8.44999980926514,12.799999999999999,7.783333333333332,8.008333333333335,0.10305377192901519,0.06198612731894924,0.06395288806341157,1.9204083540002053,1.4780615105920853,1.5438773602855473
1008,10002860,TX,FEDERAL,7.950000166893005,-1.0499998331069946,13.8999996185303,7.80000019073486,8.0,12.799999999999999,7.783333333333332,8.008333333333335,0.09068727401023766,0.002479471765236714,-0.001206658786446209,1.7704077817956048,1.0780614152246555,1.093877551020407
1009,10002862,TX,STATE,10.074999809265133,1.0749998092651332,14.5,9.80000019073486,10.1999998092651,12.799999999999999,7.783333333333332,8.008333333333335,0.14015310843778925,0.3000126785963563,0.31735123321706993,2.3704081632653047,3.0780614152246555,3.2938773602855065
1010,10002869,TX,STATE,9.725000143051147,0.7250001430511475,14.8000001907349,9.5,10.0,12.799999999999999,7.783333333333332,8.008333333333335,0.16488602565156923,0.2553826691967111,0.2883914499605987,2.6704083540002053,2.7780612244897958,3.093877551020407
1011,10002872,TX,FEDERAL,9.799999952316277,0.7999999523162771,15.0,9.5,10.1000003814697,12.799999999999999,7.783333333333332,8.008333333333335,0.18137461091949195,0.2553826691967111,0.3028714106344027,2.8704081632653047,2.7780612244897958,3.193877932490107
1012,10002876,TX,STATE,6.63749998807907,-2.36250001192093,12.75,6.64999985694885,6.5,12.799999999999999,7.783333333333332,8.008333333333335,-0.004122150248170182,-0.16860217181886797,-0.21840524034672987,0.6204081632653047,-0.07193891856135437,-0.40612244897959293
1013,10002884,TX,STATE,8.024999976158142,-0.9750000238418579,14.3000001907349,7.80000019073486,8.19999980926514,12.799999999999999,7.783333333333332,8.008333333333335,0.12366452316986654,0.002479471765236714,0.027753124470030952,2.1704083540002053,1.0780614152246555,1.2938773602855473
1014,10002885,TX,STATE,8.275000095367432,-0.7249999046325684,14.3999996185303,8.10000038146973,8.5,12.799999999999999,7.783333333333332,8.008333333333335,0.13190877649194035,0.04710948116488346,0.07119286840031501,2.2704077817956048,1.3780616059595259,1.593877551020407
1015,10002886,TX,STATE,8.25,-0.75,14.3000001907349,8.10000038146973,8.39999961853027,12.799999999999999,7.783333333333332,8.008333333333335,0.12366452316986654,0.04710948116488346,0.05671290772650657,2.1704083540002053,1.3780616059595259,1.493877169550677
1016,10002893,TX,STATE,7.649999856948855,-1.3500001430511448,12.4499998092651,7.59999990463257,7.69999980926514,12.799999999999999,7.783333333333332,8.008333333333335,-0.028855067461950153,-0.02727389148034109,-0.04464640271673027,0.3204079725304041,0.8780611291223659,0.7938773602855473
1017,10002897,TX,STATE,7.800000071525572,-1.199999928474428,12.3999996185303,7.40000009536743,8.0,12.799999999999999,7.783333333333332,8.008333333333335,-0.03297723343487043,-0.05702718378847581,-0.001206658786446209,0.27040778179560476,0.6780613198572256,1.093877551020407
1018,10002900,TX,STATE,6.774999976158143,-2.225000023841857,12.6999998092651,6.59999990463257,6.80000019073486,12.799999999999999,7.783333333333332,8.008333333333335,-0.008244316221098807,-0.17604049489590087,-0.17496549641644582,0.5704079725304041,-0.12193887087763411,-0.1061222582447332
1019,10002904,TX,MULTI,7.75,-1.25,13.6999998092651,7.40000009536743,8.0,12.799999999999999,7.783333333333332,8.008333333333335,0.07419868874230659,-0.05702718378847581,-0.001206658786446209,1.570407972530404,0.6780613198572256,1.093877551020407
1020,10002905,TX,STATE,7.0,-2.0,12.5,6.80000019073486,7.19999980926514,12.799999999999999,7.783333333333332,8.008333333333335,-0.02473290148902153,-0.14628713165032306,-0.11704592990349148,0.3704081632653047,0.07806141522465548,0.29387736028554734
1021,10002913,TX,FEDERAL,7.999999880790713,-1.0000001192092869,13.8999996185303,7.69999980926514,8.19999980926514,12.799999999999999,7.783333333333332,8.008333333333335,0.09068727401023766,-0.012397245326273733,0.027753124470030952,1.7704077817956048,0.978061033754936,1.2938773602855473
1022,10002914,TX,FEDERAL,7.999999880790713,-1.0000001192092869,13.8999996185303,7.69999980926514,8.19999980926514,12.799999999999999,7.783333333333332,8.008333333333335,0.09068727401023766,-0.012397245326273733,0.027753124470030952,1.7704077817956048,0.978061033754936,1.2938773602855473
1023,10002916,TX,STATE,6.775000035762787,-2.224999964237213,12.3499999046326,6.65000009536743,6.84999990463257,12.799999999999999,7.783333333333332,8.008333333333335,-0.03709936009590734,-0.16860213635014565,-0.16772558512511068,0.220408067897905,-0.07193868014277438,-0.056122544347022796
1024,10002917,TX,STATE,6.733333349227905,-2.2666666507720947,12.3000001907349,6.60000006357829,6.79999987284342,12.799999999999999,7.783333333333332,8.008333333333335,-0.04122148675694425,-0.176040471250086,-0.17496554244682563,0.17040835400020526,-0.12193871193191441,-0.1061225761361726
1025,10002920,TX,STATE,6.750000119209287,-2.249999880790713,9.10000038146973,6.59999990463257,6.80000019073486,12.799999999999999,7.783333333333332,8.008333333333335,-0.305039086915089,-0.17604049489590087,-0.17496549641644582,-3.029591455264965,-0.12193887087763411,-0.1061222582447332
1026,10002928,TX,STATE,6.5625,-2.4375,10.1500000953674,6.5,6.59999990463257,12.799999999999999,7.783333333333332,8.008333333333335,-0.2184739552906492,-0.1909171410499682,-0.20392534871849127,-1.9795917413672957,-0.22193877551020424,-0.3061225443470228
1027,10002940,TX,STATE,8.34999990463257,-0.6500000953674299,11.25,8.54999971389771,7.84999990463257,12.799999999999999,7.783333333333332,8.008333333333335,-0.12778665769327827,0.11405435338946346,-0.022926530751588237,-0.8795918367346953,1.8280609383875062,0.9438774556529772
1028,10002941,TX,STATE,8.22499990463257,-0.7750000953674299,11.3000001907349,8.39999961853027,7.69999980926514,12.799999999999999,7.783333333333332,8.008333333333335,-0.12366449172034964,0.09173934868963929,-0.04464640271673027,-0.8295916459997947,1.6780608430200656,0.7938773602855473
1029,10002957,OR,STATE,5.224999964237212,-3.7750000357627878,6.0,5.14999985694885,4.80000019073486,7.416666666666665,6.133333333333334,6.641666666666667,-0.11679425703149085,-0.14628718130653423,-0.26667156418634314,-6.129591836734695,-1.5719389185613544,-2.106122258244733
1030,10002958,OR,STATE,8.037499904632574,-0.9625000953674263,9.39999961853027,7.35000014305115,7.79999995231628,7.416666666666665,6.133333333333334,6.641666666666667,0.16351192839457662,0.18099938877016472,0.16772556441143924,-2.7295922182044254,0.6280613675409459,0.8938775033366868
1031,10002964,OR,FEDERAL,5.575000047683714,-3.424999952316286,6.30000019073486,5.30000019073486,5.09999990463257,7.416666666666665,6.133333333333334,6.641666666666667,-0.09206133981771425,-0.1239721411379893,-0.2232318893016274,-5.829591645999836,-1.4219385847753445,-1.8061225443470228
1032,10002968,OR,STATE,6.699999988079062,-2.300000011920938,7.5,5.80000019073486,5.64999985694885,7.416666666666665,6.133333333333334,6.641666666666667,0.006870250413617238,-0.04958883943020942,-0.14359241630074768,-4.629591836734695,-0.9219385847753445,-1.256122592030743
1033,10002971,OR,STATE,6.77499997615814,-2.2250000238418597,7.5,5.80000019073486,5.69999980926514,7.416666666666665,6.133333333333334,6.641666666666667,0.006870250413617238,-0.04958883943020942,-0.1363524704866276,-4.629591836734695,-0.9219385847753445,-1.2061226397144527
1034,10002987,NV,STATE,5.77500009536743,-3.22499990463257,3.40000009536743,4.30000019073486,5.30000019073486,6.733333333333333,6.058333333333334,7.075000000000002,-0.27481000868230715,-0.2615812492973821,-0.25701829389477526,-8.729591741367265,-2.4219385847753445,-1.6061222582447332
1035,10002988,NV,STATE,6.362499952316285,-2.637500047683715,3.5,4.85000014305115,6.14999985694885,6.733333333333333,6.058333333333334,7.075000000000002,-0.2665657160483441,-0.17975962451256772,-0.1339391460091798,-8.629591836734695,-1.8719386324590541,-0.7561225920307431
1036,10002991,NV,STATE,6.937499940395355,-2.0625000596046448,3.70000004768372,5.09999990463257,6.25,6.733333333333333,6.058333333333334,7.075000000000002,-0.2500771111244739,-0.14256800912740009,-0.11945921985815629,-8.429591789050976,-1.621938870877634,-0.6561224489795929
1037,10002995,NV,STATE,8.050000190734872,-0.9499998092651278,6.0,5.40000009536743,6.90000009536743,6.733333333333333,6.058333333333334,7.075000000000002,-0.06045820363983063,-0.09793799972775494,-0.025339820706253048,-6.129591836734695,-1.3219386801427744,-0.006122353612163067
1038,10002996,NV,STATE,7.86249989271164,-1.1375001072883597,5.80000019073486,5.19999980926514,6.64999985694885,6.733333333333333,6.058333333333334,7.075000000000002,-0.07694678890775672,-0.12769136297333275,-0.06153961882241858,-6.329591645999836,-1.521938966245064,-0.25612259203074306
1039,10002997,NV,STATE,7.824999928474417,-1.1750000715255826,5.80000019073486,5.19999980926514,6.59999990463257,6.733333333333333,6.058333333333334,7.075000000000002,-0.07694678890775672,-0.12769136297333275,-0.0687795646365371,-6.329591645999836,-1.521938966245064,-0.3061225443470228
1040,10002998,NV,STATE,5.5,-3.5,3.5,4.80000019073486,5.09999990463257,6.733333333333333,6.058333333333334,7.075000000000002,-0.2665657160483441,-0.18719794758960218,-0.28597814619682077,-8.629591836734695,-1.9219385847753445,-1.8061225443470228
1041,10003002,NV,STATE,5.674999952316284,-3.325000047683716,3.5,5.19999980926514,5.59999990463257,6.733333333333333,6.058333333333334,7.075000000000002,-0.2665657160483441,-0.12769136297333275,-0.21357861901005953,-8.629591836734695,-1.521938966245064,-1.3061225443470228
1042,10003004,NV,STATE,8.174999952316282,-0.8250000476837176,6.30000019073486,6.80000019073486,8.5,6.733333333333333,6.058333333333334,7.075000000000002,-0.03572528642605402,0.11033525924151737,0.20633865248226918,-5.829591645999836,0.07806141522465548,1.593877551020407
1043,10003005,NV,STATE,8.549999952316282,-0.4500000476837176,6.19999980926514,7.0,9.0,6.733333333333333,6.058333333333334,7.075000000000002,-0.04396961837190454,0.14008855154965208,0.2787381796690304,-5.929592027469555,0.27806122448979576,2.093877551020407
1044,10003006,NV,STATE,8.487500071525572,-0.512499928474428,6.19999980926514,7.0,8.90000009536743,6.733333333333333,6.058333333333334,7.075000000000002,-0.04396961837190454,0.14008855154965208,0.2642582880407918,-5.929592027469555,0.27806122448979576,1.993877646387837
1045,10003012,NV,STATE,6.000000119209288,-2.9999998807907122,5.80000019073486,5.30000019073486,5.90000009536743,6.733333333333333,6.058333333333334,7.075000000000002,-0.07694678890775672,-0.11281464588182229,-0.1701388750797755,-6.329591645999836,-1.4219385847753445,-1.006122353612163
1046,10003014,NV,STATE,7.225000023841857,-1.774999976158143,6.69999980926514,6.30000019073486,7.19999980926514,6.733333333333333,6.058333333333334,7.075000000000002,-0.0027481158902018387,0.03595195753373748,0.018099854178462698,-5.429592027469555,-0.4219385847753445,0.29387736028554734
1047,10003017,MN,FEDERAL,5.100000023841857,-3.899999976158143,7.59999990463257,4.90000009536743,4.30000019073486,10.450000000000001,6.216666666666666,6.05,-0.23496257200808296,-0.1958760136429983,-0.2533983175354369,-4.529591932102125,-1.8219386801427744,-2.606122258244733
1048,10003047,PA,STATE,6.600000023841858,-2.399999976158142,12.3999996185303,6.35000014305115,6.54999995231628,15.866666666666667,7.633333333333333,7.591666666666665,-0.2858024486559804,-0.19091711976873457,-0.1508323552103099,0.27040778179560476,-0.3719386324590541,-0.3561224966633132
1049,10003048,PA,STATE,6.674999952316285,-2.325000047683715,12.5,6.40000009536743,6.5,15.866666666666667,7.633333333333333,7.591666666666665,-0.27755811671013153,-0.1834787966917017,-0.15807230102442843,0.3704081632653047,-0.3219386801427744,-0.40612244897959293
1050,10003052,PA,STATE,6.525000035762789,-2.4749999642372114,13.9500000476837,6.32500004768372,6.27500009536743,15.866666666666667,7.633333333333333,7.591666666666665,-0.1580157555820062,-0.1946362990416122,-0.1906520744493573,1.8204082109490045,-0.396938727826484,-0.6311223536121631
1051,10003054,PA,STATE,7.299999952316285,-1.700000047683715,14.6999998092651,7.09999990463257,7.19999980926514,15.866666666666667,7.633333333333333,7.591666666666665,-0.09618352151539802,-0.0793422026757871,-0.05671299058119004,2.570407972530404,0.3780611291223659,0.29387736028554734
1052,10003056,PA,STATE,7.212499916553497,-1.7875000834465027,14.3000001907349,7.14999985694885,6.90000009536743,15.866666666666667,7.633333333333333,7.591666666666665,-0.12916069205124348,-0.0719038795987542,-0.10015266546590579,2.1704083540002053,0.42806108143864563,-0.006122353612163067
1053,10003062,PA,STATE,7.5250000655651075,-1.4749999344348925,14.7749998569489,7.54999995231628,7.40000009536743,15.866666666666667,7.633333333333333,7.591666666666665,-0.09000029221194676,-0.012397224045041679,-0.027753138279144565,2.645408020214205,0.8280611768060755,0.49387764638783693
1054,10003064,PA,STATE,7.350000023841858,-1.649999976158142,14.7999997138977,7.09999990463257,7.25,15.866666666666667,7.633333333333333,7.591666666666665,-0.08793922888143248,-0.0793422026757871,-0.04947301024428659,2.6704078771630044,0.3780611291223659,0.34387755102040707
1055,10003066,PA,FEDERAL,7.287500023841858,-1.712499976158142,15.1500000953674,7.04999995231628,7.25,15.866666666666667,7.633333333333333,7.591666666666665,-0.059084145694732235,-0.08678052575282157,-0.04947301024428659,3.0204082586327043,0.3280611768060755,0.34387755102040707
1056,10003067,PA,FEDERAL,7.100000023841858,-1.899999976158142,15.3000001907349,7.0,7.0,15.866666666666667,7.633333333333333,7.591666666666665,-0.04671768708783807,-0.09421884882985444,-0.08567277383766721,3.1704083540002053,0.27806122448979576,0.09387755102040707
1057,10003068,PA,FEDERAL,7.11250001192093,-1.8874999880790702,15.25,6.95000004768372,7.0,15.866666666666667,7.633333333333333,7.591666666666665,-0.050839853060766695,-0.10165717190688733,-0.08567277383766721,3.1204081632653047,0.22806127217351602,0.09387755102040707
1058,10003069,PA,FEDERAL,7.6749998331069955,-1.3250001668930045,16.1000003814697,7.5,7.69999980926514,15.866666666666667,7.633333333333333,7.591666666666665,0.019236732607636396,-0.019835547122074564,0.015686536605571177,3.9704085447350064,0.7780612244897958,0.7938773602855473
1059,10003070,PA,FEDERAL,7.6749998331069955,-1.3250001668930045,16.1000003814697,7.5,7.69999980926514,15.866666666666667,7.633333333333333,7.591666666666665,0.019236732607636396,-0.019835547122074564,0.015686536605571177,3.9704085447350064,0.7780612244897958,0.7938773602855473
1060,10003073,PA,STATE,7.412499964237212,-1.5875000357627878,14.5500001907349,7.20000004768372,7.14999985694885,15.866666666666667,7.633333333333333,7.591666666666665,-0.10854994081039211,-0.0644655210529974,-0.0639529363953101,2.4204083540002053,0.478061272173516,0.24387740796925694
1061,10003074,PA,STATE,7.737500071525572,-1.262499928474428,14.8999996185303,7.5,7.5,15.866666666666667,7.633333333333333,7.591666666666665,-0.07969493624746694,-0.019835547122074564,-0.013273246650905983,2.7704077817956048,0.7780612244897958,0.5938775510204071
1062,10003075,PA,FEDERAL,7.500000119209287,-1.4999998807907131,14.3000001907349,7.30000019073486,7.30000019073486,15.866666666666667,7.633333333333333,7.591666666666665,-0.12916069205124348,-0.04958883943020929,-0.042233029907383146,2.1704083540002053,0.5780614152246555,0.3938777417552668
1063,10003076,PA,FEDERAL,7.350000083446505,-1.6499999165534946,14.25,7.20000004768372,7.10000014305115,15.866666666666667,7.633333333333333,7.591666666666665,-0.13328285802417209,-0.0644655210529974,-0.07119284768664369,2.1204081632653047,0.478061272173516,0.1938776940715572
1064,10003077,PA,STATE,8.05000013113022,-0.9499998688697797,16.3000001907349,7.95000004768372,7.85000014305115,15.866666666666667,7.633333333333333,7.591666666666665,0.035725317875567174,0.04710943150867243,0.03740644309349814,4.1704083540002035,1.228061272173516,0.9438776940715572
1065,10003082,PA,STATE,7.550000071525573,-1.4499999284744272,15.3999996185303,7.5,7.54999995231628,15.866666666666667,7.633333333333333,7.591666666666665,-0.03847343376576425,-0.019835547122074564,-0.006033300836787464,3.2704077817956048,0.7780612244897958,0.6438775033366868
1066,10003083,PA,FEDERAL,7.4749999046325675,-1.5250000953674325,15.75,7.5,7.29999995231628,15.866666666666667,7.633333333333333,7.591666666666665,-0.009618350579064001,-0.019835547122074564,-0.042233064430168075,3.6204081632653047,0.7780612244897958,0.3938775033366868
1067,10003084,PA,FEDERAL,7.374999880790713,-1.6250001192092869,15.6999998092651,7.40000009536743,7.19999980926514,15.866666666666667,7.633333333333333,7.591666666666665,-0.013740516551992626,-0.034712193276141924,-0.05671299058119004,3.570407972530404,0.6780613198572256,0.29387736028554734
1068,10003107,PA,STATE,7.86250001192093,-1.1374999880790702,15.5,7.69999980926514,7.85000014305115,15.866666666666667,7.633333333333333,7.591666666666665,-0.03022910181991535,0.009917745186060154,0.03740644309349814,3.3704081632653047,0.978061033754936,0.9438776940715572
1069,10003109,PA,STATE,7.99166671435038,-1.0083332856496199,17.1333338419596,7.83333333333333,7.83333349227905,15.866666666666667,7.633333333333333,7.591666666666665,0.10442784821965805,0.029753320683111584,0.03499312782212431,5.003742005224906,1.1113945578231261,0.9272110432994571
1070,10003116,PA,FEDERAL,8.22500002384186,-0.7749999761581403,17.2999992370605,8.19999980926514,7.90000009536743,15.866666666666667,7.633333333333333,7.591666666666665,0.11816824421518943,0.08430104689384003,0.04464638890761665,5.170407400325805,1.478061033754936,0.9938776463878369
1071,10003117,PA,STATE,8.475000143051147,-0.5249998569488525,16.2000001271566,8.36666679382324,8.20000012715658,15.866666666666667,7.633333333333333,7.591666666666665,0.027481012137640565,0.10909552808806215,0.08808610982271221,4.070408290421904,1.6447280183130362,1.2938776781769867
1072,10003121,PA,STATE,7.4749999046325675,-1.5250000953674325,16.1000003814697,7.5,7.19999980926514,15.866666666666667,7.633333333333333,7.591666666666665,0.019236732607636396,-0.019835547122074564,-0.05671299058119004,3.9704085447350064,0.7780612244897958,0.29387736028554734
1073,10003122,NY,STATE,5.166666666666668,-3.833333333333332,10.6000003814697,4.66666666666667,5.0,13.350000000000001,6.541666666666667,6.641666666666667,-0.22671823219985657,-0.2789373814041742,-0.237711780929866,-1.5295914552649954,-2.0552721088435346,-1.906122448979593
1074,10003124,NY,STATE,5.725000023841858,-3.274999976158142,9.69999980926514,5.30000019073486,5.5,13.350000000000001,6.541666666666667,6.641666666666667,-0.30091698384118476,-0.18471850419934285,-0.16531225374310476,-2.429592027469555,-1.4219385847753445,-1.406122448979593
1075,10003125,NY,STATE,5.524999976158143,-3.475000023841857,9.60000038146973,5.19999980926514,5.30000019073486,13.350000000000001,6.541666666666667,6.641666666666667,-0.3091612371632595,-0.1995952212908533,-0.19427203699958193,-2.529591455264965,-1.521938966245064,-1.6061222582447332
1076,10003127,NY,STATE,4.962499976158142,-4.037500023841858,8.39999961853027,4.5,4.90000009536743,13.350000000000001,6.541666666666667,6.641666666666667,-0.4080929060183677,-0.3037318153067679,-0.2521916725581046,-3.7295922182044254,-2.2219387755102042,-2.006122353612163
1077,10003128,NY,STATE,4.975000023841858,-4.024999976158142,8.39999961853027,4.5,4.90000009536743,13.350000000000001,6.541666666666667,6.641666666666667,-0.4080929060183677,-0.3037318153067679,-0.2521916725581046,-3.7295922182044254,-2.2219387755102042,-2.006122353612163
1078,10003130,NY,STATE,5.649999976158142,-3.350000023841858,8.60000038146973,5.19999980926514,5.5,13.350000000000001,6.541666666666667,6.641666666666667,-0.3916042421266649,-0.1995952212908533,-0.16531225374310476,-3.529591455264965,-1.521938966245064,-1.406122448979593
1079,10003131,NY,STATE,5.637499988079073,-3.362500011920927,8.60000038146973,5.19999980926514,5.5,13.350000000000001,6.541666666666667,6.641666666666667,-0.3916042421266649,-0.1995952212908533,-0.16531225374310476,-3.529591455264965,-1.521938966245064,-1.406122448979593
1080,10003132,NY,STATE,5.699999968210857,-3.3000000317891427,8.60000038146973,5.23333326975505,5.56666660308838,13.350000000000001,6.541666666666667,6.641666666666667,-0.3916042421266649,-0.19463631559368264,-0.15565899265761243,-3.529591455264965,-1.488605505755154,-1.3394558458912131
1081,10003134,NY,STATE,5.199999928474423,-3.8000000715255773,8.69999980926514,4.54999995231628,5.04999995231628,13.350000000000001,6.541666666666667,6.641666666666667,-0.38335998880459016,-0.296293492229735,-0.23047183511574748,-3.429592027469555,-2.1719388231939245,-1.8561224966633132
1082,10003135,NY,FEDERAL,5.199999928474423,-3.8000000715255773,8.69999980926514,4.54999995231628,5.04999995231628,13.350000000000001,6.541666666666667,6.641666666666667,-0.38335998880459016,-0.296293492229735,-0.23047183511574748,-3.429592027469555,-2.1719388231939245,-1.8561224966633132
1083,10003136,NY,STATE,5.425000071525572,-3.574999928474428,9.89999961853027,4.80000019073486,5.40000009536743,13.350000000000001,6.541666666666667,6.641666666666667,-0.2844283985732596,-0.25910180590712273,-0.17979214537134336,-2.2295922182044254,-1.9219385847753445,-1.506122353612163
1084,10003138,NY,STATE,5.112500071525573,-3.887499928474427,11.0,4.54999995231628,4.85000014305115,13.350000000000001,6.541666666666667,6.641666666666667,-0.1937410616640028,-0.296293492229735,-0.2594316183722231,-1.1295918367346953,-2.1719388231939245,-2.056122305928443
1085,10003140,NY,STATE,5.25000002980232,-3.7499999701976803,10.4499998092651,4.77500009536743,5.27500009536743,13.350000000000001,6.541666666666667,6.641666666666667,-0.2390847301186341,-0.26282098518000035,-0.19789202716803367,-1.679592027469596,-1.9469386801427744,-1.631122353612163
1086,10003141,NY,STATE,5.199999928474428,-3.800000071525572,10.3999996185303,4.80000019073486,5.19999980926514,13.350000000000001,6.541666666666667,6.641666666666667,-0.24320689609155438,-0.25910180590712273,-0.20875199767338884,-1.7295922182043952,-1.9219385847753445,-1.7061226397144527
1087,10003144,NY,STATE,5.700000047683718,-3.2999999523162824,12.0500001907349,5.30000019073486,5.45000004768372,13.350000000000001,6.541666666666667,6.641666666666667,-0.10717589072766877,-0.18471850419934285,-0.17255219955722328,-0.07959164599979474,-1.4219385847753445,-1.4561224012958727
1088,10003145,NY,STATE,5.725000023841858,-3.274999976158142,12.1000003814697,5.30000019073486,5.5,13.350000000000001,6.541666666666667,6.641666666666667,-0.1030537247547485,-0.18471850419934285,-0.16531225374310476,-0.029591455264995403,-1.4219385847753445,-1.406122448979593
1089,10003148,NY,STATE,6.100000023841857,-2.899999976158143,12.8000001907349,5.80000019073486,5.80000019073486,13.350000000000001,6.541666666666667,6.641666666666667,-0.04534363700511473,-0.11033520249156296,-0.12187250981282072,0.6704083540002053,-0.9219385847753445,-1.1061222582447332
1090,10003149,NY,STATE,5.324999928474425,-3.6750000715255746,11.2750000953674,5.0,5.12499988079071,13.350000000000001,6.541666666666667,6.641666666666667,-0.1710692274366913,-0.22934851359898803,-0.2196119163945682,-0.8545917413672957,-1.7219387755102042,-1.7811225681888834
1091,10003152,NY,STATE,5.600000023841858,-3.399999976158142,11.2000001271566,5.26666673024495,5.43333339691162,13.350000000000001,6.541666666666667,6.641666666666667,-0.17725245018814956,-0.18967740989651352,-0.17496551482859712,-0.9295917095780961,-1.4552720452652546,-1.4727890520679727
1092,10003156,NY,STATE,5.812499940395358,-3.187500059604642,11.1999998092651,5.45000004768372,5.69999980926514,13.350000000000001,6.541666666666667,6.641666666666667,-0.17725247639608005,-0.16240353496824103,-0.1363524704866276,-0.9295920274695959,-1.271938727826484,-1.2061226397144527
1093,10003165,NY,STATE,5.587500035762788,-3.4124999642372122,12.5500001907349,5.35000014305115,5.35000014305115,13.350000000000001,6.541666666666667,6.641666666666667,-0.06595438824596607,-0.1772801811223084,-0.18703209118546188,0.42040835400020526,-1.3719386324590541,-1.5561223059284428
1094,10003166,NY,STATE,6.137499988079072,-2.862500011920928,11.8000001907349,5.70000004768372,5.95000004768372,13.350000000000001,6.541666666666667,6.641666666666667,-0.1277866419685201,-0.12521188411435108,-0.10015267237046208,-0.32959164599979474,-1.021938727826484,-0.9561224012958727
1095,10003167,NY,STATE,6.075000007947288,-2.9249999920527117,11.733333269755,5.69999996821086,5.86666679382324,13.350000000000001,6.541666666666667,6.641666666666667,-0.13328286326576097,-0.12521189593725857,-0.11221924872732825,-0.39625856697969475,-1.0219388072993443,-1.0394556551563525
1096,10003170,NY,STATE,6.112500071525572,-2.887499928474428,11.6000003814697,5.80000019073486,5.90000009536743,13.350000000000001,6.541666666666667,6.641666666666667,-0.1442752272364512,-0.11033520249156296,-0.10739261818458214,-0.5295914552649954,-0.9219385847753445,-1.006122353612163
1097,10003175,NY,STATE,5.71250006556511,-3.28749993443489,11.5500001907349,5.35000014305115,5.42500007152557,13.350000000000001,6.541666666666667,6.641666666666667,-0.14839739320937145,-0.1772801811223084,-0.17617217246428402,-0.5795916459997947,-1.3719386324590541,-1.4811223774540228
1098,10003188,NY,STATE,6.000000119209287,-2.999999880790713,12.0,5.80000019073486,5.80000019073486,13.350000000000001,6.541666666666667,6.641666666666667,-0.11129805670059739,-0.11033520249156296,-0.12187250981282072,-0.12959183673469532,-0.9219385847753445,-1.1061222582447332
1099,10003189,NY,STATE,6.000000119209287,-2.999999880790713,12.0,5.80000019073486,5.80000019073486,13.350000000000001,6.541666666666667,6.641666666666667,-0.11129805670059739,-0.11033520249156296,-0.12187250981282072,-0.12959183673469532,-0.9219385847753445,-1.1061222582447332
1100,10003192,NY,STATE,6.4624999165535,-2.5375000834465,12.75,6.19999980926514,6.35000014305115,13.350000000000001,6.541666666666667,6.641666666666667,-0.04946580297804335,-0.05082861787529353,-0.042233036811939434,0.6204081632653047,-0.521938966245064,-0.5561223059284428
1101,10003193,NY,STATE,6.725000023841858,-2.274999976158142,12.6666666666667,6.43333339691162,6.59999990463257,13.350000000000001,6.541666666666667,6.641666666666667,-0.05633605339165773,-0.016116372578359895,-0.006033307741343755,0.5370748299320045,-0.28860537859858404,-0.3061225443470228
1102,10003195,NY,STATE,6.23750001192093,-2.76249998807907,11.6500000953674,6.0,6.20000004768372,13.350000000000001,6.541666666666667,6.641666666666667,-0.14015310057541427,-0.08058191018342825,-0.06395290877708146,-0.47959174136729565,-0.7219387755102042,-0.7061224012958727
1103,10003196,NY,STATE,6.274999976158143,-2.725000023841857,11.8000001907349,6.09999990463257,6.19999980926514,13.350000000000001,6.541666666666667,6.641666666666667,-0.1277866419685201,-0.06570526402936089,-0.0639529432998664,-0.32959164599979474,-0.6219388708776341,-0.7061226397144527
1104,10003197,NY,STATE,6.100000023841858,-2.899999976158142,12.1000003814697,5.80000019073486,6.0,13.350000000000001,6.541666666666667,6.641666666666667,-0.1030537247547485,-0.11033520249156296,-0.09291272655634356,-0.029591455264995403,-0.9219385847753445,-0.9061224489795929
1105,10003198,NY,STATE,6.041666666666668,-2.958333333333332,12.1999998092651,5.69999996821086,5.90000009536743,13.350000000000001,6.541666666666667,6.641666666666667,-0.09480947143267467,-0.12521189593725857,-0.10739261818458214,0.0704079725304041,-1.0219388072993443,-1.006122353612163
1106,10003199,NY,STATE,6.149999976158142,-2.850000023841858,12.1000003814697,5.90000009536743,6.0,13.350000000000001,6.541666666666667,6.641666666666667,-0.1030537247547485,-0.09545855633749561,-0.09291272655634356,-0.029591455264995403,-0.8219386801427744,-0.9061224489795929
1107,10003200,NY,STATE,6.012499988079073,-2.987500011920927,11.6000003814697,5.85000014305115,5.85000014305115,13.350000000000001,6.541666666666667,6.641666666666667,-0.1442752272364512,-0.1028968794145285,-0.11463256399870066,-0.5295914552649954,-0.8719386324590541,-1.0561223059284428
1108,10003201,NY,STATE,6.024999976158142,-2.975000023841858,11.5,5.80000019073486,5.90000009536743,13.350000000000001,6.541666666666667,6.641666666666667,-0.1525195591823001,-0.11033520249156296,-0.10739261818458214,-0.6295918367346953,-0.9219385847753445,-1.006122353612163
1109,10003202,NY,FEDERAL,6.1875,-2.8125,12.0,5.85000014305115,6.09999990463257,13.350000000000001,6.541666666666667,6.641666666666667,-0.11129805670059739,-0.1028968794145285,-0.07843283492810497,-0.12959183673469532,-0.8719386324590541,-0.8061225443470228
1110,10003203,NY,FEDERAL,6.149999976158142,-2.850000023841858,12.0,5.80000019073486,6.09999990463257,13.350000000000001,6.541666666666667,6.641666666666667,-0.11129805670059739,-0.11033520249156296,-0.07843283492810497,-0.12959183673469532,-0.9219385847753445,-0.8061225443470228
1111,10003204,NY,STATE,6.15833334128062,-2.8416666587193804,11.9333330790202,5.83333349227905,6.06666660308838,13.350000000000001,6.541666666666667,6.641666666666667,-0.11679427799783004,-0.10537632044020714,-0.08325946547085121,-0.19625875771449586,-0.8886052832311542,-0.8394558458912131
1112,10003208,NY,STATE,5.975000023841857,-3.024999976158143,12.8999996185303,5.80000019073486,5.69999980926514,13.350000000000001,6.541666666666667,6.641666666666667,-0.03709938368304091,-0.11033520249156296,-0.1363524704866276,0.7704077817956048,-0.9219385847753445,-1.2061226397144527
1113,10003209,NY,STATE,6.6083333889643345,-2.3916666110356655,13.4666668574015,6.30000019073486,6.40000009536743,13.350000000000001,6.541666666666667,6.641666666666667,0.009618366303816586,-0.03595190078378309,-0.03499309099782092,1.3370750206668038,-0.4219385847753445,-0.5061223536121631
1114,10003227,NY,STATE,8.200000166893005,-0.7999998331069946,15.5,8.0,8.10000038146973,13.350000000000001,6.541666666666667,6.641666666666667,0.17725246067132147,0.21695129664769128,0.21116534286450975,3.3704081632653047,1.2780612244897958,1.1938779324901372
1115,10003229,NY,FEDERAL,8.637499809265135,-0.36250019073486506,15.0499997138977,8.39999961853027,8.59999990463257,13.350000000000001,6.541666666666667,6.641666666666667,0.1401530848506557,0.27645788126395915,0.28356480100570114,2.9204078771630044,1.6780608430200656,1.6938774556529772
1116,10003233,NY,STATE,7.424999952316285,-1.575000047683715,15.5,7.30000019073486,7.19999980926514,13.350000000000001,6.541666666666667,6.641666666666667,0.17725246067132147,0.11281470263177668,0.08084611107365604,3.3704081632653047,0.5780614152246555,0.29387736028554734
1117,10003235,NY,FEDERAL,8.399999856948856,-0.6000001430511439,15.6000003814697,8.19999980926514,8.19999980926514,13.350000000000001,6.541666666666667,6.641666666666667,0.18549679261717036,0.246704588955826,0.22564516544717847,3.4704085447350046,1.478061033754936,1.2938773602855473
1118,10003247,VA,STATE,6.500000119209288,-2.4999998807907122,15.3999996185303,6.30000019073486,6.40000009536743,14.250000000000002,6.6000000000000005,6.516666666666667,0.09480942425840769,-0.044629952649690774,-0.01689320920113061,3.2704077817956048,-0.4219385847753445,-0.5061223536121631
1119,10003253,VA,STATE,5.924999982118605,-3.075000017881395,13.4249999523163,5.79999995231628,5.72500002384186,14.250000000000002,6.6000000000000005,6.516666666666667,-0.0680154830259971,-0.119013289826193,-0.11463258126009318,1.2954081155816048,-0.9219388231939245,-1.1811224251377332
1120,10003255,VA,STATE,6.475000143051146,-2.5249998569488543,13.3000001907349,6.40000009536743,6.40000009536743,14.250000000000002,6.6000000000000005,6.516666666666667,-0.07832083899047691,-0.029753306495623414,-0.01689320920113061,1.1704083540002053,-0.3219386801427744,-0.5061223536121631
1121,10003256,VA,STATE,6.550000071525575,-2.4499999284744254,13.3000001907349,6.45000004768372,6.45000004768372,14.250000000000002,6.6000000000000005,6.516666666666667,-0.07832083899047691,-0.022314983418588945,-0.00965326338701055,1.1704083540002053,-0.271938727826484,-0.45612240129587267
1122,10003262,VA,STATE,5.975000023841858,-3.024999976158142,12.0,6.04999995231628,5.85000014305115,14.250000000000002,6.6000000000000005,6.516666666666667,-0.18549676116766228,-0.08182163897230306,-0.09653268220201035,-0.12959183673469532,-0.6719388231939245,-1.0561223059284428
1123,10003263,VA,STATE,6.024999976158142,-2.975000023841858,12.0,6.09999990463257,5.90000009536743,14.250000000000002,6.6000000000000005,6.516666666666667,-0.18549676116766228,-0.07438331589526859,-0.08929273638789183,-0.12959183673469532,-0.6219388708776341,-1.006122353612163
1124,10003268,VA,STATE,6.087499976158142,-2.912500023841858,13.75,6.0,6.09999990463257,14.250000000000002,6.6000000000000005,6.516666666666667,-0.041221502481702844,-0.08925996204933594,-0.060332953131414666,1.6204081632653047,-0.7219387755102042,-0.8061225443470228
1125,10003278,VA,STATE,7.512500107288361,-1.4874998927116394,15.0500001907349,7.5,7.40000009536743,14.250000000000002,6.6000000000000005,6.516666666666667,0.06595441969548252,0.1338899430740037,0.1279058451723918,2.9204083540002053,0.7780612244897958,0.49387764638783693
1126,10003284,VA,STATE,7.024999976158142,-1.975000023841858,14.6999998092651,7.09999990463257,6.90000009536743,14.250000000000002,6.6000000000000005,6.516666666666667,0.03709933650877392,0.07438328752029119,0.055506317985630604,2.570407972530404,0.3780611291223659,-0.006122353612163067
1127,10003289,VA,STATE,6.074999928474428,-2.925000071525572,14.3999996185303,6.0,5.90000009536743,14.250000000000002,6.6000000000000005,6.516666666666667,0.012366419295002299,-0.08925996204933594,-0.08929273638789183,2.2704077817956048,-0.7219387755102042,-1.006122353612163
1128,10003307,VA,STATE,6.737500011920929,-2.262499988079071,15.0500001907349,6.85000014305115,6.59999990463257,14.250000000000002,6.6000000000000005,6.516666666666667,0.06595441969548252,0.03719167213512358,0.012066574055346549,2.9204083540002053,0.12806136754094588,-0.3061225443470228
1129,10003308,VA,STATE,6.52500009536743,-2.47499990463257,14.8000001907349,6.5,6.30000019073486,14.250000000000002,6.6000000000000005,6.516666666666667,0.04534366845463118,-0.014876660341556056,-0.03137310082936919,2.6704083540002053,-0.22193877551020424,-0.6061222582447332
1130,10003310,VA,STATE,6.17500001192093,-2.82499998807907,13.75,6.09999990463257,6.0,14.250000000000002,6.6000000000000005,6.516666666666667,-0.041221502481702844,-0.07438331589526859,-0.07481284475965325,1.6204081632653047,-0.6219388708776341,-0.9061224489795929
1131,10003316,VA,STATE,6.212500035762788,-2.7874999642372122,14.8499999046326,6.20000004768372,6.0,14.250000000000002,6.6000000000000005,6.516666666666667,0.049465795115668086,-0.05950663427247888,-0.07481284475965325,2.720408067897905,-0.521938727826484,-0.9061224489795929
1132,10003320,VA,STATE,7.475000023841858,-1.524999976158142,14.9000000953674,7.5,7.29999995231628,14.250000000000002,6.6000000000000005,6.516666666666667,0.05358796108858836,0.1338899430740037,0.11342591902136831,2.7704082586327043,0.7780612244897958,0.3938775033366868
1133,10003324,VA,STATE,6.074999988079072,-2.925000011920928,14.25,6.14999985694885,5.95000004768372,14.250000000000002,6.6000000000000005,6.516666666666667,-1.4644819572745397e-16,-0.0669449928182357,-0.08205279057377177,2.1204081632653047,-0.5719389185613544,-0.9561224012958727
1134,10003327,VA,STATE,6.100000023841858,-2.899999976158142,13.766666730245,6.19999996821086,5.93333339691162,14.250000000000002,6.6000000000000005,6.516666666666667,-0.039847447157390616,-0.059506646095386376,-0.08446610584514559,1.637074893510304,-0.5219388072993443,-0.9727890520679727
1135,10003329,VA,FEDERAL,6.96250003576279,-2.0374999642372096,14.8000001907349,6.95000004768372,6.95000004768372,14.250000000000002,6.6000000000000005,6.516666666666667,0.04534366845463118,0.052068318289190944,0.06274626379975067,2.6704083540002053,0.22806127217351602,0.04387759870412733
1136,10003330,VA,FEDERAL,7.0,-2.0,14.8000001907349,7.0,7.0,14.250000000000002,6.6000000000000005,6.516666666666667,0.04534366845463118,0.05950664136622383,0.06998620961386919,2.6704083540002053,0.27806122448979576,0.09387755102040707
1137,10003331,VA,STATE,6.024999916553497,-2.9750000834465027,13.9499998092651,6.25,5.69999980926514,14.250000000000002,6.6000000000000005,6.516666666666667,-0.02473291721378012,-0.052068311195446,-0.11825258868993731,1.820407972530404,-0.47193877551020424,-1.2061226397144527
1138,10003333,VA,STATE,6.299999952316284,-2.700000047683716,13.6000003814697,6.09999990463257,6.09999990463257,14.250000000000002,6.6000000000000005,6.516666666666667,-0.05358792177670529,-0.07438331589526859,-0.060332953131414666,1.4704085447350046,-0.6219388708776341,-0.8061225443470228
1139,10003342,OH,STATE,7.037500083446503,-1.9624999165534973,13.9000000953674,7.04999995231628,6.85000014305115,15.299999999999999,8.083333333333334,7.658333333333332,-0.11542019908639245,-0.15372549728982363,-0.11704588157159256,1.7704082586327043,0.3280611768060755,-0.056122305928442806
1140,10003348,OH,STATE,9.300000071525574,0.30000007152557373,16.4499998092651,9.34999990463257,9.05000019073486,15.299999999999999,8.083333333333334,7.658333333333332,0.09480943998315808,0.18843768347222034,0.20151204495471287,4.320407972530406,2.628061129122366,2.143877741755267
1141,10003350,OH,STATE,8.575000017881393,-0.42499998211860657,15.4249997138977,8.47500014305115,8.39999985694885,15.299999999999999,8.083333333333334,7.658333333333332,0.010305352033292402,0.05826694095232774,0.10739261128002482,3.2954078771630044,1.753061367540945,1.4938774079692578
1142,10003352,OH,STATE,8.250000238418579,-0.7499997615814209,15.3999996185303,8.10000038146973,8.10000038146973,15.299999999999999,8.083333333333334,7.658333333333332,0.008244269046832264,0.0024795001402152963,0.06395297091809542,3.2704077817956048,1.3780616059595259,1.1938779324901372
1143,10003354,OH,STATE,7.400000095367432,-1.5999999046325684,15.1999998092651,7.59999990463257,7.09999990463257,15.299999999999999,8.083333333333334,7.658333333333332,-0.008244316221098807,-0.07190387250500926,-0.08084615250099687,3.070407972530404,0.8780611291223659,0.1938774556529772
1144,10003356,OH,STATE,7.325000047683718,-1.6749999523162824,15.3000001907349,7.59999990463257,6.90000009536743,15.299999999999999,8.083333333333334,7.658333333333332,1.572475844347157e-08,-0.07190387250500926,-0.10980593575747404,3.1704083540002053,0.8780611291223659,-0.006122353612163067
1145,10003357,OH,STATE,7.2312500178813925,-1.7687499821186075,15.2249999046326,7.52499997615814,6.80000007152557,15.299999999999999,8.083333333333334,7.658333333333332,-0.00618323323463032,-0.0830613571205601,-0.12428584464710501,3.095408067897905,0.8030612006479361,-0.10612237745402275
1146,10003362,OH,STATE,7.487499952316286,-1.512500047683714,15.0500001907349,7.59999990463257,7.15000009536743,15.299999999999999,8.083333333333334,7.658333333333332,-0.020610735516092903,-0.07190387250500926,-0.07360617216409343,2.9204083540002053,0.8780611291223659,0.24387764638783693
1147,10003363,OH,STATE,7.625,-1.375,15.1000003814697,7.69999980926514,7.30000019073486,15.299999999999999,8.083333333333334,7.658333333333332,-0.016488569543172626,-0.0570272263509419,-0.0518863001989514,2.9704085447350046,0.978061033754936,0.3938777417552668
1148,10003365,OH,STATE,7.824999928474428,-1.175000071525572,14.8000001907349,7.80000019073486,7.59999990463257,15.299999999999999,8.083333333333334,7.658333333333332,-0.04122148675694425,-0.04215050925943145,-0.00844662531423566,2.6704083540002053,1.0780614152246555,0.6938774556529772
1149,10003367,OH,STATE,8.0,-1.0,14.8999996185303,8.0,7.5,15.299999999999999,8.083333333333334,7.658333333333332,-0.03297723343487043,-0.012397216951296735,-0.02292651694247424,2.7704077817956048,1.2780612244897958,0.5938775510204071
1150,10003369,OH,STATE,7.462499916553497,-1.5375000834465027,14.5500001907349,7.59999990463257,7.25,15.299999999999999,8.083333333333334,7.658333333333332,-0.0618322379977956,-0.07190387250500926,-0.05912628053585485,2.4204083540002053,0.8780611291223659,0.34387755102040707
1151,10003370,OH,STATE,7.4249998331069955,-1.5750001668930045,14.5,7.59999990463257,7.19999980926514,15.299999999999999,8.083333333333334,7.658333333333332,-0.06595440397072423,-0.07190387250500926,-0.06636626087275829,2.3704081632653047,0.8780611291223659,0.29387736028554734
1152,10003372,OH,STATE,7.412500083446503,-1.5874999165534973,14.5999999046326,7.15000009536743,7.15000009536743,15.299999999999999,8.083333333333334,7.658333333333332,-0.05771011133675869,-0.13884881566703391,-0.07360617216409343,2.470408067897905,0.4280613198572256,0.24387764638783693
1153,10003376,OH,STATE,7.90833326180776,-1.0916667381922398,15.266666730245,8.13333336512248,7.59999990463257,15.299999999999999,8.083333333333334,7.658333333333332,-0.002748094923857955,0.007438334899941302,-0.00844662531423566,3.137074893510304,1.411394589612276,0.6938774556529772
1154,10003377,OH,STATE,7.899999916553499,-1.100000083446501,15.3000001907349,8.10000014305115,7.59999990463257,15.299999999999999,8.083333333333334,7.658333333333332,1.572475844347157e-08,0.002479464671492828,-0.00844662531423566,3.1704083540002053,1.378061367540945,0.6938774556529772
1155,10003378,OH,STATE,7.924999922513963,-1.0750000774860373,15.2750000953674,8.12500011920929,7.62499988079071,15.299999999999999,8.083333333333334,7.658333333333332,-0.0020610672617100427,0.006198626210009338,-0.004826652407176463,3.1454082586327043,1.4030613436990853,0.7188774318111166
1156,10003383,OH,STATE,8.262499988079073,-0.7375000119209272,15.3499999046326,8.44999980926514,7.90000009536743,15.299999999999999,8.083333333333334,7.658333333333332,0.004122142385795354,0.054547726210727926,0.034993118616048396,3.220408067897905,1.728061033754936,0.9938776463878369
1157,10003385,OH,FEDERAL,7.449999928474425,-1.5500000715255746,15.3000001907349,7.40000009536743,7.19999980926514,15.299999999999999,8.083333333333334,7.658333333333332,1.572475844347157e-08,-0.10165716481314398,-0.06636626087275829,3.1704083540002053,0.6780613198572256,0.29387736028554734
1158,10003386,OH,FEDERAL,7.412499964237215,-1.587500035762785,15.4500002861023,7.35000014305115,7.09999990463257,15.299999999999999,8.083333333333334,7.658333333333332,0.012366474331644256,-0.10909548789017687,-0.08084615250099687,3.320408449367605,0.6280613675409459,0.1938774556529772
1159,10003387,OH,STATE,8.149999976158142,-0.8500000238418579,15.6000003814697,7.90000009536743,8.0,15.299999999999999,8.083333333333334,7.658333333333332,0.02473293293853007,-0.027273863105364095,0.04947301024428698,3.4704085447350046,1.1780613198572256,1.093877551020407
1160,10003389,OH,STATE,8.181250035762785,-0.8187499642372149,16.3249998092651,8.42499995231628,7.92500019073486,15.299999999999999,8.083333333333334,7.658333333333332,0.0845040643627324,0.0508285824065712,0.03861310878450012,4.195407972530406,1.7030611768060764,1.0188777417552668
1161,10003390,OH,STATE,8.099999904632565,-0.9000000953674352,16.2999992370605,8.39999961853027,7.80000019073486,15.299999999999999,8.083333333333334,7.658333333333332,0.08244294206438055,0.04710936766497112,0.020513226987809816,4.170407400325805,1.6780608430200656,0.8938777417552668
1162,10003392,OH,STATE,7.63750010728836,-1.3624998927116403,14.4499998092651,7.75,7.30000019073486,15.299999999999999,8.083333333333334,7.658333333333332,-0.07007656994365286,-0.049588867805186676,-0.0518863001989514,2.320407972530404,1.0280612244897958,0.3938777417552668
1163,10003397,OH,STATE,7.762499988079069,-1.2375000119209307,14.25,8.0,7.25,15.299999999999999,8.083333333333334,7.658333333333332,-0.08656515521157557,-0.012397216951296735,-0.05912628053585485,2.1204081632653047,1.2780612244897958,0.34387755102040707
1164,10003398,OH,STATE,8.274999856948853,-0.7250001430511475,14.8999996185303,8.39999961853027,7.80000019073486,15.299999999999999,8.083333333333334,7.658333333333332,-0.03297723343487043,0.04710936766497112,0.020513226987809816,2.7704077817956048,1.6780608430200656,0.8938777417552668
1165,10003405,OH,STATE,7.475000023841858,-1.524999976158142,15.3000001907349,7.5,7.09999990463257,15.299999999999999,8.083333333333334,7.658333333333332,1.572475844347157e-08,-0.08678051865907661,-0.08084615250099687,3.1704083540002053,0.7780612244897958,0.1938774556529772
1166,10003411,OH,STATE,8.500000238418579,-0.4999997615814209,15.6000003814697,8.10000038146973,8.10000038146973,15.299999999999999,8.083333333333334,7.658333333333332,0.02473293293853007,0.0024795001402152963,0.06395297091809542,3.4704085447350046,1.3780616059595259,1.1938779324901372
1167,10003412,OH,STATE,8.512500166893005,-0.48749983310699463,15.6000003814697,8.10000038146973,8.15000009536743,15.299999999999999,8.083333333333334,7.658333333333332,0.02473293293853007,0.0024795001402152963,0.071192882209429,3.4704085447350046,1.3780616059595259,1.243877646387837
1168,10003413,OH,STATE,8.575000047683718,-0.4249999523162824,15.1000003814697,8.19999980926514,8.30000019073486,15.299999999999999,8.083333333333334,7.658333333333332,-0.016488569543172626,0.017356075356837985,0.09291275417457104,2.9704085447350046,1.478061033754936,1.3938777417552668
1169,10003414,OH,STATE,8.200000047683718,-0.7999999523162824,14.5,8.19999980926514,7.80000019073486,15.299999999999999,8.083333333333334,7.658333333333332,-0.06595440397072423,0.017356075356837985,0.020513226987809816,2.3704081632653047,1.478061033754936,0.8938777417552668
1170,10003415,OH,STATE,7.025000035762787,-1.9749999642372131,14.8000001907349,6.95000004768372,6.59999990463257,15.299999999999999,8.083333333333334,7.658333333333332,-0.04122148675694425,-0.16860214344388938,-0.1532456796877581,2.6704083540002053,0.22806127217351602,-0.3061225443470228
1171,10003419,OH,STATE,8.27499997615814,-0.7250000238418597,16.1000003814697,8.39999961853027,7.90000009536743,15.299999999999999,8.083333333333334,7.658333333333332,0.06595443542023291,0.04710936766497112,0.034993118616048396,3.9704085447350064,1.6780608430200656,0.9938776463878369
1172,10003424,OH,STATE,8.174999952316282,-0.8250000476837176,15.1750001907349,8.17499995231628,7.77499997615814,15.299999999999999,8.083333333333334,7.658333333333332,-0.01030535989566723,0.013636931552681255,0.016893219557965692,3.0454083540002053,1.4530611768060764,0.8688775271785474
1173,10003425,OH,STATE,8.25,-0.75,15.3000001907349,8.19999980926514,7.90000009536743,15.299999999999999,8.083333333333334,7.658333333333332,1.572475844347157e-08,0.017356075356837985,0.034993118616048396,3.1704083540002053,1.478061033754936,0.9938776463878369
1174,10003432,OH,STATE,9.675000071525565,0.6750000715255648,17.1000003814697,9.75,9.25,15.299999999999999,8.083333333333334,7.658333333333332,0.1483974403836383,0.24794433902593285,0.23047182821119003,4.970408544735006,3.0280612244897958,2.343877551020407
1175,10003433,OH,STATE,9.237500190734865,0.23750019073486506,16.9499998092651,9.35000038146973,8.80000019073486,15.299999999999999,8.083333333333334,7.658333333333332,0.13603094246486078,0.188437754409665,0.16531228136133225,4.820407972530406,2.628061605959526,1.8938777417552668
1176,10003434,OH,STATE,9.512500047683705,0.5125000476837052,17.0,9.55000019073486,9.15000009536743,15.299999999999999,8.083333333333334,7.658333333333332,0.14015310843778925,0.21819104671779815,0.21599193658295143,4.870408163265305,2.8280614152246555,2.243877646387837
1177,10003444,OH,STATE,6.75,-2.25,14.7000002861023,6.69999980926514,6.40000009536743,15.299999999999999,8.083333333333334,7.658333333333332,-0.049465779390909785,-0.20579382976650168,-0.18220546294423526,2.570408449367605,-0.021938966245063973,-0.5061223536121631
1178,10003464,UT,STATE,7.783333341280622,-1.2166666587193777,7.83333333333333,6.69999996821086,7.73333326975505,7.008333333333334,5.8,6.758333333333334,0.06801547909480916,0.13388993834484142,0.14117906880810904,-4.296258503401365,-0.021938807299344276,0.8272108207754574
1179,10003465,UT,STATE,7.683333357175193,-1.3166666428248073,7.69999996821086,6.59999990463257,7.66666650772095,7.008333333333334,5.8,6.758333333333334,0.0570230758122298,0.11901326854495922,0.13152578470742668,-4.429591868523835,-0.12193887087763411,0.760544058741357
1180,10003492,TN,STATE,7.262500107288361,-1.7374998927116394,15.2999997138977,7.30000019073486,7.0,16.733333333333334,7.3999999999999995,7.375,-0.11816833070134783,-0.014876631966578662,-0.054299645390070914,3.1704078771630044,0.5780614152246555,0.09387755102040707
1181,10003496,TN,STATE,8.100000023841858,-0.8999999761581421,15.7999997138977,7.75,8.15000009536743,16.733333333333334,7.3999999999999995,7.375,-0.07694682821964513,0.052068311195446,0.11221928094859356,3.6704078771630044,1.0280612244897958,1.243877646387837
1182,10003507,TN,STATE,6.93333339691162,-2.06666660308838,16.5333340962728,7.0,6.93333339691162,16.733333333333334,7.3999999999999995,7.375,-0.016488538093658963,-0.05950664136622383,-0.06395290647556326,4.403742259538104,0.27806122448979576,0.027210947932027274
1183,10003538,TN,STATE,6.849999964237215,-2.150000035762785,15.2000002861023,6.70000004768372,6.69999980926514,16.733333333333334,7.3999999999999995,7.375,-0.12641258402342165,-0.10413661529714666,-0.09773938932035497,3.070408449367605,-0.021938727826483984,-0.20612263971445266
1184,10003539,TN,MULTI,6.837500035762788,-2.1624999642372122,15.0,6.79999995231628,6.75,16.733333333333334,7.3999999999999995,7.375,-0.1429012086032361,-0.08925996914308089,-0.09049940898345152,2.8704081632653047,0.0780611768060755,-0.15612244897959293
1185,10003542,TN,FEDERAL,7.38749998807907,-1.6125000119209298,16.8500003814697,7.5,7.39999985694885,16.733333333333334,7.3999999999999995,7.375,0.009618382028572394,0.014876660341556056,0.003619955645666796,4.720408544735006,0.7780612244897958,0.49387740796925694
1186,10003551,RI,MULTI,7.15000009536743,-1.8499999046325701,12.8000001907349,6.40000009536743,7.0,11.891666666666667,6.241666666666667,6.525000000000001,0.07488574523318485,0.023554726394952177,0.06877955082742297,0.6704083540002053,-0.3219386801427744,0.09387755102040707
1187,10003554,RI,STATE,7.175000071525572,-1.824999928474428,12.1999998092651,6.59999990463257,6.90000009536743,11.891666666666667,6.241666666666667,6.525000000000001,0.025419910805624904,0.05330801870308689,0.0542996591991844,0.0704079725304041,-0.12193887087763411,-0.006122353612163067
1188,10003556,RI,STATE,6.98750001192093,-2.01249998807907,12.0500001907349,6.5,6.70000004768372,11.891666666666667,6.241666666666667,6.525000000000001,0.013053491510630807,0.03843137254901954,0.025339841419923848,-0.07959164599979474,-0.22193877551020424,-0.20612240129587267
1189,10003557,RI,STATE,7.075000047683715,-1.924999952316285,12.1000003814697,6.5,6.80000019073486,11.891666666666667,6.241666666666667,6.525000000000001,0.017175657483551085,0.03843137254901954,0.03981976757094582,-0.029591455264995403,-0.22193877551020424,-0.1061222582447332
1190,10003558,RI,STATE,7.075000047683715,-1.924999952316285,12.1000003814697,6.5,6.80000019073486,11.891666666666667,6.241666666666667,6.525000000000001,0.017175657483551085,0.03843137254901954,0.03981976757094582,-0.029591455264995403,-0.22193877551020424,-0.1061222582447332
1191,10003559,RI,STATE,7.075000047683715,-1.924999952316285,12.1000003814697,6.5,6.80000019073486,11.891666666666667,6.241666666666667,6.525000000000001,0.017175657483551085,0.03843137254901954,0.03981976757094582,-0.029591455264995403,-0.22193877551020424,-0.1061222582447332
1192,10003561,RI,STATE,7.000000000000003,-1.9999999999999973,12.1000003814697,6.45000004768372,6.70000004768372,11.891666666666667,6.241666666666667,6.525000000000001,0.017175657483551085,0.03099304947198665,0.025339841419923848,-0.029591455264995403,-0.271938727826484,-0.20612240129587267
1193,10003565,OK,STATE,7.1500000953674325,-1.8499999046325675,7.90000009536743,6.59999990463257,7.0,12.375,7.333333333333333,7.508333333333333,-0.3689324393488616,-0.10909552335889908,-0.07360618597320717,-4.2295917413672655,-0.12193887087763411,0.09387755102040707
1194,10003566,OK,STATE,7.658333381017051,-1.3416666189829494,14.5,7.53333346048991,7.46666685740153,12.375,7.333333333333333,7.508333333333333,0.17519138554723646,0.029753339599764016,-0.0060332663140021505,2.3704081632653047,0.8113946849797058,0.5605444084219373
1195,10003568,OK,STATE,6.424999952316282,-2.5750000476837176,10.5,6.14999985694885,6.19999980926514,12.375,7.333333333333333,7.508333333333333,-0.1545806343063851,-0.17604050198964608,-0.18944545709025246,-1.6295918367346953,-0.5719389185613544,-0.7061226397144527
1196,10003569,OK,STATE,6.008333325386047,-2.9916666746139526,7.26666673024495,5.43333339691162,6.10000006357829,12.375,7.333333333333333,7.508333333333333,-0.4211463451131445,-0.2826565370312377,-0.2039253257033011,-4.862925106489746,-1.288605378598584,-0.8061223854013031
1197,10003571,OK,STATE,7.600000023841858,-1.399999976158142,13.1000003814697,7.30000019073486,7.5,12.375,7.333333333333333,7.508333333333333,0.05977121004797727,-0.00495885840554138,-0.0012066587864459518,0.9704085447350046,0.5780614152246555,0.5938775510204071
1198,10003572,OK,STATE,7.274999976158143,-1.725000023841857,10.3999996185303,7.0,6.85000014305115,12.375,7.333333333333333,7.508333333333333,-0.162824966252234,-0.049588867805186544,-0.09532602341556427,-1.7295922182043952,0.27806122448979576,-0.056122305928442806
1199,10003574,OK,STATE,8.900000214576723,-0.09999978542327703,13.0500001907349,8.30000019073486,8.85000038146973,12.375,7.333333333333333,7.508333333333333,0.055649044075057,0.1438077450100184,0.19427211985426554,0.9204083540002053,1.5780614152246555,1.9438779324901372
1200,10003576,OK,STATE,8.549999952316282,-0.4500000476837176,13.5,8.10000038146973,8.39999961853027,12.375,7.333333333333333,7.508333333333333,0.09274838058383106,0.11405445270188526,0.12911243491326804,1.3704081632653047,1.3780616059595259,1.493877169550677
1201,10003578,OK,FEDERAL,9.574999809265126,0.5749998092651261,13.6999998092651,9.0,9.39999961853027,12.375,7.333333333333333,7.508333333333333,0.10923696585175378,0.247944339025933,0.2739114892867905,1.570407972530404,2.2780612244897958,2.493877169550677
1202,10003579,OK,FEDERAL,6.049999952316285,-2.950000047683715,7.59999990463257,5.59999990463257,6.0,12.375,7.333333333333333,7.508333333333333,-0.39366535656263824,-0.25786212677445886,-0.21840524034672962,-4.529591932102125,-1.121938870877634,-0.9061224489795929
1203,10003580,OK,STATE,7.187500059604642,-1.812499940395358,11.3499999046326,6.80000019073486,6.80000019073486,12.375,7.333333333333333,7.508333333333333,-0.08450408794986553,-0.07934216011332126,-0.10256596922968433,-0.779591932102095,0.07806141522465548,-0.1061222582447332
1204,10003583,OK,STATE,6.674999833106997,-2.3250001668930027,10.6000003814697,6.19999980926514,6.19999980926514,12.375,7.333333333333333,7.508333333333333,-0.1463363023605362,-0.1686021789126116,-0.18944545709025246,-1.5295914552649954,-0.521938966245064,-0.7061226397144527
1205,10003584,OK,STATE,7.40000009536743,-1.5999999046325701,12.6000003814697,6.90000009536743,7.09999990463257,12.375,7.333333333333333,7.508333333333333,0.018549707566274578,-0.0644655139592539,-0.05912629434496859,0.4704085447350046,0.17806131985722562,0.1938774556529772
1206,10003585,OK,STATE,7.725000023841858,-1.274999976158142,12.6999998092651,7.30000019073486,7.40000009536743,12.375,7.333333333333333,7.508333333333333,0.026793960888348397,-0.00495885840554138,-0.015686550414684534,0.5704079725304041,0.5780614152246555,0.49387764638783693
1207,10003587,OK,STATE,6.324999928474427,-2.675000071525573,6.80000019073486,5.80000019073486,6.19999980926514,12.375,7.333333333333333,7.508333333333333,-0.4596197369462301,-0.22810876352888104,-0.18944545709025246,-5.329591645999836,-0.9219385847753445,-0.7061226397144527
1208,10003590,OK,STATE,6.924999952316285,-2.075000047683715,10.3999996185303,6.40000009536743,6.69999980926514,12.375,7.333333333333333,7.508333333333333,-0.162824966252234,-0.13884881566703378,-0.11704592990349122,-1.7295922182043952,-0.3219386801427744,-0.20612263971445266
1209,10003591,OK,STATE,6.525000055631002,-2.4749999443689976,12.3333333333333,6.20000012715658,6.26666673024495,12.375,7.333333333333333,7.508333333333333,-0.003435125206811292,-0.1686021316209819,-0.1797921499743817,0.20374149659860485,-0.5219386483536246,-0.6394557187346432
1210,10003592,OK,STATE,7.374999880790713,-1.6250001192092869,12.6000003814697,6.90000009536743,7.19999980926514,12.375,7.333333333333333,7.508333333333333,0.018549707566274578,-0.0644655139592539,-0.04464640271673001,0.4704085447350046,0.17806131985722562,0.29387736028554734
1211,10003595,WV,STATE,7.27500009536743,-1.7249999046325701,15.8999996185303,7.30000019073486,7.30000019073486,15.616666666666672,6.849999999999999,6.616666666666666,0.023358819956789352,0.06694499991197932,0.09894604810680105,3.7704077817956048,0.5780614152246555,0.3938777417552668
1212,10003598,WV,FEDERAL,6.09999990463257,-2.90000009536743,14.8000001907349,6.09999990463257,5.69999980926514,15.616666666666672,6.849999999999999,6.616666666666666,-0.06732843832868986,-0.11157496674915826,-0.1327324941272895,2.6704083540002053,-0.6219388708776341,-1.2061226397144527
1213,10003601,ND,STATE,6.000000029802322,-2.9999999701976776,7.59999990463257,4.97500002384186,6.20000004768372,7.516666666666667,4.741666666666666,5.316666666666666,0.006870242551239627,0.03471221101050316,0.12790583826783578,-4.529591932102125,-1.7469387516683446,-0.7061224012958727
1214,10003602,ND,STATE,5.725000023841858,-3.274999976158142,7.0,4.80000019073486,5.90000009536743,7.516666666666667,4.741666666666666,5.316666666666666,-0.04259555256442611,0.00867808024088495,0.08446612886033512,-5.129591836734695,-1.9219385847753445,-1.006122353612163
1215,10003603,ND,STATE,5.5,-3.5,6.90000009536743,4.80000019073486,5.19999980926514,7.516666666666667,4.741666666666666,5.316666666666666,-0.05083984519838916,0.00867808024088495,-0.016893250628471575,-5.2295917413672655,-1.9219385847753445,-1.7061226397144527
1216,10003607,ND,STATE,5.199999928474428,-3.800000071525572,5.69999980926514,4.09999990463257,5.59999990463257,7.516666666666667,4.741666666666666,5.316666666666666,-0.1497714747416081,-0.09545858471247275,0.04102638493005106,-6.429592027469555,-2.621938870877634,-1.3061225443470228
1217,10003614,AR,FEDERAL,6.787500023841858,-2.212499976158142,15.25,6.90000009536743,6.84999990463257,15.358333333333334,7.550000000000001,7.533333333333334,-0.00893132553770233,-0.09669827803262533,-0.09894603429768743,3.1204081632653047,0.17806131985722562,-0.056122544347022796
1218,10003615,AR,FEDERAL,6.725000023841857,-2.274999976158143,15.0,6.90000009536743,6.69999980926514,15.358333333333334,7.550000000000001,7.533333333333334,-0.029542076778553677,-0.09669827803262533,-0.12066590626282947,2.8704081632653047,0.17806131985722562,-0.20612263971445266
1219,10003616,AR,FEDERAL,6.700000047683718,-2.2999999523162824,15.1500000953674,6.85000014305115,6.69999980926514,15.358333333333334,7.550000000000001,7.533333333333334,-0.017175618171667864,-0.10413660110965822,-0.12066590626282947,3.0204082586327043,0.12806136754094588,-0.20612263971445266
1220,10003618,AR,STATE,8.812499880790712,-0.18750011920928777,18.0,8.79999971389771,8.75,15.358333333333334,7.550000000000001,7.533333333333334,0.2177869381116625,0.18595821170698376,0.17617218282111885,5.870408163265305,2.078060938387506,1.843877551020407
1221,10003624,MT,STATE,6.225000083446503,-2.7749999165534973,5.40000009536743,4.95000004768372,5.77500009536743,6.341666666666668,5.383333333333334,6.124999999999999,-0.077633821811496,-0.06446552105299752,-0.05067965522161906,-6.7295917413672655,-1.771938727826484,-1.131122353612163
1222,10003625,MT,STATE,5.625,-3.375,4.5,4.19999980926514,4.90000009536743,6.341666666666668,5.383333333333334,6.124999999999999,-0.15183253414093834,-0.1760405090833897,-0.17737882779845118,-7.629591836734695,-2.521938966245064,-2.006122353612163
1223,10003626,MT,STATE,5.75,-3.25,6.30000019073486,4.59999990463257,5.19999980926514,6.341666666666668,5.383333333333334,6.124999999999999,-0.0034351094820536535,-0.11653385352967717,-0.13393915291373545,-5.829591645999836,-2.121938870877634,-1.7061226397144527
1224,10003628,MT,STATE,6.3500001430511475,-2.6499998569488525,5.69999980926514,4.90000009536743,5.90000009536743,6.341666666666668,5.383333333333334,6.124999999999999,-0.05290094390960686,-0.071903844130032,-0.03257977342492876,-6.429592027469555,-1.8219386801427744,-1.006122353612163
1225,10003629,MT,STATE,6.343750029802322,-2.6562499701976776,5.80000019073486,4.80000019073486,5.87500011920929,6.341666666666668,5.383333333333334,6.124999999999999,-0.04465661196375635,-0.08678049028409936,-0.03619974633198795,-6.329591645999836,-1.9219385847753445,-1.0311223297703025
1226,10003650,KY,STATE,7.725000023841858,-1.274999976158142,16.6000003814697,7.40000009536743,7.40000009536743,16.133333333333333,7.533333333333332,7.424999999999998,0.0384734337657644,-0.01983553293458587,-0.0036199625502241154,4.470408544735006,0.6780613198572256,0.49387764638783693
1227,10003652,KY,FEDERAL,7.799999952316285,-1.200000047683715,16.5,7.5,7.5,16.133333333333333,7.533333333333332,7.424999999999998,0.03022910181991535,-0.004958886780518509,0.010859929078014465,4.370408163265305,0.7780612244897958,0.5938775510204071
1228,10003662,KY,FEDERAL,6.824999928474428,-2.175000071525572,16.0,6.69999980926514,6.59999990463257,16.133333333333333,7.533333333333332,7.424999999999998,-0.010992400661787347,-0.12397219788794356,-0.11945923366726939,3.8704081632653047,-0.021938966245063973,-0.3061225443470228
1229,10003698,AL,STATE,8.200000047683718,-0.7999999523162824,16.2999992370605,8.10000038146973,8.19999980926514,16.066666666666666,7.825,7.599999999999999,0.019236638259103017,0.04091087268923496,0.08687940500588631,4.170407400325805,1.3780616059595259,1.2938773602855473
1230,10003710,AL,STATE,7.299999952316285,-1.700000047683715,16.2999992370605,7.5,7.19999980926514,16.066666666666666,7.825,7.599999999999999,0.019236638259103017,-0.04834914611005695,-0.05791964936763612,4.170407400325805,0.7780612244897958,0.29387736028554734
1231,10003721,AL,STATE,7.52500009536743,-1.4749999046325701,14.6999998092651,8.0,7.30000019073486,16.066666666666666,7.825,7.599999999999999,-0.11267212250807904,0.026034155597722933,-0.04343968869382923,2.570407972530404,1.2780612244897958,0.3938777417552668
1232,10003728,AL,STATE,7.350000023841857,-1.649999976158143,15.8999996185303,7.80000019073486,7.19999980926514,16.066666666666666,7.825,7.599999999999999,-0.013740532276742577,-0.003719136710411786,-0.05791964936763612,3.7704077817956048,1.0780614152246555,0.29387736028554734
1233,10003769,NM,STATE,4.450000047683715,-4.549999952316285,5.19999980926514,3.5,5.30000019073486,6.25,4.875,5.891666666666667,-0.08656517093633065,-0.2045540796963947,-0.08567274621944011,-6.929592027469555,-3.2219387755102042,-1.6061222582447332
1234,10003773,NM,STATE,4.606250047683718,-4.393749952316282,4.5,3.5,5.85000014305115,6.25,4.875,5.891666666666667,-0.14427525868595945,-0.2045540796963947,-0.006033273218558828,-7.629591836734695,-3.2219387755102042,-1.0561223059284428
1235,10003774,NM,STATE,4.583333333333332,-4.416666666666668,4.5,3.5,5.80000003178914,6.25,4.875,5.891666666666667,-0.14427525868595945,-0.2045540796963947,-0.013273242047868799,-7.629591836734695,-3.2219387755102042,-1.106122417190453
1236,10003775,NM,STATE,4.625,-4.375,4.5,3.5,5.90000009536743,6.25,4.875,5.891666666666667,-0.14427525868595945,-0.2045540796963947,0.0012066725955596912,-7.629591836734695,-3.2219387755102042,-1.006122353612163
1237,10003780,NM,FEDERAL,5.274999916553497,-3.7250000834465027,5.64999985694885,4.54999995231628,5.25,6.25,4.875,5.891666666666667,-0.04946581477160991,-0.04834915320380203,-0.09291272655634356,-6.4795919797858454,-2.1719388231939245,-1.656122448979593
1238,10003781,NM,STATE,5.5875000357627895,-3.4124999642372105,5.64999985694885,4.95000004768372,5.45000004768372,6.25,4.875,5.891666666666667,-0.04946581477160991,0.011157502349912083,-0.06395290877708146,-6.4795919797858454,-1.771938727826484,-1.4561224012958727
1239,10003787,NM,STATE,5.799999982118607,-3.2000000178813934,6.45000004768372,5.12499988079071,5.75,6.25,4.875,5.891666666666667,0.016488604923870265,0.03719163311952871,-0.020513199369582336,-5.679591789050975,-1.5969388947194947,-1.156122448979593
1240,10003790,NM,MULTI,5.500000119209287,-3.499999880790713,8.80000019073486,5.0,5.80000019073486,6.25,4.875,5.891666666666667,0.21022967838143874,0.018595825426944972,-0.01327321903267889,-3.3295916459998356,-1.7219387755102042,-1.1061222582447332
1241,10003791,NM,MULTI,5.524999976158142,-3.475000023841858,9.19999980926514,5.0,5.59999990463257,6.25,4.875,5.891666666666667,0.2432068489172909,0.018595825426944972,-0.04223307133472436,-2.929592027469555,-1.7219387755102042,-1.3061225443470228
1242,10003794,NM,STATE,5.23749989271164,-3.7625001072883597,7.69999980926514,4.69999980926514,5.14999985694885,6.25,4.875,5.891666666666667,0.11954234147218283,-0.026034183972700194,-0.10739265270736706,-4.429592027469555,-2.021938966245064,-1.756122592030743
1243,10003795,NM,STATE,5.212499916553497,-3.7875000834465027,7.67499983310699,4.64999985694885,5.12499988079071,6.25,4.875,5.891666666666667,0.11748126831369145,-0.033472507049734666,-0.11101262561442639,-4.454592003627705,-2.0719389185613544,-1.7811225681888834
1244,10003799,NV,STATE,5.149999976158142,-3.850000023841858,3.20000004768372,4.0,5.0,6.733333333333333,6.058333333333334,7.075000000000002,-0.2912986136061766,-0.3062112586970272,-0.3004580378250593,-8.929591789050976,-2.7219387755102042,-1.906122448979593
1245,10003800,NV,STATE,4.90000009536743,-4.09999990463257,3.20000004768372,4.0,4.80000019073486,6.733333333333333,6.058333333333334,7.075000000000002,-0.2912986136061766,-0.3062112586970272,-0.3294178210815365,-8.929591789050976,-2.7219387755102042,-2.106122258244733
1246,10003824,MI,STATE,6.574999988079069,-2.4250000119209307,13.125,6.17499995231628,6.35000002384186,13.391666666666667,7.316666666666667,7.499999999999999,-0.02198480132357484,-0.16984187932650927,-0.16651890907727193,0.9954081632653047,-0.5469388231939245,-0.5561224251377332
1247,10003826,MI,STATE,6.487499952316285,-2.512500047683715,13.0999999046326,6.09999990463257,6.25,13.391666666666667,7.316666666666667,7.499999999999999,-0.024045884310034977,-0.18099938167641977,-0.18099881796690293,0.970408067897905,-0.6219388708776341,-0.6561224489795929
1248,10003834,MI,STATE,6.774999976158142,-2.225000023841858,13.3999996185303,6.59999990463257,6.59999990463257,13.391666666666667,7.316666666666667,7.499999999999999,0.0006869935918532796,-0.10661607996863988,-0.1303191627452837,1.2704077817956048,-0.12193887087763411,-0.3061225443470228
1249,10003846,MI,STATE,7.212500035762788,-1.7874999642372122,12.1750001907349,6.90000009536743,7.19999980926514,13.391666666666667,7.316666666666667,7.499999999999999,-0.1003056403140516,-0.06198607056899472,-0.04343974393028393,0.045408354000205264,0.17806131985722562,0.29387736028554734
1250,10003880,GA,STATE,7.40000009536743,-1.5999999046325701,14.6999998092651,7.59999990463257,7.40000009536743,17.26666666666667,8.025,7.758333333333333,-0.21160372846416575,-0.06322582063910157,-0.05188631400806514,2.570407972530404,0.8780611291223659,0.49387764638783693
1251,10003892,GA,STATE,8.575000047683716,-0.4249999523162842,18.6000003814697,8.89999961853027,8.60000038146973,17.26666666666667,8.025,7.758333333333333,0.10992403806738214,0.1301707212386587,0.12187259266750432,6.470408544735006,2.1780608430200656,1.6938779324901372
1252,10003928,GA,STATE,7.562500059604645,-1.4374999403953552,16.0999994277954,7.90000009536743,7.5,17.26666666666667,8.025,7.758333333333333,-0.09618355296490656,-0.018595811239456406,-0.03740642237982656,3.970407591060704,1.1780613198572256,0.5938775510204071
1253,10003934,GA,FEDERAL,6.90000009536743,-2.09999990463257,15.3000001907349,7.0,6.80000019073486,17.26666666666667,8.025,7.758333333333333,-0.1621378940366058,-0.1524857685009488,-0.13876573282306495,3.1704083540002053,0.27806122448979576,-0.1061222582447332
1254,10003950,FL,STATE,7.950000166893008,-1.049999833106992,13.1000003814697,7.69999980926514,8.10000038146973,12.841666666666667,7.208333333333333,7.408333333333334,0.021297807731721415,0.07314355163767303,0.10015273451147577,0.9704085447350046,0.978061033754936,1.1938779324901372
1255,10003957,AZ,STATE,5.6750000715255755,-3.3249999284744245,5.69999980926514,4.85000014305115,5.72500002384186,9.583333333333334,7.341666666666666,8.424999999999999,-0.3201536849993126,-0.3706767655625359,-0.39095744335623167,-6.429592027469555,-1.8719386324590541,-1.1811224251377332
1256,10003973,AZ,STATE,6.174999952316282,-2.8250000476837176,7.30000019073486,5.34999990463257,5.79999995231628,9.583333333333334,7.341666666666666,8.424999999999999,-0.18824484560835403,-0.29629349932347837,-0.38009752463505386,-4.829591645999836,-1.371938870877634,-1.1061224966633132
1257,10003974,AZ,STATE,6.162500023841855,-2.8374999761581448,7.25,5.27499985694885,5.80000007152557,9.583333333333334,7.341666666666666,8.424999999999999,-0.1923670115812793,-0.30745100167339046,-0.3800975073736613,-4.879591836734695,-1.4469389185613544,-1.1061223774540228
1258,10003976,AZ,STATE,7.100000023841858,-1.899999976158142,9.0,6.09999990463257,6.59999990463257,9.583333333333334,7.341666666666666,8.424999999999999,-0.04809175289531986,-0.18471854676180854,-0.26425828804079193,-3.1295918367346953,-0.6219388708776341,-0.3061225443470228
1259,10003978,AZ,FEDERAL,6.77500009536743,-2.22499990463257,9.30000019073486,5.80000019073486,6.40000009536743,9.583333333333334,7.341666666666666,8.424999999999999,-0.023358835681543257,-0.22934848522401063,-0.2932180712972691,-2.8295916459998356,-0.9219385847753445,-0.5061223536121631
1260,10003990,NJ,STATE,7.849999964237215,-1.150000035762785,15.5500001907349,7.70000004768372,7.59999990463257,14.558333333333335,6.783333333333334,6.633333333333334,0.08175599564680187,0.13636939355800812,0.13997240541862463,3.4204083540002053,0.978061272173516,0.6938774556529772
1261,10003993,NJ,STATE,6.6875,-2.3125,14.2999997138977,6.5,6.54999995231628,14.558333333333335,6.783333333333334,6.633333333333334,-0.021297799869346584,-0.042150537634408715,-0.012066594769017867,2.1704078771630044,-0.22193877551020424,-0.3561224966633132
1262,10003996,NJ,STATE,7.643749982118605,-1.3562500178813952,14.9499998092651,7.35000002384186,7.27499997615814,14.558333333333335,6.783333333333334,6.633333333333334,0.03229016121924192,0.08430107881568957,0.09291272310406476,2.820407972530404,0.6280612483316554,0.3688775271785474
1263,10004002,NJ,STATE,6.687500059604647,-2.3124999403953526,14.4000000953674,6.45000004768372,6.45000004768372,14.558333333333335,6.783333333333334,6.633333333333334,-0.013053467923497682,-0.049588860711441606,-0.026546486397254904,2.2704082586327043,-0.271938727826484,-0.45612240129587267
1264,10004003,NJ,STATE,7.424999833106995,-1.5750001668930054,15.3000001907349,7.19999980926514,7.09999990463257,14.558333333333335,6.783333333333334,6.633333333333334,0.061145244405950525,0.06198605638150589,0.06757287823186342,3.1704083540002053,0.478061033754936,0.1938774556529772
1265,10004008,NJ,FEDERAL,6.024999976158143,-2.975000023841857,14.5,5.80000019073486,5.69999980926514,14.558333333333335,6.783333333333334,6.633333333333334,-0.004809175289532147,-0.1462871316503233,-0.13514581170018167,2.3704081632653047,-0.9219385847753445,-1.2061226397144527
1266,10004017,NJ,STATE,5.675000071525573,-3.324999928474427,14.3999996185303,5.80000019073486,5.19999980926514,14.558333333333335,6.783333333333334,6.633333333333334,-0.01305350723538105,-0.1462871316503233,-0.20754533888694288,2.2704077817956048,-0.9219385847753445,-1.7061226397144527
1267,10004018,NJ,STATE,5.549999892711637,-3.4500001072883633,13.8499999046326,5.64999985694885,5.14999985694885,14.558333333333335,6.783333333333334,6.633333333333334,-0.058397136378120655,-0.16860217181886825,-0.21478528470106295,1.720408067897905,-1.0719389185613544,-1.756122592030743
1268,10004019,NJ,FEDERAL,5.800000071525572,-3.199999928474428,13.8000001907349,5.90000009536743,5.40000009536743,14.558333333333335,6.783333333333334,6.633333333333334,-0.06251926303915757,-0.13141048549625595,-0.1785854865848974,1.6704083540002053,-0.8219386801427744,-1.506122353612163
1269,10004023,MD,FEDERAL,7.15000009536743,-1.8499999046325701,16.5,7.09999990463257,7.30000019073486,15.108333333333333,7.008333333333333,6.941666666666666,0.1147331819074059,0.013636924458937764,0.051886355435406234,4.370408163265305,0.3780611291223659,0.3938777417552668
1270,10004024,MD,FEDERAL,7.050000011920927,-1.9499999880790728,16.4499998092651,7.04999995231628,7.15000009536743,15.108333333333333,7.008333333333333,6.941666666666666,0.11061101593447742,0.006198601381903293,0.030166483470264203,4.320407972530406,0.3280611768060755,0.24387764638783693
1271,10004034,MD,STATE,8.16249996423721,-0.8375000357627904,16.3500003814697,8.04999995231628,8.04999995231628,15.108333333333333,7.008333333333333,6.941666666666666,0.1023667626124036,0.1549652047974632,0.16048561169276326,4.220408544735006,1.3280611768060764,1.1438775033366877
1272,10004035,MD,STATE,8.312499940395353,-0.6875000596046466,16.5,8.30000019073486,8.14999985694885,15.108333333333333,7.008333333333333,6.941666666666666,0.1147331819074059,0.19215689112007533,0.17496550332100183,4.370408163265305,1.5780614152246555,1.2438774079692578
1273,10004040,MD,STATE,6.399999976158139,-2.6000000238418606,13.6999998092651,6.59999990463257,6.14999985694885,15.108333333333333,7.008333333333333,6.941666666666666,-0.11610724771488755,-0.06074637724884212,-0.11463260542604316,1.570407972530404,-0.12193887087763411,-0.7561225920307431
1274,10004043,MO,STATE,7.049999952316284,-1.9500000476837158,12.1999998092651,6.59999990463257,7.09999990463257,14.325000000000001,7.425000000000002,7.3999999999999995,-0.1751914012719949,-0.12273246200532567,-0.04343973012117031,0.0704079725304041,-0.12193887087763411,0.1938774556529772
1275,10004054,MO,STATE,7.125000119209288,-1.8749998807907122,13.6999998092651,6.90000009536743,6.90000009536743,14.325000000000001,7.425000000000002,7.3999999999999995,-0.05152689382688681,-0.0781024526056805,-0.07239951337764748,1.570407972530404,0.17806131985722562,-0.006122353612163067
1276,10004060,MO,STATE,9.62500000000001,0.6250000000000107,17.7999992370605,9.69999980926514,9.19999980926514,14.325000000000001,7.425000000000002,7.3999999999999995,0.2864893793488087,0.338443994395421,0.2606382702541131,5.670407400325805,2.978061033754936,2.2938773602855473
1277,10004065,MO,STATE,6.825000047683715,-2.174999952316285,13.3000001907349,6.5,6.5,14.325000000000001,7.425000000000002,7.3999999999999995,-0.08450406436273226,-0.13760910815939303,-0.1303191489361701,1.1704083540002053,-0.22193877551020424,-0.40612244897959293
1278,10004068,MO,STATE,6.47499990463257,-2.52500009536743,11.6999998092651,6.19999980926514,6.40000009536743,14.325000000000001,7.425000000000002,7.3999999999999995,-0.2164129037536976,-0.18223911755903818,-0.1447990405644087,-0.4295920274695959,-0.521938966245064,-0.5061223536121631
1279,10004089,LA,FEDERAL,7.65000009536743,-1.3499999046325701,12.6999998092651,7.5,7.80000019073486,13.275,8.116666666666665,8.258333333333335,-0.047404743578716484,-0.091739405439595,-0.06636620563630398,0.5704079725304041,0.7780612244897958,0.8938777417552668
1280,10004094,LA,STATE,6.875,-2.125,12.0499997138977,7.0,6.90000009536743,13.275,8.116666666666665,8.258333333333335,-0.10099270466730499,-0.16612270714737487,-0.19668536838158784,-0.07959212283699557,0.27806122448979576,-0.006122353612163067
1281,10004095,LA,FEDERAL,7.212500005960465,-1.7874999940395346,11.9749999046326,7.25000011920929,7.17499983310699,13.275,8.116666666666665,8.258333333333335,-0.10717591431480204,-0.12893103855912372,-0.15686566640393282,-0.154591932102095,0.5280613436990862,0.26887738412739726
1282,10004116,NH,STATE,4.649999976158142,-4.350000023841858,8.30000019073486,4.30000019073486,4.5,10.366666666666667,5.150000000000001,5.675000000000001,-0.17038219453294953,-0.12645158452824876,-0.17013888888888898,-3.8295916459998356,-2.4219385847753445,-2.406122448979593
1283,10004118,NH,STATE,6.174999952316282,-2.8250000476837176,10.5999999046326,5.35000014305115,6.14999985694885,10.366666666666667,5.150000000000001,5.675000000000001,0.019236693295752883,0.029753341964345488,0.06877953011375179,-1.529591932102095,-1.3719386324590541,-0.7561225920307431
1284,10004121,NH,STATE,5.858333309491478,-3.141666690508522,10.4333330790202,5.13333336512248,5.73333326975505,10.366666666666667,5.150000000000001,5.675000000000001,0.005496179364554696,-0.0024794386610961137,0.008446602299046778,-1.6962587577144959,-1.588605410387724,-1.1727891792245426
1285,10004125,NE,STATE,7.449999868869786,-1.550000131130214,12.6499998569489,7.45000004768372,6.69999980926514,10.25,6.591666666666668,6.066666666666666,0.19786320011861044,0.12769134169210042,0.09170604015167025,0.5204080202142052,0.728061272173516,-0.20612263971445266
1286,10004126,NE,STATE,7.449999809265138,-1.5500001907348624,12.6999998092651,7.5,6.69999980926514,10.25,6.591666666666668,6.066666666666666,0.20198534643558486,0.1351296647691333,0.09170604015167025,0.5704079725304041,0.7780612244897958,-0.20612263971445266
1287,10004137,NE,STATE,6.550000071525573,-2.449999928474427,10.3999996185303,6.40000009536743,5.80000019073486,10.25,6.591666666666668,6.066666666666666,0.012366419295002444,-0.028513584800493822,-0.03861305354804529,-1.7295922182043952,-0.3219386801427744,-1.1061222582447332
1288,10004138,NE,STATE,6.550000071525573,-2.449999928474427,10.3999996185303,6.40000009536743,5.80000019073486,10.25,6.591666666666668,6.066666666666666,0.012366419295002444,-0.028513584800493822,-0.03861305354804529,-1.7295922182043952,-0.3219386801427744,-1.1061222582447332
1289,10004139,NE,STATE,6.575000047683718,-2.4249999523162824,10.4499998092651,6.45000004768372,5.80000019073486,10.25,6.591666666666668,6.066666666666666,0.016488585267922722,-0.02107526172345935,-0.03861305354804529,-1.679592027469596,-0.271938727826484,-1.1061222582447332
1290,10004143,NC,STATE,5.98750001192093,-3.01249998807907,13.6500000953674,6.09999990463257,5.85000014305115,15.199999999999998,6.858333333333333,6.883333333333333,-0.12778664983090315,-0.11281468844428812,-0.1496256688056352,1.5204082586327043,-0.6219388708776341,-1.0561223059284428
1291,10004146,NC,STATE,6.137500047683715,-2.862499952316285,13.9500002861023,6.40000009536743,5.85000014305115,15.199999999999998,6.858333333333333,6.883333333333333,-0.10305373261712318,-0.06818467904464295,-0.1496256688056352,1.820408449367605,-0.3219386801427744,-1.0561223059284428
1292,10004153,NC,STATE,6.40000009536743,-2.59999990463257,15.0,6.30000019073486,6.30000019073486,15.199999999999998,6.858333333333333,6.883333333333333,-0.016488600992680874,-0.08306132519871032,-0.08446608743299402,2.8704081632653047,-0.4219385847753445,-0.6061222582447332
1293,10004157,NC,STATE,7.162499964237212,-1.8375000357627878,15.3499999046326,7.40000009536743,7.04999995231628,15.199999999999998,6.858333333333333,6.883333333333333,0.01236644288213601,0.08058192437091681,0.024133168824362873,3.220408067897905,0.6780613198572256,0.1438775033366868
1294,10004159,NC,STATE,7.9000000953674325,-1.0999999046325675,16.7000007629395,7.69999980926514,7.80000019073486,15.199999999999998,6.858333333333333,6.883333333333333,0.12366457034413322,0.1252118628331189,0.13273249412728963,4.570408926204804,0.978061033754936,0.8938777417552668
1295,10004165,NC,STATE,7.124999940395353,-1.8750000596046474,15.3499999046326,7.04999995231628,7.14999985694885,15.199999999999998,6.858333333333333,6.883333333333333,0.01236644288213601,0.02851359189423718,0.038613060452601454,3.220408067897905,0.3280611768060755,0.24387740796925694
1296,10004168,NC,FEDERAL,7.024999976158142,-1.975000023841858,14.8999996185303,7.0,7.0,15.199999999999998,6.858333333333333,6.883333333333333,-0.024732932938529777,0.02107526881720429,0.016893223010244353,2.7704077817956048,0.27806122448979576,0.09387755102040707
1297,10004170,NC,STATE,7.024999976158142,-1.975000023841858,15.0,6.90000009536743,7.0,15.199999999999998,6.858333333333333,6.883333333333333,-0.016488600992680874,0.0061986226631369325,0.016893223010244353,2.8704081632653047,0.17806131985722562,0.09387755102040707
1298,10004173,NC,STATE,7.450000047683715,-1.549999952316285,15.3999996185303,7.65000009536743,7.45000004768372,15.199999999999998,6.858333333333333,6.883333333333333,0.016488569543172918,0.11777357522480676,0.08205280438288705,3.2704077817956048,0.9280613198572256,0.5438775987041273
1299,10004174,NC,STATE,7.325000047683715,-1.674999952316285,15.3999996185303,7.5,7.30000019073486,15.199999999999998,6.858333333333333,6.883333333333333,0.016488569543172918,0.09545857052498417,0.06033296694052841,3.2704077817956048,0.7780612244897958,0.3938777417552668
1300,10004177,NC,STATE,7.524999976158142,-1.475000023841858,16.6000003814697,7.40000009536743,7.5,15.199999999999998,6.858333333333333,6.883333333333333,0.11542023839827627,0.08058192437091681,0.08929275019700557,4.470408544735006,0.6780613198572256,0.5938775510204071
1301,10004181,NC,STATE,6.199999928474428,-2.800000071525572,13.6999998092651,6.19999980926514,6.09999990463257,15.199999999999998,6.858333333333333,6.883333333333333,-0.12366452316986623,-0.09793804229022075,-0.1134259397350395,1.570407972530404,-0.521938966245064,-0.8061225443470228
1302,10004183,NC,STATE,7.0999999642372105,-1.9000000357627895,15.6500000953674,7.04999995231628,7.04999995231628,15.199999999999998,6.858333333333333,6.883333333333333,0.037099360095907634,0.02851359189423718,0.024133168824362873,3.5204082586327043,0.3280611768060755,0.1438775033366868
1303,10004184,NC,STATE,7.30000001192093,-1.6999999880790702,15.7000002861023,7.25,7.25,15.199999999999998,6.858333333333333,6.883333333333333,0.04122152606883626,0.058266919671094236,0.053092986603624964,3.570408449367605,0.5280612244897958,0.34387755102040707
1304,10004190,NC,STATE,7.2249999046325675,-1.7750000953674325,15.9499998092651,7.40000009536743,7.19999980926514,15.199999999999998,6.858333333333333,6.883333333333333,0.06183223799779589,0.08058192437091681,0.045853006266721515,3.820407972530404,0.6780613198572256,0.29387736028554734
1305,10004193,NC,STATE,5.40000009536743,-3.59999990463257,11.3000001907349,5.30000019073486,5.40000009536743,15.199999999999998,6.858333333333333,6.883333333333333,-0.3215277036325225,-0.23182792861427007,-0.21478525017827788,-0.8295916459997947,-1.4219385847753445,-1.506122353612163
1306,10004194,NC,STATE,5.775000035762788,-3.2249999642372122,15.0,5.59999990463257,5.75,15.199999999999998,6.858333333333333,6.883333333333333,-0.016488600992680874,-0.187197990152068,-0.1641055949566587,2.8704081632653047,-1.121938870877634,-1.156122448979593
1307,10004197,NC,STATE,7.0,-2.0,15.6000003814697,6.80000019073486,7.0,15.199999999999998,6.858333333333333,6.883333333333333,0.032977233434870724,-0.008678023490930427,0.016893223010244353,3.4704085447350046,0.07806141522465548,0.09387755102040707
1308,10004210,NC,STATE,6.77500009536743,-2.22499990463257,16.0,6.59999990463257,6.80000019073486,15.199999999999998,6.858333333333333,6.883333333333333,0.06595440397072452,-0.038431386736508234,-0.012066560246232809,3.8704081632653047,-0.12193887087763411,-0.1061222582447332
1309,10004213,NC,STATE,6.562499940395353,-2.4375000596046474,16.0,6.40000009536743,6.64999985694885,15.199999999999998,6.858333333333333,6.883333333333333,0.06595440397072452,-0.06818467904464295,-0.03378646673415976,3.8704081632653047,-0.3219386801427744,-0.25612259203074306
1310,10004216,NC,STATE,5.0,-4.0,11.8999996185303,4.90000009536743,5.09999990463257,15.199999999999998,6.858333333333333,6.883333333333333,-0.27206194782874593,-0.2913345841679826,-0.2582249941085619,-0.22959221820439524,-1.8219386801427744,-1.8061225443470228
1311,10004219,NC,STATE,6.524999976158142,-2.475000023841858,15.0,6.59999990463257,6.5,15.199999999999998,6.858333333333333,6.883333333333333,-0.016488600992680874,-0.038431386736508234,-0.05550630417651686,2.8704081632653047,-0.12193887087763411,-0.40612244897959293
1312,10004226,NC,STATE,5.850000023841858,-3.149999976158142,12.6000003814697,5.5,6.09999990463257,15.199999999999998,6.858333333333333,6.883333333333333,-0.21435178145534545,-0.20207463630613537,-0.1134259397350395,0.4704085447350046,-1.2219387755102042,-0.8061225443470228
1313,10004236,MS,STATE,7.524999976158142,-1.475000023841858,15.1000003814697,7.59999990463257,7.59999990463257,15.15,7.833333333333333,7.8500000000000005,-0.004122118798661935,-0.03471222165111919,-0.036199777402494346,2.9704085447350046,0.8780611291223659,0.6938774556529772
1314,10004241,MS,FEDERAL,7.399999976158143,-1.600000023841857,15.6999998092651,7.59999990463257,7.30000019073486,15.15,7.833333333333333,7.8500000000000005,0.04534363700511458,-0.03471222165111919,-0.07963945228721009,3.570407972530404,0.8780611291223659,0.3938777417552668
1315,10004248,MS,STATE,8.075000047683716,-0.9249999523162842,15.5,8.12500023841858,8.125,15.15,7.833333333333333,7.8500000000000005,0.02885505173719186,0.04339029479826078,0.03981973995271859,3.3704081632653047,1.4030614629083766,1.218877551020407
1316,10004250,MS,STATE,8.450000047683718,-0.5499999523162824,16.6000003814697,8.69999980926514,8.39999961853027,15.15,7.833333333333333,7.8500000000000005,0.1195423886464463,0.12893102791850794,0.07963942466898107,4.470408544735006,1.978061033754936,1.493877169550677
1317,10004251,MS,STATE,8.17500019073486,-0.8249998092651403,14.3000001907349,8.30000019073486,8.30000019073486,15.15,7.833333333333333,7.8500000000000005,-0.07007653849413625,0.0694244433022385,0.06515960208631234,2.1704083540002053,1.5780614152246555,1.3938777417552668
1318,10004255,MS,STATE,8.424999713897705,-0.5750002861022949,14.1000003814697,8.19999980926514,8.39999961853027,15.15,7.833333333333333,7.8500000000000005,-0.08656512376206732,0.05454772621072806,0.07963942466898107,1.9704085447350046,1.478061033754936,1.493877169550677
1319,10004264,MS,STATE,9.374999761581417,0.37499976158141735,15.6999998092651,9.30000019073486,9.39999961853027,15.15,7.833333333333333,7.8500000000000005,0.04534363700511458,0.21819104671779826,0.2244384790425035,3.570407972530404,2.5780614152246555,2.493877169550677
1320,10004330,KY,FEDERAL,7.199999968210861,-1.8000000317891391,15.3000001907349,7.13333336512248,7.19999996821086,16.133333333333333,7.533333333333332,7.424999999999998,-0.06870248841141277,-0.05950663663706036,-0.03257979183707968,3.1704083540002053,0.41139458961227593,0.29387751923126704
1321,10004331,KY,FEDERAL,7.3125,-1.6875,15.25,7.25,7.25,16.133333333333333,7.533333333333332,7.424999999999998,-0.0728246543843414,-0.04215053763440845,-0.025339834515366144,3.1204081632653047,0.5280612244897958,0.34387755102040707
1322,10004339,ID,STATE,7.850000083446503,-1.1499999165534973,6.19999980926514,6.25,7.54999995231628,6.2250000000000005,5.816666666666666,7.158333333333332,-0.002061090848840166,0.0644655281467426,0.0567129560584055,-5.929592027469555,-0.47193877551020424,0.6438775033366868
1323,10004443,MA,STATE,6.699999928474428,-2.300000071525572,11.8999996185303,6.09999990463257,6.59999990463257,11.233333333333334,5.883333333333333,6.316666666666666,0.054961971859428485,0.03223274988588273,0.04102638493005106,-0.22959221820439524,-0.6219388708776341,-0.3061225443470228
1324,10004444,MA,STATE,6.699999928474428,-2.300000071525572,11.8999996185303,6.09999990463257,6.59999990463257,11.233333333333334,5.883333333333333,6.316666666666666,0.054961971859428485,0.03223274988588273,0.04102638493005106,-0.22959221820439524,-0.6219388708776341,-0.3061225443470228
1325,10004446,MA,FEDERAL,6.100000023841858,-2.899999976158142,10.8999996185303,5.40000009536743,6.0,11.233333333333334,5.883333333333333,6.316666666666666,-0.027481033103976905,-0.07190384413003187,-0.045853033884948734,-1.2295922182043952,-1.3219386801427744,-0.9061224489795929
1326,10004447,MA,FEDERAL,6.100000023841858,-2.899999976158142,10.9499998092651,5.40000009536743,6.0,11.233333333333334,5.883333333333333,6.316666666666666,-0.02335886713105663,-0.07190384413003187,-0.045853033884948734,-1.179592027469596,-1.3219386801427744,-0.9061224489795929
1327,10004449,MA,STATE,5.41250005364418,-3.5874999463558197,9.30000019073486,4.87500011920929,5.25,11.233333333333334,5.883333333333333,6.316666666666666,-0.15938979387116217,-0.15000630737632814,-0.15445232466509057,-2.8295916459998356,-1.8469386563009138,-1.656122448979593
1328,10004451,MA,STATE,6.325000107288361,-2.6749998927116394,10.8000001907349,5.80000019073486,6.25,11.233333333333334,5.883333333333333,6.316666666666666,-0.035725286426050724,-0.012397188576319343,-0.009653270291568128,-1.3295916459997947,-0.9219385847753445,-0.6561224489795929
1329,10004453,GA,STATE,6.674999952316284,-2.325000047683716,16.8999996185303,6.69999980926514,6.59999990463257,17.26666666666667,8.025,7.758333333333333,-0.030229133269424033,-0.19711577790059398,-0.1677255851251104,4.770407781795603,-0.021938966245063973,-0.3061225443470228
1330,10004475,GA,STATE,8.75,-0.25,18.6000003814697,8.89999961853027,8.60000038146973,17.26666666666667,8.025,7.758333333333333,0.10992403806738214,0.1301707212386587,0.12187259266750432,6.470408544735006,2.1780608430200656,1.6938779324901372
1331,10004487,GA,STATE,6.862500071525573,-2.137499928474427,15.3499999046326,7.0,6.80000019073486,17.26666666666667,8.025,7.758333333333333,-0.15801576737556888,-0.1524857685009488,-0.13876573282306495,3.220408067897905,0.27806122448979576,-0.1061222582447332
1332,10004496,GA,STATE,7.100000143051146,-1.8999998569488543,16.1000003814697,7.30000019073486,6.90000009536743,17.26666666666667,8.025,7.758333333333333,-0.09618347434113132,-0.10785575910130366,-0.12428584119482636,3.9704085447350064,0.5780614152246555,-0.006122353612163067
1333,10004497,GA,STATE,6.46249997615814,-2.5375000238418597,15.4500002861023,6.45000004768372,6.29999995231628,17.26666666666667,8.025,7.758333333333333,-0.14977143542972,-0.23430739328576158,-0.2111652945326111,3.320408449367605,-0.271938727826484,-0.6061224966633132
1334,10004500,GA,STATE,7.27500009536743,-1.7249999046325701,16.5,7.30000019073486,7.30000019073486,17.26666666666667,8.025,7.758333333333333,-0.06320630380527768,-0.10785575910130366,-0.06636620563630373,4.370408163265305,0.5780614152246555,0.3938777417552668
1335,10004505,GA,STATE,6.799999952316285,-2.200000047683715,17.1000003814697,6.90000009536743,6.69999980926514,17.26666666666667,8.025,7.758333333333333,-0.013740469377725937,-0.16736241465501617,-0.15324569349687184,4.970408544735006,0.17806131985722562,-0.20612263971445266
1336,10004512,GA,NOT AVAILABLE,7.149999916553495,-1.8500000834465054,15.7000002861023,7.25,7.14999985694885,17.26666666666667,8.025,7.758333333333333,-0.12916068418886864,-0.11529411764705888,-0.08808611212423068,3.570408449367605,0.5280612244897958,0.24387740796925694
1337,10004514,GA,STATE,6.812499999999997,-2.1875000000000027,15.1999998092651,6.80000019073486,6.75,17.26666666666667,8.025,7.758333333333333,-0.17038222598246305,-0.18223906080908353,-0.14600571315996838,3.070407972530404,0.07806141522465548,-0.15612244897959293
1338,10004515,GA,STATE,6.812499999999997,-2.1875000000000027,15.1999998092651,6.80000019073486,6.75,17.26666666666667,8.025,7.758333333333333,-0.17038222598246305,-0.18223906080908353,-0.14600571315996838,3.070407972530404,0.07806141522465548,-0.15612244897959293
1339,10004527,GA,STATE,8.025000095367432,-0.9749999046325684,17.0,8.10000038146973,8.0,17.26666666666667,8.025,7.758333333333333,-0.021984801323574985,0.011157552006122985,0.034993104806934655,4.870408163265305,1.3780616059595259,1.093877551020407
1340,10004534,GA,STATE,7.32499992847443,-1.6750000715255702,17.3000001907349,7.45000004768372,7.19999980926514,17.26666666666667,8.025,7.758333333333333,0.0027481158902048406,-0.08554078987020182,-0.08084616631011061,5.1704083540002035,0.728061272173516,0.29387736028554734
1341,10004536,GA,STATE,7.600000023841858,-1.399999976158142,16.7000007629395,7.59999990463257,7.59999990463257,17.26666666666667,8.025,7.758333333333333,-0.046717639913571675,-0.06322582063910157,-0.02292653075158798,4.570408926204804,0.8780611291223659,0.6938774556529772
1342,10004551,GA,STATE,7.437500059604647,-1.5624999403953526,16.3499994277954,7.59999990463257,7.45000004768372,17.26666666666667,8.025,7.758333333333333,-0.07557280172405521,-0.06322582063910157,-0.04464636819394508,4.220407591060704,0.8780611291223659,0.5438775987041273
1343,10004555,FL,STATE,8.412500143051146,-0.5874998569488543,12.6000003814697,8.30000019073486,8.15000009536743,12.841666666666667,7.208333333333333,7.408333333333334,-0.01992369474998128,0.16240357043696335,0.10739264580280936,0.4704085447350046,1.5780614152246555,1.243877646387837
1344,10004556,FL,STATE,8.300000071525572,-0.699999928474428,12.6000003814697,8.30000019073486,8.0,12.841666666666667,7.208333333333333,7.408333333333334,-0.01992369474998128,0.16240357043696335,0.08567277383766733,0.4704085447350046,1.5780614152246555,1.093877551020407
1345,10004557,FL,STATE,7.449999928474427,-1.5500000715255728,13.1000003814697,7.59999990463257,7.19999980926514,12.841666666666667,7.208333333333333,7.408333333333334,0.021297807731721415,0.05826690548360567,-0.030166497279377945,0.9704085447350046,0.8780611291223659,0.29387736028554734
1346,10004558,FL,STATE,7.449999928474427,-1.5500000715255728,13.1000003814697,7.59999990463257,7.19999980926514,12.841666666666667,7.208333333333333,7.408333333333334,0.021297807731721415,0.05826690548360567,-0.030166497279377945,0.9704085447350046,0.8780611291223659,0.29387736028554734
1347,10004567,FL,STATE,7.624999880790713,-1.3750001192092869,15.3000001907349,7.59999990463257,7.69999980926514,12.841666666666667,7.208333333333333,7.408333333333334,0.20267240292646327,0.05826690548360567,0.04223302990738327,3.1704083540002053,0.8780611291223659,0.7938773602855473
1348,10004569,FL,STATE,8.12499988079071,-0.8750001192092896,15.1000003814697,7.90000009536743,8.39999961853027,12.841666666666667,7.208333333333333,7.408333333333334,0.1861838176585322,0.10289691488325084,0.1435923403506201,2.9704085447350046,1.1780613198572256,1.493877169550677
1349,10004572,FL,STATE,7.687500000000001,-1.3124999999999991,13.4499998092651,7.45000004768372,7.79999995231628,12.841666666666667,7.208333333333333,7.408333333333334,0.05015281229464658,0.03595193625250542,0.05671295605840524,1.320407972530404,0.728061272173516,0.8938775033366868
1350,10004573,FL,STATE,7.800000071525572,-1.199999928474428,13.1000003814697,7.40000009536743,8.0,12.841666666666667,7.208333333333333,7.408333333333334,0.021297807731721415,0.02851361317547095,0.08567277383766733,0.9704085447350046,0.6780613198572256,1.093877551020407
1351,10004574,FL,STATE,7.800000071525575,-1.1999999284744254,13.25,7.45000004768372,7.95000004768372,12.841666666666667,7.208333333333333,7.408333333333334,0.03366422702672386,0.03595193625250542,0.07843282802354881,1.1204081632653047,0.728061272173516,1.0438775987041273
1352,10004575,FL,STATE,7.637500047683716,-1.3624999523162842,14.1750001907349,7.42500007152557,7.64999997615814,12.841666666666667,7.208333333333333,7.408333333333334,0.1099240223426322,0.03223277471398746,0.03499310135465574,2.0454083540002053,0.7030612960153659,0.7438775271785474
1353,10004576,FL,STATE,7.475000023841858,-1.524999976158142,14.1000003814697,7.30000019073486,7.5,12.841666666666667,7.208333333333333,7.408333333333334,0.1037408126951268,0.01363696702140359,0.013273246650906111,1.9704085447350046,0.5780614152246555,0.5938775510204071
1354,10004579,FL,STATE,7.324999928474428,-1.675000071525572,14.0,7.19999980926514,7.5,12.841666666666667,7.208333333333333,7.408333333333334,0.0954964807492779,-0.0012397500701068554,0.013273246650906111,1.8704081632653047,0.478061033754936,0.5938775510204071
1355,10004580,FL,STATE,7.274999976158142,-1.725000023841858,13.9499998092651,7.19999980926514,7.40000009536743,12.841666666666667,7.208333333333333,7.408333333333334,0.09137431477634927,-0.0012397500701068554,-0.0012066449773324693,1.820407972530404,0.478061033754936,0.49387764638783693
1356,10004585,FL,STATE,6.524999976158142,-2.475000023841858,13.6500000953674,6.54999995231628,6.45000004768372,12.841666666666667,7.208333333333333,7.408333333333334,0.06664143687446102,-0.09793802100898857,-0.13876575353673484,1.5204082586327043,-0.1719388231939245,-0.45612240129587267
1357,10004586,FL,STATE,7.174999952316285,-1.825000047683715,14.0,7.09999990463257,7.19999980926514,12.841666666666667,7.208333333333333,7.408333333333334,0.0954964807492779,-0.016116396224174215,-0.030166497279377945,1.8704081632653047,0.3780611291223659,0.29387736028554734
1358,10004589,FL,MULTI,6.5,-2.5,13.3999996185303,6.5,6.40000009536743,12.841666666666667,7.208333333333333,7.408333333333334,0.0460306463217263,-0.10537634408602146,-0.14600569935085492,1.2704077817956048,-0.22193877551020424,-0.5061223536121631
1359,10004592,FL,FEDERAL,7.75,-1.25,12.3999996185303,7.59999990463257,7.80000019073486,12.841666666666667,7.208333333333333,7.408333333333334,-0.03641235864167909,0.05826690548360567,0.05671299058119017,0.27040778179560476,0.8780611291223659,0.8938777417552668
1360,10004593,FL,FEDERAL,7.525000015894572,-1.4749999841054278,12.3999996185303,7.39999993642171,7.53333346048991,12.841666666666667,7.208333333333333,7.408333333333334,-0.03641235864167909,0.028513589529656103,0.018099900208842258,0.27040778179560476,0.6780611609115059,0.6272110115103171
1361,10004594,FL,FEDERAL,7.212500035762788,-1.7874999642372122,12.3499999046326,7.04999995231628,7.20000004768372,12.841666666666667,7.208333333333333,7.408333333333334,-0.040534485302716,-0.023554719301208688,-0.030166462756593015,0.220408067897905,0.3280611768060755,0.29387759870412733
1362,10004595,FL,FEDERAL,7.137499988079073,-1.8625000119209272,12.3499999046326,6.95000004768372,7.14999985694885,12.841666666666667,7.208333333333333,7.408333333333334,-0.040534485302716,-0.03843136545527446,-0.037406443093498006,0.220408067897905,0.22806127217351602,0.24387740796925694
1363,10004598,FL,STATE,8.916666587193806,-0.08333341280619422,13.1666666666667,8.63333320617676,8.93333339691162,12.841666666666667,7.208333333333333,7.408333333333334,0.026793976613109477,0.21199239095052114,0.22081856712569728,1.0370748299320045,1.9113944306665553,2.0272109479320264
1364,10004606,FL,STATE,8.287500023841858,-0.7124999761581421,12.8999996185303,7.90000009536743,8.30000019073486,12.841666666666667,7.208333333333333,7.408333333333334,0.004809143840023608,0.10289691488325084,0.12911251776795138,0.7704077817956048,1.1780613198572256,1.3938777417552668
1365,10004611,FL,STATE,9.475000143051151,0.475000143051151,12.6999998092651,9.10000038146973,9.5,12.841666666666667,7.208333333333333,7.408333333333334,-0.011679441427907462,0.28141688154439,0.30287135539795096,0.5704079725304041,2.378061605959526,2.593877551020407
1366,10004612,FL,STATE,7.450000047683716,-1.5499999523162842,12.5,7.40000009536743,7.40000009536743,12.841666666666667,7.208333333333333,7.408333333333334,-0.028168026695830184,0.02851361317547095,-0.0012066449773324693,0.3704081632653047,0.6780613198572256,0.49387764638783693
1367,10004622,FL,STATE,8.424999952316284,-0.5750000476837158,12.1999998092651,8.19999980926514,8.39999961853027,12.841666666666667,7.208333333333333,7.408333333333334,-0.05290094390961016,0.1475268533454529,0.1435923403506201,0.0704079725304041,1.478061033754936,1.493877169550677
1368,10004627,FL,STATE,7.324999928474427,-1.6750000715255728,12.6999998092651,6.69999980926514,7.30000019073486,12.841666666666667,7.208333333333333,7.408333333333334,-0.011679441427907462,-0.07562305177788674,-0.01568653660557105,0.5704079725304041,-0.021938966245063973,0.3938777417552668
1369,10004639,FL,STATE,6.762500047683715,-2.237499952316285,13.3999996185303,6.85000014305115,6.75,12.841666666666667,7.208333333333333,7.408333333333334,0.0460306463217263,-0.05330801160934182,-0.09532604412923572,1.2704077817956048,0.12806136754094588,-0.15612244897959293
1370,10004645,FL,FEDERAL,7.737499952316285,-1.262500047683715,11.4499998092651,7.54999995231628,7.70000004768372,12.841666666666667,7.208333333333333,7.408333333333334,-0.1147331976321642,0.0508285824065712,0.0422330644301682,-0.6795920274695959,0.8280611768060755,0.7938775987041273
1371,10004646,FL,STATE,7.849999944368998,-1.1500000556310024,11.4666665395101,7.56666660308838,7.86666663487752,12.841666666666667,7.208333333333333,7.408333333333334,-0.11335914230785182,0.053308023432249836,0.06636622865149261,-0.6629252972245947,0.8447278275781755,0.9605441858979269
1372,10004647,FL,FEDERAL,7.350000023841858,-1.649999976158142,12.3999996185303,7.09999990463257,7.40000009536743,12.841666666666667,7.208333333333333,7.408333333333334,-0.03641235864167909,-0.016116396224174215,-0.0012066449773324693,0.27040778179560476,0.3780611291223659,0.49387764638783693
1373,10004649,FL,STATE,7.625,-1.375,12.6999998092651,7.30000019073486,7.59999990463257,12.841666666666667,7.208333333333333,7.408333333333334,-0.011679441427907462,0.01363696702140359,0.027753138279144694,0.5704079725304041,0.5780614152246555,0.6938774556529772
1374,10004650,FL,STATE,7.299999952316282,-1.7000000476837176,12.9499998092651,6.89999985694885,7.29999995231628,12.841666666666667,7.208333333333333,7.408333333333334,0.008931309812943886,-0.04586972400103127,-0.01568657112835598,0.8204079725304041,0.17806108143864563,0.3938775033366868
1375,10004659,CO,FEDERAL,7.0,-2.0,7.0,6.75,5.95000004768372,6.583333333333333,5.816666666666666,5.6000000000000005,0.034351252068085605,0.1388488298545225,0.05067967593529038,-5.129591836734695,0.028061224489795755,-0.9561224012958727
1376,10004660,CO,FEDERAL,7.050000071525572,-1.949999928474428,7.0,6.80000019073486,6.0,6.583333333333333,5.816666666666666,5.6000000000000005,0.034351252068085605,0.1462871884002777,0.0579196217494089,-5.129591836734695,0.07806141522465548,-0.9061224489795929
1377,10004694,IL,STATE,7.875000000000003,-1.1249999999999973,14.3999996185303,7.59999990463257,7.69999980926514,16.925,8.616666666666667,8.475,-0.20816861898210703,-0.15124606099330778,-0.11221929475770716,2.2704077817956048,0.8780611291223659,0.7938773602855473
1378,10004714,IL,STATE,8.100000143051146,-0.8999998569488543,16.2000007629395,7.90000009536743,7.90000009536743,16.925,8.616666666666667,8.475,-0.05977111569944404,-0.10661605159366262,-0.08325944245566169,4.070408926204804,1.1780613198572256,0.9938776463878369
1379,10004724,IL,STATE,9.049999952316282,0.0499999523162824,17.7000007629395,8.89999961853027,8.80000019073486,16.925,8.616666666666667,8.475,0.06389339174566405,0.042150480884452474,0.047059720289622166,5.570408926204804,2.1780608430200656,1.8938777417552668
1380,10004732,IL,FEDERAL,6.737499952316282,-2.2625000476837176,14.6999998092651,6.59999990463257,6.5,16.925,8.616666666666667,8.475,-0.1834357017683354,-0.30001266440886754,-0.28597813238770675,2.570407972530404,-0.12193887087763411,-0.40612244897959293
1381,10004734,IL,STATE,6.9375,-2.0625,14.6000003814697,6.75,6.70000004768372,16.925,8.616666666666667,8.475,-0.19167995509040922,-0.277697659709045,-0.25701831460844465,2.4704085447350046,0.028061224489795755,-0.20612240129587267
1382,10004812,KS,STATE,6.274999976158143,-2.725000023841857,9.19999980926514,6.0,5.69999980926514,11.68333333333333,6.8500000000000005,7.249999999999999,-0.20473347805054476,-0.12645161290322587,-0.22443856189718697,-2.929592027469555,-0.7219387755102042,-1.2061226397144527
1383,10004852,KS,STATE,5.691666682561237,-3.3083333174387626,7.13333336512248,4.96666669845581,5.46666669845581,11.68333333333333,6.8500000000000005,7.249999999999999,-0.37511566996270146,-0.2801770983701415,-0.2582249756964104,-4.996258471612215,-1.7552720770543946,-1.4394557505237833
1384,10004895,IN,STATE,7.725000023841857,-1.274999976158143,15.3000001907349,7.90000009536743,7.30000019073486,16.85833333333333,8.583333333333334,8.374999999999998,-0.1284736670098815,-0.10165716481314398,-0.15565895583330905,3.1704083540002053,1.1780613198572256,0.3938777417552668
1385,10004913,IN,STATE,8.09999990463257,-0.9000000953674299,15.4000000953674,8.25,7.59999990463257,16.85833333333333,8.583333333333334,8.374999999999998,-0.1202293743759243,-0.049588867805186676,-0.11221928094859329,3.2704082586327043,1.5280612244897958,0.6938774556529772
1386,10004916,IN,NOT AVAILABLE,9.774999856948858,0.7749998569488579,18.0,9.89999961853027,9.5,16.85833333333333,8.583333333333334,8.374999999999998,0.09412243066655471,0.1958759710805309,0.162898936170213,5.870408163265305,3.1780608430200656,2.593877551020407
1387,10004920,IN,STATE,7.816666642824813,-1.1833333571751874,15.5666666030884,7.76666657129924,7.69999980926514,16.85833333333333,8.583333333333334,8.374999999999998,-0.10648888665264841,-0.12149274031019541,-0.09773938932035471,3.437074766353705,1.0447277957890355,0.7938773602855473
1388,10004921,IN,FEDERAL,8.525000035762789,-0.47499996423721136,16.6500005722046,8.69999980926514,8.15000009536743,16.85833333333333,8.583333333333334,8.374999999999998,-0.017175578859775855,0.017356075356837985,-0.032579773424928626,4.520408735469905,1.978061033754936,1.243877646387837
1389,10004922,IN,FEDERAL,8.47500002384186,-0.5249999761581403,16.6000003814697,8.69999980926514,8.10000038146973,16.85833333333333,8.583333333333334,8.374999999999998,-0.021297744832704333,0.017356075356837985,-0.03981968471626222,4.470408544735006,1.978061033754936,1.1938779324901372
1390,10004923,IN,FEDERAL,8.699999809265135,-0.30000019073486506,17.0,8.80000019073486,8.39999961853027,16.85833333333333,8.583333333333334,8.374999999999998,0.011679425703149312,0.03223279244834843,0.0036199211228821254,4.870408163265305,2.0780614152246555,1.493877169550677
1391,10004952,IA,STATE,8.774999856948853,-0.22500014305114746,16.1000003814697,8.69999980926514,8.39999961853027,12.716666666666667,7.05,6.8500000000000005,0.2789321982423634,0.2454648672606964,0.2244384790425035,3.9704085447350064,1.978061033754936,1.493877169550677
1392,10005035,ME,STATE,4.700000007947285,-4.299999992052715,8.66666666666667,4.63333320617676,4.5,8.283333333333333,4.666666666666667,4.591666666666666,0.03160315190263899,-0.004958905697170281,-0.013273246650906111,-3.4629251700680257,-2.0886055693334447,-2.406122448979593
1393,10005113,TX,FEDERAL,7.700000047683715,-1.299999952316285,13.9500002861023,7.64999985694885,7.5,12.799999999999999,7.783333333333332,8.008333333333335,0.09480947929504965,-0.019835568403308204,-0.07360618597320742,1.820408449367605,0.9280610814386456,0.5938775510204071
1394,10005114,TX,FEDERAL,7.699999988079073,-1.3000000119209272,14.0500001907349,7.69999980926514,7.5,12.799999999999999,7.783333333333332,8.008333333333335,0.10305377192901519,-0.012397245326273733,-0.07360618597320742,1.9204083540002053,0.978061033754936,0.5938775510204071
1395,10005130,TX,STATE,7.200000047683716,-1.7999999523162842,11.6999998092651,6.80000019073486,7.40000009536743,12.799999999999999,7.783333333333332,8.008333333333335,-0.09068732118450419,-0.14628713165032306,-0.088086077601446,-0.4295920274695959,0.07806141522465548,0.49387764638783693
1396,10005191,GA,STATE,6.97499990463257,-2.02500009536743,16.2999992370605,7.19999980926514,6.80000019073486,17.26666666666667,8.025,7.758333333333333,-0.07969496769698368,-0.12273247619281409,-0.13876573282306495,4.170407400325805,0.478061033754936,-0.1061222582447332
1397,10005199,GA,STATE,6.899999976158142,-2.100000023841858,14.8000001907349,6.90000009536743,6.90000009536743,17.26666666666667,8.025,7.758333333333333,-0.20335939651830848,-0.16736241465501617,-0.12428584119482636,2.6704083540002053,0.17806131985722562,-0.006122353612163067
1398,10005201,GA,STATE,7.499999880790712,-1.5000001192092878,17.8999996185303,7.69999980926514,7.5,17.26666666666667,8.025,7.758333333333333,0.052213871693981354,-0.048349174485034216,-0.03740642237982656,5.770407781795603,0.978061033754936,0.5938775510204071
1399,10005212,FL,STATE,7.8750001192092896,-1.1249998807907104,15.1999998092651,7.30000019073486,7.90000009536743,12.841666666666667,7.208333333333333,7.408333333333334,0.19442807098060602,0.01363696702140359,0.07119288220942875,3.070407972530404,0.5780614152246555,0.9938776463878369
1400,10005222,PA,STATE,7.250000119209287,-1.7499998807907131,13.3999996185303,6.90000009536743,7.30000019073486,15.866666666666667,7.633333333333333,7.591666666666665,-0.20335944369257503,-0.1090954949839218,-0.042233029907383146,1.2704077817956048,0.17806131985722562,0.3938777417552668
1401,10005248,CA,STATE,7.97500014305114,-1.0249998569488596,4.80000019073486,4.40000009536743,5.90000009536743,11.566666666666668,8.825000000000001,9.508333333333333,-0.5578643178609549,-0.6582922059263635,-0.522483240722013,-7.329591645999836,-2.3219386801427744,-1.006122353612163
1402,10005251,CA,STATE,7.100000023841847,-1.8999999761581527,4.09999990463257,4.64999985694885,5.54999995231628,11.566666666666668,8.825000000000001,9.508333333333333,-0.6155744449224712,-0.6211005905411959,-0.5731629304664172,-8.029591932102125,-2.0719389185613544,-1.3561224966633132
1403,10005252,CA,STATE,8.949999928474432,-0.0500000715255684,6.0,5.5,6.0,11.566666666666668,8.825000000000001,9.508333333333333,-0.45893272762962345,-0.4946489563567364,-0.5080033490937744,-6.129591836734695,-1.2219387755102042,-0.9061224489795929
1404,10005253,CA,STATE,8.599999904632568,-0.40000009536743164,5.90000009536743,5.30000019073486,6.19999980926514,11.566666666666668,8.825000000000001,9.508333333333333,-0.46717702026358654,-0.5244022486648711,-0.4790435658372973,-6.2295917413672655,-1.4219385847753445,-0.7061226397144527
1405,10005256,CA,STATE,9.287500023841858,0.2875000238418579,4.64999985694885,4.29999995231628,5.95000004768372,11.566666666666668,8.825000000000001,9.508333333333333,-0.5702307961237875,-0.6731688875491532,-0.515243294907893,-7.4795919797858454,-2.4219388231939245,-0.9561224012958727
1406,10005258,CA,STATE,8.825000047683705,-0.17499995231629484,4.80000019073486,5.80000019073486,5.30000019073486,11.566666666666668,8.825000000000001,9.508333333333333,-0.5578643178609549,-0.4500189469570912,-0.6093626595370129,-7.329591645999836,-0.9219385847753445,-1.6061222582447332
1407,10005261,CA,FEDERAL,10.52500009536745,1.5250000953674494,6.0,6.19999980926514,6.80000019073486,11.566666666666668,8.825000000000001,9.508333333333333,-0.45893272762962345,-0.39051236234082176,-0.3921640779767292,-6.129591836734695,-0.521938966245064,-0.1061222582447332
1408,10005263,CA,STATE,9.900000095367432,0.9000000953674316,5.90000009536743,6.5,6.90000009536743,11.566666666666668,8.825000000000001,9.508333333333333,-0.46717702026358654,-0.34588235294117664,-0.3776841863484906,-6.2295917413672655,-0.22193877551020424,-0.006122353612163067
1409,10005264,CA,STATE,9.22500002384188,0.22500002384187923,5.30000019073486,5.09999990463257,5.69999980926514,11.566666666666668,8.825000000000001,9.508333333333333,-0.5166428153792523,-0.5541556119104489,-0.5514430930240586,-6.829591645999836,-1.621938870877634,-1.2061226397144527
1410,10005267,CA,STATE,10.549999952316275,1.5499999523162753,5.25,4.90000009536743,5.25,11.566666666666668,8.825000000000001,9.508333333333333,-0.5207649813521775,-0.5839089042185837,-0.6166026398739163,-6.879591836734695,-1.8219386801427744,-1.656122448979593
1411,10005272,CA,STATE,9.074999988079078,0.07499998807907815,6.59999990463257,5.54999995231628,6.14999985694885,11.566666666666668,8.825000000000001,9.508333333333333,-0.4094669325139577,-0.4872106332797035,-0.48628351165141737,-5.529591932102125,-1.1719388231939245,-0.7561225920307431
1412,10005273,CA,STATE,9.250000119209282,0.25000011920928245,6.40000009536743,5.5,6.0,11.566666666666668,8.825000000000001,9.508333333333333,-0.42595551778188384,-0.4946489563567364,-0.5080033490937744,-5.7295917413672655,-1.2219387755102042,-0.9061224489795929
1413,10005275,CA,STATE,11.749999999999996,2.7499999999999964,6.0,6.19999980926514,5.5,11.566666666666668,8.825000000000001,9.508333333333333,-0.45893272762962345,-0.39051236234082176,-0.5804028762805357,-6.129591836734695,-0.521938966245064,-1.406122448979593
1414,10005282,CA,STATE,7.449999988079062,-1.5500000119209378,5.65000009536743,5.29999995231628,5.64999985694885,11.566666666666668,8.825000000000001,9.508333333333333,-0.48778777150443786,-0.5244022841335935,-0.5586830388381786,-6.4795917413672655,-1.4219388231939245,-1.256122592030743
1415,10005283,CA,STATE,8.875,-0.125,6.40000009536743,5.69999980926514,7.30000019073486,11.566666666666668,8.825000000000001,9.508333333333333,-0.42595551778188384,-0.46489566404860166,-0.31976455078996796,-5.7295917413672655,-1.021938966245064,0.3938777417552668
1416,10005290,CA,STATE,8.07499998807907,-0.9250000119209307,5.80000019073486,5.5,7.54999995231628,11.566666666666668,8.825000000000001,9.508333333333333,-0.4754213128975496,-0.4946489563567364,-0.2835648217193723,-6.329591645999836,-1.2219387755102042,0.6438775033366868
1417,10005299,CA,STATE,8.087499976158153,-0.9125000238418473,7.0,5.69999980926514,7.0,11.566666666666668,8.825000000000001,9.508333333333333,-0.37648972266621805,-0.46489566404860166,-0.36320429472025206,-5.129591836734695,-1.021938966245064,0.09387755102040707
1418,10005303,CA,FEDERAL,8.487499833106996,-0.5125001668930036,8.29999971389771,7.29999995231628,8.14999985694885,11.566666666666668,8.825000000000001,9.508333333333333,-0.26931383980092355,-0.2268690773024739,-0.19668540290437236,-3.829592122836985,0.5780611768060755,1.2438774079692578
1419,10005305,CA,STATE,10.687500059604655,1.6875000596046554,7.35000014305115,6.95000004768372,8.30000019073486,11.566666666666668,8.825000000000001,9.508333333333333,-0.3476346591354595,-0.27893737431042964,-0.17496549641644554,-4.779591693683545,0.22806127217351602,1.3938777417552668
1420,10005319,CA,STATE,9.199999849001573,0.19999984900157308,5.09999990463257,6.09999990463257,6.56666660308838,11.566666666666668,8.825000000000001,9.508333333333333,-0.5331314399590659,-0.4053890084948891,-0.42595056082152094,-7.029591932102125,-0.6219388708776341,-0.33945584589121314
1421,10005324,CA,STATE,10.624999999999986,1.6249999999999858,7.19999980926514,7.0,6.69999980926514,11.566666666666668,8.825000000000001,9.508333333333333,-0.360001137398292,-0.27149905123339674,-0.4066440386505361,-4.929592027469555,0.27806122448979576,-0.20612263971445266
1422,10005328,CA,STATE,8.349999904632568,-0.6500000953674316,11.0,7.69999980926514,8.0,11.566666666666668,8.825000000000001,9.508333333333333,-0.04671770281259652,-0.16736245721748214,-0.21840524034672962,-1.1295918367346953,0.978061033754936,1.093877551020407
1423,10005362,CA,STATE,8.074999928474426,-0.9250000715255737,9.5,7.09999990463257,7.5,11.566666666666668,8.825000000000001,9.508333333333333,-0.1703822102577046,-0.2566224050793294,-0.2908047675334908,-2.6295918367346953,0.3780611291223659,0.5938775510204071
1424,10005378,CT,FEDERAL,6.34999990463257,-2.65000009536743,12.1999998092651,6.09999990463257,6.09999990463257,12.316666666666668,6.258333333333333,6.366666666666666,-0.009618366303822444,-0.023554726394952177,-0.03861309497538625,0.0704079725304041,-0.6219388708776341,-0.8061225443470228
1425,10005380,CT,STATE,7.299999952316284,-1.7000000476837158,13.2999997138977,6.79999995231628,7.09999990463257,12.316666666666668,6.258333333333333,6.366666666666666,0.08106893129354849,0.08058190308968317,0.10618595939813619,1.1704078771630044,0.0780611768060755,0.1938774556529772
1426,10005554,MS,STATE,7.1062499582767495,-1.8937500417232505,14.5750000476837,7.19999992847443,7.14999985694885,15.15,7.833333333333333,7.8500000000000005,-0.04740472392277063,-0.09421885947047061,-0.10135935877513705,2.4454082109490045,0.4780611529642256,0.24387740796925694
1427,10005599,IN,STATE,8.225000023841861,-0.7749999761581385,16.3999996185303,7.69999980926514,8.10000038146973,16.85833333333333,8.583333333333334,8.374999999999998,-0.037786408724402434,-0.13141052805872178,-0.03981968471626222,4.270407781795603,0.978061033754936,1.1938779324901372
1428,10005600,IN,STATE,8.225000023841861,-0.7749999761581385,16.3999996185303,7.69999980926514,8.10000038146973,16.85833333333333,8.583333333333334,8.374999999999998,-0.037786408724402434,-0.13141052805872178,-0.03981968471626222,4.270407781795603,0.978061033754936,1.1938779324901372
1429,10005639,IA,STATE,7.1750000715255755,-1.8249999284744245,12.5,7.0,6.59999990463257,12.716666666666667,7.05,6.8500000000000005,-0.017862651075404513,-0.007438330170777962,-0.036199777402494346,0.3704081632653047,0.27806122448979576,-0.3061225443470228
1430,10005694,AL,FEDERAL,7.1999999284744245,-1.8000000715255755,15.3000001907349,7.64999985694885,7.09999990463257,16.066666666666666,7.825,7.599999999999999,-0.06320628808051909,-0.026034176878956705,-0.0723995409958747,3.1704083540002053,0.9280610814386456,0.1938774556529772
1431,10005784,AZ,FEDERAL,6.375,-2.625,7.30000019073486,5.5,6.0,9.583333333333334,7.341666666666666,8.424999999999999,-0.18824484560835403,-0.2739784946236558,-0.35113770685579176,-4.829591645999836,-1.2219387755102042,-0.9061224489795929
1432,10005831,MD,STATE,7.55000001192093,-1.4499999880790702,15.0,7.45000004768372,7.45000004768372,15.108333333333333,7.008333333333333,6.941666666666666,-0.008931325537702182,0.0657052569356174,0.07360619287776488,2.8704081632653047,0.728061272173516,0.5438775987041273
1433,10005834,VA,STATE,6.500000119209287,-2.499999880790713,13.8999996185303,6.5,6.30000019073486,14.250000000000002,6.6000000000000005,6.516666666666667,-0.0288550831867004,-0.014876660341556056,-0.03137310082936919,1.7704077817956048,-0.22193877551020424,-0.6061222582447332
1434,10005856,MO,STATE,7.125000119209288,-1.8749998807907122,13.6999998092651,6.90000009536743,6.90000009536743,14.325000000000001,7.425000000000002,7.3999999999999995,-0.05152689382688681,-0.0781024526056805,-0.07239951337764748,1.570407972530404,0.17806131985722562,-0.006122353612163067
1435,10005949,OH,STATE,7.699999928474428,-1.300000071525572,15.1000003814697,7.59999990463257,7.5,15.299999999999999,8.083333333333334,7.658333333333332,-0.016488569543172626,-0.07190387250500926,-0.02292651694247424,2.9704085447350046,0.8780611291223659,0.5938775510204071
1436,10005978,OH,STATE,7.124999880790712,-1.8750001192092878,14.8999996185303,7.0,6.59999990463257,15.299999999999999,8.083333333333334,7.658333333333332,-0.03297723343487043,-0.1611638203668565,-0.1532456796877581,2.7704077817956048,0.27806122448979576,-0.3061225443470228
1437,10005985,OH,STATE,6.799999952316284,-2.200000047683716,15.3999996185303,6.59999990463257,6.59999990463257,15.299999999999999,8.083333333333334,7.658333333333332,0.008244269046832264,-0.22067047592056904,-0.1532456796877581,3.2704077817956048,-0.12193887087763411,-0.3061225443470228
1438,10006146,WV,STATE,6.568750023841861,-2.4312499761581394,14.5,6.62499988079071,6.22500014305115,15.616666666666672,6.849999999999999,6.616666666666666,-0.09206135554246983,-0.033472503502861996,-0.05671294224929163,2.3704081632653047,-0.09693889471949468,-0.6811223059284428
1439,10006147,NC,STATE,6.025000035762787,-2.974999964237213,13.3000001907349,5.95000004768372,5.84999990463257,15.199999999999998,6.858333333333333,6.883333333333333,-0.15664169370571168,-0.13512965767538837,-0.14962570332842012,1.1704083540002053,-0.771938727826484,-1.0561225443470228
1440,10006148,NC,FEDERAL,7.049999952316282,-1.9500000476837176,15.0,7.04999995231628,7.0,15.199999999999998,6.858333333333333,6.883333333333333,-0.016488600992680874,0.02851359189423718,0.016893223010244353,2.8704081632653047,0.3280611768060755,0.09387755102040707
1441,10006149,CT,STATE,6.9124999642372105,-2.0875000357627895,11.8499999046326,6.25,6.79999995231628,12.316666666666668,6.258333333333333,6.366666666666666,-0.03847341017863098,-0.0012397216951295943,0.06274624999063551,-0.279591932102095,-0.47193877551020424,-0.10612249666331319
1442,10006152,WV,FEDERAL,6.075000047683718,-2.9249999523162824,14.1999998092651,6.09999990463257,5.90000009536743,15.616666666666672,6.849999999999999,6.616666666666666,-0.1167942727562498,-0.11157496674915826,-0.10377264182524402,2.070407972530404,-0.6219388708776341,-1.006122353612163
1443,10006153,GA,STATE,7.549999952316285,-1.450000047683715,17.5999994277954,7.59999990463257,7.45000004768372,17.26666666666667,8.025,7.758333333333333,0.02748095448020153,-0.06322582063910157,-0.04464636819394508,5.470407591060704,0.8780611291223659,0.5438775987041273
1444,10006154,GA,STATE,7.449999988079073,-1.5500000119209272,17.3000001907349,7.45000004768372,7.45000004768372,17.26666666666667,8.025,7.758333333333333,0.0027481158902048406,-0.08554078987020182,-0.04464636819394508,5.1704083540002035,0.728061272173516,0.5438775987041273
1445,10006167,FL,STATE,6.650000035762785,-2.349999964237215,13.75,6.65000009536743,6.60000014305115,12.841666666666667,7.208333333333333,7.408333333333334,0.07488572950842655,-0.08306133938619888,-0.11704588157159282,1.6204081632653047,-0.07193868014277438,-0.3061223059284428
1446,10006168,FL,STATE,9.612499952316277,0.6124999523162771,12.6500000953674,9.34999990463257,9.25,12.841666666666667,7.208333333333333,7.408333333333334,-0.01580156808894437,0.31860846146083527,0.2666715918045704,0.5204082586327043,2.628061129122366,2.343877551020407
1447,10006170,FL,STATE,6.100000023841858,-2.899999976158142,11.6000003814697,5.69999980926514,5.90000009536743,12.841666666666667,7.208333333333333,7.408333333333334,-0.10236669971338667,-0.2243896551934465,-0.21840522653761613,-0.5295914552649954,-1.021938966245064,-1.006122353612163
1448,10006171,SC,FEDERAL,7.15000009536743,-1.8499999046325701,15.6999998092651,7.30000019073486,7.0,15.533333333333333,6.816666666666667,6.933333333333334,0.013740485102475886,0.0719038866924977,0.009653270291568128,3.570407972530404,0.5780614152246555,0.09387755102040707
1449,10006172,PA,FEDERAL,6.52500009536743,-2.47499990463257,13.4499998092651,6.30000019073486,6.30000019073486,15.866666666666667,7.633333333333333,7.591666666666665,-0.19923727771965474,-0.19835544284576906,-0.1870320842809056,1.320407972530404,-0.4219385847753445,-0.6061222582447332
1450,10006173,AL,FEDERAL,7.225000023841858,-1.774999976158142,15.5999999046326,7.25,7.35000014305115,16.066666666666666,7.825,7.599999999999999,-0.03847341017863083,-0.0855407969639469,-0.03619974287970917,3.470408067897905,0.5280612244897958,0.4438776940715572
1451,10006174,AL,FEDERAL,7.187499999999999,-1.8125000000000009,15.75,7.17499995231628,7.32500016689301,16.066666666666666,7.825,7.599999999999999,-0.026106951571745023,-0.09669829931385898,-0.03981971578676849,3.6204081632653047,0.4530611768060755,0.4188777179134169
1452,10006175,NH,FEDERAL,4.712499976158142,-4.287500023841858,8.19999980926514,4.40000009536743,4.5,10.366666666666667,5.150000000000001,5.675000000000001,-0.17862652647880004,-0.11157493837418139,-0.17013888888888898,-3.929592027469555,-2.3219386801427744,-2.406122448979593
1453,10006176,NH,FEDERAL,4.724999964237212,-4.275000035762788,8.25,4.40000009536743,4.54999995231628,10.366666666666667,5.150000000000001,5.675000000000001,-0.17450436050587478,-0.11157493837418139,-0.16289894307477046,-3.8795918367346953,-2.3219386801427744,-2.356122496663313
1454,10006177,WV,FEDERAL,6.3125,-2.6875,14.6000003814697,6.40000009536743,6.0,15.616666666666672,6.849999999999999,6.616666666666666,-0.08381702359662092,-0.0669449573495131,-0.08929275019700544,2.4704085447350046,-0.3219386801427744,-0.9061224489795929
1455,10006178,WV,FEDERAL,6.399999976158142,-2.600000023841858,14.6000003814697,6.40000009536743,6.09999990463257,15.616666666666672,6.849999999999999,6.616666666666666,-0.08381702359662092,-0.0669449573495131,-0.07481285856876686,2.4704085447350046,-0.3219386801427744,-0.8061225443470228
1456,10006179,CA,FEDERAL,11.524999856948858,2.524999856948858,15.5,8.60000038146973,10.8999996185303,11.566666666666668,8.825000000000001,9.508333333333333,0.32427581952272777,-0.03347242901854505,0.20151196210003364,3.3704081632653047,1.8780616059595259,3.993877169550707
1457,10006180,CA,FEDERAL,11.475000023841865,2.475000023841865,15.5,8.55000019073486,10.8499999046326,11.566666666666668,8.825000000000001,9.508333333333333,0.32427581952272777,-0.04091078756430186,0.19427205080870005,3.3704081632653047,1.8280614152246555,3.9438774556530074
1458,10006184,MT,STATE,5.299999952316284,-3.700000047683716,4.30000019073486,3.90000009536743,4.59999990463257,6.341666666666668,5.383333333333334,6.124999999999999,-0.16832111940886443,-0.22067044754559176,-0.22081857172873526,-7.829591645999836,-2.8219386801427744,-2.306122544347023
1459,10006185,OH,STATE,7.5,-1.5,15.8499999046326,7.40000009536743,7.29999995231628,15.299999999999999,8.083333333333334,7.658333333333332,0.04534364486749805,-0.10165716481314398,-0.05188633472173633,3.720408067897905,0.6780613198572256,0.3938775033366868
1460,10006186,OH,STATE,9.24999999999999,0.24999999999998934,16.5,9.30000019073486,9.0,15.299999999999999,8.083333333333334,7.658333333333332,0.09893160595608656,0.1809993958639082,0.1942720646178094,4.370408163265305,2.5780614152246555,2.093877551020407
1461,10006189,WY,STATE,5.0250000655651075,-3.9749999344348925,6.69999980926514,3.95000004768372,4.30000007152557,6.758333333333333,4.408333333333333,5.175,-0.004809191014286929,-0.0681846861383865,-0.1266991622199972,-5.429592027469555,-2.7719387278264844,-2.6061223774540228
1462,10006191,WV,STATE,7.5,-1.5,16.1000003814697,7.5,7.09999990463257,15.616666666666672,6.849999999999999,6.616666666666666,0.039847483848487304,0.09669829222011403,0.06998619580475557,3.9704085447350064,0.7780612244897958,0.1938774556529772
1463,10006193,AZ,FEDERAL,5.200000047683715,-3.799999952316285,5.76666673024495,4.36666679382324,5.19999996821086,9.583333333333334,7.341666666666666,8.424999999999999,-0.31465746370207925,-0.4425806262446386,-0.46697695495764713,-6.362925106489746,-2.355271981686964,-1.706122480768733
1464,10006194,CA,FEDERAL,12.925000190734883,3.925000190734883,15.6000003814697,9.60000038146973,11.8000001907349,11.566666666666668,8.825000000000001,9.508333333333333,0.33252015146857666,0.11529417439701471,0.3318311938908889,3.4704085447350046,2.878061605959526,4.893877741755308
1465,10006195,GA,FEDERAL,6.924999952316286,-2.075000047683714,15.3999996185303,6.90000009536743,6.90000009536743,17.26666666666667,8.025,7.758333333333333,-0.153893640714532,-0.16736241465501617,-0.12428584119482636,3.2704077817956048,0.17806131985722562,-0.006122353612163067
1466,10006196,KS,FEDERAL,7.000000119209287,-1.9999998807907131,12.1000003814697,6.5,6.80000019073486,11.68333333333333,6.8500000000000005,7.249999999999999,0.034351283517594214,-0.052068311195446,-0.06515954684985764,-0.029591455264995403,-0.22193877551020424,-0.1061222582447332
1467,10006197,LA,FEDERAL,7.200000047683714,-1.799999952316286,11.8999996185303,7.30000019073486,7.09999990463257,13.275,8.116666666666665,8.258333333333335,-0.11335916327419081,-0.12149269774772972,-0.16772558512511068,-0.22959221820439524,0.5780614152246555,0.1938774556529772
1468,10006198,MS,FEDERAL,7.687500059604642,-1.312499940395358,16.1499996185303,8.0,7.55000019073486,15.15,7.833333333333333,7.8500000000000005,0.08244297351389686,0.024794433902593338,-0.043439688693829484,4.020407781795603,1.2780612244897958,0.6438777417552668
1469,10006199,WV,FEDERAL,6.950000166893002,-2.049999833106998,15.5,6.80000019073486,6.90000009536743,15.616666666666672,6.849999999999999,6.616666666666666,-0.00961835057906444,-0.007438301795800568,0.041026412548278414,3.3704081632653047,0.07806141522465548,-0.006122353612163067
1470,10006200,WV,FEDERAL,6.925000071525573,-2.074999928474427,15.5,6.90000009536743,6.69999980926514,15.616666666666672,6.849999999999999,6.616666666666666,-0.00961835057906444,0.007438344358266791,0.012066560246232939,3.3704081632653047,0.17806131985722562,-0.20612263971445266
1471,10006201,WV,FEDERAL,7.025000095367433,-1.9749999046325666,15.5,6.95000004768372,6.90000009536743,15.616666666666672,6.849999999999999,6.616666666666666,-0.00961835057906444,0.014876667435301263,0.041026412548278414,3.3704081632653047,0.22806127217351602,-0.006122353612163067
1472,10006204,CA,STATE,8.72500005364418,-0.2749999463558197,11.1499998569489,7.72500002384186,8.20000004768372,11.566666666666668,8.825000000000001,9.508333333333333,-0.03435126386164821,-0.16364326021024342,-0.18944542256746763,-0.9795919797857948,1.0030612483316554,1.2938775987041264
1473,10006205,FL,STATE,8.137499988079073,-0.8625000119209272,12.5500001907349,7.95000004768372,7.90000009536743,12.841666666666667,7.208333333333333,7.408333333333334,-0.02404586072290156,0.11033523796028531,0.07119288220942875,0.42040835400020526,1.228061272173516,0.9938776463878369
1474,10006206,FL,STATE,7.024999976158142,-1.975000023841858,14.6000003814697,6.90000009536743,7.09999990463257,12.841666666666667,7.208333333333333,7.408333333333334,0.1449623151768295,-0.04586968853230893,-0.044646388907616526,2.4704085447350046,0.17806131985722562,0.1938774556529772
1475,10006207,FL,STATE,7.024999976158142,-1.975000023841858,14.6000003814697,6.90000009536743,7.09999990463257,12.841666666666667,7.208333333333333,7.408333333333334,0.1449623151768295,-0.04586968853230893,-0.044646388907616526,2.4704085447350046,0.17806131985722562,0.1938774556529772
1476,10006208,FL,STATE,7.225000023841857,-1.774999976158143,13.8999996185303,7.19999980926514,7.30000019073486,12.841666666666667,7.208333333333333,7.408333333333334,0.087252148803429,-0.0012397500701068554,-0.01568653660557105,1.7704077817956048,0.478061033754936,0.3938777417552668
1477,10006209,IL,STATE,7.6000001430511475,-1.3999998569488525,15.6000003814697,7.5,7.40000009536743,16.925,8.616666666666667,8.475,-0.10923695012700384,-0.16612270714737515,-0.1556589696424229,3.4704085447350046,0.7780612244897958,0.49387764638783693
1478,10006210,IL,STATE,7.97499990463257,-1.0250000953674299,15.8999996185303,7.69999980926514,7.80000019073486,16.925,8.616666666666667,8.475,-0.08450411153699895,-0.13636941483924042,-0.09773933408390027,3.7704077817956048,0.978061033754936,0.8938777417552668
1479,10006211,MN,STATE,5.125,-3.875,8.30000019073486,4.59999990463257,4.64999985694885,10.450000000000001,6.216666666666666,6.05,-0.1772524449465667,-0.24050602304264346,-0.20271869683660265,-3.8295916459998356,-2.121938870877634,-2.256122592030743
1480,10006217,NC,STATE,7.887499988079069,-1.1125000119209307,15.1000001430511,7.79999995231628,7.75,15.199999999999998,6.858333333333333,6.883333333333333,-0.008244288702777828,0.14008854445590702,0.12549251379038617,2.970408306316404,1.0780611768060755,0.8438775510204071
1481,10006218,VA,STATE,6.524999976158142,-2.475000023841858,14.5,6.59999990463257,6.40000009536743,14.250000000000002,6.6000000000000005,6.516666666666667,0.0206107512408512,-1.4187488696657565e-08,-0.01689320920113061,2.3704081632653047,-0.12193887087763411,-0.5061223536121631
1482,10006219,WA,STATE,8.299999833106995,-0.7000001668930054,8.60000038146973,7.59999990463257,8.0,7.633333333333333,5.741666666666667,6.425000000000001,0.07969493624746944,0.27645792382642653,0.22805851063829774,-3.529591455264965,0.8780611291223659,1.093877551020407
1483,10006238,TX,FEDERAL,6.449999928474428,-2.550000071525572,11.6000003814697,6.5,6.40000009536743,12.799999999999999,7.783333333333332,8.008333333333335,-0.09893157450657802,-0.1909171410499682,-0.23288513197496843,-0.5295914552649954,-0.22193877551020424,-0.5061223536121631
1484,10006239,GA,FEDERAL,8.90000009536743,-0.09999990463257014,18.8999996185303,9.10000038146973,8.80000019073486,17.26666666666667,8.025,7.758333333333333,0.13465687665738674,0.15992415542168276,0.15083237592397994,6.770407781795603,2.378061605959526,1.8938777417552668
1485,10006241,AL,STATE,7.725000023841858,-1.274999976158142,16.5,8.30000019073486,7.5,16.066666666666666,7.825,7.599999999999999,0.035725302150809025,0.07066416499736809,-0.014479905437352064,4.370408163265305,1.5780614152246555,0.5938775510204071
1486,10006290,KS,STATE,7.4499999284744245,-1.5500000715255755,14.8999996185303,7.40000009536743,7.40000009536743,11.68333333333333,6.8500000000000005,7.249999999999999,0.2651916345161126,0.08182164606604642,0.021719871965142155,2.7704077817956048,0.6780613198572256,0.49387764638783693
1487,10006298,TX,FEDERAL,7.824999928474427,-1.1750000715255728,14.1000003814697,7.59999990463257,7.69999980926514,12.799999999999999,7.783333333333332,8.008333333333335,0.10717593790193546,-0.02727389148034109,-0.04464640271673027,1.9704085447350046,0.8780611291223659,0.7938773602855473
1488,10006299,CA,FEDERAL,5.749999880790713,-3.250000119209287,7.09999990463257,4.59999990463257,5.19999980926514,11.566666666666668,8.825000000000001,9.508333333333333,-0.368245430032255,-0.6285389136182288,-0.6238426202108197,-5.029591932102125,-2.121938870877634,-1.7061226397144527
1489,10006300,TX,STATE,6.975000023841858,-2.024999976158142,12.3499999046326,6.80000019073486,7.09999990463257,12.799999999999999,7.783333333333332,8.008333333333335,-0.03709936009590734,-0.14628713165032306,-0.13152582153173006,0.220408067897905,0.07806141522465548,0.1938774556529772
1490,10006306,CA,MULTI,12.0249996185303,3.0249996185303,11.8999996185303,10.3999996185303,11.3999996185303,11.566666666666668,8.825000000000001,9.508333333333333,0.027480970204959973,0.2343073436295549,0.2739114892867949,-0.22959221820439524,3.678060843020096,4.493877169550707
1491,10006307,CA,MULTI,11.5625,2.5625,12.0,9.75,11.1500000953674,11.566666666666668,8.825000000000001,9.508333333333333,0.03572530215080887,0.13760910815939262,0.23771179473897536,-0.12959183673469532,3.0280612244897958,4.243877646387807
1492,10006309,IN,STATE,9.212499976158139,0.21249997615813854,17.6000003814697,9.15000009536743,8.89999961853027,16.85833333333333,8.583333333333334,8.374999999999998,0.061145260130701054,0.08430108945630573,0.07601944830964334,5.470408544735006,2.4280613198572256,1.993877169550677
1493,10006311,LA,FEDERAL,8.025000095367432,-0.9749999046325684,13.1999998092651,7.90000009536743,8.19999980926514,13.275,8.116666666666665,8.258333333333335,-0.006183241097013789,-0.03223274988588247,-0.008446639123349656,1.070407972530404,1.1780613198572256,1.2938773602855473
1494,10006312,AZ,STATE,7.225000023841857,-1.774999976158143,9.30000019073486,6.30000019073486,6.69999980926514,9.583333333333334,7.341666666666666,8.424999999999999,-0.023358835681543257,-0.15496518351623073,-0.24977839641255337,-2.8295916459998356,-0.4219385847753445,-0.20612263971445266
1495,10006320,NY,FEDERAL,8.900000095367432,-0.09999990463256836,14.3999996185303,8.60000038146973,9.0,13.350000000000001,6.541666666666667,6.641666666666667,0.08656512376206718,0.3062113154469832,0.3414844365642237,2.2704077817956048,1.8780616059595259,2.093877551020407
1496,10006322,GA,STATE,7.450000047683715,-1.549999952316285,16.5500001907349,7.35000014305115,7.64999985694885,17.26666666666667,8.025,7.758333333333333,-0.059084137832349205,-0.10041743602426918,-0.01568658493746946,4.4204083540002035,0.6280613675409459,0.7438774079692569
1497,10006323,FL,STATE,7.450000047683716,-1.5499999523162842,14.8999996185303,7.40000009536743,7.40000009536743,12.841666666666667,7.208333333333333,7.408333333333334,0.1696951537668344,0.02851361317547095,-0.0012066449773324693,2.7704077817956048,0.6780613198572256,0.49387764638783693
1498,10006324,FL,STATE,8.675000190734865,-0.32499980926513494,12.8000001907349,8.30000019073486,8.69999980926514,12.841666666666667,7.208333333333333,7.408333333333334,-0.0034351094820502122,0.16240357043696335,0.1870320842809057,0.6704083540002053,1.5780614152246555,1.7938773602855473
1499,10006326,FL,STATE,7.949999928474428,-1.050000071525572,13.6999998092651,7.69999980926514,7.90000009536743,12.841666666666667,7.208333333333333,7.408333333333334,0.07076356353549793,0.07314355163767303,0.07119288220942875,1.570407972530404,0.978061033754936,0.9938776463878369
1500,10006327,FL,STATE,6.825000047683716,-2.174999952316284,13.8999996185303,6.69999980926514,6.90000009536743,12.841666666666667,7.208333333333333,7.408333333333334,0.087252148803429,-0.07562305177788674,-0.07360617216409368,1.7704077817956048,-0.021938966245063973,-0.006122353612163067
1501,10006328,FL,STATE,7.937499940395355,-1.0625000596046448,11.4499998092651,7.54999995231628,8.0,12.841666666666667,7.208333333333333,7.408333333333334,-0.1147331976321642,0.0508285824065712,0.08567277383766733,-0.6795920274695959,0.8280611768060755,1.093877551020407
1502,10006329,FL,STATE,6.72499990463257,-2.27500009536743,12.6999998092651,6.59999990463257,6.69999980926514,12.841666666666667,7.208333333333333,7.408333333333334,-0.011679441427907462,-0.0904996979319541,-0.10256602446613916,0.5704079725304041,-0.12193887087763411,-0.20612263971445266
1503,10006330,FL,STATE,6.600000023841858,-2.399999976158142,12.6500000953674,6.35000014305115,6.54999995231628,12.841666666666667,7.208333333333333,7.408333333333334,-0.01580156808894437,-0.12769131331712172,-0.1242858619084978,0.5204082586327043,-0.3719386324590541,-0.3561224966633132
1504,10006331,FL,STATE,7.274999976158143,-1.725000023841857,14.6999998092651,7.40000009536743,7.30000019073486,12.841666666666667,7.208333333333333,7.408333333333334,0.15320656849890332,0.02851361317547095,-0.01568653660557105,2.570407972530404,0.6780613198572256,0.3938777417552668
1505,10006332,FL,STATE,5.5,-3.5,11.0,5.19999980926514,5.30000019073486,12.841666666666667,7.208333333333333,7.408333333333334,-0.15183253414093828,-0.2987729569012264,-0.3052846453526159,-1.1295918367346953,-1.521938966245064,-1.6061222582447332
1506,10006339,GA,STATE,8.125,-0.875,17.2000007629395,8.19999980926514,8.0,17.26666666666667,8.025,7.758333333333333,-0.005496137431868979,0.026034127222745673,0.034993104806934655,5.070408926204804,1.478061033754936,1.093877551020407
1507,10006347,CA,STATE,8.67500013113021,-0.3249998688697904,9.34999990463257,7.95000004768372,7.80000019073486,11.566666666666668,8.825000000000001,9.508333333333333,-0.1827486688645929,-0.13017077089486986,-0.24736502360320678,-2.779591932102125,1.228061272173516,0.8938777417552668
1508,10006348,NC,STATE,6.38749998807907,-2.61250001192093,14.6000003814697,6.09999990463257,6.30000019073486,15.199999999999998,6.858333333333333,6.883333333333333,-0.049465771528534666,-0.11281468844428812,-0.08446608743299402,2.4704085447350046,-0.6219388708776341,-0.6061222582447332
1509,10006349,OH,STATE,7.8249999284744245,-1.1750000715255755,15.3000001907349,7.59999990463257,7.5,15.299999999999999,8.083333333333334,7.658333333333332,1.572475844347157e-08,-0.07190387250500926,-0.02292651694247424,3.1704083540002053,0.8780611291223659,0.5938775510204071
1510,10006350,IL,STATE,6.449999928474427,-2.550000071525573,14.1999998092651,6.19999980926514,6.19999980926514,16.925,8.616666666666667,8.475,-0.2246572042500381,-0.3595193199625801,-0.3294178763179908,2.070407972530404,-0.521938966245064,-0.7061226397144527
1511,10006351,IL,STATE,9.862500071525572,0.862500071525572,17.75,9.70000028610229,9.59999990463257,16.925,8.616666666666667,8.475,0.06801547909480939,0.1611638629293222,0.16289892236109912,5.620408163265305,2.9780615105920853,2.693877455652977
1512,10006352,IL,STATE,10.000000000000004,1.0000000000000036,17.7999992370605,9.80000019073486,9.80000019073486,16.925,8.616666666666667,8.475,0.07213756644395473,0.17604050908338956,0.1918587746631446,5.670407400325805,3.0780614152246555,2.893877741755267
1513,10006353,MD,STATE,7.100000023841858,-1.899999976158142,15.0,7.0,7.0,15.108333333333333,7.008333333333333,6.941666666666666,-0.008931325537702182,-0.0012397216951295943,0.008446611505122176,2.8704081632653047,0.27806122448979576,0.09387755102040707
1514,10006363,PA,STATE,7.543750077486035,-1.4562499225139653,14.7249999046326,7.54999995231628,7.42500007152557,15.866666666666667,7.633333333333333,7.591666666666665,-0.09412243852892953,-0.012397224045041679,-0.02413316537208524,2.595408067897905,0.8280611768060755,0.5188776225459772
1515,10006364,PA,STATE,8.22500002384186,-0.7749999761581403,17.2999992370605,8.19999980926514,7.90000009536743,15.866666666666667,7.633333333333333,7.591666666666665,0.11816824421518943,0.08430104689384003,0.04464638890761665,5.170407400325805,1.478061033754936,0.9938776463878369
1516,10006365,PA,STATE,7.849999904632571,-1.150000095367429,16.3999996185303,7.69999980926514,7.54999995231628,15.866666666666667,7.633333333333333,7.591666666666665,0.04396957119764099,0.009917745186060154,-0.006033300836787464,4.270407781795603,0.978061033754936,0.6438775033366868
1517,10006374,PA,STATE,8.52499997615814,-0.4750000238418597,16.0,8.5,8.39999961853027,15.866666666666667,7.633333333333333,7.591666666666665,0.010992400661787347,0.1289310562934852,0.11704584704880802,3.8704081632653047,1.7780612244897958,1.493877169550677
1518,10006375,PA,STATE,8.649999856948853,-0.35000014305114746,16.7000007629395,8.5,8.39999961853027,15.866666666666667,7.633333333333333,7.591666666666665,0.06870256703519605,0.1289310562934852,0.11704584704880802,4.570408926204804,1.7780612244897958,1.493877169550677
1519,10006376,PA,STATE,6.52500009536743,-2.47499990463257,12.6999998092651,6.5,6.30000019073486,15.866666666666667,7.633333333333333,7.591666666666665,-0.2610695314422088,-0.16860215053763433,-0.1870320842809056,0.5704079725304041,-0.22193877551020424,-0.6061222582447332
1520,10006377,PA,STATE,8.075000047683716,-0.9249999523162842,15.8999996185303,8.10000038146973,8.0,15.866666666666667,7.633333333333333,7.591666666666665,0.0027480687159384437,0.06942447167721735,0.05912628053585523,3.7704077817956048,1.3780616059595259,1.093877551020407
1521,10006378,PA,STATE,9.12499999999999,0.12499999999998934,17.5,9.10000038146973,8.80000019073486,15.866666666666667,7.633333333333333,7.591666666666665,0.13465690810689543,0.21819107509277713,0.1749655516529005,5.370408163265305,2.378061605959526,1.8938777417552668
1522,10006379,PA,STATE,7.4749999046325675,-1.5250000953674325,16.1000003814697,7.5,7.19999980926514,15.866666666666667,7.633333333333333,7.591666666666665,0.019236732607636396,-0.019835547122074564,-0.05671299058119004,3.9704085447350064,0.7780612244897958,0.29387736028554734
1523,10006380,PA,STATE,9.791666666666675,0.791666666666675,18.2666664123535,9.83333301544189,9.56666692097982,15.866666666666667,7.633333333333333,7.591666666666665,0.19786319094583135,0.32728648022260115,0.2859781692120112,6.137074575618806,3.111394239931685,2.660544472000227
1524,10006381,AR,STATE,7.75,-1.25,15.6999998092651,7.59999990463257,7.80000019073486,15.358333333333334,7.550000000000001,7.533333333333334,0.02816801097107174,0.007438315983289265,0.03861310878449986,3.570407972530404,0.8780611291223659,0.8938777417552668
1525,10006383,IN,STATE,9.800000190734854,0.8000001907348544,18.1000003814697,9.80000019073486,9.5,16.85833333333333,8.583333333333334,8.374999999999998,0.10236676261240375,0.1809993958639082,0.162898936170213,5.970408544735006,3.0780614152246555,2.593877551020407
1526,10006387,DE,STATE,8.025000095367432,-0.9749999046325684,15.6999998092651,8.0,7.80000019073486,15.283333333333333,7.050000000000001,6.733333333333333,0.034351236343327235,0.14132827324478167,0.1544523522833179,3.570407972530404,1.2780612244897958,0.8938777417552668
1527,10006389,NH,STATE,6.0,-3.0,10.6000003814697,5.19999980926514,5.90000009536743,10.366666666666667,5.150000000000001,5.675000000000001,0.01923673260763625,0.007438301795800568,0.03257980104315611,-1.5295914552649954,-1.521938966245064,-1.006122353612163
1528,10006451,WA,MULTI,6.624999880790713,-2.375000119209287,9.10000038146973,6.59999990463257,7.19999980926514,7.633333333333333,5.741666666666667,6.425000000000001,0.12091643872917213,0.12769132041086678,0.11221923952125246,-3.029591455264965,-0.12193887087763411,0.29387736028554734
1529,10006453,GA,STATE,6.975000023841858,-2.024999976158142,16.1499996185303,7.05000019073486,6.84999990463257,17.26666666666667,8.025,7.758333333333333,-0.09206138699197808,-0.14504740995519358,-0.13152582153172981,4.020407781795603,0.3280614152246555,-0.056122544347022796
1530,10006505,CO,FEDERAL,7.050000071525572,-1.949999928474428,7.0,6.80000019073486,6.0,6.583333333333333,5.816666666666666,5.6000000000000005,0.034351252068085605,0.1462871884002777,0.0579196217494089,-5.129591836734695,0.07806141522465548,-0.9061224489795929
1531,10006507,FL,FEDERAL,7.924999952316285,-1.075000047683715,14.1999998092651,7.59999990463257,8.0,12.841666666666667,7.208333333333333,7.408333333333334,0.11198506601720062,0.05826690548360567,0.08567277383766733,2.070407972530404,0.8780611291223659,1.093877551020407
1532,10006508,IL,FEDERAL,8.350000023841858,-0.6499999761581421,15.3999996185303,8.30000019073486,7.90000009536743,16.925,8.616666666666667,8.475,-0.12572561401870164,-0.0471093960399501,-0.08325944245566169,3.2704077817956048,1.5780614152246555,0.9938776463878369
1533,10006512,MI,FEDERAL,7.500000119209288,-1.4999998807907122,13.6999998092651,7.30000019073486,7.40000009536743,13.391666666666667,7.316666666666667,7.499999999999999,0.025419910805624904,-0.0024794150152821917,-0.014479891628238453,1.570407972530404,0.5780614152246555,0.49387764638783693
1534,10006513,OR,FEDERAL,5.562500059604643,-3.437499940395357,6.35000014305115,5.30000019073486,5.04999995231628,7.416666666666665,6.133333333333334,6.641666666666667,-0.08793919350073229,-0.1239721411379893,-0.23047183511574748,-5.779591693683545,-1.4219385847753445,-1.8561224966633132
1535,10006524,AL,STATE,8.125,-0.875,16.3999996185303,8.39999961853027,8.10000038146973,16.066666666666666,7.825,7.599999999999999,0.027480970204959973,0.08554074021399079,0.07239958242321759,4.270407781795603,1.6780608430200656,1.1938779324901372
1536,10006526,AR,STATE,8.050000190734865,-0.9499998092651349,14.8999996185303,8.10000038146973,7.90000009536743,15.358333333333334,7.550000000000001,7.533333333333334,-0.03778640872440258,0.08182168862851383,0.05309300041273844,2.7704077817956048,1.3780616059595259,0.9938776463878369
1537,10006528,AR,STATE,7.850000023841858,-1.149999976158142,17.7000007629395,8.0,7.90000009536743,15.358333333333334,7.550000000000001,7.533333333333334,0.1930540995216658,0.0669449715370018,0.05309300041273844,5.570408926204804,1.2780612244897958,0.9938776463878369
1538,10006529,AR,STATE,8.174999952316284,-0.8250000476837158,14.1999998092651,8.10000038146973,8.19999980926514,15.358333333333334,7.550000000000001,7.533333333333334,-0.09549649647403634,0.08182168862851383,0.09653267529745418,2.070407972530404,1.3780616059595259,1.2938773602855473
1539,10006530,CA,STATE,8.949999928474428,-0.050000071525571954,8.19999980926514,6.69999980926514,7.59999990463257,11.566666666666668,8.825000000000001,9.508333333333333,-0.2775581324348866,-0.3161290606330419,-0.27632487590525223,-3.929592027469555,-0.021938966245063973,0.6938774556529772
1540,10006531,CA,STATE,7.362500071525575,-1.6374999284744254,10.8999996185303,5.35000014305115,7.20000004768372,11.566666666666668,8.825000000000001,9.508333333333333,-0.05496203475844542,-0.5169639255878367,-0.33424447694098997,-1.2295922182043952,-1.3719386324590541,0.29387759870412733
1541,10006532,CA,STATE,7.25,-1.75,6.0,5.40000009536743,6.80000019073486,11.566666666666668,8.825000000000001,9.508333333333333,-0.45893272762962345,-0.5095256025108037,-0.3921640779767292,-6.129591836734695,-1.3219386801427744,-0.1061222582447332
1542,10006536,FL,STATE,6.58749997615814,-2.4125000238418597,11.6999998092651,6.25,6.54999995231628,12.841666666666667,7.208333333333333,7.408333333333334,-0.09412244639131286,-0.1425679949399114,-0.1242858619084978,-0.4295920274695959,-0.47193877551020424,-0.3561224966633132
1543,10006537,FL,STATE,6.524999976158142,-2.475000023841858,10.3000001907349,6.40000009536743,6.40000009536743,12.841666666666667,7.208333333333333,7.408333333333334,-0.2095426218905637,-0.12025299024008881,-0.14600569935085492,-1.8295916459997947,-0.3219386801427744,-0.5061223536121631
1544,10006538,FL,STATE,7.76250010728836,-1.2374998927116403,13.25,7.65000009536743,7.60000014305115,12.841666666666667,7.208333333333333,7.408333333333334,0.03366422702672386,0.06570526402936089,0.02775317280192962,1.1204081632653047,0.9280613198572256,0.6938776940715572
1545,10006542,IA,STATE,7.799999952316285,-1.200000047683715,14.5,7.59999990463257,7.30000019073486,12.716666666666667,7.05,6.8500000000000005,0.14702335885140627,0.08182161769106928,0.06515960208631234,2.3704081632653047,0.8780611291223659,0.3938777417552668
1546,10006544,ID,STATE,7.624999999999997,-1.3750000000000027,6.09999990463257,6.0,7.30000019073486,6.2250000000000005,5.816666666666666,7.158333333333332,-0.010305383482803212,0.02727387729285266,0.020513226987809816,-6.029591932102125,-0.7219387755102042,0.3938777417552668
1547,10006546,MD,STATE,8.549999952316282,-0.4500000476837176,16.6000003814697,8.60000038146973,8.39999961853027,15.108333333333333,7.008333333333333,6.941666666666666,0.12297751385325495,0.2367869005197221,0.2111652323915974,4.470408544735006,1.8780616059595259,1.493877169550677
1548,10006547,MD,STATE,7.40000021457672,-1.5999997854232797,15.5,7.40000009536743,7.30000019073486,15.108333333333333,7.008333333333333,6.941666666666666,0.032290176944000513,0.058266933858582934,0.051886355435406234,3.3704081632653047,0.6780613198572256,0.3938777417552668
1549,10006549,MN,STATE,5.874999880790712,-3.1250001192092878,11.0,5.69999980926514,5.5,10.450000000000001,6.216666666666666,6.05,0.045343652729872876,-0.07686277347301633,-0.07963947990543731,-1.1295918367346953,-1.021938966245064,-1.406122448979593
1550,10006565,MO,STATE,7.125000119209288,-1.8749998807907122,13.6999998092651,6.90000009536743,6.90000009536743,14.325000000000001,7.425000000000002,7.3999999999999995,-0.05152689382688681,-0.0781024526056805,-0.07239951337764748,1.570407972530404,0.17806131985722562,-0.006122353612163067
1551,10006570,MT,MULTI,5.75,-3.25,6.30000019073486,4.59999990463257,5.19999980926514,6.341666666666668,5.383333333333334,6.124999999999999,-0.0034351094820536535,-0.11653385352967717,-0.13393915291373545,-5.829591645999836,-2.121938870877634,-1.7061226397144527
1552,10006571,MT,STATE,6.350000023841858,-2.649999976158142,5.80000019073486,4.80000019073486,5.90000009536743,6.341666666666668,5.383333333333334,6.124999999999999,-0.04465661196375635,-0.08678049028409936,-0.03257977342492876,-6.329591645999836,-1.9219385847753445,-1.006122353612163
1553,10006572,MT,STATE,5.625,-3.375,4.5,4.19999980926514,4.90000009536743,6.341666666666668,5.383333333333334,6.124999999999999,-0.15183253414093834,-0.1760405090833897,-0.17737882779845118,-7.629591836734695,-2.521938966245064,-2.006122353612163
1554,10006573,MT,STATE,4.975000023841858,-4.024999976158142,4.59999990463257,4.0,4.30000019073486,6.341666666666668,5.383333333333334,6.124999999999999,-0.1435882415069753,-0.2057938013915244,-0.264258246613451,-7.529591932102125,-2.7219387755102042,-2.606122258244733
1555,10006575,MT,STATE,5.475000083446502,-3.524999916553498,8.19999980926514,4.75,5.45000004768372,6.341666666666668,5.383333333333334,6.124999999999999,0.15320656849890663,-0.09421884882985458,-0.09773935479756991,-3.929592027469555,-1.9719387755102042,-1.4561224012958727
1556,10006576,MT,STATE,6.350000023841858,-2.649999976158142,5.80000019073486,4.80000019073486,5.90000009536743,6.341666666666668,5.383333333333334,6.124999999999999,-0.04465661196375635,-0.08678049028409936,-0.03257977342492876,-6.329591645999836,-1.9219385847753445,-1.006122353612163
1557,10006580,MT,STATE,5.975000023841857,-3.024999976158143,5.40000009536743,5.0,5.30000019073486,6.341666666666668,5.383333333333334,6.124999999999999,-0.077633821811496,-0.05702719797596464,-0.11945919223992855,-6.7295917413672655,-1.7219387755102042,-1.6061222582447332
1558,10006581,MT,STATE,8.300000071525574,-0.6999999284744263,8.19999980926514,6.90000009536743,8.19999980926514,6.341666666666668,5.383333333333334,6.124999999999999,0.15320656849890663,0.22562936270108755,0.3004580102068319,-3.929592027469555,0.17806131985722562,1.2938773602855473
1559,10006582,NC,STATE,6.75,-2.25,15.1500000953674,6.75,6.75,15.199999999999998,6.858333333333333,6.883333333333333,-0.0041221423857950605,-0.01611638203668565,-0.019306540583136255,3.0204082586327043,0.028061224489795755,-0.15612244897959293
1560,10006587,ND,STATE,6.25,-2.75,7.69999980926514,5.19999980926514,6.5,7.516666666666667,4.741666666666666,5.316666666666666,0.015114535185202673,0.06818466485715438,0.1713455476753349,-4.429592027469555,-1.521938966245064,-0.40612244897959293
1561,10006588,ND,STATE,5.5,-3.5,6.90000009536743,4.80000019073486,5.19999980926514,7.516666666666667,4.741666666666666,5.316666666666666,-0.05083984519838916,0.00867808024088495,-0.016893250628471575,-5.2295917413672655,-1.9219385847753445,-1.7061226397144527
1562,10006593,NE,STATE,6.72500002384186,-2.2749999761581403,10.75,6.59999990463257,5.95000004768372,10.25,6.591666666666668,6.066666666666666,0.0412215024817027,0.0012397075076408977,-0.016893216105686646,-1.3795918367346953,-0.12193887087763411,-0.9561224012958727
1563,10006595,NE,STATE,6.274999976158143,-2.725000023841857,9.0,6.19999980926514,5.19999980926514,10.25,6.591666666666668,6.066666666666666,-0.10305375620425673,-0.058266948046071625,-0.1254925414086134,-3.1295918367346953,-0.521938966245064,-1.7061226397144527
1564,10006596,NH,STATE,6.125,-2.875,10.5,5.30000019073486,6.09999990463257,10.366666666666667,5.150000000000001,5.675000000000001,0.010992400661787347,0.022315018887311015,0.06153958429963327,-1.6295918367346953,-1.4219385847753445,-0.8061225443470228
1565,10006597,NH,STATE,6.125,-2.875,10.5,5.30000019073486,6.09999990463257,10.366666666666667,5.150000000000001,5.675000000000001,0.010992400661787347,0.022315018887311015,0.06153958429963327,-1.6295918367346953,-1.4219385847753445,-0.8061225443470228
1566,10006598,NJ,STATE,7.050000071525573,-1.9499999284744272,15.0,6.90000009536743,6.80000019073486,14.558333333333335,6.783333333333334,6.633333333333334,0.03641232719217055,0.01735611791930381,0.02413320334714767,2.8704081632653047,0.17806131985722562,-0.1061222582447332
1567,10006599,NJ,STATE,5.625,-3.375,13.2000002861023,5.64999985694885,5.25,14.558333333333335,6.783333333333334,6.633333333333334,-0.11198505815482579,-0.16860217181886825,-0.20030535855003942,1.070408449367605,-1.0719389185613544,-1.656122448979593
1568,10006612,NM,STATE,4.874999940395355,-4.125000059604645,4.0,3.29999995231628,7.59999990463257,6.25,4.875,5.891666666666667,-0.18549676116766212,-0.23430740747325168,0.24736503741232052,-8.129591836734695,-3.421938823193924,0.6938774556529772
1569,10006613,NV,STATE,10.424999952316302,1.424999952316302,8.10000038146973,6.69999980926514,8.80000019073486,6.733333333333333,6.058333333333334,7.075000000000002,0.11267213823283155,0.09545854215000692,0.24977839641255326,-4.029591455264965,-0.021938966245063973,1.8938777417552668
1570,10006614,NV,STATE,6.600000023841858,-2.399999976158142,6.30000019073486,5.69999980926514,6.5,6.733333333333333,6.058333333333334,7.075000000000002,-0.03572528642605402,-0.053308061265552854,-0.08325945626477568,-5.829591645999836,-1.021938966245064,-0.40612244897959293
1571,10006623,OH,STATE,9.500000238418572,0.500000238418572,17.0,9.60000038146973,9.10000038146973,15.299999999999999,8.083333333333334,7.658333333333332,0.14015310843778925,0.22562940526355496,0.20875202529161785,4.870408163265305,2.878061605959526,2.193877932490137
1572,10006624,OH,STATE,7.27500009536743,-1.7249999046325701,14.5,7.0,7.0,15.299999999999999,8.083333333333334,7.658333333333332,-0.06595440397072423,-0.1611638203668565,-0.09532604412923545,2.3704081632653047,0.27806122448979576,0.09387755102040707
1573,10006633,OK,STATE,9.87500000000001,0.8750000000000107,13.8999996185303,9.39999961853027,9.69999980926514,12.375,7.333333333333333,7.508333333333333,0.12572555111968486,0.30745092364220084,0.3173512332170761,1.7704077817956048,2.6780608430200656,2.7938773602855473
1574,10006636,OK,STATE,8.999999999999996,-3.552713678800501e-15,14.1000003814697,8.5,8.89999961853027,12.375,7.333333333333333,7.508333333333333,0.14221421501138265,0.17356103731815312,0.20151196210002925,1.9704085447350046,1.7780612244897958,1.993877169550677
1575,10006637,OK,STATE,9.150000095367428,0.1500000953674281,15.1000003814697,8.69999980926514,9.19999980926514,12.375,7.333333333333333,7.508333333333333,0.22465721997478805,0.20331432962628782,0.24495170603031485,2.9704085447350046,1.978061033754936,2.2938773602855473
1576,10006639,OR,STATE,6.675000071525567,-2.3249999284744334,7.5,5.80000019073486,5.59999990463257,7.416666666666665,6.133333333333334,6.641666666666667,0.006870250413617238,-0.04958883943020942,-0.1508323621148662,-4.629591836734695,-0.9219385847753445,-1.3061225443470228
1577,10006640,OR,STATE,7.850000023841858,-1.149999976158142,7.90000009536743,6.30000019073486,6.90000009536743,7.416666666666665,6.133333333333334,6.641666666666667,0.03984746026135689,0.024794462277570466,0.0374064361889403,-4.2295917413672655,-0.4219385847753445,-0.006122353612163067
1578,10006648,SC,STATE,6.75,-2.25,16.0,6.90000009536743,6.69999980926514,15.533333333333333,6.816666666666667,6.933333333333334,0.03847340231625586,0.012397231138785167,-0.033786473638715925,3.8704081632653047,0.17806131985722562,-0.20612263971445266
1579,10006664,TN,STATE,7.1812500059604645,-1.8187499940395355,16.4499998092651,7.25,7.09999990463257,16.733333333333334,7.3999999999999995,7.375,-0.02335886713105648,-0.022314990512333887,-0.03981975376183233,4.320407972530406,0.5280612244897958,0.1938774556529772
1580,10006668,WA,STATE,5.700000047683715,-3.299999952316285,7.80000019073486,5.69999980926514,5.80000019073486,7.633333333333333,5.741666666666667,6.425000000000001,0.013740516551989258,-0.0061986368506256285,-0.0904993813652243,-4.329591645999836,-1.021938966245064,-1.1061222582447332
1581,10006669,WA,STATE,7.3250001668930045,-1.6749998331069955,9.39999961853027,7.40000009536743,8.10000038146973,7.633333333333333,5.741666666666667,6.425000000000001,0.14564927731917204,0.24670463151829183,0.24253847131210618,-2.7295922182044254,0.6780613198572256,1.1938779324901372
1582,10006672,VA,STATE,6.574999928474427,-2.425000071525573,14.5,6.59999990463257,6.19999980926514,14.250000000000002,6.6000000000000005,6.516666666666667,0.0206107512408512,-1.4187488696657565e-08,-0.045853061503176085,2.3704081632653047,-0.12193887087763411,-0.7061226397144527
1583,10006673,WV,STATE,7.074999928474427,-1.9250000715255728,16.6000003814697,7.09999990463257,6.69999980926514,15.616666666666672,6.849999999999999,6.616666666666666,0.08106898633019,0.03719163666640151,0.012066560246232939,4.470408544735006,0.3780611291223659,-0.20612263971445266
1584,10006674,WV,STATE,6.699999928474428,-2.300000071525572,13.8000001907349,6.59999990463257,6.5,15.616666666666672,6.849999999999999,6.616666666666666,-0.14977144329209524,-0.03719166504137837,-0.016893223010244224,1.6704083540002053,-0.12193887087763411,-0.40612244897959293
1585,10006675,WY,MULTI,5.337500035762787,-3.662499964237213,7.54999995231628,3.95000004768372,5.14999985694885,6.758333333333333,4.408333333333333,5.175,0.06526737499817345,-0.0681846861383865,-0.0036199970730093002,-4.579591884418416,-2.7719387278264844,-1.756122592030743
1586,10006944,ME,STATE,5.0,-4.0,9.19999980926514,5.0,4.69999980926514,8.283333333333333,4.666666666666667,4.591666666666666,0.07557273882503329,0.049588867805186544,0.01568653660557105,-2.929592027469555,-1.7219387755102042,-2.2061226397144527
1587,10006966,OR,STATE,6.849999964237215,-2.150000035762785,3.90000009536743,4.95000004768372,5.45000004768372,7.416666666666665,6.133333333333334,6.641666666666667,-0.28992455959226465,-0.17604047361466735,-0.17255219955722328,-8.229591741367265,-1.771938727826484,-1.4561224012958727
1588,10006971,VA,STATE,5.824999928474427,-3.175000071525573,15.0,5.90000009536743,5.69999980926514,14.250000000000002,6.6000000000000005,6.516666666666667,0.061832253722553895,-0.1041366082034033,-0.11825258868993731,2.8704081632653047,-0.8219386801427744,-1.2061226397144527
1589,10006979,IL,STATE,8.800000190734865,-0.19999980926513494,16.7000007629395,8.60000038146973,8.60000038146973,16.925,8.616666666666667,8.475,-0.018549613217741342,-0.0024793866403033447,0.018099937033146548,4.570408926204804,1.8780616059595259,1.6938779324901372
1590,10006992,VA,STATE,6.937500029802322,-2.0624999701976776,13.9499998092651,6.69999992847443,6.82500004768372,14.250000000000002,6.6000000000000005,6.516666666666667,-0.02473291721378012,0.014876649700939765,0.04464638200306036,1.820407972530404,-0.021938847035774423,-0.08112240129587267
1591,10007015,NY,STATE,7.500000119209288,-1.4999998807907122,14.8999996185303,7.30000019073486,7.40000009536743,13.350000000000001,6.541666666666667,6.641666666666667,0.12778662624376988,0.11281470263177668,0.10980596337570152,2.7704077817956048,0.5780614152246555,0.49387764638783693
1592,10007020,MN,STATE,5.050000071525572,-3.949999928474428,7.59999990463257,4.59999990463257,4.5,10.450000000000001,6.216666666666666,6.05,-0.23496257200808296,-0.24050602304264346,-0.22443853427895974,-4.529591932102125,-2.121938870877634,-2.406122448979593
