,FACILITYID,STATE,TYPE,pm25_2019_2022_mean,delta_from_naaqs,pm25_1998,pm25_2019,pm25_2022
0,10000004,WV,FEDERAL,7.450000047683712,-1.5499999523162877,16.8333326975505,7.40000009536743,7.23333342870076
1,10000006,WV,FEDERAL,6.887499988079073,-2.112500011920927,15.4499998092651,6.85000014305115,6.69999980926514
2,10000013,WV,STATE,6.866666714350383,-2.133333285649617,15.6333335240682,6.93333339691162,6.46666669845581
3,10000014,WV,STATE,6.674999952316282,-2.3250000476837176,16.0500001907349,6.54999995231628,6.5
4,10000023,WV,FEDERAL,6.09999990463257,-2.90000009536743,14.8000001907349,6.09999990463257,5.69999980926514
5,10000025,WV,STATE,7.649999976158143,-1.350000023841857,16.2999992370605,7.59999990463257,7.30000019073486
6,10000028,WV,STATE,6.412499964237212,-2.5875000357627878,13.6500000953674,6.30000019073486,6.14999985694885
7,10000043,WV,FEDERAL,6.9000000953674325,-2.0999999046325675,14.5,6.85000014305115,6.5
8,10000044,WV,FEDERAL,6.975000023841858,-2.024999976158142,14.5,6.90000009536743,6.59999990463257
9,10000053,WY,STATE,6.72499990463257,-2.27500009536743,9.0,5.30000019073486,6.69999980926514
10,10000055,WY,STATE,5.131250083446499,-3.868749916553501,5.59999990463257,4.04999995231628,4.80000019073486
11,10000056,WY,STATE,5.875,-3.125,6.59999990463257,4.5,5.5
12,10000057,WY,STATE,5.07499998807907,-3.92500001192093,6.90000009536743,3.79999995231628,4.69999980926514
13,10000060,AR,STATE,6.124999880790712,-2.8750001192092878,12.1000003814697,6.09999990463257,6.0
14,10000062,AR,STATE,8.175000071525572,-0.824999928474428,14.8999996185303,8.30000019073486,8.0
15,10000065,AR,STATE,8.362499952316284,-0.6375000476837158,17.2000007629395,8.59999990463257,8.25
16,10000066,AR,STATE,7.89999997615814,-1.1000000238418597,17.1000003814697,8.0,7.90000009536743
17,10000069,AR,STATE,8.550000190734863,-0.4499998092651367,17.7000007629395,8.30000019073486,8.80000019073486
18,10000070,AR,STATE,8.550000190734863,-0.4499998092651367,17.6000003814697,8.30000019073486,8.80000019073486
19,10000075,AR,STATE,7.26250010728836,-1.7374998927116403,15.0500001907349,7.40000009536743,7.30000019073486
20,10000076,AR,STATE,7.52500009536743,-1.4749999046325701,15.3999996185303,7.40000009536743,7.5
21,10000078,AR,STATE,7.800000071525573,-1.1999999284744272,15.6000003814697,7.90000009536743,7.80000019073486
22,10000079,AR,STATE,7.6250001192092896,-1.3749998807907104,15.6000003814697,7.5,7.59999990463257
23,10000080,AR,STATE,7.687500059604645,-1.3124999403953552,15.6500000953674,7.54999995231628,7.70000004768372
24,10000081,AR,STATE,7.825000047683715,-1.174999952316285,15.8000001907349,7.69999980926514,7.80000019073486
25,10000082,AR,STATE,7.662500023841861,-1.3374999761581394,15.6999998092651,7.5,7.70000004768372
26,10000083,AR,STATE,8.124999999999996,-0.8750000000000036,16.5,7.80000019073486,8.0
27,10000084,AR,STATE,8.418750137090685,-0.5812498629093152,16.7249999046326,8.07500016689301,8.40000009536743
28,10000085,AR,STATE,8.100000143051151,-0.899999856948849,15.3000001907349,8.0,8.10000038146973
29,10000087,AR,STATE,8.050000190734865,-0.9499998092651349,14.8999996185303,8.10000038146973,7.90000009536743
30,10000088,AR,STATE,8.024999976158142,-0.9750000238418579,15.1000003814697,8.19999980926514,7.90000009536743
31,10000092,VT,STATE,5.22499990463257,-3.77500009536743,9.30000019073486,5.0,5.09999990463257
32,10000094,VT,STATE,5.3500001430511475,-3.6499998569488525,9.55000019073486,4.80000019073486,5.30000019073486
33,10000095,VT,STATE,5.712500035762785,-3.287499964237215,10.5,5.25,5.75
34,10000098,SC,STATE,6.13749998807907,-2.86250001192093,14.1999998092651,6.09999990463257,6.04999995231628
35,10000099,SC,FEDERAL,6.249999940395358,-2.750000059604642,14.25,6.20000004768372,6.19999980926514
36,10000100,ME,STATE,4.550000071525572,-4.449999928474428,7.90000009536743,4.30000019073486,4.19999980926514
37,10000101,KY,STATE,7.799999952316285,-1.200000047683715,16.6500005722046,7.69999980926514,7.30000019073486
38,10000102,KY,STATE,8.037499964237215,-0.9625000357627851,16.75,7.95000004768372,7.59999990463257
39,10000103,KY,STATE,7.875000119209288,-1.1249998807907122,16.7000007629395,7.80000019073486,7.40000009536743
40,10000106,KY,STATE,7.9250000715255755,-1.0749999284744245,17.3999996185303,7.69999980926514,7.5
41,10000107,KY,STATE,6.34999990463257,-2.65000009536743,14.4499998092651,6.19999980926514,6.09999990463257
42,10000109,KY,FEDERAL,7.82499998807907,-1.1750000119209298,16.6999998092651,7.54999995231628,7.5
43,10000110,KY,STATE,6.425000011920927,-2.574999988079073,14.3499999046326,6.35000014305115,6.15000009536743
44,10000112,KY,STATE,6.662499964237213,-2.337500035762787,14.9500002861023,6.64999985694885,6.5
45,10000115,KY,STATE,6.700000047683716,-2.299999952316284,14.1000003814697,6.59999990463257,6.40000009536743
46,10000116,KY,STATE,7.362500131130219,-1.6374998688697806,15.3000001907349,7.04999995231628,6.95000004768372
47,10000117,KY,STATE,7.574999928474425,-1.4250000715255746,16.7000007629395,7.40000009536743,7.30000019073486
48,10000118,KY,FEDERAL,7.06875005364418,-1.9312499463558197,15.0,6.95000004768372,7.0
49,10000119,KY,FEDERAL,7.050000071525572,-1.949999928474428,15.0,6.90000009536743,7.0
50,10000120,KY,STATE,7.662500023841858,-1.337499976158142,15.75,7.34999990463257,7.5
51,10000121,KY,STATE,7.262499988079073,-1.7375000119209272,14.75,6.95000004768372,7.04999995231628
52,10000122,KY,STATE,6.662499964237211,-2.3375000357627886,15.2000002861023,6.64999985694885,6.59999990463257
53,10000129,AL,STATE,7.524999976158142,-1.475000023841858,15.8000001907349,7.40000009536743,7.59999990463257
54,10000132,AL,STATE,7.574999928474428,-1.425000071525572,16.2000007629395,7.59999990463257,7.59999990463257
55,10000136,AL,FEDERAL,7.218749940395355,-1.7812500596046448,15.3499999046326,7.67499995231628,7.12499988079071
56,10000140,AL,STATE,8.100000023841858,-0.8999999761581421,17.0,8.69999980926514,7.90000009536743
57,10000141,AL,FEDERAL,8.43749988079071,-0.5625001192092896,18.5999994277954,8.89999961853027,8.34999990463257
58,10000142,AL,STATE,7.350000023841857,-1.649999976158143,15.0,7.59999990463257,7.30000019073486
59,10000143,AL,STATE,7.100000023841858,-1.899999976158142,15.6500000953674,7.5,6.90000009536743
60,10000144,AL,STATE,7.100000023841858,-1.899999976158142,15.25,7.5,6.84999990463257
61,10000146,AL,STATE,7.037499964237212,-1.9625000357627878,12.5,7.04999995231628,6.75
62,10000149,AL,STATE,7.237500071525575,-1.7624999284744254,13.5,7.30000019073486,6.95000004768372
63,10000150,AL,STATE,8.625000238418579,-0.3749997615814209,14.1000003814697,8.60000038146973,8.5
64,10000151,TX,STATE,4.3375000059604645,-4.6624999940395355,4.90000009536743,3.35000002384186,4.30000019073486
65,10000152,TX,STATE,6.175000011920925,-2.8249999880790746,7.40000009536743,5.30000019073486,6.54999995231628
66,10000154,TX,STATE,6.349999944368999,-2.6500000556310006,8.26666673024496,5.56666660308838,6.59999990463257
67,10000155,TX,STATE,5.300000071525572,-3.699999928474428,5.19999980926514,4.80000019073486,5.30000019073486
68,10000156,TX,STATE,5.662499964237212,-3.3375000357627878,5.14999985694885,5.25,5.54999995231628
69,10000157,TX,STATE,6.049999952316286,-2.950000047683714,9.0,5.59999990463257,5.90000009536743
70,10000159,TX,FEDERAL,5.425000071525572,-3.574999928474428,5.69999980926514,4.5,5.80000019073486
71,10000160,TX,STATE,5.600000023841858,-3.399999976158142,5.95000004768372,5.29999995231628,5.90000009536743
72,10000161,TX,STATE,7.024999976158143,-1.975000023841857,12.3000001907349,7.0,6.80000019073486
73,10000163,TX,FEDERAL,7.733333349227902,-1.2666666507720983,13.733333269755,7.33333349227905,7.59999990463257
74,10000165,TX,FEDERAL,7.949999988079073,-1.0500000119209272,13.9500002861023,7.70000004768372,7.5
75,10000172,TX,FEDERAL,7.925000071525573,-1.0749999284744272,13.8999996185303,7.69999980926514,7.80000019073486
76,10000174,TX,STATE,5.399999856948855,-3.600000143051145,5.19999980926514,5.19999980926514,5.69999980926514
77,10000175,TX,STATE,6.999999880790713,-2.000000119209287,6.90000009536743,6.90000009536743,7.19999980926514
78,10000176,TX,STATE,6.725000023841858,-2.274999976158142,6.90000009536743,6.59999990463257,6.90000009536743
79,10000178,TX,STATE,7.325000047683716,-1.6749999523162842,12.5,6.90000009536743,7.40000009536743
80,10000180,TX,STATE,5.625000059604647,-3.3749999403953526,5.30000019073486,5.45000004768372,5.95000004768372
81,10000182,TX,FEDERAL,6.712500005960463,-2.2874999940395373,7.19999992847443,6.30000007152557,7.29999995231628
82,10000183,TX,STATE,6.75,-2.25,11.8999996185303,6.59999990463257,6.69999980926514
83,10000184,TX,STATE,6.812499940395353,-2.1875000596046474,12.0999999046326,6.79999995231628,6.64999985694885
84,10000185,TX,STATE,6.875000119209287,-2.124999880790713,11.8000001907349,6.90000009536743,6.80000019073486
85,10000186,TX,STATE,7.324999928474427,-1.6750000715255728,12.6000003814697,7.19999980926514,7.19999980926514
86,10000187,TX,STATE,7.24999996026357,-1.7500000397364301,12.2333335876465,7.13333320617676,7.16666650772095
87,10000190,TX,STATE,6.475000023841858,-2.524999976158142,11.4499998092651,6.40000009536743,6.34999990463257
88,10000191,TX,FEDERAL,6.16249996423721,-2.8375000357627904,8.94999980926514,5.64999985694885,6.04999995231628
89,10000192,TX,MULTI,9.462499976158142,0.4624999761581421,9.80000019073486,8.34999990463257,10.5
90,10000193,TX,MULTI,9.39999985694886,0.39999985694885964,9.80000019073486,8.30000019073486,10.3999996185303
91,10000194,TX,STATE,5.712499976158142,-3.287500023841858,11.2000002861023,5.45000004768372,5.70000004768372
92,10000195,TX,STATE,6.056250065565113,-2.943749934434887,11.5249998569489,5.85000014305115,6.07499992847443
93,10000196,TX,STATE,5.649999976158142,-3.350000023841858,10.9500002861023,5.5,5.64999985694885
94,10000197,TX,STATE,7.7750000953674325,-1.2249999046325675,12.1999998092651,7.69999980926514,7.80000019073486
95,10000198,TX,STATE,7.7750000953674325,-1.2249999046325675,12.1999998092651,7.69999980926514,7.80000019073486
96,10000199,TX,STATE,5.999999999999997,-3.0000000000000027,8.59999990463257,6.0,5.79999995231628
97,10000200,TX,STATE,7.21249997615814,-1.7875000238418597,19.3999996185303,6.64999985694885,8.40000009536743
98,10000203,TX,STATE,6.231249988079073,-2.768750011920927,15.2000000476837,5.97499990463257,6.94999992847443
99,10000204,TX,STATE,7.574999928474428,-1.425000071525572,12.3999996185303,7.69999980926514,7.5
100,10000205,TX,STATE,7.712499976158139,-1.2875000238418606,12.8500003814697,7.65000009536743,7.79999995231628
101,10000206,TX,STATE,7.008333325386047,-1.9916666746139526,12.766666730245,6.93333339691162,7.03333330154419
102,10000208,TX,STATE,7.124999880790712,-1.8750001192092878,12.0,7.09999990463257,7.09999990463257
103,10000209,TX,STATE,7.950000047683718,-1.0499999523162824,12.6999998092651,7.69999980926514,8.10000038146973
104,10000210,TX,STATE,7.800000071525572,-1.199999928474428,12.8000001907349,7.59999990463257,7.90000009536743
105,10000211,TX,STATE,7.7750000953674325,-1.2249999046325675,12.8000001907349,7.59999990463257,7.85000014305115
106,10000212,TX,STATE,7.8999998569488525,-1.1000001430511475,13.0,7.69999980926514,8.0
107,10000213,TX,STATE,7.59999990463257,-1.4000000953674299,12.0,7.5,7.69999980926514
108,10000215,TX,STATE,7.57499998807907,-1.4250000119209298,12.7999997138977,7.45000004768372,7.64999985694885
109,10000216,TX,STATE,6.8062500357627895,-2.1937499642372105,12.7250001430511,6.82500004768372,6.82500004768372
110,10000219,TX,FEDERAL,6.474999964237215,-2.525000035762785,12.3499999046326,6.59999990463257,6.5
111,10000220,TX,STATE,6.768750011920928,-2.231249988079072,12.9250001907349,6.85000014305115,6.67499995231628
112,10000224,TX,STATE,7.65000009536743,-1.3499999046325701,13.3000001907349,7.40000009536743,7.80000019073486
113,10000225,TX,STATE,7.274999976158142,-1.725000023841858,11.6000003814697,7.09999990463257,7.40000009536743
114,10000226,TX,FEDERAL,6.291666626930238,-2.7083333730697623,11.4333333969116,6.33333333333333,6.23333326975505
115,10000228,TX,STATE,6.974999964237213,-2.025000035762787,11.9499998092651,7.04999995231628,6.90000009536743
116,10000229,TX,STATE,8.225000063578287,-0.7749999364217128,14.1000000635783,8.06666660308838,8.33333333333333
117,10000234,TX,STATE,8.09166669845581,-0.9083333015441895,14.266666730245,7.96666685740153,8.26666641235352
118,10000237,TX,STATE,7.0,-2.0,11.0,7.09999990463257,7.0
119,10000238,TX,STATE,7.049999952316284,-1.9500000476837158,11.0,7.09999990463257,7.09999990463257
120,10000241,TX,STATE,6.58124992251396,-2.41875007748604,12.2250001430511,6.40000009536743,6.64999985694885
121,10000242,TX,STATE,6.499999940395352,-2.5000000596046483,12.1000003814697,6.29999995231628,6.59999990463257
122,10000243,TX,STATE,6.812499940395355,-2.1875000596046448,12.4499998092651,6.5,6.94999980926514
123,10000244,TX,STATE,6.40000009536743,-2.59999990463257,12.3000001907349,6.30000019073486,6.5
124,10000245,TX,STATE,6.69999998807907,-2.30000001192093,12.1500000953674,6.5,6.79999995231628
125,10000246,TX,STATE,7.03333330154419,-1.9666666984558097,12.6666666666667,6.83333349227905,7.16666650772095
126,10000247,TX,STATE,6.200000017881395,-2.799999982118605,7.45000004768372,6.09999990463257,6.25000011920929
127,10000248,TX,STATE,6.887500047683715,-2.112499952316285,12.0500001907349,6.80000019073486,6.95000004768372
128,10000252,TX,STATE,7.350000023841857,-1.649999976158143,12.8999996185303,7.59999990463257,6.80000019073486
129,10000257,OR,STATE,5.99999996026357,-3.00000003973643,5.63333320617676,4.86666679382324,4.73333326975505
130,10000258,NV,STATE,5.4375,-3.5625,3.20000004768372,4.25,4.95000004768372
131,10000260,NV,STATE,10.35000002384188,1.3500000238418792,8.39999961853027,6.59999990463257,8.69999980926514
132,10000261,NV,STATE,8.325000047683718,-0.6749999523162824,7.19999980926514,7.19999980926514,8.60000038146973
133,10000262,MN,STATE,6.125,-2.875,10.5,5.80000019073486,5.59999990463257
134,10000263,MN,FEDERAL,6.062499940395358,-2.937500059604642,10.8499999046326,5.69999980926514,5.69999980926514
135,10000264,MI,STATE,4.366666654745737,-4.633333345254263,6.69999980926514,3.83333341280619,4.03333330154419
136,10000267,MI,STATE,5.637499988079073,-3.362500011920927,10.5,5.20000004768372,5.34999990463257
137,10000269,MI,STATE,7.149999856948852,-1.8500001430511483,12.0999999046326,6.69999980926514,7.14999985694885
138,10000272,MI,STATE,6.675000011920931,-2.3249999880790693,13.0500001907349,6.35000014305115,6.5
139,10000273,MI,STATE,6.600000023841858,-2.399999976158142,13.0,6.30000019073486,6.40000009536743
140,10000274,MI,STATE,8.143749952316284,-0.8562500476837158,13.0,7.75,8.22499990463257
141,10000275,MI,FEDERAL,7.587500035762787,-1.4124999642372131,13.75,7.35000014305115,7.5
142,10000277,MI,STATE,7.250000059604645,-1.7499999403953552,12.1499998569489,6.92500007152557,7.25
143,10000278,MI,STATE,7.200000047683715,-1.799999952316285,12.1999998092651,6.90000009536743,7.19999980926514
144,10000281,MA,STATE,6.050000071525572,-2.949999928474428,11.5,5.5,5.90000009536743
145,10000282,MA,STATE,6.500000119209288,-2.4999998807907122,11.6999998092651,5.90000009536743,6.40000009536743
146,10000283,GA,STATE,7.049999952316284,-1.9500000476837158,18.0500001907349,7.19999980926514,7.09999990463257
147,10000284,GA,STATE,7.374999880790712,-1.6250001192092878,17.0,7.69999980926514,7.40000009536743
148,10000285,GA,FEDERAL,8.83333333333333,-0.16666666666666963,18.7333329518636,9.03333346048991,8.73333326975504
149,10000292,GA,STATE,8.974999904632568,-0.02500009536743164,19.0,9.10000038146973,8.89999961853027
150,10000296,GA,STATE,7.699999928474428,-1.300000071525572,16.5,8.19999980926514,7.59999990463257
151,10000297,GA,STATE,6.8500001430511475,-2.1499998569488525,15.6500000953674,6.90000009536743,6.85000014305115
152,10000298,GA,STATE,7.362499982118607,-1.6375000178813934,16.025000333786,7.52499997615814,7.35000002384186
153,10000303,GA,STATE,6.75,-2.25,16.6000003814697,6.90000009536743,6.59999990463257
154,10000304,GA,STATE,8.075000047683716,-0.9249999523162842,18.6000003814697,8.5,7.90000009536743
155,10000307,GA,STATE,7.012499988079069,-1.9875000119209307,17.0500001907349,7.14999985694885,6.90000009536743
156,10000308,GA,STATE,6.950000047683715,-2.049999952316285,15.8999996185303,7.30000019073486,6.69999980926514
157,10000309,GA,STATE,6.950000047683715,-2.049999952316285,15.3000001907349,7.0,6.80000019073486
158,10000310,GA,STATE,7.081250011920931,-1.9187499880790693,16.3000001907349,7.32500004768372,6.875
159,10000313,GA,STATE,7.9750001430511475,-1.0249998569488525,15.3999996185303,8.10000038146973,8.0
160,10000314,GA,STATE,8.274999856948853,-0.7250001430511475,15.3999996185303,8.19999980926514,8.39999961853027
161,10000315,GA,FEDERAL,7.108333349227905,-1.8916666507720947,17.3666667938232,7.36666679382324,7.0
162,10000316,GA,STATE,7.137500107288361,-1.8624998927116394,16.7999992370605,7.35000014305115,7.0
163,10000318,GA,STATE,7.1875,-1.8125,17.6499996185303,7.34999990463257,7.09999990463257
164,10000319,GA,FEDERAL,7.087500035762788,-1.9124999642372122,15.5999999046326,7.09999990463257,7.04999995231628
165,10000320,GA,FEDERAL,7.02500009536743,-1.9749999046325701,15.5,7.0,7.0
166,10000323,GA,STATE,7.600000023841858,-1.399999976158142,16.6000003814697,7.69999980926514,7.59999990463257
167,10000325,GA,STATE,7.825000047683715,-1.174999952316285,17.0500001907349,8.05000019073486,7.70000004768372
168,10000327,GA,FEDERAL,6.837500095367435,-2.162499904632565,14.3499999046326,6.70000004768372,6.95000004768372
169,10000328,GA,STATE,7.787500023841858,-1.212499976158142,16.9499998092651,7.79999995231628,7.85000014305115
170,10000329,GA,STATE,8.025000095367432,-0.9749999046325684,17.1000003814697,8.0,8.10000038146973
171,10000330,FL,FEDERAL,7.5,-1.5,13.8000001907349,7.40000009536743,7.30000019073486
172,10000332,FL,STATE,7.02500009536743,-1.9749999046325701,13.6000003814697,7.0,6.90000009536743
173,10000333,FL,STATE,6.975000083446505,-2.0249999165534946,13.5,6.95000004768372,6.85000014305115
174,10000334,FL,STATE,7.574999988079073,-1.4250000119209272,14.5999999046326,7.5,7.44999980926514
175,10000335,FL,STATE,8.000000059604645,-0.9999999403953552,14.6999998092651,7.85000014305115,7.90000009536743
176,10000336,FL,STATE,7.700000047683715,-1.299999952316285,13.6999998092651,7.5,7.55000019073486
177,10000337,FL,STATE,7.583333373069763,-1.4166666269302368,13.766666730245,7.40000009536743,7.40000009536743
178,10000338,FL,FEDERAL,7.462500035762785,-1.537499964237215,13.8000001907349,7.29999995231628,7.30000019073486
179,10000339,FL,STATE,8.325000286102298,-0.6749997138977015,12.6000003814697,8.10000038146973,8.10000038146973
180,10000345,FL,STATE,7.675000071525572,-1.324999928474428,13.3000001907349,7.40000009536743,7.5
181,10000356,FL,STATE,7.8874999880790675,-1.1125000119209325,13.8499999046326,7.79999995231628,7.79999995231628
182,10000357,FL,STATE,7.862500131130218,-1.1374998688697824,13.7000002861023,7.85000014305115,7.80000019073486
183,10000360,FL,STATE,8.025000095367433,-0.9749999046325666,13.6500000953674,8.00000023841858,7.90000009536743
184,10000361,FL,STATE,8.100000143051147,-0.8999998569488525,13.6999998092651,8.10000038146973,8.0
185,10000365,FL,STATE,7.737500011920927,-1.2624999880790728,13.2750000953674,7.54999995231628,7.72499990463257
186,10000368,FL,STATE,7.712499976158143,-1.287500023841857,13.25,7.54999995231628,7.69999980926514
187,10000369,FL,STATE,7.77500009536743,-1.2249999046325701,13.5,7.5,7.75
188,10000370,FL,STATE,8.362500071525572,-0.637499928474428,14.0,8.09999990463257,8.40000009536743
189,10000374,FL,STATE,7.575000047683714,-1.424999952316286,13.8000001907349,7.30000019073486,7.59999990463257
190,10000375,FL,FEDERAL,7.924999952316285,-1.075000047683715,14.1999998092651,7.59999990463257,8.0
191,10000378,FL,STATE,7.018749952316282,-1.9812500476837176,13.6749999523163,6.79999995231628,7.02499985694885
192,10000381,FL,STATE,6.55833335717519,-2.44166664282481,13.9666665395101,6.5,6.5
193,10000382,FL,STATE,6.649999976158142,-2.350000023841858,14.0,6.59999990463257,6.59999990463257
194,10000384,FL,STATE,7.287500023841861,-1.7124999761581394,15.2000002861023,7.19999980926514,7.35000014305115
195,10000385,FL,STATE,7.25,-1.75,15.2000002861023,7.19999980926514,7.30000019073486
196,10000386,FL,STATE,7.25,-1.75,15.2000002861023,7.19999980926514,7.30000019073486
197,10000387,FL,STATE,7.52500009536743,-1.4749999046325701,12.6000003814697,7.30000019073486,7.40000009536743
198,10000388,FL,STATE,7.587500095367435,-1.4124999046325648,12.6500000953674,7.35000014305115,7.45000004768372
199,10000391,FL,STATE,7.674999952316285,-1.325000047683715,12.3000001907349,7.59999990463257,7.5
200,10000392,FL,STATE,7.662499964237212,-1.3375000357627878,12.3499999046326,7.54999995231628,7.5
201,10000393,FL,STATE,7.175000071525575,-1.8249999284744254,14.5500001907349,7.20000004768372,7.20000004768372
202,10000394,FL,STATE,7.350000143051146,-1.6499998569488543,14.6000003814697,7.40000009536743,7.40000009536743
203,10000395,FL,STATE,7.1916668017705305,-1.8083331982294695,14.4333333969116,7.20000012715658,7.23333342870076
204,10000396,FL,STATE,7.0,-2.0,14.5,7.0,7.0
205,10000400,FL,STATE,6.800000071525572,-2.199999928474428,14.8999996185303,6.5,7.0
206,10000402,FL,STATE,7.375000119209288,-1.6249998807907122,13.6999998092651,7.30000019073486,7.5
207,10000403,FL,STATE,7.3375000953674325,-1.6624999046325675,13.7999997138977,7.25,7.45000004768372
208,10000405,FL,STATE,6.90000009536743,-2.09999990463257,14.8999996185303,6.90000009536743,6.90000009536743
209,10000407,FL,STATE,7.8250001668930045,-1.1749998331069955,14.3000001907349,7.59999990463257,7.80000019073486
210,10000409,FL,STATE,7.450000047683716,-1.5499999523162842,14.8999996185303,7.40000009536743,7.40000009536743
211,10000410,FL,STATE,7.412500083446503,-1.5874999165534973,14.9499998092651,7.40000009536743,7.35000014305115
212,10000411,FL,STATE,6.874999880790713,-2.125000119209287,12.6999998092651,6.69999980926514,6.69999980926514
213,10000412,FL,STATE,6.887499928474427,-2.112500071525573,12.5999999046326,6.75,6.69999980926514
214,10000413,FL,STATE,7.87500011920929,-1.1249998807907096,13.6999998092651,7.40000009536743,7.80000019073486
215,10000414,FL,STATE,6.624999880790713,-2.375000119209287,14.0,6.59999990463257,6.69999980926514
216,10000416,FL,STATE,7.137499988079072,-1.862500011920928,13.8999996185303,7.14999985694885,7.20000004768372
217,10000417,FL,STATE,7.325000047683716,-1.6749999523162842,13.8000001907349,7.30000019073486,7.40000009536743
218,10000418,FL,STATE,6.8499999046325675,-2.1500000953674325,14.1000001430511,6.77499997615814,6.94999980926514
219,10000419,FL,STATE,6.8499999046325675,-2.1500000953674325,14.1500000953674,6.75,6.94999980926514
220,10000420,FL,STATE,7.124999880790713,-1.8750001192092869,14.1000003814697,7.09999990463257,7.19999980926514
221,10000422,FL,STATE,7.937500059604645,-1.0624999403953552,15.2999997138977,7.40000009536743,7.95000004768372
222,10000424,FL,STATE,7.44999998807907,-1.5500000119209298,13.5,7.45000004768372,7.54999995231628
223,10000426,FL,STATE,7.487499952316284,-1.5125000476837158,13.9000000953674,7.45000004768372,7.59999990463257
224,10000428,FL,STATE,6.9124999046325675,-2.0875000953674325,14.7000002861023,7.04999995231628,6.89999985694885
225,10000429,FL,STATE,7.074999928474428,-1.925000071525572,14.8000001907349,7.19999980926514,7.09999990463257
226,10000430,FL,STATE,7.625,-1.375,12.8999996185303,7.69999980926514,7.59999990463257
227,10000432,FL,STATE,7.112500011920927,-1.8874999880790728,14.5500001907349,7.20000004768372,7.15000009536743
228,10000433,FL,STATE,7.25,-1.75,14.6000003814697,7.40000009536743,7.30000019073486
229,10000437,FL,STATE,6.375,-2.625,13.5,6.43333339691162,6.30000003178914
230,10000438,FL,STATE,6.38749998807907,-2.61250001192093,13.5,6.45000004768372,6.29999995231628
231,10000440,FL,STATE,6.61250001192093,-2.38749998807907,13.75,6.70000004768372,6.54999995231628
232,10000441,FL,STATE,6.825000047683715,-2.174999952316285,13.8000001907349,6.80000019073486,6.80000019073486
233,10000444,FL,STATE,6.7249999046325675,-2.2750000953674325,12.75,6.5,6.69999980926514
234,10000445,FL,STATE,6.674999952316285,-2.325000047683715,12.6999998092651,6.45000004768372,6.64999985694885
235,10000450,FL,STATE,6.350000023841857,-2.649999976158143,12.3999996185303,6.19999980926514,6.30000019073486
236,10000453,FL,STATE,7.025000035762788,-1.9749999642372122,11.5,6.75,7.0
237,10000455,FL,STATE,6.59999990463257,-2.40000009536743,11.6999998092651,6.59999990463257,6.5
238,10000456,FL,FEDERAL,7.300000071525573,-1.6999999284744272,12.3999996185303,7.09999990463257,7.30000019073486
239,10000457,FL,STATE,6.59999990463257,-2.40000009536743,11.6999998092651,6.59999990463257,6.5
240,10000460,FL,STATE,7.325000047683715,-1.674999952316285,11.8999996185303,7.0,7.30000019073486
241,10000461,FL,STATE,8.212500154972076,-0.7874998450279236,13.0,7.95000004768372,8.30000019073486
242,10000465,FL,STATE,6.850000023841857,-2.149999976158143,12.8000001907349,6.80000019073486,6.69999980926514
243,10000467,FL,STATE,7.843750029802322,-1.1562499701976776,12.75,7.70000004768372,7.75
244,10000473,FL,STATE,7.575000047683715,-1.424999952316285,11.9499998092651,7.45000004768372,7.5
245,10000474,FL,STATE,7.600000023841858,-1.399999976158142,12.0,7.5,7.5
246,10000479,FL,STATE,8.950000286102298,-0.049999713897701525,12.1999998092651,8.60000038146973,9.0
247,10000480,FL,STATE,7.024999976158142,-1.975000023841858,12.3999996185303,6.80000019073486,7.0
248,10000492,FL,STATE,7.5,-1.5,12.3000001907349,7.40000009536743,7.40000009536743
249,10000494,FL,STATE,7.30000001192093,-1.6999999880790702,12.2000002861023,7.25,7.25
250,10000495,FL,STATE,5.374999880790712,-3.6250001192092878,11.0,5.09999990463257,5.09999990463257
251,10000502,FL,STATE,6.537499964237215,-2.462500035762785,10.3999996185303,6.35000014305115,6.45000004768372
252,10000503,FL,STATE,6.574999928474428,-2.425000071525572,10.3999996185303,6.40000009536743,6.5
253,10000504,FL,STATE,6.574999928474428,-2.425000071525572,10.3999996185303,6.40000009536743,6.5
254,10000507,FL,STATE,5.850000023841857,-3.149999976158143,11.1000003814697,5.59999990463257,5.80000019073486
255,10000508,FL,STATE,5.924999833106997,-3.0750001668930027,11.8000001907349,5.59999990463257,5.69999980926514
256,10000509,FL,STATE,6.15000009536743,-2.84999990463257,11.6999998092651,5.80000019073486,6.0
257,10000510,FL,STATE,6.3125,-2.6875,11.6500000953674,6.0,6.25
258,10000512,FL,STATE,7.100000023841858,-1.899999976158142,11.3000001907349,6.95000004768372,7.04999995231628
259,10000518,FL,STATE,8.024999856948853,-0.9750001430511475,13.5,7.69999980926514,7.80000019073486
260,10000519,FL,STATE,8.024999856948853,-0.9750001430511475,13.5,7.69999980926514,7.80000019073486
261,10000525,FL,STATE,7.675000071525573,-1.3249999284744272,11.6999998092651,7.40000009536743,7.69999980926514
262,10000533,FL,STATE,6.90000009536743,-2.09999990463257,13.0,6.5,7.0
263,10000542,FL,FEDERAL,7.233333349227905,-1.7666666507720947,12.1999998092651,6.86666679382324,7.19999996821086
264,10000545,FL,STATE,6.649999976158142,-2.350000023841858,11.6999998092651,6.40000009536743,6.59999990463257
265,10000546,FL,STATE,6.612500011920927,-2.387499988079073,11.6999998092651,6.40000009536743,6.54999995231628
266,10000547,FL,STATE,8.450000047683716,-0.5499999523162842,11.5,8.0,8.5
267,10000548,FL,STATE,8.487500071525572,-0.512499928474428,11.5999999046326,8.0,8.55000019073486
268,10000550,FL,FEDERAL,7.149999976158142,-1.850000023841858,12.1999998092651,6.80000019073486,7.09999990463257
269,10000554,CO,STATE,5.233333428700762,-3.766666571299238,6.59999990463257,4.33333349227905,4.76666673024495
270,10000557,CO,STATE,4.60833332935969,-4.39166667064031,4.93333339691162,3.66666666666667,3.96666661898295
271,10000560,CO,STATE,7.71250009536743,-1.2874999046325701,7.54999995231628,7.25,6.90000009536743
272,10000561,CO,STATE,7.71250009536743,-1.2874999046325701,7.54999995231628,7.25,6.90000009536743
273,10000563,CO,STATE,6.899999976158142,-2.100000023841858,7.19999980926514,6.40000009536743,5.90000009536743
274,10000565,CO,STATE,5.649999976158143,-3.350000023841857,6.59999990463257,4.90000009536743,5.69999980926514
275,10000567,CO,STATE,4.649999976158145,-4.350000023841855,6.0,4.09999990463257,4.45000004768372
276,10000569,CO,STATE,5.666666746139525,-3.3333332538604754,5.40000009536743,4.83333349227905,5.30000019073486
277,10000573,CO,STATE,4.950000047683715,-4.049999952316285,5.06666660308838,4.59999990463257,4.40000009536743
278,10000575,CO,STATE,5.218750089406965,-3.7812499105930346,5.87500011920929,4.80000007152557,4.77500009536743
279,10000576,CO,STATE,5.200000047683715,-3.799999952316285,5.85000014305115,4.75,4.75
280,10000577,CO,STATE,5.158333301544193,-3.841666698455807,5.90000009536743,4.73333326975505,4.73333326975505
281,10000578,CO,STATE,5.458333253860475,-3.5416667461395246,5.76666673024495,5.13333320617676,4.93333339691162
282,10000579,CO,FEDERAL,5.174999952316285,-3.825000047683715,6.19999980926514,4.69999980926514,4.69999980926514
283,10000580,CO,FEDERAL,5.149999976158142,-3.850000023841858,6.13333320617676,4.69999980926514,4.69999980926514
284,10000581,CO,FEDERAL,5.162499964237215,-3.837500035762785,6.19999980926514,4.69999980926514,4.69999980926514
285,10000582,CO,FEDERAL,5.149999976158142,-3.850000023841858,6.09999990463257,4.69999980926514,4.69999980926514
286,10000585,CO,STATE,4.437499910593033,-4.562500089406967,6.59999990463257,3.85000002384186,4.14999985694885
287,10000586,CO,STATE,5.899999976158143,-3.100000023841857,7.59999990463257,5.30000019073486,5.69999980926514
288,10000587,CO,STATE,6.024999976158142,-2.975000023841858,7.54999995231628,5.45000004768372,5.75
289,10000593,CO,STATE,4.137500107288361,-4.862499892711639,6.19999980926514,3.5,3.90000009536743
290,10000595,AZ,STATE,3.724999994039535,-5.2750000059604645,4.30000019073486,3.45000004768372,3.54999995231628
291,10000598,AZ,STATE,6.437499940395355,-2.5625000596046448,5.57499992847443,5.75,6.25
292,10000600,AZ,STATE,4.812499940395355,-4.187500059604645,3.70000004768372,4.14999985694885,4.5
293,10000601,AZ,FEDERAL,7.612500011920931,-1.3874999880790693,8.25,6.70000004768372,7.5
294,10000603,AZ,FEDERAL,7.725000023841858,-1.274999976158142,8.19999980926514,6.80000019073486,7.59999990463257
295,10000605,AZ,STATE,9.512500047683718,0.5125000476837176,16.8499994277954,8.60000038146973,9.54999971389771
296,10000606,AZ,STATE,12.050000190734876,3.0500001907348757,14.8999996185303,10.8000001907349,12.0
297,10000613,AZ,FEDERAL,5.824999928474428,-3.175000071525572,5.19999980926514,5.19999980926514,5.59999990463257
298,10000615,AZ,STATE,7.183333396911619,-1.8166666030883807,8.69999980926514,6.20000012715658,6.73333342870076
299,10000618,AZ,STATE,7.225000023841857,-1.774999976158143,9.30000019073486,6.30000019073486,6.69999980926514
300,10000619,AZ,MULTI,7.149999976158143,-1.850000023841857,9.5,6.19999980926514,6.69999980926514
301,10000622,AZ,STATE,7.312500059604647,-1.6874999403953526,10.75,6.45000004768372,7.75
302,10000624,AZ,FEDERAL,5.42500001192093,-3.57499998807907,5.85000014305115,4.65000009536743,5.35000014305115
303,10000626,AZ,STATE,5.299999952316284,-3.700000047683716,5.69999980926514,4.40000009536743,5.09999990463257
304,10000627,AZ,FEDERAL,5.087499976158142,-3.912500023841858,5.80000019073486,4.25,5.09999990463257
305,10000628,AZ,STATE,4.850000023841858,-4.149999976158142,5.5,4.09999990463257,4.80000019073486
306,10000632,AZ,STATE,5.056249976158142,-3.943750023841858,5.35000002384186,4.52499997615814,4.75
307,10000633,IL,FEDERAL,8.400000035762787,-0.5999999642372131,15.5499997138977,8.34999990463257,7.95000004768372
308,10000635,IL,STATE,9.100000143051151,0.10000014305115101,18.7999992370605,9.10000038146973,8.60000038146973
309,10000636,IL,STATE,9.125,0.125,18.7999992370605,9.0,8.69999980926514
310,10000638,IL,STATE,8.774999856948853,-0.22500014305114746,16.6000003814697,8.5,8.5
311,10000642,IL,STATE,7.69166664282481,-1.30833335717519,14.233333269755,7.53333330154419,7.06666660308838
312,10000644,IL,STATE,8.71250021457672,-0.2874997854232806,16.0500001907349,8.65000009536743,8.30000019073486
313,10000646,IL,STATE,9.612499952316293,0.6124999523162931,17.5,9.30000019073486,9.34999990463257
314,10000647,IL,STATE,9.76250004768371,0.7625000476837105,17.7000007629395,9.60000038146973,9.44999980926514
315,10000652,IL,STATE,7.600000023841857,-1.399999976158143,14.8999996185303,7.40000009536743,7.19999980926514
316,10000653,IL,STATE,8.09999990463257,-0.9000000953674299,15.0999999046326,7.95000004768372,7.85000014305115
317,10000655,IL,STATE,7.874999940395358,-1.125000059604642,15.5999999046326,7.59999990463257,7.70000004768372
318,10000657,IL,STATE,8.47499990463257,-0.5250000953674299,15.8000001907349,8.30000019073486,8.19999980926514
319,10000658,IL,FEDERAL,8.150000095367433,-0.8499999046325666,15.25,7.95000004768372,7.95000004768372
320,10000659,IL,FEDERAL,8.212500035762787,-0.7874999642372131,15.75,8.0,8.05000019073486
321,10000660,IL,STATE,8.300000190734865,-0.6999998092651349,14.8999996185303,8.0,8.10000038146973
322,10000662,IL,STATE,8.787500023841858,-0.2124999761581421,16.25,8.80000019073486,8.55000019073486
323,10000664,IL,STATE,7.625,-1.375,14.974999666214,7.42500007152557,7.27499997615814
324,10000665,IL,STATE,7.8083333174387635,-1.1916666825612365,15.233333269755,7.53333330154419,7.53333346048991
325,10000667,IL,STATE,8.649999856948853,-0.35000014305114746,14.8000001907349,8.19999980926514,8.60000038146973
326,10000669,IL,STATE,9.099999904632565,0.0999999046325648,17.0,8.89999961853027,8.80000019073486
327,10000671,IL,STATE,8.175000190734863,-0.8249998092651367,15.1000003814697,8.0,8.10000038146973
328,10000672,IL,STATE,8.262500107288357,-0.737499892711643,14.8499999046326,7.95000028610229,8.04999995231628
329,10000673,IL,STATE,7.649999976158139,-1.3500000238418606,15.6000003814697,7.5,7.30000019073486
330,10000674,IL,STATE,8.300000190734865,-0.6999998092651349,16.1000003814697,8.10000038146973,8.0
331,10000676,IL,STATE,7.849999904632567,-1.1500000953674334,14.8999996185303,7.80000019073486,7.59999990463257
332,10000677,IL,STATE,8.150000095367433,-0.8499999046325666,16.2000007629395,8.00000023841858,7.95000004768372
333,10000678,IL,STATE,8.474999964237215,-0.5250000357627851,15.8500003814697,8.34999990463257,8.34999990463257
334,10000679,IL,FEDERAL,8.537500023841858,-0.4624999761581421,16.1000003814697,8.5,8.30000019073486
335,10000680,IL,FEDERAL,8.525000095367432,-0.47499990463256836,15.9499998092651,8.5,8.30000019073486
336,10000682,IL,STATE,8.362500071525572,-0.637499928474428,16.1500005722046,8.09999990463257,8.20000028610229
337,10000683,IL,STATE,8.287500023841858,-0.7124999761581421,17.3999996185303,8.25,8.10000038146973
338,10000685,IL,STATE,9.149999976158142,0.1499999761581421,17.8000001907349,8.94999980926514,8.95000028610229
339,10000687,IL,STATE,7.724999964237212,-1.2750000357627878,15.6500000953674,7.59999990463257,7.54999995231628
340,10000688,IL,STATE,8.050000190734863,-0.9499998092651367,16.3999996185303,7.90000009536743,7.80000019073486
341,10000689,IL,STATE,8.175000071525572,-0.824999928474428,16.2999992370605,7.90000009536743,8.0
342,10000694,IL,FEDERAL,6.649999976158142,-2.350000023841858,14.6999998092651,6.5,6.40000009536743
343,10000695,IL,STATE,7.012500047683715,-1.987499952316285,14.6500000953674,6.75,6.80000019073486
344,10000696,IL,STATE,6.9375,-2.0625,14.6000003814697,6.75,6.70000004768372
345,10000699,DE,STATE,8.175000011920927,-0.8249999880790728,15.6999998092651,8.15000009536743,7.95000028610229
346,10000701,DE,STATE,8.12500011920929,-0.8749998807907104,15.6999998092651,8.10000038146973,7.90000009536743
347,10000704,DE,STATE,6.5,-2.5,15.3999996185303,6.5,6.09999990463257
348,10000706,DE,STATE,6.225000023841858,-2.774999976158142,15.3999996185303,6.40000009536743,5.90000009536743
349,10000707,DE,STATE,6.17500001192093,-2.82499998807907,15.4499998092651,6.35000002384186,5.87500011920929
350,10000709,PA,STATE,6.337499976158142,-2.662500023841858,12.5499997138977,6.25,6.09999990463257
351,10000712,PA,FEDERAL,6.537500023841858,-2.462499976158142,12.3499999046326,6.25,6.5
352,10000713,PA,FEDERAL,6.475000023841858,-2.524999976158142,12.3000001907349,6.19999980926514,6.40000009536743
353,10000718,PA,STATE,6.512499988079069,-2.4875000119209307,13.3499999046326,6.30000019073486,6.45000004768372
354,10000719,PA,STATE,7.049999912579855,-1.950000087420145,13.8999999364217,6.76666673024495,7.06666660308838
355,10000720,PA,FEDERAL,7.216666658719383,-1.783333341280617,15.0666669209798,7.03333330154419,7.09999990463257
356,10000721,PA,STATE,7.087500035762788,-1.9124999642372122,15.1500000953674,7.09999990463257,6.95000004768372
357,10000728,PA,STATE,7.69166664282481,-1.30833335717519,15.3666664759318,7.69999996821086,7.69999996821086
358,10000733,PA,STATE,8.5583332379659,-0.4416667620340995,16.4666665395101,8.5,8.39999961853027
359,10000737,PA,STATE,7.32499998807907,-1.6750000119209298,15.0,7.25,7.25
360,10000744,NY,STATE,5.43333339691162,-3.56666660308838,10.8000001907349,4.80000019073486,5.30000019073486
361,10000745,NY,STATE,5.924999952316284,-3.075000047683716,11.6000003814697,5.59999990463257,5.59999990463257
362,10000750,NY,STATE,5.625,-3.375,11.3000001907349,5.30000019073486,5.5
363,10000751,NY,STATE,5.625,-3.375,11.1999998092651,5.30000019073486,5.5
364,10000754,NY,STATE,5.906249970197678,-3.0937500298023224,11.6499998569489,5.64999985694885,5.62499988079071
365,10000756,NY,STATE,6.375,-2.625,12.1999998092651,6.0,6.19999980926514
366,10000757,NY,STATE,6.25,-2.75,12.1999998092651,5.90000009536743,6.0
367,10000759,NY,STATE,6.633333325386047,-2.3666666746139526,12.3000001907349,6.36666679382324,6.40000009536743
368,10000760,NY,STATE,6.625,-2.375,12.3000001907349,6.40000009536743,6.40000009536743
369,10000761,NY,STATE,6.200000047683715,-2.799999952316285,12.0,5.90000009536743,6.09999990463257
370,10000763,NY,STATE,6.049999952316285,-2.950000047683715,12.1000003814697,5.69999980926514,6.0
371,10000770,NJ,FEDERAL,6.256250023841857,-2.743749976158143,14.625,6.05000007152557,5.95000004768372
372,10000771,CA,STATE,7.687500059604642,-1.312499940395358,5.40000009536743,5.14999985694885,5.30000019073486
373,10000772,CA,FEDERAL,10.449999988079071,1.449999988079071,6.0,6.04999995231628,6.75
374,10000773,CA,STATE,9.887499988079062,0.8874999880790622,5.90000009536743,6.45000004768372,6.90000009536743
375,10000774,CA,STATE,7.8749998807907104,-1.1250001192092896,4.80000019073486,5.0,5.59999990463257
376,10000780,CA,STATE,9.150000214576721,0.1500002145767212,8.5,6.90000009536743,7.80000019073486
377,10000782,CA,STATE,8.591666539510086,-0.4083334604899136,7.76666673024495,6.0,7.19999980926514
378,10000785,CA,STATE,8.216666658719378,-0.7833333412806223,9.83333301544189,7.03333330154419,7.0
379,10000786,CA,STATE,8.124999940395362,-0.8750000596046377,11.3499999046326,7.0,7.04999995231628
380,10000789,CA,STATE,8.674999833106984,-0.32500016689301603,7.90000009536743,6.19999980926514,7.40000009536743
381,10000790,CA,STATE,9.491666634877527,0.49166663487752693,9.43333339691162,8.46666653951009,9.33333333333333
382,10000794,CA,STATE,9.450000047683726,0.4500000476837265,12.3000001907349,7.69999980926514,9.0
383,10000799,CA,STATE,10.099999984105432,1.0999999841054322,12.6333335240682,8.1333335240682,9.46666685740153
384,10000801,CA,STATE,12.075000286102282,3.0750002861022825,14.5,8.60000038146973,10.5
385,10000802,CA,STATE,12.0750002861023,3.0750002861023003,14.3999996185303,8.5,10.5
386,10000806,CA,FEDERAL,12.90000009536744,3.9000000953674405,15.5500001907349,9.55000019073486,11.75
387,10000810,CA,STATE,7.131250023841858,-1.868749976158142,10.8249998092651,5.14999997615814,6.95000004768372
388,10000811,CA,STATE,10.074999928474444,1.074999928474444,8.80000019073486,7.40000009536743,7.19999980926514
389,10000814,CA,STATE,6.062499940395355,-2.9375000596046448,6.64999985694885,5.52499997615814,5.32499992847443
390,10000817,CA,STATE,6.418750017881395,-2.581249982118605,5.57499992847443,4.94999992847443,5.92499995231628
391,10000821,CA,STATE,6.574999928474428,-2.425000071525572,5.59999990463257,5.09999990463257,6.09999990463257
392,10000822,CA,STATE,6.149999976158143,-2.850000023841857,5.59999990463257,4.69999980926514,5.69999980926514
393,10000824,CA,STATE,12.468749880790693,3.4687498807906927,18.375,9.89999961853027,11.9499998092651
394,10000825,CA,STATE,12.462499856948844,3.4624998569488437,18.3500003814697,9.89999961853027,11.9499998092651
395,10000826,CA,STATE,7.575000047683715,-1.424999952316285,10.6999998092651,6.0,7.30000019073486
396,10000830,CA,FEDERAL,10.150000095367439,1.1500000953674387,10.3000001907349,8.80000019073486,10.0500001907349
397,10000831,CA,FEDERAL,10.15833353996277,1.1583335399627703,10.2000001271566,8.73333358764648,10.0666669209798
398,10000832,CA,FEDERAL,10.175000190734838,1.1750001907348384,10.3000001907349,8.80000019073486,10.1000003814697
399,10000833,CA,FEDERAL,10.091666698455821,1.0916666984558212,10.3000001907349,8.73333358764648,10.0
400,10000836,CA,STATE,14.808333476384474,5.808333476384474,15.8333330154419,13.3666667938232,13.3666667938232
401,10000838,CA,STATE,6.200000166893003,-2.7999998331069973,11.5,5.90000009536743,5.80000019073486
402,10000840,CA,STATE,15.200000047683725,6.200000047683725,15.8999996185303,13.8999996185303,13.8000001907349
403,10000841,CA,STATE,13.956250011920925,4.956250011920925,17.25,10.3499999046326,13.0250000953674
404,10000844,CA,STATE,13.700000047683725,4.700000047683725,17.5,10.1999998092651,12.8999996185303
405,10000847,CA,STATE,13.100000023841858,4.100000023841858,17.9499998092651,9.65000009536743,12.75
406,10000850,CA,STATE,14.462499976158151,5.462499976158151,16.5,10.3499999046326,13.1999998092651
407,10000851,CA,STATE,14.425000190734876,5.425000190734876,16.5,10.3000001907349,13.1999998092651
408,10000852,CA,STATE,9.050000071525558,0.05000007152555774,7.19999980926514,6.90000009536743,8.25
409,10000855,CA,STATE,6.599999964237212,-2.4000000357627878,6.5,4.90000009536743,6.04999995231628
410,10000856,CA,STATE,10.60000014305114,1.6000001430511404,15.1999998092651,9.30000019073486,9.5
411,10000857,CA,STATE,10.90000003576278,1.9000000357627798,15.3499999046326,9.625,9.82500004768372
412,10000858,CA,STATE,6.412500023841858,-2.587499976158142,11.1000003814697,6.09999990463257,5.75
413,10000861,CA,STATE,5.312500059604645,-3.6874999403953552,9.41666634877523,4.78333346048991,5.48333334922791
414,10000863,CA,FEDERAL,6.175000011920927,-2.824999988079073,7.14999985694885,4.90000009536743,5.64999985694885
415,10000864,CA,FEDERAL,5.937499940395354,-3.0625000596046457,7.14999985694885,4.75,5.39999985694885
416,10000867,CA,FEDERAL,6.125,-2.875,7.19999980926514,4.90000009536743,5.59999990463257
417,10000869,CA,STATE,11.850000143051124,2.8500001430511244,13.6000003814697,10.6000003814697,10.1999998092651
418,10000871,CA,FEDERAL,11.625,2.625,11.6000003814697,10.1000003814697,10.8999996185303
419,10000874,CA,FEDERAL,11.625,2.625,11.6000003814697,10.1000003814697,10.8999996185303
420,10000877,CA,STATE,6.075000047683715,-2.924999952316285,9.0,5.69999980926514,5.30000019073486
421,10000878,CA,STATE,8.049999952316284,-0.9500000476837158,11.3999996185303,7.19999980926514,7.5
422,10000879,CA,STATE,7.15000009536743,-1.8499999046325701,11.1999998092651,7.09999990463257,6.30000019073486
423,10000887,CA,FEDERAL,10.825000047683726,1.8250000476837265,11.5,9.69999980926514,9.80000019073486
424,10000892,CA,FEDERAL,13.75,4.75,14.5,12.3999996185303,13.1000003814697
425,10000901,CA,STATE,5.787499964237212,-3.2125000357627878,6.90000009536743,5.09999990463257,5.04999995231628
426,10000902,CA,STATE,4.924999952316285,-4.075000047683715,7.30000019073486,4.09999990463257,4.40000009536743
427,10000904,CA,STATE,8.424999952316284,-0.5750000476837158,12.3000001907349,8.0,7.69999980926514
428,10000905,CA,STATE,6.77500009536743,-2.22499990463257,10.1999998092651,5.90000009536743,6.09999990463257
429,10000917,MD,STATE,8.549999952316282,-0.4500000476837176,16.6000003814697,8.60000038146973,8.39999961853027
430,10000918,MD,STATE,8.549999952316282,-0.4500000476837176,16.6000003814697,8.60000038146973,8.39999961853027
431,10000919,MD,STATE,7.4500001668930045,-1.5499998331069955,14.8999996185303,7.40000009536743,7.30000019073486
432,10000923,VA,STATE,5.862499952316285,-3.137500047683715,14.1999998092651,5.69999980926514,5.75
433,10000924,VA,STATE,6.099999964237212,-2.9000000357627878,12.75,6.14999985694885,6.0
434,10000925,VA,STATE,6.012499988079075,-2.9875000119209254,12.8000001907349,5.95000004768372,5.95000004768372
435,10000926,CT,STATE,7.5,-1.5,12.6999998092651,7.0,7.30000019073486
436,10000927,CT,STATE,7.087500035762788,-1.9124999642372122,12.3499999046326,6.45000004768372,7.04999995231628
437,10000928,CT,STATE,6.925000071525572,-2.074999928474428,11.6999998092651,6.19999980926514,6.90000009536743
438,10000929,CT,STATE,6.925000071525572,-2.074999928474428,11.6999998092651,6.19999980926514,6.90000009536743
439,10000931,CT,STATE,6.024999916553497,-2.9750000834465027,10.8499999046326,5.69999980926514,5.75
440,10000933,CT,STATE,6.312499999999997,-2.6875000000000027,11.8000001907349,5.90000009536743,6.04999995231628
441,10000934,CT,STATE,6.437499940395355,-2.5625000596046448,12.25,6.19999980926514,6.14999985694885
442,10000935,CT,FEDERAL,6.34999990463257,-2.65000009536743,12.1999998092651,6.09999990463257,6.09999990463257
443,10000937,CT,STATE,6.787499964237212,-2.2125000357627878,12.3000001907349,6.40000009536743,6.54999995231628
444,10000941,MO,STATE,7.233333349227905,-1.7666666507720947,13.1000000635783,6.86666679382324,7.16666666666667
445,10000942,MO,STATE,6.6500000953674325,-2.3499999046325675,13.0499999523163,6.35000014305115,6.54999995231628
446,10000948,LA,STATE,7.724999964237212,-1.2750000357627878,13.5,7.62499988079071,7.80000007152557
447,10000952,LA,STATE,7.425000071525573,-1.5749999284744272,15.5,7.80000019073486,7.30000019073486
448,10000953,LA,STATE,7.58750009536743,-1.4124999046325701,12.8250002861023,7.37500011920929,7.90000009536743
449,10000955,LA,FEDERAL,7.6500000655651075,-1.3499999344348925,12.8249998092651,7.5,7.80000007152557
450,10000956,LA,FEDERAL,7.725000023841858,-1.274999976158142,12.8000001907349,7.59999990463257,7.90000009536743
451,10000960,LA,STATE,7.650000095367432,-1.3499999046325684,13.0,7.40000009536743,7.59999990463257
452,10000963,LA,STATE,7.475000023841857,-1.524999976158143,12.8000001907349,7.59999990463257,7.30000019073486
453,10000967,LA,STATE,7.250000029802322,-1.7499999701976776,12.3999998569489,7.375,7.17500007152557
454,10000968,LA,FEDERAL,7.1875,-1.8125,11.8999998569489,7.27500009536743,7.12499988079071
455,10000972,LA,STATE,8.300000190734863,-0.6999998092651367,14.8999996185303,8.5,8.60000038146973
456,10000974,LA,STATE,8.300000190734863,-0.6999998092651367,14.8000001907349,8.60000038146973,8.5
457,10000976,OH,STATE,7.199999928474427,-1.8000000715255728,15.3000001907349,7.59999990463257,6.69999980926514
458,10000978,OH,MULTI,8.100000023841856,-0.8999999761581439,15.6999998092651,7.90000009536743,7.85000014305115
459,10000980,OH,STATE,7.587499976158142,-1.412500023841858,14.4499998092651,7.75,7.25
460,10000981,OH,STATE,7.549999952316285,-1.450000047683715,14.4499998092651,7.70000004768372,7.14999985694885
461,10000982,OH,STATE,8.106249988079071,-0.893750011920929,14.5249998569489,8.17499995231628,7.64999997615814
462,10000983,OH,STATE,7.350000023841858,-1.649999976158142,14.3000001907349,7.40000009536743,6.75
463,10000984,OH,STATE,8.325000047683718,-0.6749999523162824,15.75,8.44999980926514,7.95000004768372
464,10000987,WA,STATE,4.287499964237212,-4.712500035762788,4.35000014305115,4.25,4.25
465,10000988,WI,STATE,5.287500083446505,-3.7124999165534946,7.59999990463257,4.85000014305115,4.85000014305115
466,10000990,WI,STATE,6.775000035762784,-2.224999964237216,10.1000003814697,6.80000019073486,6.14999985694885
467,10000991,WI,STATE,6.725000023841858,-2.274999976158142,10.1999998092651,6.69999980926514,6.0
468,10000992,WI,STATE,8.125000178813933,-0.8749998211860675,13.8000001907349,7.90000009536743,8.00000023841858
469,10000993,WI,STATE,6.4625000059604645,-2.5374999940395355,11.8250000476837,6.19999992847443,5.77500009536743
470,10000994,WI,FEDERAL,6.475000023841857,-2.524999976158143,10.8999996185303,6.30000019073486,5.80000019073486
471,10000995,WI,STATE,6.600000023841858,-2.399999976158142,12.0,6.45000004768372,5.90000009536743
472,10000998,WI,STATE,6.831250101327897,-2.168749898672103,12.4249997138977,6.75,6.37500011920929
473,10000999,WI,STATE,7.037499964237212,-1.9625000357627878,12.2999997138977,6.64999985694885,6.5
474,10001000,WI,STATE,7.4000000059604645,-1.5999999940395355,13.3499999046326,7.07499992847443,7.02499997615814
475,10001001,WI,STATE,7.375,-1.625,12.6999998092651,7.0,6.90000009536743
476,10001002,WI,STATE,7.387500047683718,-1.6124999523162824,12.7999997138977,7.20000004768372,6.95000004768372
477,10001003,WI,STATE,7.737500071525572,-1.262499928474428,14.4000000953674,7.5,7.25
478,10001004,WI,STATE,7.850000023841858,-1.149999976158142,14.5,7.59999990463257,7.40000009536743
479,10001005,WI,STATE,7.574999928474427,-1.4250000715255728,14.0,7.30000019073486,7.19999980926514
480,10001007,WI,STATE,8.925000190734865,-0.07499980926513494,15.3000001907349,8.69999980926514,8.60000038146973
481,10001008,WI,STATE,8.112499952316288,-0.8875000476837123,14.9499998092651,7.95000004768372,7.69999980926514
482,10001009,WI,STATE,8.925000190734865,-0.07499980926513494,15.3000001907349,8.69999980926514,8.60000038146973
483,10001014,TN,STATE,6.424999922513962,-2.575000077486038,15.4750001430511,6.12499988079071,6.35000002384186
484,10001015,TN,STATE,6.825000047683714,-2.174999952316286,14.9666668574015,6.80000019073486,6.59999990463257
485,10001016,OK,STATE,7.275000035762788,-1.7249999642372122,8.94999980926514,6.54999995231628,7.20000004768372
486,10001017,OK,STATE,7.175000071525572,-1.824999928474428,10.6999998092651,6.90000009536743,7.0
487,10001021,NC,STATE,5.424999952316286,-3.575000047683714,11.6000003814697,5.19999980926514,5.40000009536743
488,10001022,NC,STATE,7.575000047683714,-1.424999952316286,15.3999996185303,7.80000019073486,7.59999990463257
489,10001023,NC,STATE,6.450000047683715,-2.549999952316285,14.3000001907349,6.40000009536743,6.30000019073486
490,10001025,NC,STATE,6.937500059604645,-2.0624999403953552,15.8499999046326,6.90000009536743,6.95000004768372
491,10001027,NC,STATE,5.950000047683715,-3.049999952316285,15.3000001907349,5.80000019073486,6.19999980926514
492,10001028,KS,STATE,6.299999952316285,-2.700000047683715,7.69999980926514,6.09999990463257,5.69999980926514
493,10001029,KS,FEDERAL,7.125,-1.875,12.3000001907349,6.54999995231628,7.0
494,10001030,KS,STATE,7.475000023841858,-1.524999976158142,12.8333333333333,6.93333339691162,7.33333333333333
495,10001031,KS,STATE,7.40000009536743,-1.5999999046325701,12.8000001907349,6.85000014305115,7.25
496,10001033,KS,STATE,7.325000047683715,-1.674999952316285,12.8000001907349,7.0,7.0
497,10001040,KS,STATE,6.449999928474427,-2.550000071525573,9.5,5.90000009536743,6.19999980926514
498,10001042,KS,STATE,7.299999952316285,-1.700000047683715,10.1999998092651,6.5,7.19999980926514
499,10001043,KS,STATE,7.237499952316285,-1.762500047683715,10.0499997138977,6.45000004768372,7.14999985694885
500,10001044,KS,STATE,7.52499997615814,-1.4750000238418597,10.8999996185303,6.80000019073486,7.40000009536743
501,10001045,KS,STATE,7.5416667064030944,-1.4583332935969056,11.3333333333333,6.96666669845581,7.60000006357829
502,10001048,KS,STATE,8.674999952316274,-0.3250000476837265,12.6000003814697,7.80000019073486,8.69999980926514
503,10001050,KS,STATE,7.024999976158143,-1.975000023841857,11.1000003814697,6.30000019073486,7.19999980926514
504,10001051,IN,STATE,8.149999856948856,-0.8500001430511439,15.3999996185303,7.69999980926514,8.0
505,10001054,IN,STATE,7.7749998569488525,-1.2250001430511475,15.5,7.19999980926514,7.69999980926514
506,10001059,IN,STATE,8.52500009536743,-0.47499990463257014,17.2999992370605,8.80000019073486,8.0
507,10001060,IN,STATE,8.475000143051144,-0.5249998569488561,16.9499998092651,8.59999990463257,8.20000028610229
508,10001061,IN,STATE,8.574999988079073,-0.4250000119209272,16.6999998092651,8.65000009536743,8.34999990463257
509,10001063,IN,STATE,8.125,-0.875,14.6999998092651,8.10000038146973,7.80000019073486
510,10001065,IN,STATE,9.543749988079064,0.5437499880790639,17.9499998092651,9.54999995231628,9.20000004768372
511,10001067,IN,STATE,9.174999952316284,0.17499995231628418,17.5,9.10000038146973,8.89999961853027
512,10001068,IN,STATE,9.1875,0.1875,17.5,9.10000038146973,8.89999961853027
513,10001071,IN,STATE,7.574999928474427,-1.4250000715255728,14.8999996185303,7.59999990463257,7.30000019073486
514,10001072,IN,STATE,8.200000127156578,-0.7999998728434221,16.1333338419596,8.06666692097982,8.10000038146973
515,10001073,IN,STATE,7.962500035762786,-1.037499964237214,16.1999998092651,8.00000023841858,7.54999995231628
516,10001075,IN,STATE,7.250000059604645,-1.7499999403953552,15.5500001907349,7.09999990463257,6.95000004768372
517,10001076,IA,STATE,6.425000071525572,-2.574999928474428,10.1999998092651,6.0,6.0
518,10001077,IA,STATE,6.125000119209287,-2.874999880790713,11.3999996185303,5.90000009536743,5.80000019073486
519,10001078,IA,STATE,6.34999990463257,-2.65000009536743,11.1999998092651,6.09999990463257,6.09999990463257
520,10001080,IA,STATE,6.200000047683715,-2.799999952316285,11.1000003814697,5.80000019073486,6.0
521,10001082,IA,STATE,6.787499964237212,-2.2125000357627878,12.5999999046326,6.79999995231628,6.20000004768372
522,10001087,IA,STATE,7.274999976158142,-1.725000023841858,12.6000003814697,7.0,6.90000009536743
523,10001089,IA,STATE,7.287499964237213,-1.7125000357627869,12.900000095367398,6.95000004768372,6.80000019073486
524,10001090,IA,STATE,7.487499892711638,-1.5125001072883624,12.75,7.29999995231628,7.0
525,10001091,IA,STATE,8.149999976158142,-0.8500000238418579,14.5,8.0,7.69999980926514
526,10001095,IA,STATE,8.75,-0.25,15.6000003814697,8.60000038146973,8.39999961853027
527,10001096,IA,STATE,7.549999952316285,-1.450000047683715,13.8999996185303,7.19999980926514,7.30000019073486
528,10001099,IA,STATE,7.299999952316284,-1.7000000476837158,11.8999996185303,6.90000009536743,7.09999990463257
529,10001100,IA,STATE,7.600000023841858,-1.399999976158142,14.1999998092651,7.30000019073486,7.40000009536743
530,10001106,WV,STATE,6.425000071525573,-2.574999928474427,13.8999996185303,6.30000019073486,6.30000019073486
531,10001108,WV,STATE,7.249999880790712,-1.7500001192092878,14.5,7.19999980926514,6.90000009536743
532,10001116,VT,STATE,5.375,-3.625,8.89999961853027,5.0,5.30000019073486
533,10001118,SD,STATE,6.450000047683715,-2.549999952316285,8.10000038146973,5.59999990463257,6.30000019073486
534,10001121,SD,STATE,6.55000001192093,-2.44999998807907,9.65000009536743,5.70000004768372,5.95000004768372
535,10001123,SD,STATE,6.6250001192092896,-2.3749998807907104,9.60000038146973,5.80000019073486,6.0
536,10001125,SD,FEDERAL,6.2437500655651075,-2.7562499344348925,9.20000004768372,6.0,5.25000011920929
537,10001126,SD,STATE,6.225000143051145,-2.774999856948855,8.60000038146973,5.90000009536743,5.30000019073486
538,10001128,SD,STATE,6.40625,-2.59375,8.44999980926514,6.04999995231628,5.37500011920929
539,10001129,SC,STATE,7.087499976158142,-1.912500023841858,16.0,6.85000014305115,7.09999990463257
540,10001132,SC,STATE,6.95000010728836,-2.0499998927116403,15.75,7.0,7.05000019073486
541,10001133,SC,STATE,6.625,-2.375,16.1000003814697,6.59999990463257,6.80000019073486
542,10001134,SC,FEDERAL,6.449999968210857,-2.5500000317891427,16.3333333333333,6.43333339691162,6.63333320617676
543,10001135,SC,FEDERAL,6.424999952316284,-2.575000047683716,16.3999996185303,6.40000009536743,6.59999990463257
544,10001137,SC,STATE,7.0,-2.0,17.0,7.19999980926514,6.90000009536743
545,10001138,SC,STATE,6.399999976158142,-2.600000023841858,15.8999996185303,6.40000009536743,6.5
546,10001141,SC,STATE,7.125000119209288,-1.8749998807907122,16.5,7.30000019073486,7.09999990463257
547,10001142,SC,STATE,7.143750071525572,-1.856249928474428,16.3999996185303,7.27500009536743,7.14999985694885
548,10001145,SC,STATE,6.658333381017047,-2.341666618982953,16.2999998728434,6.76666673024495,6.56666660308838
549,10001146,SC,FEDERAL,7.137500047683715,-1.862499952316285,15.6999998092651,7.25,7.0
550,10001147,SC,STATE,5.9749999642372105,-3.0250000357627895,13.1999998092651,6.04999995231628,6.04999995231628
551,10001150,SC,STATE,6.537499964237213,-2.462500035762787,13.3999996185303,6.59999990463257,6.54999995231628
552,10001151,MT,MULTI,5.449999928474428,-3.550000071525572,7.30000019073486,4.90000009536743,5.0
553,10001154,MT,STATE,6.700000047683715,-2.299999952316285,5.5,5.5,6.30000019073486
554,10001155,MT,STATE,5.450000047683716,-3.549999952316284,8.10000038146973,4.69999980926514,5.40000009536743
555,10001156,MT,STATE,5.975000023841857,-3.024999976158143,5.45000004768372,5.0,5.30000019073486
556,10001162,ME,STATE,4.34999990463257,-4.65000009536743,7.09999990463257,4.09999990463257,4.19999980926514
557,10001163,ME,STATE,4.474999964237212,-4.525000035762788,7.90000009536743,4.19999980926514,4.14999985694885
558,10001165,ME,STATE,5.049999952316285,-3.950000047683715,9.19999980926514,5.09999990463257,4.69999980926514
559,10001170,KY,FEDERAL,6.687500000000003,-2.3124999999999973,15.9000000953674,6.59999990463257,6.45000004768372
560,10001172,ID,STATE,6.83750009536743,-2.16249990463257,5.29999995231628,5.54999995231628,6.65000009536743
561,10001173,ID,STATE,5.7125000357627895,-3.2874999642372105,3.75,4.5,5.45000004768372
562,10001176,ID,STATE,5.675000071525573,-3.324999928474427,5.0,4.30000019073486,5.19999980926514
563,10001177,ID,STATE,9.60000026226044,0.6000002622604406,7.5,7.40000009536743,9.60000038146973
564,10001180,ID,STATE,7.699999928474428,-1.300000071525572,5.95000004768372,6.14999985694885,7.35000014305115
565,10001181,ID,STATE,7.808333277702333,-1.1916667222976667,6.09999990463257,6.23333326975505,7.46666669845581
566,10001182,ID,STATE,7.837499976158142,-1.162500023841858,6.14999985694885,6.25,7.5
567,10001183,ID,STATE,7.725000023841858,-1.274999976158142,6.14999985694885,6.09999990463257,7.40000009536743
568,10001184,ID,STATE,7.97499990463257,-1.0250000953674299,6.19999980926514,6.19999980926514,7.69999980926514
569,10001185,ID,STATE,7.950000047683718,-1.0499999523162824,6.19999980926514,6.35000014305115,7.64999985694885
570,10001186,ID,STATE,6.424999952316286,-2.575000047683714,5.59999990463257,4.90000009536743,5.90000009536743
571,10001187,ID,STATE,6.8249999284744245,-2.1750000715255755,7.35000014305115,5.04999995231628,6.5
572,10001197,AL,STATE,7.149999976158143,-1.850000023841857,14.5,7.09999990463257,7.19999980926514
573,10001199,AL,STATE,7.050000071525572,-1.949999928474428,14.3999996185303,6.90000009536743,7.09999990463257
574,10001204,AL,STATE,9.500000238418579,0.5000002384185791,19.7000007629395,9.60000038146973,9.60000038146973
575,10001209,AL,STATE,7.500000119209288,-1.4999998807907122,16.0,7.90000009536743,7.40000009536743
576,10001210,AL,STATE,8.22499990463257,-0.7750000953674299,16.5,8.19999980926514,8.5
577,10001214,AL,STATE,7.925000071525573,-1.0749999284744272,16.5999994277954,8.40000009536743,7.79999995231628
578,10001216,AL,STATE,7.725000023841858,-1.274999976158142,16.5,8.30000019073486,7.5
579,10001218,AL,STATE,7.925000071525573,-1.0749999284744272,17.7000007629395,8.39999961853027,7.80000019073486
580,10001221,AL,STATE,7.937500059604645,-1.0624999403953552,17.6999998092651,8.40000009536743,7.70000004768372
581,10001222,AL,STATE,7.962500035762785,-1.037499964237215,17.8499999046326,8.42499995231628,7.75000011920929
582,10001223,AL,STATE,7.124999940395355,-1.8750000596046448,15.9500002861023,7.69999980926514,6.79999995231628
583,10001226,AL,STATE,7.525000095367432,-1.4749999046325684,16.1000003814697,8.10000038146973,7.09999990463257
584,10001243,NM,MULTI,3.849999964237215,-5.150000035762785,6.0,3.09999990463257,3.70000004768372
585,10001244,NM,STATE,5.256249964237212,-3.7437500357627878,5.57499992847443,4.5,5.19999992847443
586,10001246,NM,STATE,3.799999952316285,-5.200000047683715,4.30000019073486,3.09999990463257,4.30000019073486
587,10001249,NM,STATE,4.912499964237212,-4.087500035762788,6.40000009536743,4.30000019073486,5.09999990463257
588,10001274,TX,STATE,5.850000023841857,-3.149999976158143,11.1000003814697,5.59999990463257,5.80000019073486
589,10001275,TX,STATE,5.9150000333785995,-3.0849999666214005,11.239999961853,5.61999998092651,5.94000005722046
590,10001279,TX,FEDERAL,6.908333420753477,-2.0916665792465228,12.766666730245,6.83333349227905,6.90000009536743
591,10001283,TX,FEDERAL,7.649999856948855,-1.3500001430511448,13.8999996185303,7.59999990463257,7.69999980926514
592,10001294,OR,STATE,6.791666706403097,-2.208333293596903,6.59999990463257,6.19999980926514,6.40000009536743
593,10001295,OR,STATE,7.087500035762787,-1.9124999642372131,7.95000004768372,6.59999990463257,7.09999990463257
594,10001298,OR,STATE,7.6083333094914645,-1.3916666905085355,7.96666669845581,6.23333326975505,6.66666650772095
595,10001301,OR,FEDERAL,5.587500035762787,-3.412499964237213,6.35000014305115,5.30000019073486,5.09999990463257
596,10001302,OR,STATE,6.71666661898296,-2.28333338101704,7.43333339691162,5.76666673024495,5.69999980926514
597,10001305,OR,STATE,6.624999999999995,-2.3750000000000053,7.40000009536743,5.69999980926514,5.59999990463257
598,10001306,OR,STATE,6.250000119209288,-2.7499998807907122,5.0,5.30000019073486,5.90000009536743
599,10001310,OR,STATE,7.387500077486038,-1.6124999225139618,6.54999995231628,5.85000014305115,6.80000007152557
600,10001312,OR,STATE,4.47499990463257,-4.52500009536743,4.69999980926514,4.40000009536743,4.19999980926514
601,10001318,MN,STATE,4.537500023841854,-4.462499976158146,6.19999980926514,3.79999995231628,3.90000009536743
602,10001319,MN,STATE,4.956250041723252,-4.043749958276748,7.59999990463257,4.5,4.42500007152557
603,10001320,MN,FEDERAL,5.249999940395355,-3.7500000596046448,8.65000009536743,4.69999980926514,4.75
604,10001322,MN,STATE,5.866666674613953,-3.1333333253860474,9.69999980926514,5.43333339691162,5.30000019073486
605,10001324,MN,STATE,5.77500009536743,-3.22499990463257,9.80000019073486,5.40000009536743,5.5
606,10001325,MN,STATE,7.325000047683716,-1.6749999523162842,11.1999998092651,7.09999990463257,6.90000009536743
607,10001330,MN,STATE,7.41250002384186,-1.5874999761581403,11.1999998092651,7.35000014305115,6.75
608,10001331,MN,STATE,7.287500023841858,-1.712499976158142,11.1999998092651,7.25,6.59999990463257
609,10001333,MN,STATE,6.806249976158142,-2.193750023841858,11.3999998569489,6.57499992847443,6.72500002384186
610,10001337,MN,FEDERAL,6.75,-2.25,11.5,6.69999980926514,6.0
611,10001341,MI,STATE,4.987500131130217,-4.012499868869783,7.19999980926514,4.80000019073486,4.40000009536743
612,10001342,MI,STATE,5.243750005960463,-3.7562499940395373,6.17499983310699,4.75,4.77499997615814
613,10001345,MI,STATE,5.400000035762788,-3.5999999642372122,8.10000038146973,4.95000004768372,5.04999995231628
614,10001346,MI,STATE,4.4249999821186075,-4.5750000178813925,6.5,4.45000004768372,3.85000002384186
615,10001347,MI,STATE,4.5,-4.5,7.19999980926514,4.30000019073486,4.09999990463257
616,10001357,MI,STATE,6.700000047683715,-2.299999952316285,13.0,6.30000019073486,6.5
617,10001361,MI,STATE,6.387499988079073,-2.612500011920927,13.25,6.0,6.19999980926514
618,10001362,MI,STATE,6.387499988079073,-2.612500011920927,13.25,6.0,6.19999980926514
619,10001364,MI,STATE,6.724999984105427,-2.275000015894573,13.2666664123535,6.46666669845581,6.53333330154419
620,10001366,MI,STATE,7.650000095367432,-1.3499999046325684,12.6000003814697,7.40000009536743,7.59999990463257
621,10001375,MI,STATE,8.437500119209286,-0.562499880790714,14.1000003814697,8.30000019073486,8.44999980926514
622,10001376,MI,STATE,8.450000047683716,-0.5499999523162842,14.1000003814697,8.30000019073486,8.44999980926514
623,10001382,MI,STATE,7.77500009536743,-1.2249999046325701,13.3000001907349,7.30000019073486,7.69999980926514
624,10001384,MI,STATE,7.5999999046325675,-1.4000000953674325,13.0,7.25,7.54999995231628
625,10001386,MI,STATE,7.225000023841857,-1.774999976158143,12.3000001907349,6.90000009536743,7.19999980926514
626,10001387,MI,STATE,7.6249998807907104,-1.3750001192092896,13.8000001907349,7.40000009536743,7.5
627,10001389,MI,STATE,7.200000047683715,-1.799999952316285,13.6999998092651,7.0,7.0
628,10001392,MA,STATE,5.887499988079073,-3.112500011920927,11.3999996185303,5.35000014305115,5.69999980926514
629,10001393,MA,STATE,6.075000047683718,-2.9249999523162824,10.8999996185303,5.45000004768372,6.0
630,10001396,MA,STATE,6.100000023841858,-2.899999976158142,10.8999996185303,5.5,6.0
631,10001401,MA,STATE,6.937500059604646,-2.0624999403953543,12.1500000953674,6.35000014305115,6.85000014305115
632,10001404,MA,STATE,5.881249994039537,-3.1187500059604627,9.22500014305115,5.47500002384186,5.75
633,10001408,MA,STATE,6.5250000953674325,-2.4749999046325675,11.75,5.90000009536743,6.45000004768372
634,10001411,GA,STATE,9.249999761581423,0.24999976158142267,18.8999996185303,9.39999961853027,9.19999980926514
635,10001414,GA,STATE,8.974999904632568,-0.02500009536743164,19.0,9.10000038146973,8.89999961853027
636,10001415,GA,STATE,8.974999904632568,-0.02500009536743164,19.0,9.10000038146973,8.89999961853027
637,10001421,GA,STATE,7.825000047683718,-1.1749999523162824,16.7999992370605,8.10000038146973,7.80000019073486
638,10001423,GA,STATE,7.725000023841857,-1.274999976158143,17.6000003814697,7.80000019073486,7.80000019073486
639,10001426,GA,STATE,8.075000047683716,-0.9249999523162842,18.6000003814697,8.5,7.90000009536743
640,10001432,GA,STATE,8.225000143051147,-0.7749998569488525,17.6000003814697,8.30000019073486,8.30000019073486
641,10001435,FL,FEDERAL,7.850000023841858,-1.149999976158142,13.1999998092651,7.80000019073486,7.59999990463257
642,10001445,FL,STATE,7.125,-1.875,13.0,6.80000019073486,7.19999980926514
643,10001448,FL,STATE,7.649999976158143,-1.350000023841857,13.6999998092651,7.59999990463257,7.80000019073486
644,10001454,FL,STATE,7.325000166893003,-1.6749998331069973,12.1999998092651,6.90000009536743,7.30000019073486
645,10001459,FL,STATE,8.024999856948853,-0.9750001430511475,13.5,7.69999980926514,7.80000019073486
646,10001470,IL,FEDERAL,9.324999809265126,0.32499980926512606,18.8999996185303,9.30000019073486,8.89999961853027
647,10001484,PA,FEDERAL,6.575000047683712,-2.4249999523162877,13.5,6.30000019073486,6.40000009536743
648,10001489,PA,STATE,7.02500009536743,-1.9749999046325701,14.3999996185303,6.80000019073486,6.90000009536743
649,10001496,NY,STATE,5.324999988079072,-3.675000011920928,8.19999980926514,4.75,5.07499992847443
650,10001504,NY,STATE,5.916666666666668,-3.083333333333332,11.9666665395101,5.69999980926514,5.69999996821086
651,10001507,NY,FEDERAL,7.34999990463257,-1.6500000953674299,14.8999996185303,7.19999980926514,7.19999980926514
652,10001516,NJ,STATE,6.15000009536743,-2.84999990463257,14.1000003814697,6.0,5.80000019073486
653,10001518,NJ,STATE,5.675000071525573,-3.324999928474427,14.5,5.80000019073486,5.19999980926514
654,10001519,NJ,STATE,6.150000035762785,-2.849999964237215,14.1000003814697,6.14999985694885,5.80000019073486
655,10001520,NJ,FEDERAL,5.837500035762788,-3.1624999642372122,13.8499999046326,5.95000004768372,5.45000004768372
656,10001522,CA,STATE,8.749999880790705,-0.2500001192092949,7.90000009536743,6.26666673024495,7.53333330154419
657,10001530,CA,STATE,7.675000011920923,-1.3249999880790773,7.12499988079071,5.59999990463257,6.45000004768372
658,10001542,MD,STATE,7.174999952316285,-1.825000047683715,16.2000007629395,7.09999990463257,7.19999980926514
659,10001543,MD,STATE,7.174999952316285,-1.825000047683715,16.3000001907349,7.14999985694885,7.19999980926514
660,10001546,MD,STATE,7.4000000953674325,-1.5999999046325675,15.3999996185303,7.5,7.19999980926514
661,10001547,MD,STATE,7.5,-1.5,15.6000003814697,7.5,7.40000009536743
662,10001548,MD,STATE,7.4312500953674325,-1.5687499046325675,15.5250000953674,7.45000004768372,7.30000007152557
663,10001550,MD,STATE,8.549999952316282,-0.4500000476837176,16.6000003814697,8.60000038146973,8.39999961853027
664,10001552,MD,STATE,8.312499940395353,-0.6875000596046466,16.5,8.30000019073486,8.14999985694885
665,10001553,MD,STATE,7.975000143051145,-1.0249998569488552,16.0,7.90000009536743,7.80000019073486
666,10001555,MD,STATE,8.950000047683716,-0.04999995231628418,16.7999992370605,9.0,8.80000019073486
667,10001556,MD,STATE,5.949999928474427,-3.050000071525573,14.3000001907349,5.90000009536743,5.69999980926514
668,10001557,MD,STATE,7.100000023841858,-1.899999976158142,15.0,7.0,7.0
669,10001558,MD,STATE,7.100000023841858,-1.899999976158142,15.0,7.0,7.0
670,10001559,MD,STATE,7.05000001192093,-1.9499999880790702,14.9499998092651,6.95000004768372,6.95000004768372
671,10001560,MD,STATE,7.27500009536743,-1.7249999046325701,14.9499998092651,7.20000004768372,7.15000009536743
672,10001567,MD,STATE,5.649999976158142,-3.350000023841858,13.1999998092651,5.69999980926514,5.40000009536743
673,10001569,MD,STATE,6.225000023841858,-2.774999976158142,13.6999998092651,6.40000009536743,6.0
674,10001570,MD,STATE,6.25,-2.75,13.6999998092651,6.40000009536743,6.0
675,10001572,VA,STATE,6.0625,-2.9375,14.4000000953674,6.04999995231628,6.0
676,10001573,VA,STATE,6.487499952316285,-2.512500047683715,12.8499999046326,6.29999995231628,6.45000004768372
677,10001575,VA,STATE,6.124999940395354,-2.8750000596046457,13.8000001907349,6.14999985694885,5.95000004768372
678,10001578,VA,STATE,5.925000071525573,-3.074999928474427,14.3000001907349,5.80000019073486,5.80000019073486
679,10001579,VA,STATE,6.362499952316282,-2.6375000476837176,13.9000000953674,6.29999995231628,6.14999985694885
680,10001581,VA,STATE,6.399999976158143,-2.600000023841857,13.8999996185303,6.30000019073486,6.19999980926514
681,10001582,VA,STATE,6.925000071525573,-2.074999928474427,14.5,7.0,6.80000019073486
682,10001583,VA,STATE,6.4250000119209325,-2.5749999880790675,14.3000001907349,6.45000004768372,6.09999990463257
683,10001584,VA,FEDERAL,7.137499868869785,-1.862500131130215,14.6500000953674,7.19999980926514,6.95000004768372
684,10001585,VA,FEDERAL,7.2416666348775225,-1.7583333651224775,14.6666666666667,7.26666657129924,7.03333330154419
685,10001586,VA,FEDERAL,7.149999856948855,-1.8500001430511448,14.6999998092651,7.19999980926514,7.0
686,10001588,VA,STATE,6.649999976158142,-2.350000023841858,14.5,6.59999990463257,6.5
687,10001589,VA,STATE,6.149999976158143,-2.850000023841857,14.1000003814697,6.19999980926514,5.80000019073486
688,10001590,VA,STATE,6.149999976158143,-2.850000023841857,14.1000003814697,6.19999980926514,5.80000019073486
689,10001591,VA,STATE,6.774999976158143,-2.225000023841857,14.3000001907349,6.69999980926514,6.80000019073486
690,10001592,VA,STATE,6.049999892711637,-2.9500001072883633,13.2999997138977,6.14999985694885,5.64999985694885
691,10001593,VA,STATE,5.987500071525573,-3.012499928474427,13.1999998092651,6.25,5.80000019073486
692,10001594,VA,STATE,5.987500071525573,-3.012499928474427,13.1999998092651,6.25,5.80000019073486
693,10001597,VA,STATE,6.100000023841857,-2.899999976158143,13.8999996185303,6.30000019073486,5.80000019073486
694,10001598,VA,STATE,6.125,-2.875,14.3000001907349,6.19999980926514,6.0
695,10001601,VA,STATE,6.174999952316284,-2.825000047683716,14.3999996185303,6.19999980926514,6.09999990463257
696,10001603,VA,STATE,6.149999976158142,-2.850000023841858,13.6999998092651,6.19999980926514,6.0
697,10001605,CT,STATE,7.050000071525575,-1.9499999284744254,12.0,6.40000009536743,6.95000004768372
698,10001606,MO,STATE,7.0,-2.0,11.8999996185303,6.59999990463257,6.90000009536743
699,10001608,MO,STATE,7.074999928474428,-1.925000071525572,12.1000003814697,6.59999990463257,7.0
700,10001609,MO,STATE,7.062499940395355,-1.9375000596046448,12.1500000953674,6.59999990463257,7.0
701,10001612,MO,STATE,7.125,-1.875,12.1000003814697,6.54999995231628,7.04999995231628
702,10001614,MO,STATE,7.562499999999999,-1.4375000000000009,13.7000002861023,7.25,7.39999985694885
703,10001615,MO,STATE,7.950000047683715,-1.049999952316285,14.1000003814697,7.59999990463257,7.80000019073486
704,10001616,MO,STATE,8.775000095367435,-0.2249999046325648,14.6000003814697,8.19999980926514,8.60000038146973
705,10001617,MO,STATE,6.9499999284744245,-2.0500000715255755,13.4499998092651,6.64999985694885,6.75
706,10001618,MO,STATE,7.125000119209288,-1.8749998807907122,13.6999998092651,6.90000009536743,6.90000009536743
707,10001619,MO,STATE,7.062500059604646,-1.9374999403953543,13.5499997138977,6.79999995231628,6.85000014305115
708,10001622,MO,STATE,7.42500001192093,-1.5749999880790702,14.25,7.25,7.35000014305115
709,10001624,MO,STATE,7.975000023841858,-1.024999976158142,14.0750000476837,7.625,7.5
710,10001626,MO,STATE,7.450000107288358,-1.549999892711642,14.8000001907349,7.15000009536743,7.29999995231628
711,10001630,MO,STATE,6.274999976158142,-2.725000023841858,12.6000003814697,6.0,6.0
712,10001631,MO,STATE,6.700000047683715,-2.299999952316285,13.3999996185303,6.40000009536743,6.5
713,10001632,MO,STATE,6.72499990463257,-2.27500009536743,11.5,6.59999990463257,6.59999990463257
714,10001633,MO,FEDERAL,8.12500011920929,-0.8749998807907104,14.6000003814697,8.0,8.10000038146973
715,10001636,MO,STATE,7.825000047683715,-1.174999952316285,17.0,7.40000009536743,7.80000019073486
716,10001643,LA,STATE,7.949999809265138,-1.0500001907348624,14.8000001907349,8.39999961853027,7.69999980926514
717,10001652,LA,MULTI,7.625,-1.375,12.3999996185303,7.5,7.59999990463257
718,10001676,WA,STATE,5.399999976158142,-3.600000023841858,7.59999990463257,5.09999990463257,6.5
719,10001677,WA,STATE,6.250000119209287,-2.749999880790713,6.40000009536743,5.90000009536743,6.30000019073486
720,10001678,WA,FEDERAL,6.450000047683715,-2.549999952316285,8.80000019073486,6.40000009536743,7.0
721,10001679,WA,STATE,4.850000023841861,-4.149999976158139,6.32500016689301,5.09999990463257,4.82500016689301
722,10001681,WA,STATE,4.343750029802322,-4.656249970197678,5.09999990463257,4.40000009536743,3.92500007152557
723,10001684,WA,STATE,5.574999928474427,-3.425000071525573,7.59999990463257,5.69999980926514,5.80000019073486
724,10001687,WA,STATE,5.25,-3.75,6.19999980926514,5.0,5.5
725,10001690,WA,STATE,6.199999928474428,-2.800000071525572,7.40000009536743,6.0,5.90000009536743
726,10001696,WI,STATE,7.462499916553497,-1.5375000834465027,13.2999997138977,7.14999985694885,7.09999990463257
727,10001697,WI,STATE,7.449999928474428,-1.550000071525572,13.3999996185303,7.09999990463257,7.09999990463257
728,10001703,TN,STATE,5.77500009536743,-3.22499990463257,13.8000001907349,5.80000019073486,5.59999990463257
729,10001705,TN,STATE,7.900000095367435,-1.0999999046325648,17.1500005722046,7.69999980926514,7.95000004768372
730,10001708,TN,STATE,7.6499998569488525,-1.3500001430511475,17.0,7.40000009536743,7.69999980926514
731,10001709,TN,STATE,7.675000011920927,-1.3249999880790728,17.0,7.54999995231628,7.65000009536743
732,10001711,TN,STATE,6.6999999582767495,-2.3000000417232505,15.4500000476837,6.79999995231628,6.57500004768372
733,10001713,TN,STATE,7.2000000178813925,-1.7999999821186075,13.625,7.35000014305115,7.17499995231628
734,10001716,TN,STATE,6.512499988079072,-2.487500011920928,14.4500002861023,6.25,6.45000004768372
735,10001717,TN,STATE,6.650000035762788,-2.3499999642372122,14.9000000953674,6.5,6.5
736,10001718,TN,FEDERAL,8.125000238418577,-0.8749997615814227,17.2000007629395,8.30000019073486,8.10000038146973
737,10001720,TN,STATE,8.125000238418577,-0.8749997615814227,17.2000007629395,8.30000019073486,8.10000038146973
738,10001721,RI,STATE,7.075000047683715,-1.924999952316285,12.1000003814697,6.5,6.80000019073486
739,10001722,OK,STATE,7.725000023841857,-1.274999976158143,10.8000001907349,7.30000019073486,7.69999980926514
740,10001725,OK,STATE,7.175000190734862,-1.8249998092651376,13.0,6.80000019073486,7.0
741,10001727,OK,FEDERAL,7.325000047683718,-1.6749999523162824,10.5,7.19999980926514,7.09999990463257
742,10001728,OK,FEDERAL,7.325000047683718,-1.6749999523162824,10.5,7.19999980926514,7.09999990463257
743,10001729,OK,STATE,6.6125000715255755,-2.3874999284744245,10.9499998092651,6.15000009536743,6.25
744,10001730,OK,STATE,5.674999952316284,-3.325000047683716,5.90000009536743,5.19999980926514,5.59999990463257
745,10001731,OK,STATE,7.425000011920927,-1.5749999880790728,11.6999998092651,7.54999995231628,7.15000009536743
746,10001732,OK,STATE,6.300000071525573,-2.699999928474427,10.1999998092651,5.80000019073486,5.80000019073486
747,10001733,OK,STATE,6.737499952316282,-2.2625000476837176,10.5500001907349,6.25,6.25
748,10001734,OK,STATE,6.912500083446503,-2.0874999165534973,11.75,6.35000014305115,6.5
749,10001735,OK,STATE,6.975000023841857,-2.024999976158143,9.60000038146973,6.5,6.69999980926514
750,10001737,NH,STATE,5.912500023841858,-3.087499976158142,10.3499999046326,5.20000004768372,5.79999995231628
751,10001738,NE,STATE,5.862499892711639,-3.1375001072883606,8.80000019073486,5.69999980926514,5.09999990463257
752,10001739,NE,STATE,6.987500011920927,-2.012499988079073,10.9500002861023,6.79999995231628,6.25
753,10001742,NE,STATE,6.600000023841858,-2.399999976158142,10.6000003814697,6.30000019073486,6.09999990463257
754,10001743,NE,STATE,5.84999990463257,-3.15000009536743,7.19999980926514,5.59999990463257,5.5
755,10001745,NC,FEDERAL,5.987500011920931,-3.0124999880790693,14.0500001907349,6.09999990463257,5.90000009536743
756,10001747,NC,STATE,7.124999880790712,-1.8750001192092878,14.6999998092651,7.09999990463257,7.09999990463257
757,10001748,NC,FEDERAL,7.012499988079072,-1.987500011920928,14.9000000953674,7.04999995231628,6.95000004768372
758,10001749,NC,STATE,6.300000071525573,-2.699999928474427,14.3000001907349,6.30000019073486,6.19999980926514
759,10001750,NC,STATE,6.0,-3.0,14.3999996185303,6.09999990463257,5.90000009536743
760,10001751,NC,STATE,6.175000071525575,-2.8249999284744254,13.8499999046326,6.40000009536743,6.0
761,10001752,NC,STATE,5.574999988079071,-3.425000011920929,12.5250000953674,5.42499995231628,5.52499997615814
762,10001753,NC,STATE,5.674999952316284,-3.325000047683716,12.6000003814697,5.59999990463257,5.59999990463257
763,10001754,NC,STATE,6.20000010728836,-2.7999998927116403,13.5999999046326,6.20000004768372,6.0
764,10001759,NC,STATE,5.324999968210857,-3.6750000317891427,12.6000000635783,5.33333349227905,5.26666657129924
765,10001760,NC,FEDERAL,6.950000047683716,-2.049999952316284,15.0,7.0,6.90000009536743
766,10001761,NC,FEDERAL,7.074999928474428,-1.925000071525572,15.1000003814697,7.09999990463257,7.0
767,10001763,NC,STATE,6.737499952316285,-2.262500047683715,14.6000003814697,6.90000009536743,6.69999980926514
768,10001766,NC,STATE,7.875,-1.125,15.5,8.19999980926514,7.80000019073486
769,10001769,NC,STATE,6.331250011920931,-2.6687499880790693,14.4000000953674,6.07499992847443,6.27500009536743
770,10001770,NC,STATE,6.0,-3.0,13.75,5.95000004768372,5.95000004768372
771,10001771,NC,STATE,6.875000119209288,-2.1249998807907122,15.8999996185303,6.90000009536743,6.90000009536743
772,10001775,NC,STATE,5.775000035762788,-3.2249999642372122,15.0500001907349,5.64999985694885,5.75
773,10001776,NC,STATE,6.312500059604642,-2.687499940395358,15.75,6.14999985694885,6.30000019073486
774,10001777,NC,STATE,6.812500059604646,-2.1874999403953543,15.2999997138977,6.90000009536743,6.85000014305115
775,10001778,NC,STATE,6.425000071525572,-2.574999928474428,14.8999996185303,6.30000019073486,6.40000009536743
776,10001782,NC,STATE,6.975000023841858,-2.024999976158142,16.8999996185303,6.90000009536743,7.0
777,10001784,NC,STATE,6.75,-2.25,15.1500000953674,6.75,6.75
778,10001786,NC,STATE,7.149999976158142,-1.850000023841858,16.5,7.09999990463257,7.09999990463257
779,10001787,NC,STATE,5.325000047683715,-3.674999952316285,12.0,5.30000019073486,5.30000019073486
780,10001788,NC,STATE,5.19166668256124,-3.80833331743876,11.3000001907349,5.06666660308838,5.23333326975505
781,10001790,NC,STATE,6.649999976158143,-2.350000023841857,16.7000007629395,6.59999990463257,6.69999980926514
782,10001793,NC,STATE,6.712499976158143,-2.287500023841857,16.0999999046326,6.69999980926514,6.85000014305115
783,10001797,NC,STATE,6.487500011920928,-2.512499988079072,14.8000001907349,6.5,6.54999995231628
784,10001798,NC,STATE,5.212500035762788,-3.7874999642372122,14.1000003814697,5.0,5.45000004768372
785,10001799,NC,STATE,5.500000119209287,-3.499999880790713,14.5,5.30000019073486,5.80000019073486
786,10001801,NC,STATE,6.424999952316285,-2.575000047683715,12.6999998092651,6.09999990463257,6.69999980926514
787,10001804,MS,STATE,6.850000143051145,-2.149999856948855,14.6999998092651,6.80000019073486,6.80000019073486
788,10001805,MS,MULTI,7.399999976158142,-1.600000023841858,15.3999996185303,7.59999990463257,7.40000009536743
789,10001807,MS,STATE,7.325000047683715,-1.674999952316285,14.9666668574015,7.33333349227905,7.33333349227905
790,10001811,MS,FEDERAL,7.641666730244956,-1.358333269755044,16.2333335876465,7.96666669845581,7.50000015894572
791,10001812,MS,FEDERAL,7.48750001192093,-1.5124999880790702,16.0,7.85000014305115,7.30000019073486
792,10001816,MS,STATE,7.558333357175193,-1.4416666428248073,14.5999997456868,7.5666667620341,7.5666667620341
793,10001820,MS,FEDERAL,7.399999976158143,-1.600000023841857,13.0999999046326,7.45000004768372,7.35000014305115
794,10001821,MS,STATE,6.600000023841858,-2.399999976158142,11.5,6.80000019073486,6.5
795,10001825,KS,FEDERAL,7.450000047683715,-1.549999952316285,12.8999996185303,7.0,7.30000019073486
796,10001826,KS,FEDERAL,7.450000047683715,-1.549999952316285,12.8999996185303,7.0,7.30000019073486
797,10001830,KS,STATE,5.799999952316286,-3.200000047683714,7.20000004768372,5.09999990463257,5.59999990463257
798,10001831,KS,STATE,5.874999880790713,-3.125000119209287,7.40000009536743,5.19999980926514,5.69999980926514
799,10001832,KS,STATE,5.799999952316286,-3.200000047683714,7.20000004768372,5.09999990463257,5.59999990463257
800,10001852,IA,STATE,6.475000023841858,-2.524999976158142,11.6000003814697,6.19999980926514,6.0
801,10001853,IA,STATE,7.25,-1.75,13.3000001907349,7.0,6.90000009536743
802,10001856,IA,STATE,7.674999952316282,-1.3250000476837176,14.3999996185303,7.80000019073486,7.09999990463257
803,10001861,IA,STATE,7.799999952316285,-1.200000047683715,14.5,7.59999990463257,7.30000019073486
804,10001862,IA,STATE,7.799999952316285,-1.200000047683715,14.5,7.59999990463257,7.30000019073486
805,10001863,IA,STATE,7.3999998569488525,-1.6000001430511475,13.1999998092651,7.09999990463257,6.90000009536743
806,10001866,IA,STATE,7.700000166893003,-1.2999998331069973,13.0,7.30000019073486,7.30000019073486
807,10001867,IA,STATE,7.200000047683718,-1.7999999523162824,12.3000001907349,7.19999980926514,6.5
808,10001869,IA,STATE,7.3999998569488525,-1.6000001430511475,13.3999996185303,7.09999990463257,7.0
809,10001871,IA,STATE,7.424999952316286,-1.575000047683714,13.9333330790202,7.19999996821086,7.19999996821086
810,10001873,WV,STATE,8.149999916553497,-0.8500000834465027,16.6999998092651,8.19999980926514,7.84999990463257
811,10001875,WV,STATE,6.737499892711638,-2.2625001072883624,13.8000001907349,6.64999985694885,6.54999995231628
812,10001879,WV,STATE,6.337500035762788,-2.6624999642372122,14.9000000953674,6.30000019073486,5.95000004768372
813,10001906,AR,STATE,7.78749996423721,-1.2125000357627904,16.75,7.64999985694885,7.64999985694885
814,10001908,AR,STATE,7.75,-1.25,16.7000007629395,7.59999990463257,7.59999990463257
815,10001909,AR,STATE,8.874999999999996,-0.12500000000000355,17.7999992370605,8.89999961853027,8.80000019073486
816,10001910,AR,STATE,7.774999976158143,-1.225000023841857,16.2999992370605,7.69999980926514,7.69999980926514
817,10001913,VT,STATE,5.337499976158142,-3.662500023841858,8.89999961853027,5.14999985694885,5.0
818,10001914,VT,STATE,5.675000071525573,-3.324999928474427,9.89999961853027,5.30000019073486,5.69999980926514
819,10001918,VT,STATE,5.22499990463257,-3.77500009536743,9.30000019073486,5.0,5.09999990463257
820,10001925,SC,STATE,7.125,-1.875,16.2999992370605,7.19999980926514,7.19999980926514
821,10001928,SC,STATE,7.125,-1.875,16.2999992370605,7.19999980926514,7.19999980926514
822,10001931,SC,STATE,5.993750035762788,-3.0062499642372122,13.1000003814697,6.00000011920929,6.125
823,10001933,MT,STATE,5.649999976158142,-3.350000023841858,4.90000009536743,4.69999980926514,4.90000009536743
824,10001936,MT,STATE,5.299999952316284,-3.700000047683716,4.30000019073486,3.90000009536743,4.59999990463257
825,10001938,ME,STATE,4.149999976158142,-4.850000023841858,7.40000009536743,4.0,4.09999990463257
826,10001940,KY,FEDERAL,7.375,-1.625,16.2000007629395,7.09999990463257,7.30000019073486
827,10001941,KY,FEDERAL,7.375,-1.625,16.2000007629395,7.09999990463257,7.30000019073486
828,10001954,AL,STATE,7.337499916553497,-1.6625000834465027,15.1999998092651,7.70000004768372,7.34999990463257
829,10001957,AL,STATE,7.850000023841858,-1.149999976158142,13.8999996185303,8.0,7.59999990463257
830,10001960,NM,STATE,6.0,-3.0,6.40000009536743,5.40000009536743,5.90000009536743
831,10001966,TX,STATE,6.225000023841858,-2.774999976158142,7.40000009536743,5.30000019073486,6.59999990463257
832,10001967,TX,STATE,6.4124999046325675,-2.5875000953674325,8.30000019073486,5.64999985694885,6.64999985694885
833,10001969,TX,STATE,6.52500009536743,-2.47499990463257,10.8999996185303,6.30000019073486,6.30000019073486
834,10001972,TX,FEDERAL,7.949999988079073,-1.0500000119209272,13.9500002861023,7.70000004768372,7.5
835,10001974,TX,FEDERAL,6.524999976158142,-2.475000023841858,7.19999980926514,6.09999990463257,7.09999990463257
836,10001975,TX,FEDERAL,6.587499976158142,-2.412500023841858,7.25,6.20000004768372,7.14999985694885
837,10001977,TX,STATE,7.225000023841858,-1.774999976158142,12.1999998092651,7.19999980926514,7.09999990463257
838,10001978,TX,STATE,6.875,-2.125,12.1999998092651,6.90000009536743,6.69999980926514
839,10001981,TX,MULTI,6.34999990463257,-2.65000009536743,10.0,6.40000009536743,6.59999990463257
840,10001984,TX,STATE,7.700000047683715,-1.299999952316285,12.8999996185303,7.5,7.80000019073486
841,10001989,TX,FEDERAL,7.912500023841858,-1.087499976158142,14.0500001907349,7.69999980926514,8.0
842,10001990,TX,FEDERAL,7.781249999999999,-1.2187500000000009,13.8749997615814,7.67499995231628,7.82500004768372
843,10002084,MI,STATE,5.437500059604645,-3.5624999403953552,8.10000038146973,4.95000004768372,5.09999990463257
844,10002088,MI,STATE,6.2375000715255755,-2.7624999284744245,12.3249998092651,5.90000009536743,6.02499997615814
845,10002095,MA,STATE,6.875,-2.125,12.1000003814697,6.30000019073486,6.80000019073486
846,10002097,MA,STATE,6.350000143051145,-2.649999856948855,10.8000001907349,5.80000019073486,6.30000019073486
847,10002098,MA,STATE,6.350000143051145,-2.649999856948855,10.8000001907349,5.80000019073486,6.30000019073486
848,10002101,MA,STATE,6.324999988079075,-2.6750000119209254,11.75,5.69999980926514,6.20000004768372
849,10002102,GA,STATE,6.8625000715255755,-2.1374999284744245,15.9000000953674,7.0,6.85000014305115
850,10002105,GA,STATE,8.162500083446503,-0.8374999165534973,17.5500001907349,8.34999990463257,8.10000038146973
851,10002106,GA,STATE,8.162500083446503,-0.8374999165534973,17.5500001907349,8.34999990463257,8.10000038146973
852,10002108,GA,STATE,7.90000009536743,-1.0999999046325701,17.9499998092651,8.34999990463257,7.80000019073486
853,10002114,GA,STATE,7.375000119209288,-1.6249998807907122,16.3999996185303,7.5,7.40000009536743
854,10002121,GA,STATE,9.474999666213987,0.4749996662139875,19.0,9.89999961853027,9.19999980926514
855,10002126,GA,STATE,7.162499964237212,-1.8375000357627878,15.4000000953674,7.25,7.14999985694885
856,10002129,GA,STATE,7.450000047683715,-1.549999952316285,16.5500001907349,7.35000014305115,7.64999985694885
857,10002134,GA,STATE,7.525000035762785,-1.474999964237215,17.0499992370605,7.54999995231628,7.54999995231628
858,10002137,GA,STATE,7.206250011920931,-1.7937499880790693,17.3999996185303,7.39999997615814,7.12499988079071
859,10002138,GA,STATE,7.27500009536743,-1.7249999046325701,17.5,7.40000009536743,7.30000019073486
860,10002141,GA,STATE,6.949999928474427,-2.050000071525573,16.1000003814697,7.19999980926514,6.80000019073486
861,10002142,GA,STATE,7.4375,-1.5625,16.9499998092651,7.64999985694885,7.40000009536743
862,10002144,GA,STATE,7.225000023841857,-1.774999976158143,16.4499998092651,7.40000009536743,7.20000004768372
863,10002146,GA,STATE,7.112500071525572,-1.887499928474428,14.9499998092651,7.25,7.0
864,10002147,GA,STATE,7.725000023841857,-1.274999976158143,16.8999996185303,7.80000019073486,7.80000019073486
865,10002152,FL,STATE,6.8125,-2.1875,12.7999997138977,6.79999995231628,6.45000004768372
866,10002153,FL,STATE,6.850000023841858,-2.149999976158142,12.8999996185303,6.90000009536743,6.5
867,10002174,FL,STATE,6.875,-2.125,11.8000001907349,6.64999985694885,6.85000014305115
868,10002175,FL,STATE,6.899999976158142,-2.100000023841858,12.0,6.69999980926514,6.90000009536743
869,10002176,FL,STATE,6.550000071525573,-2.449999928474427,11.0333334604899,6.30000019073486,6.46666669845581
870,10002177,FL,STATE,6.5,-2.5,11.0666669209798,6.26666673024495,6.43333339691162
871,10002178,FL,STATE,7.749999880790713,-1.2500001192092869,13.1000003814697,7.59999990463257,7.69999980926514
872,10002187,FL,STATE,6.575000047683715,-2.424999952316285,10.5,6.30000019073486,6.5
873,10002206,CO,FEDERAL,7.59166657924652,-1.40833342075348,7.36666679382324,7.16666650772095,6.76666673024495
874,10002221,CO,STATE,5.799999952316285,-3.200000047683715,6.0,5.19999980926514,5.5
875,10002222,CO,NOT AVAILABLE,5.425000071525572,-3.574999928474428,5.80000019073486,4.80000019073486,5.0
876,10002225,CO,STATE,5.237500131130218,-3.7624998688697824,5.90000009536743,4.85000014305115,4.80000019073486
877,10002226,CO,STATE,5.17500001192093,-3.82499998807907,5.90000009536743,4.75,4.75
878,10002227,CO,STATE,5.21250009536743,-3.78749990463257,5.90000009536743,4.80000019073486,4.75
879,10002228,CO,STATE,4.562499940395355,-4.437500059604645,6.45000004768372,4.09999990463257,4.30000019073486
880,10002233,CO,STATE,4.975000023841858,-4.024999976158142,9.30000019073486,4.40000009536743,4.80000019073486
881,10002244,AZ,STATE,12.09999990463255,3.0999999046325506,12.1999998092651,10.5,12.1999998092651
882,10002245,AZ,STATE,10.487500190734858,1.487500190734858,11.4000000953674,9.10000038146973,10.8000001907349
883,10002248,AZ,STATE,6.299999952316285,-2.700000047683715,5.40000009536743,5.5,6.19999980926514
884,10002249,AZ,STATE,4.074999988079073,-4.925000011920927,4.19999980926514,3.70000004768372,3.90000009536743
885,10002250,AZ,FEDERAL,7.149999976158143,-1.850000023841857,9.5,6.19999980926514,6.69999980926514
886,10002258,IL,STATE,8.0,-1.0,14.5,7.59999990463257,7.90000009536743
887,10002259,IL,STATE,8.318750143051147,-0.6812498569488525,16.5500001907349,8.05000007152557,8.15000009536743
888,10002260,DE,STATE,8.025000095367432,-0.9749999046325684,15.6999998092651,8.0,7.80000019073486
889,10002262,DE,STATE,6.662500023841858,-2.337499976158142,15.0,6.59999990463257,6.40000009536743
890,10002281,NY,STATE,5.437499999999997,-3.5625000000000027,10.8000001907349,4.80000019073486,5.25
891,10002287,NY,STATE,5.7125000953674325,-3.2874999046325675,11.6000001430511,5.35000014305115,5.42500007152557
892,10002290,NY,STATE,5.93124997615814,-3.0687500238418597,12.9749999046326,5.77500009536743,5.62499988079071
893,10002294,NY,STATE,7.774999976158143,-1.225000023841857,14.8000001907349,7.59999990463257,7.69999980926514
894,10002298,NJ,STATE,7.643749982118605,-1.3562500178813952,14.9499998092651,7.35000002384186,7.27499997615814
895,10002300,NJ,STATE,7.050000071525573,-1.9499999284744272,15.0,6.90000009536743,6.80000019073486
896,10002301,NJ,STATE,7.050000071525573,-1.9499999284744272,15.0,6.90000009536743,6.80000019073486
897,10002305,NJ,STATE,5.675000071525573,-3.324999928474427,13.3000001907349,5.69999980926514,5.30000019073486
898,10002309,CA,STATE,6.675000071525583,-2.3249999284744174,5.5,4.90000009536743,5.19999980926514
899,10002310,CA,STATE,9.881250023841858,0.8812500238418579,5.92500007152557,6.47500002384186,6.92500007152557
900,10002322,CA,STATE,9.04999995231627,0.04999995231626997,8.30000019073486,6.69999980926514,7.69999980926514
901,10002323,CA,STATE,8.24999999999999,-0.7500000000000107,9.84999990463257,7.04999995231628,7.04999995231628
902,10002330,CA,FEDERAL,8.699999809265128,-0.30000019073487216,8.39999961853027,7.5,8.39999961853027
903,10002340,CA,STATE,9.812499880790707,0.8124998807907069,10.3499999046326,8.39999961853027,9.80000019073486
904,10002341,CA,STATE,12.225000023841876,3.2250000238418757,15.5,10.8499999046326,10.9000000953674
905,10002345,CA,STATE,6.699999928474427,-2.300000071525573,6.19999980926514,4.90000009536743,6.19999980926514
906,10002346,CA,STATE,5.350000023841857,-3.649999976158143,9.39999961853027,4.85000014305115,5.54999995231628
907,10002347,CA,STATE,9.050000071525574,0.05000007152557373,10.5,7.90000009536743,9.30000019073486
908,10002348,CA,STATE,10.125000000000004,1.1250000000000036,11.3000001907349,9.29999971389771,10.25
909,10002349,CA,STATE,6.424999952316284,-2.575000047683716,8.0,5.59999990463257,6.09999990463257
910,10002353,CA,STATE,9.27499997615815,0.2749999761581492,8.5,7.59999990463257,8.89999961853027
911,10002359,MD,STATE,6.5,-2.5,14.5,6.40000009536743,6.30000019073486
912,10002364,MD,STATE,7.387500166893003,-1.6124998331069973,14.8999996185303,7.30000019073486,7.30000019073486
913,10002377,VA,STATE,6.137499988079069,-2.8625000119209307,13.1999998092651,6.30000019073486,5.90000009536743
914,10002395,DC,STATE,7.300000071525575,-1.6999999284744254,15.3000001907349,7.30000019073486,7.19999980926514
915,10002396,DC,STATE,7.300000071525575,-1.6999999284744254,15.3000001907349,7.30000019073486,7.19999980926514
916,10002399,CT,STATE,5.649999976158143,-3.350000023841857,10.3000001907349,5.19999980926514,5.30000019073486
917,10002400,CT,STATE,6.6333333651224775,-2.3666666348775225,13.3333333333333,6.40000009536743,6.33333349227905
918,10002405,MO,STATE,7.500000000000002,-1.4999999999999982,14.7999997138977,7.20000004768372,7.34999990463257
919,10002416,LA,STATE,7.950000047683715,-1.049999952316285,13.5499997138977,8.05000019073486,8.25
920,10002425,OH,STATE,8.0,-1.0,14.8999996185303,8.0,7.5
921,10002428,OH,STATE,7.475000023841858,-1.524999976158142,15.3000001907349,7.5,7.09999990463257
922,10002431,OH,STATE,7.524999976158142,-1.475000023841858,14.75,7.5,7.09999990463257
923,10002432,OH,STATE,7.599999964237212,-1.4000000357627878,14.75,7.57500004768372,7.17499995231628
924,10002436,OH,STATE,9.499999999999993,0.4999999999999929,17.5,9.60000038146973,9.0
925,10002440,WA,STATE,4.799999952316285,-4.200000047683715,6.40000009536743,4.59999990463257,5.40000009536743
926,10002455,WA,STATE,3.8500000536441825,-5.149999946355818,4.19999980926514,3.85000002384186,3.5
927,10002460,WA,STATE,7.499999880790713,-1.5000001192092869,7.40000009536743,7.09999990463257,7.69999980926514
928,10002463,WA,STATE,5.600000023841858,-3.399999976158142,7.59999990463257,5.69999980926514,6.0
929,10002469,WA,STATE,6.774999976158142,-2.225000023841858,8.89999961853027,6.80000019073486,7.59999990463257
930,10002470,WA,STATE,6.72499990463257,-2.27500009536743,8.89999961853027,6.69999980926514,7.5
931,10002471,WA,STATE,6.299999952316285,-2.700000047683715,8.30000019073486,6.19999980926514,7.19999980926514
932,10002472,WA,STATE,6.774999976158142,-2.225000023841858,8.89999961853027,6.80000019073486,7.59999990463257
933,10002479,WA,STATE,5.075000047683715,-3.924999952316285,6.90000009536743,5.19999980926514,5.30000019073486
934,10002485,WA,STATE,5.700000047683715,-3.299999952316285,7.80000019073486,5.69999980926514,5.80000019073486
935,10002491,WA,STATE,4.800000071525572,-4.199999928474428,6.0,4.90000009536743,4.80000019073486
936,10002493,WA,STATE,5.225000023841858,-3.774999976158142,7.09999990463257,5.30000019073486,5.19999980926514
937,10002505,WA,STATE,7.212499976158139,-1.7875000238418606,7.84999990463257,6.90000009536743,7.14999985694885
938,10002506,WA,STATE,7.1437499821186075,-1.8562500178813925,6.85000014305115,6.42500007152557,6.87500011920929
939,10002510,WA,STATE,5.799999952316284,-3.200000047683716,7.09999990463257,5.30000019073486,5.59999990463257
940,10002517,WI,STATE,4.674999952316285,-4.325000047683715,7.0,4.40000009536743,4.09999990463257
941,10002522,WI,STATE,5.200000047683714,-3.799999952316286,8.5,4.90000009536743,4.59999990463257
942,10002537,WI,STATE,6.574999988079073,-2.425000011920927,10.3999996185303,6.45000004768372,5.90000009536743
943,10002556,WI,STATE,6.274999976158142,-2.725000023841858,10.6999998092651,6.19999980926514,5.40000009536743
944,10002558,WI,STATE,6.487499952316285,-2.512500047683715,10.8000001907349,6.40000009536743,5.69999980926514
945,10002560,WI,STATE,7.15000009536743,-1.8499999046325701,13.0,7.0,7.0
946,10002564,WI,STATE,6.600000063578288,-2.399999936421712,12.233333269755,6.36666679382324,5.93333339691162
947,10002565,WI,FEDERAL,6.475000023841857,-2.524999976158143,10.8999996185303,6.30000019073486,5.80000019073486
948,10002568,WI,STATE,8.024999856948853,-0.9750001430511475,12.6000003814697,7.69999980926514,7.80000019073486
949,10002569,WI,STATE,7.97499990463257,-1.0250000953674299,12.5500001907349,7.59999990463257,7.75
950,10002570,WI,STATE,8.024999856948853,-0.9750001430511475,12.6000003814697,7.69999980926514,7.80000019073486
951,10002571,WI,STATE,7.487500011920931,-1.5124999880790693,12.6749999523163,7.14999985694885,7.14999997615814
952,10002579,WI,STATE,7.5,-1.5,12.75,7.25,7.14999985694885
953,10002591,WI,STATE,6.725000023841857,-2.274999976158143,12.5,6.5,6.19999980926514
954,10002600,WI,STATE,8.325000166893007,-0.6749998331069929,14.3999996185303,8.10000038146973,7.90000009536743
955,10002605,WI,STATE,7.487500011920931,-1.5124999880790693,14.4000000953674,7.45000004768372,7.09999990463257
956,10002607,WI,STATE,7.7500001192092896,-1.2499998807907104,14.8999996185303,7.59999990463257,7.40000009536743
957,10002608,WI,STATE,7.78750005364418,-1.2124999463558197,14.9249997138977,7.59999990463257,7.42500007152557
958,10002613,WI,STATE,7.899999976158142,-1.100000023841858,15.3999996185303,7.80000019073486,7.5
959,10002616,UT,FEDERAL,6.912499964237212,-2.0875000357627878,7.59999990463257,6.0,6.80000019073486
960,10002617,UT,STATE,5.550000071525577,-3.4499999284744227,5.0,4.85000014305115,5.45000004768372
961,10002629,OK,STATE,8.012499868869785,-0.987500131130215,12.9499998092651,7.69999980926514,7.70000004768372
962,10002633,NC,STATE,6.425000071525573,-2.574999928474427,14.1999998092651,6.5,6.30000019073486
963,10002638,NC,STATE,6.80000001192093,-2.19999998807907,14.3000001907349,6.75,6.70000004768372
964,10002640,NC,STATE,6.425000071525573,-2.574999928474427,14.0,6.40000009536743,6.30000019073486
965,10002656,IA,STATE,7.200000047683718,-1.7999999523162824,12.5,7.0,6.59999990463257
966,10002657,SD,STATE,5.65000009536743,-3.34999990463257,7.0,4.90000009536743,5.40000009536743
967,10002658,SD,STATE,5.65000009536743,-3.34999990463257,7.0,4.90000009536743,5.40000009536743
968,10002668,SC,STATE,6.331249982118605,-2.668750017881395,15.6750001907349,6.09999990463257,6.40000009536743
969,10002670,SC,STATE,8.174999952316284,-0.8250000476837158,17.2000007629395,8.0,8.19999980926514
970,10002671,SC,STATE,7.899999976158142,-1.100000023841858,17.2000007629395,7.69999980926514,7.90000009536743
971,10002685,SC,STATE,6.75,-2.25,16.6000003814697,6.69999980926514,7.0
972,10002687,SC,STATE,6.691666682561238,-2.3083333174387617,16.2333329518636,6.86666679382324,6.66666650772095
973,10002688,SC,STATE,6.67500001192093,-2.32499998807907,15.7000002861023,6.90000009536743,6.69999980926514
974,10002689,SC,STATE,6.89999997615814,-2.1000000238418597,15.75,7.04999995231628,6.75
975,10002691,SC,STATE,5.712500035762788,-3.2874999642372122,14.3999996185303,5.70000004768372,5.85000014305115
976,10002692,SC,FEDERAL,5.683333317438763,-3.3166666825612374,13.3999999364217,5.66666666666667,5.83333333333333
977,10002693,SC,FEDERAL,5.59999990463257,-3.40000009536743,13.3999996185303,5.59999990463257,5.69999980926514
978,10002701,SC,FEDERAL,6.199999988079069,-2.8000000119209307,14.1500000953674,6.25,6.09999990463257
979,10002713,TX,STATE,5.8499999642372105,-3.1500000357627895,5.45000004768372,5.25,5.79999995231628
980,10002714,TX,STATE,5.774999856948855,-3.225000143051145,5.40000009536743,5.19999980926514,5.69999980926514
981,10002716,TX,STATE,7.34999990463257,-1.6500000953674299,9.89999961853027,6.80000019073486,7.19999980926514
982,10002725,TX,STATE,6.3187499940395355,-2.6812500059604645,12.5250000953674,6.09999990463257,6.0
983,10002726,TX,STATE,6.25,-2.75,12.5,6.09999990463257,5.90000009536743
984,10002729,TX,STATE,6.77500009536743,-2.22499990463257,6.09999990463257,6.30000019073486,6.80000019073486
985,10002731,TX,STATE,7.88749998807907,-1.1125000119209298,14.2999997138977,8.10000038146973,7.64999985694885
986,10002755,TX,STATE,8.625,-0.375,14.6500000953674,8.5,8.5
987,10002758,TX,STATE,5.975000023841861,-3.0249999761581394,6.14999985694885,5.45000004768372,6.45000004768372
988,10002759,TX,STATE,5.762499868869782,-3.2375001311302176,7.65000009536743,5.59999990463257,5.69999980926514
989,10002784,TX,STATE,7.262499988079073,-1.7375000119209272,12.75,7.14999985694885,7.19999980926514
990,10002791,TX,STATE,7.312499999999997,-1.6875000000000027,11.9499998092651,7.25,7.29999995231628
991,10002792,TX,STATE,7.22499990463257,-1.7750000953674299,12.0,7.19999980926514,7.19999980926514
992,10002799,TX,STATE,6.174999952316284,-2.825000047683716,8.10000038146973,6.09999990463257,6.09999990463257
993,10002800,TX,FEDERAL,6.16249996423721,-2.8375000357627904,8.94999980926514,5.64999985694885,6.04999995231628
994,10002801,TX,FEDERAL,7.450000047683715,-1.549999952316285,9.69999980926514,6.90000009536743,7.5
995,10002802,TX,STATE,7.475000023841858,-1.524999976158142,9.69999980926514,6.90000009536743,7.59999990463257
996,10002817,TX,STATE,5.950000047683715,-3.049999952316285,11.3999996185303,5.59999990463257,6.0
997,10002822,TX,STATE,7.47500002384186,-1.5249999761581403,13.1000003814697,7.45000004768372,7.45000004768372
998,10002827,TX,STATE,7.212500035762788,-1.7874999642372122,12.9500002861023,7.19999980926514,7.30000019073486
999,10002828,TX,STATE,6.562499999999997,-2.4375000000000027,11.9000000953674,6.54999995231628,6.54999995231628
1000,10002835,TX,STATE,6.324999928474427,-2.675000071525573,10.3000001907349,6.40000009536743,6.19999980926514
1001,10002838,TX,STATE,6.925000071525572,-2.074999928474428,13.3000001907349,6.90000009536743,6.90000009536743
1002,10002843,TX,STATE,7.8125,-1.1875,12.75,7.90000009536743,7.75
1003,10002844,TX,STATE,7.650000005960463,-1.3499999940395373,13.125,7.42500007152557,7.77499997615814
1004,10002845,TX,STATE,7.725000083446505,-1.2749999165534946,13.25,7.5,7.85000014305115
1005,10002851,TX,MULTI,9.950000286102282,0.9500002861022825,26.7000007629395,9.5,10.6000003814697
1006,10002857,TX,STATE,8.387500047683716,-0.6124999523162842,14.1500000953674,8.25,8.5
1007,10002858,TX,STATE,8.337499976158142,-0.6625000238418579,14.0500001907349,8.20000028610229,8.44999980926514
1008,10002860,TX,FEDERAL,7.950000166893005,-1.0499998331069946,13.8999996185303,7.80000019073486,8.0
1009,10002862,TX,STATE,10.074999809265133,1.0749998092651332,14.5,9.80000019073486,10.1999998092651
1010,10002869,TX,STATE,9.725000143051147,0.7250001430511475,14.8000001907349,9.5,10.0
1011,10002872,TX,FEDERAL,9.799999952316277,0.7999999523162771,15.0,9.5,10.1000003814697
1012,10002876,TX,STATE,6.63749998807907,-2.36250001192093,12.75,6.64999985694885,6.5
1013,10002884,TX,STATE,8.024999976158142,-0.9750000238418579,14.3000001907349,7.80000019073486,8.19999980926514
1014,10002885,TX,STATE,8.275000095367432,-0.7249999046325684,14.3999996185303,8.10000038146973,8.5
1015,10002886,TX,STATE,8.25,-0.75,14.3000001907349,8.10000038146973,8.39999961853027
1016,10002893,TX,STATE,7.649999856948855,-1.3500001430511448,12.4499998092651,7.59999990463257,7.69999980926514
1017,10002897,TX,STATE,7.800000071525572,-1.199999928474428,12.3999996185303,7.40000009536743,8.0
1018,10002900,TX,STATE,6.774999976158143,-2.225000023841857,12.6999998092651,6.59999990463257,6.80000019073486
1019,10002904,TX,MULTI,7.75,-1.25,13.6999998092651,7.40000009536743,8.0
1020,10002905,TX,STATE,7.0,-2.0,12.5,6.80000019073486,7.19999980926514
1021,10002913,TX,FEDERAL,7.999999880790713,-1.0000001192092869,13.8999996185303,7.69999980926514,8.19999980926514
1022,10002914,TX,FEDERAL,7.999999880790713,-1.0000001192092869,13.8999996185303,7.69999980926514,8.19999980926514
1023,10002916,TX,STATE,6.775000035762787,-2.224999964237213,12.3499999046326,6.65000009536743,6.84999990463257
1024,10002917,TX,STATE,6.733333349227905,-2.2666666507720947,12.3000001907349,6.60000006357829,6.79999987284342
1025,10002920,TX,STATE,6.750000119209287,-2.249999880790713,9.10000038146973,6.59999990463257,6.80000019073486
1026,10002928,TX,STATE,6.5625,-2.4375,10.1500000953674,6.5,6.59999990463257
1027,10002940,TX,STATE,8.34999990463257,-0.6500000953674299,11.25,8.54999971389771,7.84999990463257
1028,10002941,TX,STATE,8.22499990463257,-0.7750000953674299,11.3000001907349,8.39999961853027,7.69999980926514
1029,10002957,OR,STATE,5.224999964237212,-3.7750000357627878,6.0,5.14999985694885,4.80000019073486
1030,10002958,OR,STATE,8.037499904632574,-0.9625000953674263,9.39999961853027,7.35000014305115,7.79999995231628
1031,10002964,OR,FEDERAL,5.575000047683714,-3.424999952316286,6.30000019073486,5.30000019073486,5.09999990463257
1032,10002968,OR,STATE,6.699999988079062,-2.300000011920938,7.5,5.80000019073486,5.64999985694885
1033,10002971,OR,STATE,6.77499997615814,-2.2250000238418597,7.5,5.80000019073486,5.69999980926514
1034,10002987,NV,STATE,5.77500009536743,-3.22499990463257,3.40000009536743,4.30000019073486,5.30000019073486
1035,10002988,NV,STATE,6.362499952316285,-2.637500047683715,3.5,4.85000014305115,6.14999985694885
1036,10002991,NV,STATE,6.937499940395355,-2.0625000596046448,3.70000004768372,5.09999990463257,6.25
1037,10002995,NV,STATE,8.050000190734872,-0.9499998092651278,6.0,5.40000009536743,6.90000009536743
1038,10002996,NV,STATE,7.86249989271164,-1.1375001072883597,5.80000019073486,5.19999980926514,6.64999985694885
1039,10002997,NV,STATE,7.824999928474417,-1.1750000715255826,5.80000019073486,5.19999980926514,6.59999990463257
1040,10002998,NV,STATE,5.5,-3.5,3.5,4.80000019073486,5.09999990463257
1041,10003002,NV,STATE,5.674999952316284,-3.325000047683716,3.5,5.19999980926514,5.59999990463257
1042,10003004,NV,STATE,8.174999952316282,-0.8250000476837176,6.30000019073486,6.80000019073486,8.5
1043,10003005,NV,STATE,8.549999952316282,-0.4500000476837176,6.19999980926514,7.0,9.0
1044,10003006,NV,STATE,8.487500071525572,-0.512499928474428,6.19999980926514,7.0,8.90000009536743
1045,10003012,NV,STATE,6.000000119209288,-2.9999998807907122,5.80000019073486,5.30000019073486,5.90000009536743
1046,10003014,NV,STATE,7.225000023841857,-1.774999976158143,6.69999980926514,6.30000019073486,7.19999980926514
1047,10003017,MN,FEDERAL,5.100000023841857,-3.899999976158143,7.59999990463257,4.90000009536743,4.30000019073486
1048,10003047,PA,STATE,6.600000023841858,-2.399999976158142,12.3999996185303,6.35000014305115,6.54999995231628
1049,10003048,PA,STATE,6.674999952316285,-2.325000047683715,12.5,6.40000009536743,6.5
1050,10003052,PA,STATE,6.525000035762789,-2.4749999642372114,13.9500000476837,6.32500004768372,6.27500009536743
1051,10003054,PA,STATE,7.299999952316285,-1.700000047683715,14.6999998092651,7.09999990463257,7.19999980926514
1052,10003056,PA,STATE,7.212499916553497,-1.7875000834465027,14.3000001907349,7.14999985694885,6.90000009536743
1053,10003062,PA,STATE,7.5250000655651075,-1.4749999344348925,14.7749998569489,7.54999995231628,7.40000009536743
1054,10003064,PA,STATE,7.350000023841858,-1.649999976158142,14.7999997138977,7.09999990463257,7.25
1055,10003066,PA,FEDERAL,7.287500023841858,-1.712499976158142,15.1500000953674,7.04999995231628,7.25
1056,10003067,PA,FEDERAL,7.100000023841858,-1.899999976158142,15.3000001907349,7.0,7.0
1057,10003068,PA,FEDERAL,7.11250001192093,-1.8874999880790702,15.25,6.95000004768372,7.0
1058,10003069,PA,FEDERAL,7.6749998331069955,-1.3250001668930045,16.1000003814697,7.5,7.69999980926514
1059,10003070,PA,FEDERAL,7.6749998331069955,-1.3250001668930045,16.1000003814697,7.5,7.69999980926514
1060,10003073,PA,STATE,7.412499964237212,-1.5875000357627878,14.5500001907349,7.20000004768372,7.14999985694885
1061,10003074,PA,STATE,7.737500071525572,-1.262499928474428,14.8999996185303,7.5,7.5
1062,10003075,PA,FEDERAL,7.500000119209287,-1.4999998807907131,14.3000001907349,7.30000019073486,7.30000019073486
1063,10003076,PA,FEDERAL,7.350000083446505,-1.6499999165534946,14.25,7.20000004768372,7.10000014305115
1064,10003077,PA,STATE,8.05000013113022,-0.9499998688697797,16.3000001907349,7.95000004768372,7.85000014305115
1065,10003082,PA,STATE,7.550000071525573,-1.4499999284744272,15.3999996185303,7.5,7.54999995231628
1066,10003083,PA,FEDERAL,7.4749999046325675,-1.5250000953674325,15.75,7.5,7.29999995231628
1067,10003084,PA,FEDERAL,7.374999880790713,-1.6250001192092869,15.6999998092651,7.40000009536743,7.19999980926514
1068,10003107,PA,STATE,7.86250001192093,-1.1374999880790702,15.5,7.69999980926514,7.85000014305115
1069,10003109,PA,STATE,7.99166671435038,-1.0083332856496199,17.1333338419596,7.83333333333333,7.83333349227905
1070,10003116,PA,FEDERAL,8.22500002384186,-0.7749999761581403,17.2999992370605,8.19999980926514,7.90000009536743
1071,10003117,PA,STATE,8.475000143051147,-0.5249998569488525,16.2000001271566,8.36666679382324,8.20000012715658
1072,10003121,PA,STATE,7.4749999046325675,-1.5250000953674325,16.1000003814697,7.5,7.19999980926514
1073,10003122,NY,STATE,5.166666666666668,-3.833333333333332,10.6000003814697,4.66666666666667,5.0
1074,10003124,NY,STATE,5.725000023841858,-3.274999976158142,9.69999980926514,5.30000019073486,5.5
1075,10003125,NY,STATE,5.524999976158143,-3.475000023841857,9.60000038146973,5.19999980926514,5.30000019073486
1076,10003127,NY,STATE,4.962499976158142,-4.037500023841858,8.39999961853027,4.5,4.90000009536743
1077,10003128,NY,STATE,4.975000023841858,-4.024999976158142,8.39999961853027,4.5,4.90000009536743
1078,10003130,NY,STATE,5.649999976158142,-3.350000023841858,8.60000038146973,5.19999980926514,5.5
1079,10003131,NY,STATE,5.637499988079073,-3.362500011920927,8.60000038146973,5.19999980926514,5.5
1080,10003132,NY,STATE,5.699999968210857,-3.3000000317891427,8.60000038146973,5.23333326975505,5.56666660308838
1081,10003134,NY,STATE,5.199999928474423,-3.8000000715255773,8.69999980926514,4.54999995231628,5.04999995231628
1082,10003135,NY,FEDERAL,5.199999928474423,-3.8000000715255773,8.69999980926514,4.54999995231628,5.04999995231628
1083,10003136,NY,STATE,5.425000071525572,-3.574999928474428,9.89999961853027,4.80000019073486,5.40000009536743
1084,10003138,NY,STATE,5.112500071525573,-3.887499928474427,11.0,4.54999995231628,4.85000014305115
1085,10003140,NY,STATE,5.25000002980232,-3.7499999701976803,10.4499998092651,4.77500009536743,5.27500009536743
1086,10003141,NY,STATE,5.199999928474428,-3.800000071525572,10.3999996185303,4.80000019073486,5.19999980926514
1087,10003144,NY,STATE,5.700000047683718,-3.2999999523162824,12.0500001907349,5.30000019073486,5.45000004768372
1088,10003145,NY,STATE,5.725000023841858,-3.274999976158142,12.1000003814697,5.30000019073486,5.5
1089,10003148,NY,STATE,6.100000023841857,-2.899999976158143,12.8000001907349,5.80000019073486,5.80000019073486
1090,10003149,NY,STATE,5.324999928474425,-3.6750000715255746,11.2750000953674,5.0,5.12499988079071
1091,10003152,NY,STATE,5.600000023841858,-3.399999976158142,11.2000001271566,5.26666673024495,5.43333339691162
1092,10003156,NY,STATE,5.812499940395358,-3.187500059604642,11.1999998092651,5.45000004768372,5.69999980926514
1093,10003165,NY,STATE,5.587500035762788,-3.4124999642372122,12.5500001907349,5.35000014305115,5.35000014305115
1094,10003166,NY,STATE,6.137499988079072,-2.862500011920928,11.8000001907349,5.70000004768372,5.95000004768372
1095,10003167,NY,STATE,6.075000007947288,-2.9249999920527117,11.733333269755,5.69999996821086,5.86666679382324
1096,10003170,NY,STATE,6.112500071525572,-2.887499928474428,11.6000003814697,5.80000019073486,5.90000009536743
1097,10003175,NY,STATE,5.71250006556511,-3.28749993443489,11.5500001907349,5.35000014305115,5.42500007152557
1098,10003188,NY,STATE,6.000000119209287,-2.999999880790713,12.0,5.80000019073486,5.80000019073486
1099,10003189,NY,STATE,6.000000119209287,-2.999999880790713,12.0,5.80000019073486,5.80000019073486
1100,10003192,NY,STATE,6.4624999165535,-2.5375000834465,12.75,6.19999980926514,6.35000014305115
1101,10003193,NY,STATE,6.725000023841858,-2.274999976158142,12.6666666666667,6.43333339691162,6.59999990463257
1102,10003195,NY,STATE,6.23750001192093,-2.76249998807907,11.6500000953674,6.0,6.20000004768372
1103,10003196,NY,STATE,6.274999976158143,-2.725000023841857,11.8000001907349,6.09999990463257,6.19999980926514
1104,10003197,NY,STATE,6.100000023841858,-2.899999976158142,12.1000003814697,5.80000019073486,6.0
1105,10003198,NY,STATE,6.041666666666668,-2.958333333333332,12.1999998092651,5.69999996821086,5.90000009536743
1106,10003199,NY,STATE,6.149999976158142,-2.850000023841858,12.1000003814697,5.90000009536743,6.0
1107,10003200,NY,STATE,6.012499988079073,-2.987500011920927,11.6000003814697,5.85000014305115,5.85000014305115
1108,10003201,NY,STATE,6.024999976158142,-2.975000023841858,11.5,5.80000019073486,5.90000009536743
1109,10003202,NY,FEDERAL,6.1875,-2.8125,12.0,5.85000014305115,6.09999990463257
1110,10003203,NY,FEDERAL,6.149999976158142,-2.850000023841858,12.0,5.80000019073486,6.09999990463257
1111,10003204,NY,STATE,6.15833334128062,-2.8416666587193804,11.9333330790202,5.83333349227905,6.06666660308838
1112,10003208,NY,STATE,5.975000023841857,-3.024999976158143,12.8999996185303,5.80000019073486,5.69999980926514
1113,10003209,NY,STATE,6.6083333889643345,-2.3916666110356655,13.4666668574015,6.30000019073486,6.40000009536743
1114,10003227,NY,STATE,8.200000166893005,-0.7999998331069946,15.5,8.0,8.10000038146973
1115,10003229,NY,FEDERAL,8.637499809265135,-0.36250019073486506,15.0499997138977,8.39999961853027,8.59999990463257
1116,10003233,NY,STATE,7.424999952316285,-1.575000047683715,15.5,7.30000019073486,7.19999980926514
1117,10003235,NY,FEDERAL,8.399999856948856,-0.6000001430511439,15.6000003814697,8.19999980926514,8.19999980926514
1118,10003247,VA,STATE,6.500000119209288,-2.4999998807907122,15.3999996185303,6.30000019073486,6.40000009536743
1119,10003253,VA,STATE,5.924999982118605,-3.075000017881395,13.4249999523163,5.79999995231628,5.72500002384186
1120,10003255,VA,STATE,6.475000143051146,-2.5249998569488543,13.3000001907349,6.40000009536743,6.40000009536743
1121,10003256,VA,STATE,6.550000071525575,-2.4499999284744254,13.3000001907349,6.45000004768372,6.45000004768372
1122,10003262,VA,STATE,5.975000023841858,-3.024999976158142,12.0,6.04999995231628,5.85000014305115
1123,10003263,VA,STATE,6.024999976158142,-2.975000023841858,12.0,6.09999990463257,5.90000009536743
1124,10003268,VA,STATE,6.087499976158142,-2.912500023841858,13.75,6.0,6.09999990463257
1125,10003278,VA,STATE,7.512500107288361,-1.4874998927116394,15.0500001907349,7.5,7.40000009536743
1126,10003284,VA,STATE,7.024999976158142,-1.975000023841858,14.6999998092651,7.09999990463257,6.90000009536743
1127,10003289,VA,STATE,6.074999928474428,-2.925000071525572,14.3999996185303,6.0,5.90000009536743
1128,10003307,VA,STATE,6.737500011920929,-2.262499988079071,15.0500001907349,6.85000014305115,6.59999990463257
1129,10003308,VA,STATE,6.52500009536743,-2.47499990463257,14.8000001907349,6.5,6.30000019073486
1130,10003310,VA,STATE,6.17500001192093,-2.82499998807907,13.75,6.09999990463257,6.0
1131,10003316,VA,STATE,6.212500035762788,-2.7874999642372122,14.8499999046326,6.20000004768372,6.0
1132,10003320,VA,STATE,7.475000023841858,-1.524999976158142,14.9000000953674,7.5,7.29999995231628
1133,10003324,VA,STATE,6.074999988079072,-2.925000011920928,14.25,6.14999985694885,5.95000004768372
1134,10003327,VA,STATE,6.100000023841858,-2.899999976158142,13.766666730245,6.19999996821086,5.93333339691162
1135,10003329,VA,FEDERAL,6.96250003576279,-2.0374999642372096,14.8000001907349,6.95000004768372,6.95000004768372
1136,10003330,VA,FEDERAL,7.0,-2.0,14.8000001907349,7.0,7.0
1137,10003331,VA,STATE,6.024999916553497,-2.9750000834465027,13.9499998092651,6.25,5.69999980926514
1138,10003333,VA,STATE,6.299999952316284,-2.700000047683716,13.6000003814697,6.09999990463257,6.09999990463257
1139,10003342,OH,STATE,7.037500083446503,-1.9624999165534973,13.9000000953674,7.04999995231628,6.85000014305115
1140,10003348,OH,STATE,9.300000071525574,0.30000007152557373,16.4499998092651,9.34999990463257,9.05000019073486
1141,10003350,OH,STATE,8.575000017881393,-0.42499998211860657,15.4249997138977,8.47500014305115,8.39999985694885
1142,10003352,OH,STATE,8.250000238418579,-0.7499997615814209,15.3999996185303,8.10000038146973,8.10000038146973
1143,10003354,OH,STATE,7.400000095367432,-1.5999999046325684,15.1999998092651,7.59999990463257,7.09999990463257
1144,10003356,OH,STATE,7.325000047683718,-1.6749999523162824,15.3000001907349,7.59999990463257,6.90000009536743
1145,10003357,OH,STATE,7.2312500178813925,-1.7687499821186075,15.2249999046326,7.52499997615814,6.80000007152557
1146,10003362,OH,STATE,7.487499952316286,-1.512500047683714,15.0500001907349,7.59999990463257,7.15000009536743
1147,10003363,OH,STATE,7.625,-1.375,15.1000003814697,7.69999980926514,7.30000019073486
1148,10003365,OH,STATE,7.824999928474428,-1.175000071525572,14.8000001907349,7.80000019073486,7.59999990463257
1149,10003367,OH,STATE,8.0,-1.0,14.8999996185303,8.0,7.5
1150,10003369,OH,STATE,7.462499916553497,-1.5375000834465027,14.5500001907349,7.59999990463257,7.25
1151,10003370,OH,STATE,7.4249998331069955,-1.5750001668930045,14.5,7.59999990463257,7.19999980926514
1152,10003372,OH,STATE,7.412500083446503,-1.5874999165534973,14.5999999046326,7.15000009536743,7.15000009536743
1153,10003376,OH,STATE,7.90833326180776,-1.0916667381922398,15.266666730245,8.13333336512248,7.59999990463257
1154,10003377,OH,STATE,7.899999916553499,-1.100000083446501,15.3000001907349,8.10000014305115,7.59999990463257
1155,10003378,OH,STATE,7.924999922513963,-1.0750000774860373,15.2750000953674,8.12500011920929,7.62499988079071
1156,10003383,OH,STATE,8.262499988079073,-0.7375000119209272,15.3499999046326,8.44999980926514,7.90000009536743
1157,10003385,OH,FEDERAL,7.449999928474425,-1.5500000715255746,15.3000001907349,7.40000009536743,7.19999980926514
1158,10003386,OH,FEDERAL,7.412499964237215,-1.587500035762785,15.4500002861023,7.35000014305115,7.09999990463257
1159,10003387,OH,STATE,8.149999976158142,-0.8500000238418579,15.6000003814697,7.90000009536743,8.0
1160,10003389,OH,STATE,8.181250035762785,-0.8187499642372149,16.3249998092651,8.42499995231628,7.92500019073486
1161,10003390,OH,STATE,8.099999904632565,-0.9000000953674352,16.2999992370605,8.39999961853027,7.80000019073486
1162,10003392,OH,STATE,7.63750010728836,-1.3624998927116403,14.4499998092651,7.75,7.30000019073486
1163,10003397,OH,STATE,7.762499988079069,-1.2375000119209307,14.25,8.0,7.25
1164,10003398,OH,STATE,8.274999856948853,-0.7250001430511475,14.8999996185303,8.39999961853027,7.80000019073486
1165,10003405,OH,STATE,7.475000023841858,-1.524999976158142,15.3000001907349,7.5,7.09999990463257
1166,10003411,OH,STATE,8.500000238418579,-0.4999997615814209,15.6000003814697,8.10000038146973,8.10000038146973
1167,10003412,OH,STATE,8.512500166893005,-0.48749983310699463,15.6000003814697,8.10000038146973,8.15000009536743
1168,10003413,OH,STATE,8.575000047683718,-0.4249999523162824,15.1000003814697,8.19999980926514,8.30000019073486
1169,10003414,OH,STATE,8.200000047683718,-0.7999999523162824,14.5,8.19999980926514,7.80000019073486
1170,10003415,OH,STATE,7.025000035762787,-1.9749999642372131,14.8000001907349,6.95000004768372,6.59999990463257
1171,10003419,OH,STATE,8.27499997615814,-0.7250000238418597,16.1000003814697,8.39999961853027,7.90000009536743
1172,10003424,OH,STATE,8.174999952316282,-0.8250000476837176,15.1750001907349,8.17499995231628,7.77499997615814
1173,10003425,OH,STATE,8.25,-0.75,15.3000001907349,8.19999980926514,7.90000009536743
1174,10003432,OH,STATE,9.675000071525565,0.6750000715255648,17.1000003814697,9.75,9.25
1175,10003433,OH,STATE,9.237500190734865,0.23750019073486506,16.9499998092651,9.35000038146973,8.80000019073486
1176,10003434,OH,STATE,9.512500047683705,0.5125000476837052,17.0,9.55000019073486,9.15000009536743
1177,10003444,OH,STATE,6.75,-2.25,14.7000002861023,6.69999980926514,6.40000009536743
1178,10003464,UT,STATE,7.783333341280622,-1.2166666587193777,7.83333333333333,6.69999996821086,7.73333326975505
1179,10003465,UT,STATE,7.683333357175193,-1.3166666428248073,7.69999996821086,6.59999990463257,7.66666650772095
1180,10003492,TN,STATE,7.262500107288361,-1.7374998927116394,15.2999997138977,7.30000019073486,7.0
1181,10003496,TN,STATE,8.100000023841858,-0.8999999761581421,15.7999997138977,7.75,8.15000009536743
1182,10003507,TN,STATE,6.93333339691162,-2.06666660308838,16.5333340962728,7.0,6.93333339691162
1183,10003538,TN,STATE,6.849999964237215,-2.150000035762785,15.2000002861023,6.70000004768372,6.69999980926514
1184,10003539,TN,MULTI,6.837500035762788,-2.1624999642372122,15.0,6.79999995231628,6.75
1185,10003542,TN,FEDERAL,7.38749998807907,-1.6125000119209298,16.8500003814697,7.5,7.39999985694885
1186,10003551,RI,MULTI,7.15000009536743,-1.8499999046325701,12.8000001907349,6.40000009536743,7.0
1187,10003554,RI,STATE,7.175000071525572,-1.824999928474428,12.1999998092651,6.59999990463257,6.90000009536743
1188,10003556,RI,STATE,6.98750001192093,-2.01249998807907,12.0500001907349,6.5,6.70000004768372
1189,10003557,RI,STATE,7.075000047683715,-1.924999952316285,12.1000003814697,6.5,6.80000019073486
1190,10003558,RI,STATE,7.075000047683715,-1.924999952316285,12.1000003814697,6.5,6.80000019073486
1191,10003559,RI,STATE,7.075000047683715,-1.924999952316285,12.1000003814697,6.5,6.80000019073486
1192,10003561,RI,STATE,7.000000000000003,-1.9999999999999973,12.1000003814697,6.45000004768372,6.70000004768372
1193,10003565,OK,STATE,7.1500000953674325,-1.8499999046325675,7.90000009536743,6.59999990463257,7.0
1194,10003566,OK,STATE,7.658333381017051,-1.3416666189829494,14.5,7.53333346048991,7.46666685740153
1195,10003568,OK,STATE,6.424999952316282,-2.5750000476837176,10.5,6.14999985694885,6.19999980926514
1196,10003569,OK,STATE,6.008333325386047,-2.9916666746139526,7.26666673024495,5.43333339691162,6.10000006357829
1197,10003571,OK,STATE,7.600000023841858,-1.399999976158142,13.1000003814697,7.30000019073486,7.5
1198,10003572,OK,STATE,7.274999976158143,-1.725000023841857,10.3999996185303,7.0,6.85000014305115
1199,10003574,OK,STATE,8.900000214576723,-0.09999978542327703,13.0500001907349,8.30000019073486,8.85000038146973
1200,10003576,OK,STATE,8.549999952316282,-0.4500000476837176,13.5,8.10000038146973,8.39999961853027
1201,10003578,OK,FEDERAL,9.574999809265126,0.5749998092651261,13.6999998092651,9.0,9.39999961853027
1202,10003579,OK,FEDERAL,6.049999952316285,-2.950000047683715,7.59999990463257,5.59999990463257,6.0
1203,10003580,OK,STATE,7.187500059604642,-1.812499940395358,11.3499999046326,6.80000019073486,6.80000019073486
1204,10003583,OK,STATE,6.674999833106997,-2.3250001668930027,10.6000003814697,6.19999980926514,6.19999980926514
1205,10003584,OK,STATE,7.40000009536743,-1.5999999046325701,12.6000003814697,6.90000009536743,7.09999990463257
1206,10003585,OK,STATE,7.725000023841858,-1.274999976158142,12.6999998092651,7.30000019073486,7.40000009536743
1207,10003587,OK,STATE,6.324999928474427,-2.675000071525573,6.80000019073486,5.80000019073486,6.19999980926514
1208,10003590,OK,STATE,6.924999952316285,-2.075000047683715,10.3999996185303,6.40000009536743,6.69999980926514
1209,10003591,OK,STATE,6.525000055631002,-2.4749999443689976,12.3333333333333,6.20000012715658,6.26666673024495
1210,10003592,OK,STATE,7.374999880790713,-1.6250001192092869,12.6000003814697,6.90000009536743,7.19999980926514
1211,10003595,WV,STATE,7.27500009536743,-1.7249999046325701,15.8999996185303,7.30000019073486,7.30000019073486
1212,10003598,WV,FEDERAL,6.09999990463257,-2.90000009536743,14.8000001907349,6.09999990463257,5.69999980926514
1213,10003601,ND,STATE,6.000000029802322,-2.9999999701976776,7.59999990463257,4.97500002384186,6.20000004768372
1214,10003602,ND,STATE,5.725000023841858,-3.274999976158142,7.0,4.80000019073486,5.90000009536743
1215,10003603,ND,STATE,5.5,-3.5,6.90000009536743,4.80000019073486,5.19999980926514
1216,10003607,ND,STATE,5.199999928474428,-3.800000071525572,5.69999980926514,4.09999990463257,5.59999990463257
1217,10003614,AR,FEDERAL,6.787500023841858,-2.212499976158142,15.25,6.90000009536743,6.84999990463257
1218,10003615,AR,FEDERAL,6.725000023841857,-2.274999976158143,15.0,6.90000009536743,6.69999980926514
1219,10003616,AR,FEDERAL,6.700000047683718,-2.2999999523162824,15.1500000953674,6.85000014305115,6.69999980926514
1220,10003618,AR,STATE,8.812499880790712,-0.18750011920928777,18.0,8.79999971389771,8.75
1221,10003624,MT,STATE,6.225000083446503,-2.7749999165534973,5.40000009536743,4.95000004768372,5.77500009536743
1222,10003625,MT,STATE,5.625,-3.375,4.5,4.19999980926514,4.90000009536743
1223,10003626,MT,STATE,5.75,-3.25,6.30000019073486,4.59999990463257,5.19999980926514
1224,10003628,MT,STATE,6.3500001430511475,-2.6499998569488525,5.69999980926514,4.90000009536743,5.90000009536743
1225,10003629,MT,STATE,6.343750029802322,-2.6562499701976776,5.80000019073486,4.80000019073486,5.87500011920929
1226,10003650,KY,STATE,7.725000023841858,-1.274999976158142,16.6000003814697,7.40000009536743,7.40000009536743
1227,10003652,KY,FEDERAL,7.799999952316285,-1.200000047683715,16.5,7.5,7.5
1228,10003662,KY,FEDERAL,6.824999928474428,-2.175000071525572,16.0,6.69999980926514,6.59999990463257
1229,10003698,AL,STATE,8.200000047683718,-0.7999999523162824,16.2999992370605,8.10000038146973,8.19999980926514
1230,10003710,AL,STATE,7.299999952316285,-1.700000047683715,16.2999992370605,7.5,7.19999980926514
1231,10003721,AL,STATE,7.52500009536743,-1.4749999046325701,14.6999998092651,8.0,7.30000019073486
1232,10003728,AL,STATE,7.350000023841857,-1.649999976158143,15.8999996185303,7.80000019073486,7.19999980926514
1233,10003769,NM,STATE,4.450000047683715,-4.549999952316285,5.19999980926514,3.5,5.30000019073486
1234,10003773,NM,STATE,4.606250047683718,-4.393749952316282,4.5,3.5,5.85000014305115
1235,10003774,NM,STATE,4.583333333333332,-4.416666666666668,4.5,3.5,5.80000003178914
1236,10003775,NM,STATE,4.625,-4.375,4.5,3.5,5.90000009536743
1237,10003780,NM,FEDERAL,5.274999916553497,-3.7250000834465027,5.64999985694885,4.54999995231628,5.25
1238,10003781,NM,STATE,5.5875000357627895,-3.4124999642372105,5.64999985694885,4.95000004768372,5.45000004768372
1239,10003787,NM,STATE,5.799999982118607,-3.2000000178813934,6.45000004768372,5.12499988079071,5.75
1240,10003790,NM,MULTI,5.500000119209287,-3.499999880790713,8.80000019073486,5.0,5.80000019073486
1241,10003791,NM,MULTI,5.524999976158142,-3.475000023841858,9.19999980926514,5.0,5.59999990463257
1242,10003794,NM,STATE,5.23749989271164,-3.7625001072883597,7.69999980926514,4.69999980926514,5.14999985694885
1243,10003795,NM,STATE,5.212499916553497,-3.7875000834465027,7.67499983310699,4.64999985694885,5.12499988079071
1244,10003799,NV,STATE,5.149999976158142,-3.850000023841858,3.20000004768372,4.0,5.0
1245,10003800,NV,STATE,4.90000009536743,-4.09999990463257,3.20000004768372,4.0,4.80000019073486
1246,10003824,MI,STATE,6.574999988079069,-2.4250000119209307,13.125,6.17499995231628,6.35000002384186
1247,10003826,MI,STATE,6.487499952316285,-2.512500047683715,13.0999999046326,6.09999990463257,6.25
1248,10003834,MI,STATE,6.774999976158142,-2.225000023841858,13.3999996185303,6.59999990463257,6.59999990463257
1249,10003846,MI,STATE,7.212500035762788,-1.7874999642372122,12.1750001907349,6.90000009536743,7.19999980926514
1250,10003880,GA,STATE,7.40000009536743,-1.5999999046325701,14.6999998092651,7.59999990463257,7.40000009536743
1251,10003892,GA,STATE,8.575000047683716,-0.4249999523162842,18.6000003814697,8.89999961853027,8.60000038146973
1252,10003928,GA,STATE,7.562500059604645,-1.4374999403953552,16.0999994277954,7.90000009536743,7.5
1253,10003934,GA,FEDERAL,6.90000009536743,-2.09999990463257,15.3000001907349,7.0,6.80000019073486
1254,10003950,FL,STATE,7.950000166893008,-1.049999833106992,13.1000003814697,7.69999980926514,8.10000038146973
1255,10003957,AZ,STATE,5.6750000715255755,-3.3249999284744245,5.69999980926514,4.85000014305115,5.72500002384186
1256,10003973,AZ,STATE,6.174999952316282,-2.8250000476837176,7.30000019073486,5.34999990463257,5.79999995231628
1257,10003974,AZ,STATE,6.162500023841855,-2.8374999761581448,7.25,5.27499985694885,5.80000007152557
1258,10003976,AZ,STATE,7.100000023841858,-1.899999976158142,9.0,6.09999990463257,6.59999990463257
1259,10003978,AZ,FEDERAL,6.77500009536743,-2.22499990463257,9.30000019073486,5.80000019073486,6.40000009536743
1260,10003990,NJ,STATE,7.849999964237215,-1.150000035762785,15.5500001907349,7.70000004768372,7.59999990463257
1261,10003993,NJ,STATE,6.6875,-2.3125,14.2999997138977,6.5,6.54999995231628
1262,10003996,NJ,STATE,7.643749982118605,-1.3562500178813952,14.9499998092651,7.35000002384186,7.27499997615814
1263,10004002,NJ,STATE,6.687500059604647,-2.3124999403953526,14.4000000953674,6.45000004768372,6.45000004768372
1264,10004003,NJ,STATE,7.424999833106995,-1.5750001668930054,15.3000001907349,7.19999980926514,7.09999990463257
1265,10004008,NJ,FEDERAL,6.024999976158143,-2.975000023841857,14.5,5.80000019073486,5.69999980926514
1266,10004017,NJ,STATE,5.675000071525573,-3.324999928474427,14.3999996185303,5.80000019073486,5.19999980926514
1267,10004018,NJ,STATE,5.549999892711637,-3.4500001072883633,13.8499999046326,5.64999985694885,5.14999985694885
1268,10004019,NJ,FEDERAL,5.800000071525572,-3.199999928474428,13.8000001907349,5.90000009536743,5.40000009536743
1269,10004023,MD,FEDERAL,7.15000009536743,-1.8499999046325701,16.5,7.09999990463257,7.30000019073486
1270,10004024,MD,FEDERAL,7.050000011920927,-1.9499999880790728,16.4499998092651,7.04999995231628,7.15000009536743
1271,10004034,MD,STATE,8.16249996423721,-0.8375000357627904,16.3500003814697,8.04999995231628,8.04999995231628
1272,10004035,MD,STATE,8.312499940395353,-0.6875000596046466,16.5,8.30000019073486,8.14999985694885
1273,10004040,MD,STATE,6.399999976158139,-2.6000000238418606,13.6999998092651,6.59999990463257,6.14999985694885
1274,10004043,MO,STATE,7.049999952316284,-1.9500000476837158,12.1999998092651,6.59999990463257,7.09999990463257
1275,10004054,MO,STATE,7.125000119209288,-1.8749998807907122,13.6999998092651,6.90000009536743,6.90000009536743
1276,10004060,MO,STATE,9.62500000000001,0.6250000000000107,17.7999992370605,9.69999980926514,9.19999980926514
1277,10004065,MO,STATE,6.825000047683715,-2.174999952316285,13.3000001907349,6.5,6.5
1278,10004068,MO,STATE,6.47499990463257,-2.52500009536743,11.6999998092651,6.19999980926514,6.40000009536743
1279,10004089,LA,FEDERAL,7.65000009536743,-1.3499999046325701,12.6999998092651,7.5,7.80000019073486
1280,10004094,LA,STATE,6.875,-2.125,12.0499997138977,7.0,6.90000009536743
1281,10004095,LA,FEDERAL,7.212500005960465,-1.7874999940395346,11.9749999046326,7.25000011920929,7.17499983310699
1282,10004116,NH,STATE,4.649999976158142,-4.350000023841858,8.30000019073486,4.30000019073486,4.5
1283,10004118,NH,STATE,6.174999952316282,-2.8250000476837176,10.5999999046326,5.35000014305115,6.14999985694885
1284,10004121,NH,STATE,5.858333309491478,-3.141666690508522,10.4333330790202,5.13333336512248,5.73333326975505
1285,10004125,NE,STATE,7.449999868869786,-1.550000131130214,12.6499998569489,7.45000004768372,6.69999980926514
1286,10004126,NE,STATE,7.449999809265138,-1.5500001907348624,12.6999998092651,7.5,6.69999980926514
1287,10004137,NE,STATE,6.550000071525573,-2.449999928474427,10.3999996185303,6.40000009536743,5.80000019073486
1288,10004138,NE,STATE,6.550000071525573,-2.449999928474427,10.3999996185303,6.40000009536743,5.80000019073486
1289,10004139,NE,STATE,6.575000047683718,-2.4249999523162824,10.4499998092651,6.45000004768372,5.80000019073486
1290,10004143,NC,STATE,5.98750001192093,-3.01249998807907,13.6500000953674,6.09999990463257,5.85000014305115
1291,10004146,NC,STATE,6.137500047683715,-2.862499952316285,13.9500002861023,6.40000009536743,5.85000014305115
1292,10004153,NC,STATE,6.40000009536743,-2.59999990463257,15.0,6.30000019073486,6.30000019073486
1293,10004157,NC,STATE,7.162499964237212,-1.8375000357627878,15.3499999046326,7.40000009536743,7.04999995231628
1294,10004159,NC,STATE,7.9000000953674325,-1.0999999046325675,16.7000007629395,7.69999980926514,7.80000019073486
1295,10004165,NC,STATE,7.124999940395353,-1.8750000596046474,15.3499999046326,7.04999995231628,7.14999985694885
1296,10004168,NC,FEDERAL,7.024999976158142,-1.975000023841858,14.8999996185303,7.0,7.0
1297,10004170,NC,STATE,7.024999976158142,-1.975000023841858,15.0,6.90000009536743,7.0
1298,10004173,NC,STATE,7.450000047683715,-1.549999952316285,15.3999996185303,7.65000009536743,7.45000004768372
1299,10004174,NC,STATE,7.325000047683715,-1.674999952316285,15.3999996185303,7.5,7.30000019073486
1300,10004177,NC,STATE,7.524999976158142,-1.475000023841858,16.6000003814697,7.40000009536743,7.5
1301,10004181,NC,STATE,6.199999928474428,-2.800000071525572,13.6999998092651,6.19999980926514,6.09999990463257
1302,10004183,NC,STATE,7.0999999642372105,-1.9000000357627895,15.6500000953674,7.04999995231628,7.04999995231628
1303,10004184,NC,STATE,7.30000001192093,-1.6999999880790702,15.7000002861023,7.25,7.25
1304,10004190,NC,STATE,7.2249999046325675,-1.7750000953674325,15.9499998092651,7.40000009536743,7.19999980926514
1305,10004193,NC,STATE,5.40000009536743,-3.59999990463257,11.3000001907349,5.30000019073486,5.40000009536743
1306,10004194,NC,STATE,5.775000035762788,-3.2249999642372122,15.0,5.59999990463257,5.75
1307,10004197,NC,STATE,7.0,-2.0,15.6000003814697,6.80000019073486,7.0
1308,10004210,NC,STATE,6.77500009536743,-2.22499990463257,16.0,6.59999990463257,6.80000019073486
1309,10004213,NC,STATE,6.562499940395353,-2.4375000596046474,16.0,6.40000009536743,6.64999985694885
1310,10004216,NC,STATE,5.0,-4.0,11.8999996185303,4.90000009536743,5.09999990463257
1311,10004219,NC,STATE,6.524999976158142,-2.475000023841858,15.0,6.59999990463257,6.5
1312,10004226,NC,STATE,5.850000023841858,-3.149999976158142,12.6000003814697,5.5,6.09999990463257
1313,10004236,MS,STATE,7.524999976158142,-1.475000023841858,15.1000003814697,7.59999990463257,7.59999990463257
1314,10004241,MS,FEDERAL,7.399999976158143,-1.600000023841857,15.6999998092651,7.59999990463257,7.30000019073486
1315,10004248,MS,STATE,8.075000047683716,-0.9249999523162842,15.5,8.12500023841858,8.125
1316,10004250,MS,STATE,8.450000047683718,-0.5499999523162824,16.6000003814697,8.69999980926514,8.39999961853027
1317,10004251,MS,STATE,8.17500019073486,-0.8249998092651403,14.3000001907349,8.30000019073486,8.30000019073486
1318,10004255,MS,STATE,8.424999713897705,-0.5750002861022949,14.1000003814697,8.19999980926514,8.39999961853027
1319,10004264,MS,STATE,9.374999761581417,0.37499976158141735,15.6999998092651,9.30000019073486,9.39999961853027
1320,10004330,KY,FEDERAL,7.199999968210861,-1.8000000317891391,15.3000001907349,7.13333336512248,7.19999996821086
1321,10004331,KY,FEDERAL,7.3125,-1.6875,15.25,7.25,7.25
1322,10004339,ID,STATE,7.850000083446503,-1.1499999165534973,6.19999980926514,6.25,7.54999995231628
1323,10004443,MA,STATE,6.699999928474428,-2.300000071525572,11.8999996185303,6.09999990463257,6.59999990463257
1324,10004444,MA,STATE,6.699999928474428,-2.300000071525572,11.8999996185303,6.09999990463257,6.59999990463257
1325,10004446,MA,FEDERAL,6.100000023841858,-2.899999976158142,10.8999996185303,5.40000009536743,6.0
1326,10004447,MA,FEDERAL,6.100000023841858,-2.899999976158142,10.9499998092651,5.40000009536743,6.0
1327,10004449,MA,STATE,5.41250005364418,-3.5874999463558197,9.30000019073486,4.87500011920929,5.25
1328,10004451,MA,STATE,6.325000107288361,-2.6749998927116394,10.8000001907349,5.80000019073486,6.25
1329,10004453,GA,STATE,6.674999952316284,-2.325000047683716,16.8999996185303,6.69999980926514,6.59999990463257
1330,10004475,GA,STATE,8.75,-0.25,18.6000003814697,8.89999961853027,8.60000038146973
1331,10004487,GA,STATE,6.862500071525573,-2.137499928474427,15.3499999046326,7.0,6.80000019073486
1332,10004496,GA,STATE,7.100000143051146,-1.8999998569488543,16.1000003814697,7.30000019073486,6.90000009536743
1333,10004497,GA,STATE,6.46249997615814,-2.5375000238418597,15.4500002861023,6.45000004768372,6.29999995231628
1334,10004500,GA,STATE,7.27500009536743,-1.7249999046325701,16.5,7.30000019073486,7.30000019073486
1335,10004505,GA,STATE,6.799999952316285,-2.200000047683715,17.1000003814697,6.90000009536743,6.69999980926514
1336,10004512,GA,NOT AVAILABLE,7.149999916553495,-1.8500000834465054,15.7000002861023,7.25,7.14999985694885
1337,10004514,GA,STATE,6.812499999999997,-2.1875000000000027,15.1999998092651,6.80000019073486,6.75
1338,10004515,GA,STATE,6.812499999999997,-2.1875000000000027,15.1999998092651,6.80000019073486,6.75
1339,10004527,GA,STATE,8.025000095367432,-0.9749999046325684,17.0,8.10000038146973,8.0
1340,10004534,GA,STATE,7.32499992847443,-1.6750000715255702,17.3000001907349,7.45000004768372,7.19999980926514
1341,10004536,GA,STATE,7.600000023841858,-1.399999976158142,16.7000007629395,7.59999990463257,7.59999990463257
1342,10004551,GA,STATE,7.437500059604647,-1.5624999403953526,16.3499994277954,7.59999990463257,7.45000004768372
1343,10004555,FL,STATE,8.412500143051146,-0.5874998569488543,12.6000003814697,8.30000019073486,8.15000009536743
1344,10004556,FL,STATE,8.300000071525572,-0.699999928474428,12.6000003814697,8.30000019073486,8.0
1345,10004557,FL,STATE,7.449999928474427,-1.5500000715255728,13.1000003814697,7.59999990463257,7.19999980926514
1346,10004558,FL,STATE,7.449999928474427,-1.5500000715255728,13.1000003814697,7.59999990463257,7.19999980926514
1347,10004567,FL,STATE,7.624999880790713,-1.3750001192092869,15.3000001907349,7.59999990463257,7.69999980926514
1348,10004569,FL,STATE,8.12499988079071,-0.8750001192092896,15.1000003814697,7.90000009536743,8.39999961853027
1349,10004572,FL,STATE,7.687500000000001,-1.3124999999999991,13.4499998092651,7.45000004768372,7.79999995231628
1350,10004573,FL,STATE,7.800000071525572,-1.199999928474428,13.1000003814697,7.40000009536743,8.0
1351,10004574,FL,STATE,7.800000071525575,-1.1999999284744254,13.25,7.45000004768372,7.95000004768372
1352,10004575,FL,STATE,7.637500047683716,-1.3624999523162842,14.1750001907349,7.42500007152557,7.64999997615814
1353,10004576,FL,STATE,7.475000023841858,-1.524999976158142,14.1000003814697,7.30000019073486,7.5
1354,10004579,FL,STATE,7.324999928474428,-1.675000071525572,14.0,7.19999980926514,7.5
1355,10004580,FL,STATE,7.274999976158142,-1.725000023841858,13.9499998092651,7.19999980926514,7.40000009536743
1356,10004585,FL,STATE,6.524999976158142,-2.475000023841858,13.6500000953674,6.54999995231628,6.45000004768372
1357,10004586,FL,STATE,7.174999952316285,-1.825000047683715,14.0,7.09999990463257,7.19999980926514
1358,10004589,FL,MULTI,6.5,-2.5,13.3999996185303,6.5,6.40000009536743
1359,10004592,FL,FEDERAL,7.75,-1.25,12.3999996185303,7.59999990463257,7.80000019073486
1360,10004593,FL,FEDERAL,7.525000015894572,-1.4749999841054278,12.3999996185303,7.39999993642171,7.53333346048991
1361,10004594,FL,FEDERAL,7.212500035762788,-1.7874999642372122,12.3499999046326,7.04999995231628,7.20000004768372
1362,10004595,FL,FEDERAL,7.137499988079073,-1.8625000119209272,12.3499999046326,6.95000004768372,7.14999985694885
1363,10004598,FL,STATE,8.916666587193806,-0.08333341280619422,13.1666666666667,8.63333320617676,8.93333339691162
1364,10004606,FL,STATE,8.287500023841858,-0.7124999761581421,12.8999996185303,7.90000009536743,8.30000019073486
1365,10004611,FL,STATE,9.475000143051151,0.475000143051151,12.6999998092651,9.10000038146973,9.5
1366,10004612,FL,STATE,7.450000047683716,-1.5499999523162842,12.5,7.40000009536743,7.40000009536743
1367,10004622,FL,STATE,8.424999952316284,-0.5750000476837158,12.1999998092651,8.19999980926514,8.39999961853027
1368,10004627,FL,STATE,7.324999928474427,-1.6750000715255728,12.6999998092651,6.69999980926514,7.30000019073486
1369,10004639,FL,STATE,6.762500047683715,-2.237499952316285,13.3999996185303,6.85000014305115,6.75
1370,10004645,FL,FEDERAL,7.737499952316285,-1.262500047683715,11.4499998092651,7.54999995231628,7.70000004768372
1371,10004646,FL,STATE,7.849999944368998,-1.1500000556310024,11.4666665395101,7.56666660308838,7.86666663487752
1372,10004647,FL,FEDERAL,7.350000023841858,-1.649999976158142,12.3999996185303,7.09999990463257,7.40000009536743
1373,10004649,FL,STATE,7.625,-1.375,12.6999998092651,7.30000019073486,7.59999990463257
1374,10004650,FL,STATE,7.299999952316282,-1.7000000476837176,12.9499998092651,6.89999985694885,7.29999995231628
1375,10004659,CO,FEDERAL,7.0,-2.0,7.0,6.75,5.95000004768372
1376,10004660,CO,FEDERAL,7.050000071525572,-1.949999928474428,7.0,6.80000019073486,6.0
1377,10004694,IL,STATE,7.875000000000003,-1.1249999999999973,14.3999996185303,7.59999990463257,7.69999980926514
1378,10004714,IL,STATE,8.100000143051146,-0.8999998569488543,16.2000007629395,7.90000009536743,7.90000009536743
1379,10004724,IL,STATE,9.049999952316282,0.0499999523162824,17.7000007629395,8.89999961853027,8.80000019073486
1380,10004732,IL,FEDERAL,6.737499952316282,-2.2625000476837176,14.6999998092651,6.59999990463257,6.5
1381,10004734,IL,STATE,6.9375,-2.0625,14.6000003814697,6.75,6.70000004768372
1382,10004812,KS,STATE,6.274999976158143,-2.725000023841857,9.19999980926514,6.0,5.69999980926514
1383,10004852,KS,STATE,5.691666682561237,-3.3083333174387626,7.13333336512248,4.96666669845581,5.46666669845581
1384,10004895,IN,STATE,7.725000023841857,-1.274999976158143,15.3000001907349,7.90000009536743,7.30000019073486
1385,10004913,IN,STATE,8.09999990463257,-0.9000000953674299,15.4000000953674,8.25,7.59999990463257
1386,10004916,IN,NOT AVAILABLE,9.774999856948858,0.7749998569488579,18.0,9.89999961853027,9.5
1387,10004920,IN,STATE,7.816666642824813,-1.1833333571751874,15.5666666030884,7.76666657129924,7.69999980926514
1388,10004921,IN,FEDERAL,8.525000035762789,-0.47499996423721136,16.6500005722046,8.69999980926514,8.15000009536743
1389,10004922,IN,FEDERAL,8.47500002384186,-0.5249999761581403,16.6000003814697,8.69999980926514,8.10000038146973
1390,10004923,IN,FEDERAL,8.699999809265135,-0.30000019073486506,17.0,8.80000019073486,8.39999961853027
1391,10004952,IA,STATE,8.774999856948853,-0.22500014305114746,16.1000003814697,8.69999980926514,8.39999961853027
1392,10005035,ME,STATE,4.700000007947285,-4.299999992052715,8.66666666666667,4.63333320617676,4.5
1393,10005113,TX,FEDERAL,7.700000047683715,-1.299999952316285,13.9500002861023,7.64999985694885,7.5
1394,10005114,TX,FEDERAL,7.699999988079073,-1.3000000119209272,14.0500001907349,7.69999980926514,7.5
1395,10005130,TX,STATE,7.200000047683716,-1.7999999523162842,11.6999998092651,6.80000019073486,7.40000009536743
1396,10005191,GA,STATE,6.97499990463257,-2.02500009536743,16.2999992370605,7.19999980926514,6.80000019073486
1397,10005199,GA,STATE,6.899999976158142,-2.100000023841858,14.8000001907349,6.90000009536743,6.90000009536743
1398,10005201,GA,STATE,7.499999880790712,-1.5000001192092878,17.8999996185303,7.69999980926514,7.5
1399,10005212,FL,STATE,7.8750001192092896,-1.1249998807907104,15.1999998092651,7.30000019073486,7.90000009536743
1400,10005222,PA,STATE,7.250000119209287,-1.7499998807907131,13.3999996185303,6.90000009536743,7.30000019073486
1401,10005248,CA,STATE,7.97500014305114,-1.0249998569488596,4.80000019073486,4.40000009536743,5.90000009536743
1402,10005251,CA,STATE,7.100000023841847,-1.8999999761581527,4.09999990463257,4.64999985694885,5.54999995231628
1403,10005252,CA,STATE,8.949999928474432,-0.0500000715255684,6.0,5.5,6.0
1404,10005253,CA,STATE,8.599999904632568,-0.40000009536743164,5.90000009536743,5.30000019073486,6.19999980926514
1405,10005256,CA,STATE,9.287500023841858,0.2875000238418579,4.64999985694885,4.29999995231628,5.95000004768372
1406,10005258,CA,STATE,8.825000047683705,-0.17499995231629484,4.80000019073486,5.80000019073486,5.30000019073486
1407,10005261,CA,FEDERAL,10.52500009536745,1.5250000953674494,6.0,6.19999980926514,6.80000019073486
1408,10005263,CA,STATE,9.900000095367432,0.9000000953674316,5.90000009536743,6.5,6.90000009536743
1409,10005264,CA,STATE,9.22500002384188,0.22500002384187923,5.30000019073486,5.09999990463257,5.69999980926514
1410,10005267,CA,STATE,10.549999952316275,1.5499999523162753,5.25,4.90000009536743,5.25
1411,10005272,CA,STATE,9.074999988079078,0.07499998807907815,6.59999990463257,5.54999995231628,6.14999985694885
1412,10005273,CA,STATE,9.250000119209282,0.25000011920928245,6.40000009536743,5.5,6.0
1413,10005275,CA,STATE,11.749999999999996,2.7499999999999964,6.0,6.19999980926514,5.5
1414,10005282,CA,STATE,7.449999988079062,-1.5500000119209378,5.65000009536743,5.29999995231628,5.64999985694885
1415,10005283,CA,STATE,8.875,-0.125,6.40000009536743,5.69999980926514,7.30000019073486
1416,10005290,CA,STATE,8.07499998807907,-0.9250000119209307,5.80000019073486,5.5,7.54999995231628
1417,10005299,CA,STATE,8.087499976158153,-0.9125000238418473,7.0,5.69999980926514,7.0
1418,10005303,CA,FEDERAL,8.487499833106996,-0.5125001668930036,8.29999971389771,7.29999995231628,8.14999985694885
1419,10005305,CA,STATE,10.687500059604655,1.6875000596046554,7.35000014305115,6.95000004768372,8.30000019073486
1420,10005319,CA,STATE,9.199999849001573,0.19999984900157308,5.09999990463257,6.09999990463257,6.56666660308838
1421,10005324,CA,STATE,10.624999999999986,1.6249999999999858,7.19999980926514,7.0,6.69999980926514
1422,10005328,CA,STATE,8.349999904632568,-0.6500000953674316,11.0,7.69999980926514,8.0
1423,10005362,CA,STATE,8.074999928474426,-0.9250000715255737,9.5,7.09999990463257,7.5
1424,10005378,CT,FEDERAL,6.34999990463257,-2.65000009536743,12.1999998092651,6.09999990463257,6.09999990463257
1425,10005380,CT,STATE,7.299999952316284,-1.7000000476837158,13.2999997138977,6.79999995231628,7.09999990463257
1426,10005554,MS,STATE,7.1062499582767495,-1.8937500417232505,14.5750000476837,7.19999992847443,7.14999985694885
1427,10005599,IN,STATE,8.225000023841861,-0.7749999761581385,16.3999996185303,7.69999980926514,8.10000038146973
1428,10005600,IN,STATE,8.225000023841861,-0.7749999761581385,16.3999996185303,7.69999980926514,8.10000038146973
1429,10005639,IA,STATE,7.1750000715255755,-1.8249999284744245,12.5,7.0,6.59999990463257
1430,10005694,AL,FEDERAL,7.1999999284744245,-1.8000000715255755,15.3000001907349,7.64999985694885,7.09999990463257
1431,10005784,AZ,FEDERAL,6.375,-2.625,7.30000019073486,5.5,6.0
1432,10005831,MD,STATE,7.55000001192093,-1.4499999880790702,15.0,7.45000004768372,7.45000004768372
1433,10005834,VA,STATE,6.500000119209287,-2.499999880790713,13.8999996185303,6.5,6.30000019073486
1434,10005856,MO,STATE,7.125000119209288,-1.8749998807907122,13.6999998092651,6.90000009536743,6.90000009536743
1435,10005949,OH,STATE,7.699999928474428,-1.300000071525572,15.1000003814697,7.59999990463257,7.5
1436,10005978,OH,STATE,7.124999880790712,-1.8750001192092878,14.8999996185303,7.0,6.59999990463257
1437,10005985,OH,STATE,6.799999952316284,-2.200000047683716,15.3999996185303,6.59999990463257,6.59999990463257
1438,10006146,WV,STATE,6.568750023841861,-2.4312499761581394,14.5,6.62499988079071,6.22500014305115
1439,10006147,NC,STATE,6.025000035762787,-2.974999964237213,13.3000001907349,5.95000004768372,5.84999990463257
1440,10006148,NC,FEDERAL,7.049999952316282,-1.9500000476837176,15.0,7.04999995231628,7.0
1441,10006149,CT,STATE,6.9124999642372105,-2.0875000357627895,11.8499999046326,6.25,6.79999995231628
1442,10006152,WV,FEDERAL,6.075000047683718,-2.9249999523162824,14.1999998092651,6.09999990463257,5.90000009536743
1443,10006153,GA,STATE,7.549999952316285,-1.450000047683715,17.5999994277954,7.59999990463257,7.45000004768372
1444,10006154,GA,STATE,7.449999988079073,-1.5500000119209272,17.3000001907349,7.45000004768372,7.45000004768372
1445,10006167,FL,STATE,6.650000035762785,-2.349999964237215,13.75,6.65000009536743,6.60000014305115
1446,10006168,FL,STATE,9.612499952316277,0.6124999523162771,12.6500000953674,9.34999990463257,9.25
1447,10006170,FL,STATE,6.100000023841858,-2.899999976158142,11.6000003814697,5.69999980926514,5.90000009536743
1448,10006171,SC,FEDERAL,7.15000009536743,-1.8499999046325701,15.6999998092651,7.30000019073486,7.0
1449,10006172,PA,FEDERAL,6.52500009536743,-2.47499990463257,13.4499998092651,6.30000019073486,6.30000019073486
1450,10006173,AL,FEDERAL,7.225000023841858,-1.774999976158142,15.5999999046326,7.25,7.35000014305115
1451,10006174,AL,FEDERAL,7.187499999999999,-1.8125000000000009,15.75,7.17499995231628,7.32500016689301
1452,10006175,NH,FEDERAL,4.712499976158142,-4.287500023841858,8.19999980926514,4.40000009536743,4.5
1453,10006176,NH,FEDERAL,4.724999964237212,-4.275000035762788,8.25,4.40000009536743,4.54999995231628
1454,10006177,WV,FEDERAL,6.3125,-2.6875,14.6000003814697,6.40000009536743,6.0
1455,10006178,WV,FEDERAL,6.399999976158142,-2.600000023841858,14.6000003814697,6.40000009536743,6.09999990463257
1456,10006179,CA,FEDERAL,11.524999856948858,2.524999856948858,15.5,8.60000038146973,10.8999996185303
1457,10006180,CA,FEDERAL,11.475000023841865,2.475000023841865,15.5,8.55000019073486,10.8499999046326
1458,10006184,MT,STATE,5.299999952316284,-3.700000047683716,4.30000019073486,3.90000009536743,4.59999990463257
1459,10006185,OH,STATE,7.5,-1.5,15.8499999046326,7.40000009536743,7.29999995231628
1460,10006186,OH,STATE,9.24999999999999,0.24999999999998934,16.5,9.30000019073486,9.0
1461,10006189,WY,STATE,5.0250000655651075,-3.9749999344348925,6.69999980926514,3.95000004768372,4.30000007152557
1462,10006191,WV,STATE,7.5,-1.5,16.1000003814697,7.5,7.09999990463257
1463,10006193,AZ,FEDERAL,5.200000047683715,-3.799999952316285,5.76666673024495,4.36666679382324,5.19999996821086
1464,10006194,CA,FEDERAL,12.925000190734883,3.925000190734883,15.6000003814697,9.60000038146973,11.8000001907349
1465,10006195,GA,FEDERAL,6.924999952316286,-2.075000047683714,15.3999996185303,6.90000009536743,6.90000009536743
1466,10006196,KS,FEDERAL,7.000000119209287,-1.9999998807907131,12.1000003814697,6.5,6.80000019073486
1467,10006197,LA,FEDERAL,7.200000047683714,-1.799999952316286,11.8999996185303,7.30000019073486,7.09999990463257
1468,10006198,MS,FEDERAL,7.687500059604642,-1.312499940395358,16.1499996185303,8.0,7.55000019073486
1469,10006199,WV,FEDERAL,6.950000166893002,-2.049999833106998,15.5,6.80000019073486,6.90000009536743
1470,10006200,WV,FEDERAL,6.925000071525573,-2.074999928474427,15.5,6.90000009536743,6.69999980926514
1471,10006201,WV,FEDERAL,7.025000095367433,-1.9749999046325666,15.5,6.95000004768372,6.90000009536743
1472,10006204,CA,STATE,8.72500005364418,-0.2749999463558197,11.1499998569489,7.72500002384186,8.20000004768372
1473,10006205,FL,STATE,8.137499988079073,-0.8625000119209272,12.5500001907349,7.95000004768372,7.90000009536743
1474,10006206,FL,STATE,7.024999976158142,-1.975000023841858,14.6000003814697,6.90000009536743,7.09999990463257
1475,10006207,FL,STATE,7.024999976158142,-1.975000023841858,14.6000003814697,6.90000009536743,7.09999990463257
1476,10006208,FL,STATE,7.225000023841857,-1.774999976158143,13.8999996185303,7.19999980926514,7.30000019073486
1477,10006209,IL,STATE,7.6000001430511475,-1.3999998569488525,15.6000003814697,7.5,7.40000009536743
1478,10006210,IL,STATE,7.97499990463257,-1.0250000953674299,15.8999996185303,7.69999980926514,7.80000019073486
1479,10006211,MN,STATE,5.125,-3.875,8.30000019073486,4.59999990463257,4.64999985694885
1480,10006217,NC,STATE,7.887499988079069,-1.1125000119209307,15.1000001430511,7.79999995231628,7.75
1481,10006218,VA,STATE,6.524999976158142,-2.475000023841858,14.5,6.59999990463257,6.40000009536743
1482,10006219,WA,STATE,8.299999833106995,-0.7000001668930054,8.60000038146973,7.59999990463257,8.0
1483,10006238,TX,FEDERAL,6.449999928474428,-2.550000071525572,11.6000003814697,6.5,6.40000009536743
1484,10006239,GA,FEDERAL,8.90000009536743,-0.09999990463257014,18.8999996185303,9.10000038146973,8.80000019073486
1485,10006241,AL,STATE,7.725000023841858,-1.274999976158142,16.5,8.30000019073486,7.5
1486,10006290,KS,STATE,7.4499999284744245,-1.5500000715255755,14.8999996185303,7.40000009536743,7.40000009536743
1487,10006298,TX,FEDERAL,7.824999928474427,-1.1750000715255728,14.1000003814697,7.59999990463257,7.69999980926514
1488,10006299,CA,FEDERAL,5.749999880790713,-3.250000119209287,7.09999990463257,4.59999990463257,5.19999980926514
1489,10006300,TX,STATE,6.975000023841858,-2.024999976158142,12.3499999046326,6.80000019073486,7.09999990463257
1490,10006306,CA,MULTI,12.0249996185303,3.0249996185303,11.8999996185303,10.3999996185303,11.3999996185303
1491,10006307,CA,MULTI,11.5625,2.5625,12.0,9.75,11.1500000953674
1492,10006309,IN,STATE,9.212499976158139,0.21249997615813854,17.6000003814697,9.15000009536743,8.89999961853027
1493,10006311,LA,FEDERAL,8.025000095367432,-0.9749999046325684,13.1999998092651,7.90000009536743,8.19999980926514
1494,10006312,AZ,STATE,7.225000023841857,-1.774999976158143,9.30000019073486,6.30000019073486,6.69999980926514
1495,10006320,NY,FEDERAL,8.900000095367432,-0.09999990463256836,14.3999996185303,8.60000038146973,9.0
1496,10006322,GA,STATE,7.450000047683715,-1.549999952316285,16.5500001907349,7.35000014305115,7.64999985694885
1497,10006323,FL,STATE,7.450000047683716,-1.5499999523162842,14.8999996185303,7.40000009536743,7.40000009536743
1498,10006324,FL,STATE,8.675000190734865,-0.32499980926513494,12.8000001907349,8.30000019073486,8.69999980926514
1499,10006326,FL,STATE,7.949999928474428,-1.050000071525572,13.6999998092651,7.69999980926514,7.90000009536743
1500,10006327,FL,STATE,6.825000047683716,-2.174999952316284,13.8999996185303,6.69999980926514,6.90000009536743
1501,10006328,FL,STATE,7.937499940395355,-1.0625000596046448,11.4499998092651,7.54999995231628,8.0
1502,10006329,FL,STATE,6.72499990463257,-2.27500009536743,12.6999998092651,6.59999990463257,6.69999980926514
1503,10006330,FL,STATE,6.600000023841858,-2.399999976158142,12.6500000953674,6.35000014305115,6.54999995231628
1504,10006331,FL,STATE,7.274999976158143,-1.725000023841857,14.6999998092651,7.40000009536743,7.30000019073486
1505,10006332,FL,STATE,5.5,-3.5,11.0,5.19999980926514,5.30000019073486
1506,10006339,GA,STATE,8.125,-0.875,17.2000007629395,8.19999980926514,8.0
1507,10006347,CA,STATE,8.67500013113021,-0.3249998688697904,9.34999990463257,7.95000004768372,7.80000019073486
1508,10006348,NC,STATE,6.38749998807907,-2.61250001192093,14.6000003814697,6.09999990463257,6.30000019073486
1509,10006349,OH,STATE,7.8249999284744245,-1.1750000715255755,15.3000001907349,7.59999990463257,7.5
1510,10006350,IL,STATE,6.449999928474427,-2.550000071525573,14.1999998092651,6.19999980926514,6.19999980926514
1511,10006351,IL,STATE,9.862500071525572,0.862500071525572,17.75,9.70000028610229,9.59999990463257
1512,10006352,IL,STATE,10.000000000000004,1.0000000000000036,17.7999992370605,9.80000019073486,9.80000019073486
1513,10006353,MD,STATE,7.100000023841858,-1.899999976158142,15.0,7.0,7.0
1514,10006363,PA,STATE,7.543750077486035,-1.4562499225139653,14.7249999046326,7.54999995231628,7.42500007152557
1515,10006364,PA,STATE,8.22500002384186,-0.7749999761581403,17.2999992370605,8.19999980926514,7.90000009536743
1516,10006365,PA,STATE,7.849999904632571,-1.150000095367429,16.3999996185303,7.69999980926514,7.54999995231628
1517,10006374,PA,STATE,8.52499997615814,-0.4750000238418597,16.0,8.5,8.39999961853027
1518,10006375,PA,STATE,8.649999856948853,-0.35000014305114746,16.7000007629395,8.5,8.39999961853027
1519,10006376,PA,STATE,6.52500009536743,-2.47499990463257,12.6999998092651,6.5,6.30000019073486
1520,10006377,PA,STATE,8.075000047683716,-0.9249999523162842,15.8999996185303,8.10000038146973,8.0
1521,10006378,PA,STATE,9.12499999999999,0.12499999999998934,17.5,9.10000038146973,8.80000019073486
1522,10006379,PA,STATE,7.4749999046325675,-1.5250000953674325,16.1000003814697,7.5,7.19999980926514
1523,10006380,PA,STATE,9.791666666666675,0.791666666666675,18.2666664123535,9.83333301544189,9.56666692097982
1524,10006381,AR,STATE,7.75,-1.25,15.6999998092651,7.59999990463257,7.80000019073486
1525,10006383,IN,STATE,9.800000190734854,0.8000001907348544,18.1000003814697,9.80000019073486,9.5
1526,10006387,DE,STATE,8.025000095367432,-0.9749999046325684,15.6999998092651,8.0,7.80000019073486
1527,10006389,NH,STATE,6.0,-3.0,10.6000003814697,5.19999980926514,5.90000009536743
1528,10006451,WA,MULTI,6.624999880790713,-2.375000119209287,9.10000038146973,6.59999990463257,7.19999980926514
1529,10006453,GA,STATE,6.975000023841858,-2.024999976158142,16.1499996185303,7.05000019073486,6.84999990463257
1530,10006505,CO,FEDERAL,7.050000071525572,-1.949999928474428,7.0,6.80000019073486,6.0
1531,10006507,FL,FEDERAL,7.924999952316285,-1.075000047683715,14.1999998092651,7.59999990463257,8.0
1532,10006508,IL,FEDERAL,8.350000023841858,-0.6499999761581421,15.3999996185303,8.30000019073486,7.90000009536743
1533,10006512,MI,FEDERAL,7.500000119209288,-1.4999998807907122,13.6999998092651,7.30000019073486,7.40000009536743
1534,10006513,OR,FEDERAL,5.562500059604643,-3.437499940395357,6.35000014305115,5.30000019073486,5.04999995231628
1535,10006524,AL,STATE,8.125,-0.875,16.3999996185303,8.39999961853027,8.10000038146973
1536,10006526,AR,STATE,8.050000190734865,-0.9499998092651349,14.8999996185303,8.10000038146973,7.90000009536743
1537,10006528,AR,STATE,7.850000023841858,-1.149999976158142,17.7000007629395,8.0,7.90000009536743
1538,10006529,AR,STATE,8.174999952316284,-0.8250000476837158,14.1999998092651,8.10000038146973,8.19999980926514
1539,10006530,CA,STATE,8.949999928474428,-0.050000071525571954,8.19999980926514,6.69999980926514,7.59999990463257
1540,10006531,CA,STATE,7.362500071525575,-1.6374999284744254,10.8999996185303,5.35000014305115,7.20000004768372
1541,10006532,CA,STATE,7.25,-1.75,6.0,5.40000009536743,6.80000019073486
1542,10006536,FL,STATE,6.58749997615814,-2.4125000238418597,11.6999998092651,6.25,6.54999995231628
1543,10006537,FL,STATE,6.524999976158142,-2.475000023841858,10.3000001907349,6.40000009536743,6.40000009536743
1544,10006538,FL,STATE,7.76250010728836,-1.2374998927116403,13.25,7.65000009536743,7.60000014305115
1545,10006542,IA,STATE,7.799999952316285,-1.200000047683715,14.5,7.59999990463257,7.30000019073486
1546,10006544,ID,STATE,7.624999999999997,-1.3750000000000027,6.09999990463257,6.0,7.30000019073486
1547,10006546,MD,STATE,8.549999952316282,-0.4500000476837176,16.6000003814697,8.60000038146973,8.39999961853027
1548,10006547,MD,STATE,7.40000021457672,-1.5999997854232797,15.5,7.40000009536743,7.30000019073486
1549,10006549,MN,STATE,5.874999880790712,-3.1250001192092878,11.0,5.69999980926514,5.5
1550,10006565,MO,STATE,7.125000119209288,-1.8749998807907122,13.6999998092651,6.90000009536743,6.90000009536743
1551,10006570,MT,MULTI,5.75,-3.25,6.30000019073486,4.59999990463257,5.19999980926514
1552,10006571,MT,STATE,6.350000023841858,-2.649999976158142,5.80000019073486,4.80000019073486,5.90000009536743
1553,10006572,MT,STATE,5.625,-3.375,4.5,4.19999980926514,4.90000009536743
1554,10006573,MT,STATE,4.975000023841858,-4.024999976158142,4.59999990463257,4.0,4.30000019073486
1555,10006575,MT,STATE,5.475000083446502,-3.524999916553498,8.19999980926514,4.75,5.45000004768372
1556,10006576,MT,STATE,6.350000023841858,-2.649999976158142,5.80000019073486,4.80000019073486,5.90000009536743
1557,10006580,MT,STATE,5.975000023841857,-3.024999976158143,5.40000009536743,5.0,5.30000019073486
1558,10006581,MT,STATE,8.300000071525574,-0.6999999284744263,8.19999980926514,6.90000009536743,8.19999980926514
1559,10006582,NC,STATE,6.75,-2.25,15.1500000953674,6.75,6.75
1560,10006587,ND,STATE,6.25,-2.75,7.69999980926514,5.19999980926514,6.5
1561,10006588,ND,STATE,5.5,-3.5,6.90000009536743,4.80000019073486,5.19999980926514
1562,10006593,NE,STATE,6.72500002384186,-2.2749999761581403,10.75,6.59999990463257,5.95000004768372
1563,10006595,NE,STATE,6.274999976158143,-2.725000023841857,9.0,6.19999980926514,5.19999980926514
1564,10006596,NH,STATE,6.125,-2.875,10.5,5.30000019073486,6.09999990463257
1565,10006597,NH,STATE,6.125,-2.875,10.5,5.30000019073486,6.09999990463257
1566,10006598,NJ,STATE,7.050000071525573,-1.9499999284744272,15.0,6.90000009536743,6.80000019073486
1567,10006599,NJ,STATE,5.625,-3.375,13.2000002861023,5.64999985694885,5.25
1568,10006612,NM,STATE,4.874999940395355,-4.125000059604645,4.0,3.29999995231628,7.59999990463257
1569,10006613,NV,STATE,10.424999952316302,1.424999952316302,8.10000038146973,6.69999980926514,8.80000019073486
1570,10006614,NV,STATE,6.600000023841858,-2.399999976158142,6.30000019073486,5.69999980926514,6.5
1571,10006623,OH,STATE,9.500000238418572,0.500000238418572,17.0,9.60000038146973,9.10000038146973
1572,10006624,OH,STATE,7.27500009536743,-1.7249999046325701,14.5,7.0,7.0
1573,10006633,OK,STATE,9.87500000000001,0.8750000000000107,13.8999996185303,9.39999961853027,9.69999980926514
1574,10006636,OK,STATE,8.999999999999996,-3.552713678800501e-15,14.1000003814697,8.5,8.89999961853027
1575,10006637,OK,STATE,9.150000095367428,0.1500000953674281,15.1000003814697,8.69999980926514,9.19999980926514
1576,10006639,OR,STATE,6.675000071525567,-2.3249999284744334,7.5,5.80000019073486,5.59999990463257
1577,10006640,OR,STATE,7.850000023841858,-1.149999976158142,7.90000009536743,6.30000019073486,6.90000009536743
1578,10006648,SC,STATE,6.75,-2.25,16.0,6.90000009536743,6.69999980926514
1579,10006664,TN,STATE,7.1812500059604645,-1.8187499940395355,16.4499998092651,7.25,7.09999990463257
1580,10006668,WA,STATE,5.700000047683715,-3.299999952316285,7.80000019073486,5.69999980926514,5.80000019073486
1581,10006669,WA,STATE,7.3250001668930045,-1.6749998331069955,9.39999961853027,7.40000009536743,8.10000038146973
1582,10006672,VA,STATE,6.574999928474427,-2.425000071525573,14.5,6.59999990463257,6.19999980926514
1583,10006673,WV,STATE,7.074999928474427,-1.9250000715255728,16.6000003814697,7.09999990463257,6.69999980926514
1584,10006674,WV,STATE,6.699999928474428,-2.300000071525572,13.8000001907349,6.59999990463257,6.5
1585,10006675,WY,MULTI,5.337500035762787,-3.662499964237213,7.54999995231628,3.95000004768372,5.14999985694885
1586,10006944,ME,STATE,5.0,-4.0,9.19999980926514,5.0,4.69999980926514
1587,10006966,OR,STATE,6.849999964237215,-2.150000035762785,3.90000009536743,4.95000004768372,5.45000004768372
1588,10006971,VA,STATE,5.824999928474427,-3.175000071525573,15.0,5.90000009536743,5.69999980926514
1589,10006979,IL,STATE,8.800000190734865,-0.19999980926513494,16.7000007629395,8.60000038146973,8.60000038146973
1590,10006992,VA,STATE,6.937500029802322,-2.0624999701976776,13.9499998092651,6.69999992847443,6.82500004768372
1591,10007015,NY,STATE,7.500000119209288,-1.4999998807907122,14.8999996185303,7.30000019073486,7.40000009536743
1592,10007020,MN,STATE,5.050000071525572,-3.949999928474428,7.59999990463257,4.59999990463257,4.5
