OBJECTID,FACILITYID,NAME,ADDRESS,CITY,STATE,ZIP,ZIP4,TELEPHONE,TYPE,STATUS,POPULATION,COUNTY,COUNTYFIPS,COUNTRY,NAICS_CODE,NAICS_DESC,SOURCE,SOURCEDATE,VAL_METHOD,VAL_DATE,WEBSITE,SECURELVL,CAPACITY,Shape__Are,Shape__Len,_FACILITYID,V003,V074,HYBRID_POP,X2019
"371","10001548",MARYLAND CORRECTIONAL INSTITUTION - HAGERSTOWN,18601 ROXBURY RD,HAGERSTOWN,MD,"21746","-999",(240) 420-1000,STATE,OPEN,"-999",WASHINGTON,"24043",USA,"922140",CORRECTIONAL INSTITUTIONS,https://www.dpscs.state.md.us/locations/prisons.shtml,2024/02/28,IMAGERY/OTHER,2024/02/28,https://www.dpscs.state.md.us/locations/mcih.shtml,MEDIUM,"-999",0.000017051935174,0.019419137410075,"10001548",PMD012,"669","669","7.45000004768372"
"2421","10001547",ROXBURY CORRECTIONAL INSTITUTION,18701 ROXBURY RD,HAGERSTOWN,MD,"21746","-999",(240) 420-3000,STATE,OPEN,"-999",WASHINGTON,"24043",USA,"922140",CORRECTIONAL INSTITUTIONS,https://www.dpscs.state.md.us/locations/prisons.shtml,2024/02/28,IMAGERY/OTHER,2024/02/28,https://www.dpscs.state.md.us/locations/rci.shtml,MEDIUM,"-999",0.000016153716388,0.016399749143190,"10001547",PMD021,"1763","1763","7.5"
"2428","10001546",MARYLAND CORRECTIONAL TRAINING CENTER,18800 ROXBURY RD,HAGERSTOWN,MD,"21746","-999",(240) 420-1601,STATE,OPEN,"-999",WASHINGTON,"24043",USA,"922140",CORRECTIONAL INSTITUTIONS,https://www.dpscs.state.md.us/locations/prisons.shtml,2024/02/28,IMAGERY/OTHER,2024/02/28,https://www.dpscs.state.md.us/locations/mctc.shtml,MEDIUM,"-999",0.000026079426107,0.028391895756467,"10001546",PMD015,"2917","2917","7.5"
"5295","10003595",MARTINSBURG CORRECTIONAL CENTER,38 GRAPEVINE ROAD,MARTINSBURG,WV,"25401","-999",(304) 267-0156,STATE,OPEN,"-999",BERKELEY,"54003",USA,"922140",CORRECTIONAL INSTITUTIONS,https://dcr.wv.gov/facilities/Pages/prisons-and-jails/mccj.aspx,2020/03/03,IMAGERY/OTHER,2024/05/29,https://dcr.wv.gov/facilities/Pages/prisons-and-jails/mccj.aspx,MEDIUM,"120",0.000001043471229,0.004283454500465,"10003595",PWV011,"125","125","7.30000019073486"
"369","10001543",NORTH BRANCH CORRECTIONAL INSTITUTION,14100 MCMULLEN HWY SW,CUMBERLAND,MD,"21502","-999",(301) 729-7400,STATE,OPEN,"-999",ALLEGANY,"24001",USA,"922140",CORRECTIONAL INSTITUTIONS,https://www.dpscs.state.md.us/locations/prisons.shtml,2024/02/28,IMAGERY/OTHER,2024/02/28,https://www.dpscs.state.md.us/locations/nbci.shtml,MAXIMUM,"-999",0.000013838146515,0.017022356486653,"10001543",PMD018,"1326","1326","7.14999985694885"
"378","10001542",WESTERN CORRECTIONAL INSTITUTION,13800 MCMULLEN HWY SW,CUMBERLAND,MD,"21502","-999",(301) 729-7000,STATE,OPEN,"-999",ALLEGANY,"24001",USA,"922140",CORRECTIONAL INSTITUTIONS,https://www.dpscs.state.md.us/locations/prisons.shtml,2024/02/28,IMAGERY/OTHER,2024/02/28,https://www.dpscs.state.md.us/locations/wci.shtml,MAXIMUM,"-999",0.000016308255454,0.018488502445106,"10001542",PMD026,"1317","1317","7.09999990463257"
"4987","10003413",FRANKLIN COUNTY COMMUNITY CORRECTIONAL FACILITY,1745 ALUM CREEK DR,COLUMBUS,OH,"43207","-999",(614) 462-4600,STATE,OPEN,"-999",FRANKLIN,"39049",USA,"922140",CORRECTIONAL INSTITUTIONS,https://cbcf.franklincountyohio.gov/,2017/09/14,IMAGERY/OTHER,2017/09/14,https://cbcf.franklincountyohio.gov/,MINIMUM,"-999",0.000000633357104,0.003513805719950,"10003413",FOH393,"97","97","8.19999980926514"
"5043","10003411",FRANKLIN MEDICAL CENTER (ZONE B),1800 HARMON AVE,COLUMBUS,OH,"43223","-999",(614) 445-8600,STATE,OPEN,"-999",FRANKLIN,"39049",USA,"922140",CORRECTIONAL INSTITUTIONS,https://drc.ohio.gov/about/facilities/franklin-medical-center/franklin-medical-center,2020/02/20,IMAGERY/OTHER,2024/06/03,https://drc.ohio.gov/about/facilities/franklin-medical-center/franklin-medical-center,NOT AVAILABLE,"-999",0.000001955629841,0.005852236891778,"10003411",,,,"8.10000038146973"
"6337","10003412",FRANKLIN MEDICAL CENTER (ZONE A),1990 HARMON AVE,COLUMBUS,OH,"43223","-999",(614) 445-5960,STATE,OPEN,"-999",FRANKLIN,"39049",USA,"922140",CORRECTIONAL INSTITUTIONS,https://drc.ohio.gov/about/facilities/franklin-medical-center/franklin-medical-center,2017/12/04,IMAGERY/OTHER,2024/06/03,https://drc.ohio.gov/about/facilities/franklin-medical-center/franklin-medical-center,NOT AVAILABLE,"-999",0.000001966375066,0.005379478557667,"10003412",POH021,"522","522","8.10000038146973"
"3912","10006377",JOHNSTOWN CCC,301 WASHINGTON STREET,JOHNSTOWN,PA,"15901","-999",(814) 533-2416,STATE,OPEN,"0",CAMBRIA,"42021",USA,"922140",CORRECTIONAL INSTITUTIONS,https://www.tribdem.com/news/controversial-community-corrections-facility-opens-its-doors-for-inside-look/article_e278f520-e2f8-11e8-8d23-6b79b1c98eed.html,2017/10/10,IMAGERY/OTHER,2024/04/10,NOT AVAILABLE,MINIMUM,"-999",0.000000080196742,0.001225146849553,"10006377",PPA003,"54","54","8.10000038146973"
"2463","10006380",RIVERSIDE CCC,3001 BEAVER AVENUE,PITTSBURGH,PA,"15233","-999",(412) 761-1955,STATE,OPEN,"0",ALLEGHENY,"42003",USA,"922140",CORRECTIONAL INSTITUTIONS,https://www.cor.pa.gov/Facilities/CommunityCorrections/Documents/Region%203.pdf,2017/01/26,IMAGERY/OTHER,2024/04/10,NOT AVAILABLE,MINIMUM,"-999",0.000000353168844,0.002403243139881,"10006380",,,"0","9.83333301544189"
"6148","10006378",PITTSBURGH CCC,535 SOUTH AIKEN AVENUE,PITTSBURGH,PA,"15232","-999",(412) 681-5204,STATE,OPEN,"0",ALLEGHENY,"42003",USA,"922140",CORRECTIONAL INSTITUTIONS,https://www.cor.pa.gov/Facilities/CommunityCorrections/Documents/Region%201.pdf,2017/10/10,IMAGERY/OTHER,2024/04/10,http://www.cor.pa.gov/Facilities/CommunityCorrections/Pages/default.aspx#.VmXGTrgrJaQ,MINIMUM,"-999",0.000000040074838,0.000941211623428,"10006378",PPA005,"38","38","9.10000038146973"
"3294","10001584",FCI PETERSBURG LOW,1100 RIVER RD,HOPEWELL,VA,"23860","-999",(804) 733-7881,FEDERAL,OPEN,"488",PRINCE GEORGE,"51149",USA,"922140",CORRECTIONAL INSTITUTIONS,https://www.bop.gov/locations/institutions/pet/,2016/02/16,IMAGERY/OTHER,2024/01/22,https://www.bop.gov/locations/institutions/pet/,MINIMUM,"-999",0.000011513071058,0.014520399389344,"10001584",,,"488","7.19999980926514"
"3313","10001585",FCI PETERSBURG LOW CAMP,1100 RIVER RD,HOPEWELL,VA,"23860","-999",(804) 733-7881,FEDERAL,OPEN,"191",PRINCE GEORGE,"51149",USA,"922140",CORRECTIONAL INSTITUTIONS,https://www.bop.gov/locations/institutions/pet/,2016/02/16,IMAGERY/OTHER,2024/01/22,https://www.bop.gov/locations/institutions/pet/,MINIMUM,"-999",0.000001328146936,0.005740104728700,"10001585",,,"191","7.26666657129924"
"3382","10001586",FCI PETERSBURG MEDIUM,1060 RIVER RD,HOPEWELL,VA,"23860","-999",(804) 504-7200,FEDERAL,OPEN,"1661",PRINCE GEORGE,"51149",USA,"922140",CORRECTIONAL INSTITUTIONS,https://www.bop.gov/locations/institutions/pem/,2016/02/16,IMAGERY/OTHER,2024/01/22,https://www.bop.gov/locations/institutions/pem/,MEDIUM,"-999",0.000018866981009,0.017134237499241,"10001586",FVA340,"1530","1530","7.19999980926514"
"4627","10003278",MEDICAL COLLEGE OF VIRGINIA SECURITY WARD,401 N 12TH ST,RICHMOND,VA,"23219","-999",(804) 828-0804,STATE,OPEN,"-999",RICHMOND,"51760",USA,"922140",CORRECTIONAL INSTITUTIONS,https://vadoc.virginia.gov/facilities-and-offices/,2018/01/19,IMAGERY/OTHER,2024/05/01,https://vadoc.virginia.gov/facilities-and-offices/,NOT AVAILABLE,"-999",0.000000262552703,0.002089602095429,"10003278",PVA037,"5","5","7.5"
"3107","10001941",FCI ASHLAND,STATE ROUTE 716,ASHLAND,KY,"41105","-999",(606) 928-6414,FEDERAL,OPEN,"1129",BOYD,"21019",USA,"922140",CORRECTIONAL INSTITUTIONS,https://www.bop.gov/locations/institutions/ash/,2016/02/16,IMAGERY/OTHER,2024/01/19,https://www.bop.gov/locations/institutions/ash/,MINIMUM,"-999",0.000011208751175,0.015434918295658,"10001941",FKY132,"1261","1261","7.09999990463257"
"3117","10001940",FCI ASHLAND CAMP,STATE ROUTE 716,ASHLAND,KY,"41105","-999",(606) 928-6414,FEDERAL,OPEN,"177",BOYD,"21019",USA,"922140",CORRECTIONAL INSTITUTIONS,https://www.bop.gov/locations/institutions/ash/,2016/02/16,IMAGERY/OTHER,2024/01/19,https://www.bop.gov/locations/institutions/ash/,MINIMUM,"-999",0.000001558548774,0.005465367677181,"10001940",,,"177","7.09999990463257"
"3006","10000004",FCI MORGANTOWN,446 GREENBAG ROAD,MORGANTOWN,WV,"26501","-999",(304) 296-4416,FEDERAL,OPEN,"436",MONONGALIA,"54061",USA,"922140",CORRECTIONAL INSTITUTIONS,https://www.bop.gov/locations/institutions/mrg/,2016/02/16,IMAGERY/OTHER,2024/01/10,https://www.bop.gov/locations/institutions/mrg/,MINIMUM,"-999",0.000027692876074,0.021672862174847,"10000004",FWV366,"841","841","7.40000009536743"
"2639","10003121",SCI GREENE,169 PROGRESS DR,WAYNESBURG,PA,"15370","-999",(724) 852-2902,STATE,OPEN,"-999",GREENE,"42059",USA,"922140",CORRECTIONAL INSTITUTIONS,https://www.cor.pa.gov/About%20Us/Statistics/Documents/current%20monthly%20population.pdf,2017/11/30,IMAGERY/OTHER,2024/04/09,https://www.cor.pa.gov/Facilities/StatePrisons/Pages/Greene.aspx,CLOSE,"1926",0.000018328832084,0.017879942987317,"10003121",PPA064,"1728","1728","7.5"
"6142","10006379",PROGRESS CCC,179 PROGRESS AVENUE,WAYNESBURG,PA,"15370","8090",(724) 852-5560,STATE,OPEN,"0",GREENE,"42059",USA,"922140",CORRECTIONAL INSTITUTIONS,https://www.cor.pa.gov/Facilities/CommunityCorrections/Documents/Region%203.pdf,2017/10/10,IMAGERY/OTHER,2024/04/10,http://www.cor.pa.gov/Facilities/CommunityCorrections/Pages/default.aspx#.VmXGTrgrJaQ,MINIMUM,"-999",0.000000703334536,0.005414953776597,"10006379",PPA004,"46","46","7.5"
"2671","10003082",SCI SMITHFIELD,1120 PIKE ST,HUNTINGDON,PA,"16652","-999",(814) 643-6520,STATE,OPEN,"1360",HUNTINGDON,"42061",USA,"922140",CORRECTIONAL INSTITUTIONS,https://www.cor.pa.gov/About%20Us/Statistics/Documents/current%20monthly%20population.pdf,2017/11/30,IMAGERY/OTHER,2024/04/09,https://www.cor.pa.gov/Facilities/StatePrisons/Pages/Smithfield.aspx,CLOSE,"1243",0.000013628027773,0.014897811158605,"10003082",PPA076,"1346","1346","7.5"
"6136","10000728",SCI HUNTINGDON,1100 PIKE ST,HUNTINGDON,PA,"16654","1112",(814) 643-2400,STATE,OPEN,"-999",HUNTINGDON,"42061",USA,"922140",CORRECTIONAL INSTITUTIONS,https://www.cor.pa.gov/About%20Us/Statistics/Documents/current%20monthly%20population.pdf,2017/11/30,IMAGERY/OTHER,2024/04/09,https://www.cor.pa.gov/Facilities/StatePrisons/Pages/Huntingdon.aspx,MAXIMUM,"2078",0.000008500486274,0.013925701428654,"10000728",PPA066,"2031","2031","7.69999996821086"
"5738","10003107",SCI LAUREL HIGHLANDS,5706 GLADES PIKE,SOMERSET,PA,"15501","-999",(814) 445-6501,STATE,OPEN,"-999",SOMERSET,"42111",USA,"922140",CORRECTIONAL INSTITUTIONS,https://www.cor.pa.gov/About%20Us/Statistics/Documents/current%20monthly%20population.pdf,2017/11/30,IMAGERY/OTHER,2024/04/09,https://www.cor.pa.gov/Facilities/StatePrisons/Pages/Laurel-Highlands.aspx,MEDIUM,"1174",0.000019402926910,0.019882757926251,"10003107",PPA067,"1536","1536","7.69999980926514"
"2970","10001873",OHIO COUNTY CORRECTIONAL CENTER,1501 EOFF ST,WHEELING,WV,"26003","-999",(304) 238-1007,STATE,OPEN,"66",OHIO,"54069",USA,"922140",CORRECTIONAL INSTITUTIONS,https://dcr.wv.gov/facilities/Pages/prisons-and-jails/occcj.aspx,2020/03/03,IMAGERY/OTHER,2020/03/03,https://dcr.wv.gov/facilities/Pages/prisons-and-jails/occcj.aspx,MINIMUM,"67",0.000000135378741,0.001633943310337,"10001873",PWV015,"65","65","8.19999980926514"
"5271","10006191",PARKERSBURG CORRECTIONAL CENTER,225 HOLIDAY HILLS DRIVE,PARKERSBURG,WV,"26104","-999",(304) 420-2443,STATE,OPEN,"-999",WOOD,"54107",USA,"922140",CORRECTIONAL INSTITUTIONS,https://dcr.wv.gov/facilities/Pages/community-corrections/pbccj.aspx,2018/01/22,IMAGERY/OTHER,2024/05/29,https://dcr.wv.gov/facilities/Pages/community-corrections/pbccj.aspx,MINIMUM,"130",0.000001826786274,0.005664863911662,"10006191",PWV016,"335","335","7.5"
"5287","10006673",CHARLESTON CORRECTIONAL CENTER,1356 HANSFORD STREET,CHARLESTON,WV,"25301","-999",(304) 340-6921,STATE,OPEN,"-999",KANAWHA,"54039",USA,"922140",CORRECTIONAL INSTITUTIONS,https://dcr.wv.gov/facilities/Pages/community-corrections/cccj.aspx,2018/01/22,IMAGERY/OTHER,2024/05/29,https://dcr.wv.gov/facilities/Pages/community-corrections/cccj.aspx,MINIMUM,"128",0.000000637760195,0.003575162731118,"10006673",PWV003,"131","131","7.09999990463257"
"1247","10000043",FCI BECKLEY,1600 INDUSTRIAL ROAD,BEAVER,WV,"25813","-999",(304) 252-9758,FEDERAL,OPEN,"1617",RALEIGH,"54081",USA,"922140",CORRECTIONAL INSTITUTIONS,https://www.bop.gov/locations/institutions/bec/,2016/02/16,IMAGERY/OTHER,2024/01/10,https://www.bop.gov/locations/institutions/bec/,MEDIUM,"-999",0.000013414261730,0.013874070752191,"10000043",FWV354,"1691","1691","6.85000014305115"
"2984","10000044",FCI BECKLEY CAMP,1600 INDUSTRIAL ROAD,BEAVER,WV,"25813","-999",(304) 252-9758,FEDERAL,OPEN,"89",RALEIGH,"54081",USA,"922140",CORRECTIONAL INSTITUTIONS,https://www.bop.gov/locations/institutions/bec/,2016/02/16,IMAGERY/OTHER,2024/01/10,https://www.bop.gov/locations/institutions/bec/,MINIMUM,"-999",0.000002762382564,0.006708447689434,"10000044",,,"89","6.90000009536743"
"6308","10001108",BECKLEY CORRECTIONAL CENTER,111 S EISENHOWER DRIVE,BECKLEY,WV,"25801","-999",(304) 256-6780,STATE,OPEN,"-999",RALEIGH,"54081",USA,"922140",CORRECTIONAL INSTITUTIONS,https://dcr.wv.gov/facilities/Pages/community-corrections/bccj.aspx,2018/01/22,IMAGERY/OTHER,2024/05/29,https://dcr.wv.gov/facilities/Pages/community-corrections/bccj.aspx,MINIMUM,"137",0.000000258435421,0.003638742173048,"10001108",PWV002,"141","141","7.19999980926514"
"442","10004586",RE-ENTRY CENTER OF OCALA,2006 NORTHEAST 8TH RD,OCALA,FL,"34470","4231",(352) 351-1280,STATE,OPEN,"-999",MARION,"12083",USA,"922140",CORRECTIONAL INSTITUTIONS,https://fdc.myflorida.com/org/facilitydir.html,2024/02/15,IMAGERY/OTHER,2024/02/15,NOT AVAILABLE,MINIMUM,"-999",0.000000256826752,0.002046513176553,"10004586",PFL119,"132","132","7.09999990463257"
"436","10001448",BRIDGES OF SANTA FE,2901 NE 39TH AVE,GAINESVILLE,FL,"32602","1202",(352) 240-0850,STATE,OPEN,"-999",ALACHUA,"12001",USA,"922140",CORRECTIONAL INSTITUTIONS,https://fdc.myflorida.com/org/facilitydir.html,2024/02/15,IMAGERY/OTHER,2024/02/15,https://bridgesinternational.net/santa-fe-bridge,MINIMUM,"156",0.000001250314426,0.004291049475254,"10001448",PFL021,"154","154","7.59999990463257"
"3703","10001454",BRIDGES OF COCOA,585 CAMP RD,COCOA,FL,"32927","4738",(321) 338-4550,STATE,OPEN,"-999",BREVARD,"12009",USA,"922140",CORRECTIONAL INSTITUTIONS,https://fdc.myflorida.com/org/facilitydir.html,2024/02/15,IMAGERY/OTHER,2024/02/15,https://bridgesinternational.net/cocoa-bridge,MINIMUM,"84",0.000000193811729,0.001761523559006,"10001454",PFL015,"78","78","6.90000009536743"
"6","10004639",TURNING POINT WORK RELEASE,400 SW 2ND STREET,POMPANO BEACH,FL,"33060","6822",(954) 884-3562,STATE,OPEN,"-999",BROWARD,"12011",USA,"922140",CORRECTIONAL INSTITUTIONS,https://fdc.myflorida.com/org/facilitydir.html,2024/02/15,IMAGERY/OTHER,2024/04/01,https://bridgesinternational.net/turning-point-bridge,MINIMUM,"99",0.000000764767719,0.003444123096628,"10004639",,,,"6.85000014305115"
"45","10004650",OPA LOCKA COMMUNITY RELEASE CENTER,5400 NORTHWEST 135TH STREET,OPA LOCKA,FL,"33054","4310",(305) 827-4057,STATE,OPEN,"-999",MIAMI-DADE,"12086",USA,"922140",CORRECTIONAL INSTITUTIONS,https://fdc.myflorida.com/org/facilitydir.html,2024/02/15,IMAGERY/OTHER,2024/04/01,NOT AVAILABLE,NOT AVAILABLE,"-999",0.000001847857675,0.006800685218319,"10004650",PFL109,"144","144","6.89999985694885"
"413","10000533",HOLLYWOOD WORK RELEASE CENTER,8501 W CYPRESS DR,PEMBROKE PINES,FL,"33025","4542",(954) 985-4720,STATE,OPEN,"-999",BROWARD,"12011",USA,"922140",CORRECTIONAL INSTITUTIONS,https://fdc.myflorida.com/org/facilitydir.html,2024/02/15,IMAGERY/OTHER,2024/04/01,NOT AVAILABLE,MINIMUM,"-999",0.000001663347120,0.005165565748688,"10000533",PFL067,"149","149","6.5"
"1060","10004647",FDC MIAMI,33 NE 4TH STREET,MIAMI,FL,"33132","-999",(305) 577-0010,FEDERAL,OPEN,"937",MIAMI-DADE,"12086",USA,"922140",CORRECTIONAL INSTITUTIONS,https://www.bop.gov/locations/institutions/mim/,2016/02/16,IMAGERY/OTHER,2024/01/12,https://www.bop.gov/locations/institutions/mim/,MAXIMUM,"-999",0.000000822759603,0.003635016078662,"10004647",,,"937","7.09999990463257"
"1649","10000546",DADE CORRECTIONAL INSTITUTION,19000 SW 377TH ST,FLORIDA CITY,FL,"33034","6409",(305) 242-1900,STATE,OPEN,"-999",MIAMI-DADE,"12086",USA,"922140",CORRECTIONAL INSTITUTIONS,https://fdc.myflorida.com/org/facilitydir.html,2024/02/15,IMAGERY/OTHER,2024/02/15,https://fdc.myflorida.com/ci/463.html,CLOSE,"1521",0.000016659007883,0.017357705892774,"10000546",PFL037,"1600","1600","6.40000009536743"
"1706","10000545",HOMESTEAD CORRECTIONAL INSTITUTION,19000 SW 377TH ST,FLORIDA CITY,FL,"33034","6409",(305) 242-1770,STATE,OPEN,"-999",MIAMI-DADE,"12086",USA,"922140",CORRECTIONAL INSTITUTIONS,https://fdc.myflorida.com/org/facilitydir.html,2024/02/15,IMAGERY/OTHER,2024/02/15,https://fdc.myflorida.com/ci/419.html,CLOSE,"668",0.000007732707445,0.010195489076770,"10000545",PFL070,"672","672","6.40000009536743"
"1810","10000518",LOXAHATCHEE ROAD PRISON,230 SUNSHINE RD,WEST PALM BEACH,FL,"33411","3616",(561) 791-4760,STATE,OPEN,"-999",PALM BEACH,"12099",USA,"922140",CORRECTIONAL INSTITUTIONS,https://fdc.myflorida.com/org/facilitydir.html,2024/02/15,IMAGERY/OTHER,2024/02/15,NOT AVAILABLE,NOT AVAILABLE,"-999",0.000002279569344,0.006135064775798,"10000518",PFL090,"86","86","7.69999980926514"
"2703","10000519",ATLANTIC COMMUNITY RELEASE CENTER,263 FAIRGROUNDS RD,WEST PALM BEACH,FL,"33411","3639",(561) 791-4189,STATE,OPEN,"-999",PALM BEACH,"12099",USA,"922140",CORRECTIONAL INSTITUTIONS,https://fdc.myflorida.com/org/facilitydir.html,2024/02/15,IMAGERY/OTHER,2024/04/01,NOT AVAILABLE,MINIMUM,"-999",0.000000219537696,0.002011472827785,"10000519",PFL004,"44","44","7.69999980926514"
"3080","10000550",FCI MIAMI CAMP,15801 SW 137TH AVE,MIAMI,FL,"33177","-999",(305) 259-2100,FEDERAL,OPEN,"146",MIAMI-DADE,"12086",USA,"922140",CORRECTIONAL INSTITUTIONS,https://www.bop.gov/locations/institutions/mia/,2016/02/16,IMAGERY/OTHER,2024/01/19,https://www.bop.gov/locations/institutions/mia/,MINIMUM,"-999",0.000001572778501,0.006248006980235,"10000550",,,"146","6.80000019073486"
"3122","10001459",WEST PALM BEACH COMMUNITY RELEASE CENTER,261 WEST FAIRGROUNDS RD,WEST PALM BEACH,FL,"33411","3639",(561) 791-4750,STATE,OPEN,"-999",PALM BEACH,"12099",USA,"922140",CORRECTIONAL INSTITUTIONS,https://fdc.myflorida.com/org/facilitydir.html,2024/02/15,IMAGERY/OTHER,2024/04/01,NOT AVAILABLE,NOT AVAILABLE,"-999",0.000000352147708,0.002380313552670,"10001459",PFL164,"144","144","7.69999980926514"
"3368","10000542",FCI MIAMI,15801 SW 137TH AVE,MIAMI,FL,"33177","-999",(305) 259-2100,FEDERAL,OPEN,"832",MIAMI-DADE,"12086",USA,"922140",CORRECTIONAL INSTITUTIONS,https://www.bop.gov/locations/institutions/mia/,2016/02/16,IMAGERY/OTHER,2024/01/12,https://www.bop.gov/locations/institutions/mia/,MINIMUM,"-999",0.000013863894310,0.014882566118772,"10000542",FFL087,"1176","1176","6.86666679382324"
"3633","10000548","SOUTH FLORIDA RECEPTION CENTER, SOUTH UNIT",13910 NW 41ST ST,DORAL,FL,"33178","3014",(305) 592-9710,STATE,OPEN,"-999",MIAMI-DADE,"12086",USA,"922140",CORRECTIONAL INSTITUTIONS,https://fdc.myflorida.com/org/facilitydir.html,2024/02/15,IMAGERY/OTHER,2024/02/15,https://fdc.myflorida.com/ci/403.html,CLOSE,"889",0.000010928091115,0.013614311028674,"10000548",PFL135,"633","633","8"
"3674","10004649",MIAMI NORTH COMMUNITY RELEASE CENTER,7090 NORTHWEST 41ST ST,MIAMI,FL,"33166","6817",(305) 470-5580,STATE,OPEN,"-999",MIAMI-DADE,"12086",USA,"922140",CORRECTIONAL INSTITUTIONS,https://fdc.myflorida.com/org/facilitydir.html,2024/02/15,IMAGERY/OTHER,2024/02/15,https://www.mtctrains.com/facility/miami-north-community-release-center/,NOT AVAILABLE,"100",0.000000717476496,0.003377204545415,"10004649",PFL099,"170","170","7.30000019073486"
"3656","10004627",FORT PIERCE COMMUNITY RELEASE CENTER,1203 BELL AVENUE,FORT PIERCE,FL,"34982","6544",(772) 468-3929,STATE,OPEN,"-999",ST. LUCIE,"12111",USA,"922140",CORRECTIONAL INSTITUTIONS,https://fdc.myflorida.com/org/facilitydir.html,2024/02/15,IMAGERY/OTHER,2024/02/15,NOT AVAILABLE,MINIMUM,"-999",0.000000470663508,0.002772990479183,"10004627",PFL050,"81","81","6.69999980926514"
"438","10000525",FORT MYERS WORK CAMP,2575 ORTIZ AVE,FORT MYERS,FL,"33994","1107",(239) 332-6915,STATE,NOT AVAILABLE,"-999",LEE,"12071",USA,"922140",CORRECTIONAL INSTITUTIONS,http://www.dc.state.fl.us/ci/index.html,2017/09/30,IMAGERY,2024/04/01,http://www.dc.state.fl.us/ci/index.html,NOT AVAILABLE,"-999",0.000000753804670,0.003755485243363,"10000525",PFL049,"117","117","7.40000009536743"
"2399","10002178",TTH OF BARTOW,550 N RESTWOOD AVE,BARTOW,FL,"33830","4200",(863) 733-4181,STATE,OPEN,"-999",POLK,"12105",USA,"922140",CORRECTIONAL INSTITUTIONS,https://fdc.myflorida.com/org/facilitydir.html,2024/02/15,IMAGERY/OTHER,2024/04/01,https://www.thetransitionhouse.org/,MINIMUM,"-999",0.000000964121909,0.003933797063435,"10002178",PFL154,"79","79","7.59999990463257"
"3696","10004569",BRIDGES OF JACKSONVILLE,601 AGMAC AVE,JACKSONVILLE,FL,"32254","-999",(904) 674-0850,STATE,OPEN,"-999",DUVAL,"12031",USA,"922140",CORRECTIONAL INSTITUTIONS,https://fdc.myflorida.com/org/facilitydir.html,2024/02/15,IMAGERY/OTHER,2024/02/15,https://bridgesinternational.net/jacksonville-bridge,MINIMUM,"140",0.000000695432846,0.003261699886228,"10004569",PFL016,"129","129","7.90000009536743"
"4118","10001432",VALDOSTA TRANSITIONAL CENTER,263 GILL HARBIN INDUSTRIAL BLVD.,VALDOSTA,GA,"31601","-999",(229) 293-6280,STATE,OPEN,"161",LOWNDES,"13185",USA,"922140",CORRECTIONAL INSTITUTIONS,https://gdc.georgia.gov/locations,2024/02/01,IMAGERY/OTHER,2024/04/01,https://gdc.georgia.gov/locations/valdosta-transitional-center,MINIMUM,"164",0.000000201669081,0.002831466429624,"10001432",PGA109,"164","164","8.30000019073486"
"2391","10000374",TALLAHASSEE COMMUNITY RELEASE CENTER,2616A SPRINGHILL RD,TALLAHASSEE,FL,"32305","6739",(850) 488-2478,STATE,OPEN,"-999",LEON,"12073",USA,"922140",CORRECTIONAL INSTITUTIONS,https://fdc.myflorida.com/org/facilitydir.html,2024/02/15,IMAGERY/OTHER,2024/04/01,NOT AVAILABLE,MINIMUM,"-999",0.000000390145033,0.002587165587202,"10000374",PFL145,"117","117","7.30000019073486"
"3462","10000375",FCI TALLAHASSEE AND DETENTION CENTER,501 CAPITAL CIRCLE NE,TALLAHASSEE,FL,"32301","-999",(850) 878-2173,FEDERAL,OPEN,"938",LEON,"12073",USA,"922140",CORRECTIONAL INSTITUTIONS,https://www.bop.gov/locations/institutions/tal/,2016/02/16,IMAGERY/OTHER,2024/01/12,https://www.bop.gov/locations/institutions/tal/,MINIMUM,"-999",0.000013275758647,0.018999513687182,"10000375",FFL093,"842","842","7.59999990463257"
"1980","10000479",LARGO ROAD PRISON,5201 ULMERTON RD,CLEARWATER,FL,"33760","4006",(727) 570-5135,STATE,NOT AVAILABLE,"0",PINELLAS,"12103",USA,"922140",CORRECTIONAL INSTITUTIONS,NOT AVAILABLE,2024/02/15,IMAGERY/OTHER,2024/02/15,NOT AVAILABLE,NOT AVAILABLE,"-999",0.000001078044534,0.004110200544012,"10000479",PFL083,"75","75","8.60000038146973"
"2397","10000480",ST. PETERSBURG COMMUNITY RELEASE CENTER,4237 8TH AVE S,ST PETERSBURG,FL,"33711","2000",(727) 893-2289,STATE,OPEN,"-999",PINELLAS,"12103",USA,"922140",CORRECTIONAL INSTITUTIONS,https://fdc.myflorida.com/org/facilitydir.html,2024/02/15,IMAGERY/OTHER,2024/04/01,NOT AVAILABLE,NOT AVAILABLE,"-999",0.000000271692898,0.002088647999926,"10000480",PFL136,"138","138","6.80000019073486"
"2398","10004611",SUNCOAST (TAMPA BAY) COMMUNITY RELEASE CENTER,10596 GANDY BOULEVARD,SAINT PETERSBURG,FL,"33702","1422",(727) 523-1423,STATE,OPEN,"-999",PINELLAS,"12103",USA,"922140",CORRECTIONAL INSTITUTIONS,https://fdc.myflorida.com/org/facilitydir.html,2024/02/15,IMAGERY/OTHER,2024/04/01,https://goodwill-suncoast.org/work-release-programs/#stpetecenter,NOT AVAILABLE,"-999",0.000000205259312,0.002796658828662,"10004611",PFL141,"191","191","9.10000038146973"
"2413","10004612",TTH OF TARPON SPRINGS,566 BRADY ROAD,TARPON SPRINGS,FL,"34689","6707",(727) 279-6059,STATE,OPEN,"-999",PINELLAS,"12103",USA,"922140",CORRECTIONAL INSTITUTIONS,https://fdc.myflorida.com/org/facilitydir.html,2024/02/15,IMAGERY/OTHER,2024/04/01,https://www.thetransitionhouse.org/,MINIMUM,"-999",0.000000503107231,0.002876283072111,"10004612",PFL157,"84","84","7.40000009536743"
"2406","10006324",TTH OF KISSIMMEE,900 EAST VINE STREET,KISSIMMEE,FL,"34744","-999",(407) 892-5700,STATE,OPEN,"-999",OSCEOLA,"12097",USA,"922140",CORRECTIONAL INSTITUTIONS,https://fdc.myflorida.com/org/facilitydir.html,2024/02/15,IMAGERY/OTHER,2024/04/01,https://www.thetransitionhouse.org/,MINIMUM,"-999",0.000000450836751,0.003105735527995,"10006324",PFL156,"145","145","8.30000019073486"
"2702","10004606",KISSIMMEE COMMUNITY RELEASE CENTER,2925 MICHIGAN AVE,KISSIMMEE,FL,"34744","1200",(407) 846-5210,STATE,OPEN,"-999",OSCEOLA,"12097",USA,"922140",CORRECTIONAL INSTITUTIONS,https://fdc.myflorida.com/org/facilitydir.html,2024/02/15,IMAGERY/OTHER,2024/04/01,NOT AVAILABLE,MINIMUM,"-999",0.000001925812285,0.006350028605760,"10004606",PFL078,"144","144","7.90000009536743"
"2752","10000461",ORLANDO COMMUNITY RELEASE CENTER,7300 LAUREL HILL DRIVE,ORLANDO,FL,"32818","5278",(407) 578-3510,STATE,OPEN,"-999",ORANGE,"12095",USA,"922140",CORRECTIONAL INSTITUTIONS,https://fdc.myflorida.com/org/facilitydir.html,2024/02/15,IMAGERY/OTHER,2024/04/01,NOT AVAILABLE,MINIMUM,"-999",0.000001346435738,0.004687278076679,"10000461",PFL111,"78","78","7.95000004768372"
"4102","10004598",BRIDGES OF ORLANDO,2001 MERCY DRIVE,ORLANDO,FL,"32808","5613",(407) 218-4800,STATE,OPEN,"-999",ORANGE,"12095",USA,"922140",CORRECTIONAL INSTITUTIONS,https://fdc.myflorida.com/org/facilitydir.html,2024/02/15,IMAGERY/OTHER,2024/02/15,https://bridgesinternational.net/orlando-bridge,MINIMUM,"136",0.000003784619366,0.011566010526383,"10004598",PFL110,"142","142","8.63333320617676"
"2403","10004567",BRIDGES OF LAKE CITY,1099 NW DOT GLEN,LAKE CITY,FL,"32055","2564",(386) 628-5130,STATE,OPEN,"-999",COLUMBIA,"12023",USA,"922140",CORRECTIONAL INSTITUTIONS,https://fdc.myflorida.com/org/facilitydir.html,2024/02/15,IMAGERY/OTHER,2024/02/15,https://bridgesinternational.net/lake-city-bridge,MINIMUM,"151",0.000001478078730,0.005155957514316,"10004567",PFL017,"154","154","7.59999990463257"
"1536","10000339",SANTA ROSA CORRECTIONAL INSTITUTION,5850 EAST MILTON ROAD,MILTON,FL,"32583","7914",(850) 983-5800,STATE,OPEN,"-999",SANTA ROSA,"12113",USA,"922140",CORRECTIONAL INSTITUTIONS,https://fdc.myflorida.com/org/facilitydir.html,2024/02/15,IMAGERY/OTHER,2024/02/15,https://fdc.myflorida.com/ci/119.html,CLOSE,"1614",0.000019627701931,0.018960909775390,"10000339",PFL129,"1486","1486","8.10000038146973"
"1547","10004555",SANTA ROSA CORRECTIONAL INSTITUTION ANNEX,5850 EAST MILTON ROAD,MILTON,FL,"32583","7914",(850) 981-5199,STATE,OPEN,"-999",SANTA ROSA,"12113",USA,"922140",CORRECTIONAL INSTITUTIONS,https://fdc.myflorida.com/org/facilitydir.html,2024/02/15,IMAGERY/OTHER,2024/02/15,https://fdc.myflorida.com/ci/135.html,CLOSE,"1188",0.000014654683355,0.017780181170029,"10004555",PFL128,"1186","1186","8.30000019073486"
"2387","10000345",PENSACOLA COMMUNITY RELEASE CENTER,3050 NORTH L ST,PENSACOLA,FL,"32501","1010",(850) 595-8920,STATE,CLOSED,"0",ESCAMBIA,"12033",USA,"922140",CORRECTIONAL INSTITUTIONS,"https://fdc.myflorida.com/org/facilitydir.html, http://www.northescambia.com/2022/07/fdc-closing-pensacola-release-center-a-satellite-facility-of-century-prison",2022/07/01,IMAGERY/OTHER,2024/04/01,NOT AVAILABLE,MINIMUM,"-999",0.000000168681254,0.001666459994586,"10000345",PFL113,"80","80","7.40000009536743"
"2911","10001435",FPC PENSACOLA,110 RABY AVE,PENSACOLA,FL,"32509","-999",(850) 457-1911,FEDERAL,OPEN,"483",ESCAMBIA,"12033",USA,"922140",CORRECTIONAL INSTITUTIONS,https://www.bop.gov/locations/institutions/pen/,2016/02/16,IMAGERY/OTHER,2024/01/12,https://www.bop.gov/locations/institutions/pen/,MINIMUM,"-999",0.000000273336582,0.002578266349789,"10001435",FFL090,"609","609","7.80000019073486"
"3594","10000465",HERNANDO CORRECTIONAL INSTITUTION,16415 SPRING HILL DR,BROOKSVILLE,FL,"34604","8167",(352) 754-6715,STATE,OPEN,"-999",HERNANDO,"12053",USA,"922140",CORRECTIONAL INSTITUTIONS,https://fdc.myflorida.com/org/facilitydir.html,2024/02/15,IMAGERY/OTHER,2024/02/15,https://fdc.myflorida.com/ci/336.html,CLOSE,"467",0.000005875460829,0.009671341962949,"10000465",PFL065,"468","468","6.80000019073486"
"3432","10000512",SOUTH BAY CORRECTIONAL FACILITY,600 US HWY 27 S,SOUTH BAY,FL,"33493","2233",(561) 992-9505,STATE,OPEN,"-999",PALM BEACH,"12099",USA,"922140",CORRECTIONAL INSTITUTIONS,https://fdc.myflorida.com/org/facilitydir.html,2024/02/15,IMAGERY/OTHER,2024/02/15,"https://fdc.myflorida.com/ci/405.html, https://www.geogroup.com/FacilityDetail/FacilityID/49",CLOSE,"1948",0.000009004046660,0.011667485665600,"10000512",PFL133,"1935","1935","6.95000004768372"
"3837","10003950",PANAMA CITY COMMUNITY RELEASE CENTER,3609 HIGHWAY 390,PANAMA CITY,FL,"32405","2795",(850) 772-0650,STATE,OPEN,"-999",BAY,"12005",USA,"922140",CORRECTIONAL INSTITUTIONS,https://fdc.myflorida.com/org/facilitydir.html,2024/02/15,IMAGERY/OTHER,2024/02/15,https://www.mtctrains.com/facility/panama-city-community-release-center/,NOT AVAILABLE,"71",0.000000779590664,0.003794382237359,"10003950",PFL112,"68","68","7.69999980926514"
"1059","10004594",FCI COLEMAN MEDIUM,846 NE 54TH TERRACE,SUMTERVILLE,FL,"33521","-999",(352) 689-5000,FEDERAL,OPEN,"1565",SUMTER,"12119",USA,"922140",CORRECTIONAL INSTITUTIONS,https://www.bop.gov/locations/institutions/com/,2016/02/16,IMAGERY/OTHER,2024/01/12,https://www.bop.gov/locations/institutions/com/,MEDIUM,"-999",0.000016807452766,0.015822170870242,"10004594",FFL074,"1989","1989","7.04999995231628"
"1124","10004592",USP COLEMAN I,846 NE 54TH TERRACE,SUMTERVILLE,FL,"33521","-999",(352) 689-6000,FEDERAL,OPEN,"1407",SUMTER,"12119",USA,"922140",CORRECTIONAL INSTITUTIONS,https://www.bop.gov/locations/institutions/cop/,2016/02/16,IMAGERY/OTHER,2024/01/12,https://www.bop.gov/locations/institutions/cop/,MAXIMUM,"-999",0.000013943119484,0.015516386287294,"10004592",FFL071,"1339","1339","7.59999990463257"
"1127","10004593",FCI COLEMAN LOW,846 NE 54TH TERRACE,SUMTERVILLE,FL,"33521","-999",(352) 689-4000,FEDERAL,OPEN,"1572",SUMTER,"12119",USA,"922140",CORRECTIONAL INSTITUTIONS,https://www.bop.gov/locations/institutions/col/,2016/02/16,IMAGERY/OTHER,2024/01/12,https://www.bop.gov/locations/institutions/col/,MINIMUM,"-999",0.000017024040972,0.015921525544662,"10004593",FFL073,"2130","2130","7.39999993642171"
"3045","10000456",FCI COLEMAN LOW CAMP,846 NE 54TH TERRACE,SUMTERVILLE,FL,"33521","-999",(352) 689-4000,FEDERAL,OPEN,"456",SUMTER,"12119",USA,"922140",CORRECTIONAL INSTITUTIONS,https://www.bop.gov/locations/institutions/col/,2016/02/16,IMAGERY/OTHER,2024/01/12,https://www.bop.gov/locations/institutions/col/,MINIMUM,"-999",0.000000889798685,0.006493431545205,"10000456",,,"456","7.09999990463257"
"3048","10004595",USP COLEMAN II,846 NE 54TH TERRACE,SUMTERVILLE,FL,"33521","-999",(352) 689-7000,FEDERAL,OPEN,"1189",SUMTER,"12119",USA,"922140",CORRECTIONAL INSTITUTIONS,https://www.bop.gov/locations/institutions/clp/,2016/02/16,IMAGERY/OTHER,2024/01/12,https://www.bop.gov/locations/institutions/clp/,MAXIMUM,"-999",0.000014753937876,0.016483622602041,"10004595",FFL072,"1331","1331","6.95000004768372"
"1152","10004622",BRADENTON BRIDGE,2104 63RD AVENUE EAST,BRADENTON,FL,"34203","5012",(941) 932-9030,STATE,OPEN,"-999",MANATEE,"12081",USA,"922140",CORRECTIONAL INSTITUTIONS,https://fdc.myflorida.com/org/facilitydir.html,2024/02/15,IMAGERY/OTHER,2024/02/15,https://bridgesinternational.net/bradenton-bridge,MINIMUM,"120",0.000000298269470,0.002211099438249,"10004622",PFL013,"119","119","8.19999980926514"
"1660","10000658",FCI PEKIN,2600 SOUTH 2ND STREET,PEKIN,IL,"61554","-999",(309) 346-8588,FEDERAL,OPEN,"1068",TAZEWELL,"17179",USA,"922140",CORRECTIONAL INSTITUTIONS,https://www.bop.gov/locations/institutions/pek/,2016/02/16,IMAGERY/OTHER,2024/01/19,https://www.bop.gov/locations/institutions/pek/,MEDIUM,"-999",0.000016996297973,0.016061671352980,"10000658",FIL117,"1214","1214","7.95000004768372"
"1890","10000657",PEORIA ATC,607-613 NORTH MAIN,PEORIA,IL,"61602","-999",(309) 671-3162,STATE,OPEN,"237",PEORIA,"17143",USA,"922140",CORRECTIONAL INSTITUTIONS,https://idoc.illinois.gov/facilities/allfacilities.html,2023/06/30,IMAGERY/OTHER,2024/04/03,https://www.illinois.gov/idoc/facilities/Pages/AllFacilities.aspx,MINIMUM,"248",0.000000190051878,0.001842597598792,"10000657",PIL036,"243","243","8.30000019073486"
"3113","10000659",FCI PEKIN CAMP,2600 SOUTH 2ND STREET,PEKIN,IL,"61554","-999",(309) 346-8588,FEDERAL,OPEN,"223",TAZEWELL,"17179",USA,"922140",CORRECTIONAL INSTITUTIONS,https://www.bop.gov/locations/institutions/pek/,2016/02/16,IMAGERY/OTHER,2024/01/19,https://www.bop.gov/locations/institutions/pek/,MINIMUM,"-999",0.000004178186600,0.008653474624062,"10000659",,,"223","8"
"3071","10000679",FCI GREENVILLE,100 UNITED STATES HIGHWAY 40,GREENVILLE,IL,"62246","-999",(618) 664-6200,FEDERAL,OPEN,"1058",BOND,"17005",USA,"922140",CORRECTIONAL INSTITUTIONS,https://www.bop.gov/locations/institutions/gre/,2016/02/16,IMAGERY/OTHER,2024/01/19,https://www.bop.gov/locations/institutions/gre/,MEDIUM,"-999",0.000016686037270,0.015858056545081,"10000679",FIL112,"1373","1373","8.5"
"3079","10000680",FCI GREENVILLE CAMP,100 UNITED STATES HIGHWAY 40,GREENVILLE,IL,"62246","-999",(618) 664-6200,FEDERAL,OPEN,"254",BOND,"17005",USA,"922140",CORRECTIONAL INSTITUTIONS,https://www.bop.gov/locations/institutions/gre/,2016/02/16,IMAGERY/OTHER,2024/01/19,https://www.bop.gov/locations/institutions/gre/,MINIMUM,"-999",0.000004218062031,0.008865494357777,"10000680",,,"254","8.5"
"1744","10000671",JACKSONVILLE CORRECTIONAL CENTER,2268 EAST MORTON AVENUE,JACKSONVILLE,IL,"62650","-999",(217) 245-1481,STATE,OPEN,"937",MORGAN,"17137",USA,"922140",CORRECTIONAL INSTITUTIONS,https://idoc.illinois.gov/facilities/allfacilities.html,2023/06/30,IMAGERY/OTHER,2024/02/26,https://idoc.illinois.gov/facilities/correctionalfacilities/facility.jacksonville-correctional-center.html,MINIMUM,"1628",0.000008977422340,0.011861893780498,"10000671",PIL023,"1127","1127","8"
"59","10001091",IOWA MEDICAL & CLASSIFICATION CENTER,2700 CORAL RIDGE AVE,CORALVILLE,IA,"52241","-999",(319) 626-2391,STATE,OPEN,"887",JOHNSON,"19103",USA,"922140",CORRECTIONAL INSTITUTIONS,https://doc-search.iowa.gov/dailystatistics,2024/02/23,IMAGERY/OTHER,2024/02/23,https://doc.iowa.gov/find-facility/iciw,MEDIUM,"585",0.000009910651215,0.012841815865509,"10001091",PIA023,"942","942","8"
"1493","10000646",JOLIET INPATIENT TREATMENT CENTER,2848 WEST MCDONOUGH,JOLIET,IL,"60436","-999",(815) 730-4400,STATE,OPEN,"15",WILL,"17197",USA,"922140",CORRECTIONAL INSTITUTIONS,https://idoc.illinois.gov/facilities/allfacilities.html,2023/06/30,IMAGERY/OTHER,2024/02/26,https://idoc.illinois.gov/facilities/correctionalfacilities/facility.joliet-inpatient-treatment-center.html,MAXIMUM,"214",0.000005657338988,0.012045118798651,"10000646",PIL024,"174","174","9.30000019073486"
"1507","10006352",STATEVILLE MINIMUM SECURITY UNIT,16830 SOUTH BROADWAY STREET,JOLIET,IL,"60434","-999",(815) 727-3607,STATE,OPEN,"162",WILL,"17197",USA,"922140",CORRECTIONAL INSTITUTIONS,https://idoc.illinois.gov/facilities/allfacilities.html,2023/06/30,IMAGERY/OTHER,2024/02/26,https://idoc.illinois.gov/facilities/correctionalfacilities/facility.stateville-minimum-security-unit.html,MINIMUM,"192",0.000003644637673,0.008841973236515,"10006352",,,"162","9.80000019073486"
"1824","10000647",STATEVILLE CORRECTIONAL CENTER,16830 SOUTH BROADWAY STREET,JOLIET,IL,"60434","-999",(815) 727-3607,STATE,OPEN,"1927",WILL,"17197",USA,"922140",CORRECTIONAL INSTITUTIONS,https://idoc.illinois.gov/facilities/allfacilities.html,2023/06/30,IMAGERY/OTHER,2024/02/26,https://idoc.illinois.gov/facilities/correctionalfacilities/facility.stateville-correctional-center.html,MAXIMUM,"3020",0.000027990769240,0.021848768732566,"10000647",PIL017,"1933","1933","9.60000038146973"
"1872","10000635",CROSSROADS ATC,3210 WEST ARTHINGTON STREET,CHICAGO,IL,"60624","-999",(773) 533-5000,STATE,OPEN,"327",COOK,"17031",USA,"922140",CORRECTIONAL INSTITUTIONS,https://idoc.illinois.gov/facilities/allfacilities.html,2023/06/30,IMAGERY/OTHER,2024/04/03,https://www.illinois.gov/idoc/facilities/Pages/AllFacilities.aspx,MINIMUM,"429",0.000000634321395,0.003196781516740,"10000635",PIL004,"321","321","9.10000038146973"
"1881","10006351",NORTHERN RECEPTION AND CLASSIFICATION CENTER,16830 SOUTH BROADWAY STREET,JOLIET,IL,"60434","-999",(815) 727-3607,STATE,OPEN,"1312",WILL,"17197",USA,"922140",CORRECTIONAL INSTITUTIONS,https://idoc.illinois.gov/facilities/allfacilities.html,2023/06/30,IMAGERY/OTHER,2024/02/26,https://idoc.illinois.gov/facilities/receptionclassificationcenters/facility.northern-reception-and-classification-center.html,MINIMUM,"1800",0.000004891655180,0.008514067229636,"10006351",,,"1312","9.70000028610229"
"2127","10000636",NORTH LAWNDALE ATC,2839 WEST FILLMORE STREET,CHICAGO,IL,"60612","-999",(773) 638-8491,STATE,OPEN,"200",COOK,"17031",USA,"922140",CORRECTIONAL INSTITUTIONS,https://idoc.illinois.gov/facilities/allfacilities.html,2023/06/30,IMAGERY/OTHER,2024/04/03,https://www.illinois.gov/idoc/facilities/Pages/AllFacilities.aspx,MINIMUM,"208",0.000000539685061,0.003043620640893,"10000636",PIL033,"197","197","9"
"2159","10000638",FOX VALLEY ATC,1329 N LAKE ST,AURORA,IL,"60506","-999",(630) 897-5610,STATE,OPEN,"128",KANE,"17089",USA,"922140",CORRECTIONAL INSTITUTIONS,https://idoc.illinois.gov/facilities/allfacilities.html,2023/06/30,IMAGERY/OTHER,2024/04/03,https://www.illinois.gov/idoc/facilities/Pages/AllFacilities.aspx,MINIMUM,"130",0.000000134494030,0.001476645957021,"10000638",PIL015,"127","127","8.5"
"3086","10001470",MCC CHICAGO,71 WEST VAN BUREN STREET,CHICAGO,IL,"60605","-999",(312) 322-0567,FEDERAL,OPEN,"512",COOK,"17031",USA,"922140",CORRECTIONAL INSTITUTIONS,https://www.bop.gov/locations/institutions/ccc/,2016/02/16,IMAGERY/OTHER,2024/01/19,https://www.bop.gov/locations/institutions/ccc/,MAXIMUM,"-999",0.000000106527068,0.001415663203296,"10001470",,,"512","9.30000019073486"
"127","10001856",DUBUQUE RESIDENTIAL FACILITY,1494 ELM ST,DUBUQUE,IA,"52001","-999",(563) 556-6196,STATE,OPEN,"70",DUBUQUE,"19061",USA,"922140",CORRECTIONAL INSTITUTIONS,https://doc.iowa.gov/find-facility/first-district,2023/06/30,IMAGERY/OTHER,2024/04/02,https://doc.iowa.gov/find-facility/first-district,NOT AVAILABLE,"80",0.000000278305833,0.002364747179375,"10001856",PIA014,"82","82","7.80000019073486"
"1491","10000669",DECATUR CORRECTIONAL CENTER,2310 EAST MOUND ROAD,DECATUR,IL,"62524","-999",(217) 877-0353,STATE,OPEN,"327",MACON,"17115",USA,"922140",CORRECTIONAL INSTITUTIONS,https://idoc.illinois.gov/facilities/allfacilities.html,2023/06/30,IMAGERY/OTHER,2024/02/26,https://idoc.illinois.gov/facilities/correctionalfacilities/facility.decatur-correctional-center.html,MINIMUM,"707",0.000007747590644,0.013486059753885,"10000669",PIL007,"545","545","8.89999961853027"
"989","10004714",VANDALIA WORK CAMP,UNITED STATES HIGHWAY 51 NORTH,VANDALIA,IL,"62471","-999",(618) 283-4170,STATE,NOT AVAILABLE,"-999",FAYETTE,"17051",USA,"922140",CORRECTIONAL INSTITUTIONS,https://idoc.illinois.gov/facilities/allfacilities.html,2023/06/30,IMAGERY/OTHER,2024/02/26,NOT AVAILABLE,MINIMUM,"-999",0.000005131816806,0.009688116367279,"10004714",,,,"7.90000009536743"
"1489","10000677",VANDALIA CORRECTIONAL CENTER,ROUTE 51 NORTH,VANDALIA,IL,"62471","-999",(618) 283-4170,STATE,OPEN,"534",FAYETTE,"17051",USA,"922140",CORRECTIONAL INSTITUTIONS,https://idoc.illinois.gov/facilities/allfacilities.html,2023/06/30,IMAGERY/OTHER,2024/02/26,https://idoc.illinois.gov/facilities/correctionalfacilities/facility.vandalia-correctional-center.html,MINIMUM,"1003",0.000009176565072,0.015584952244210,"10000677",PIL054,"1221","1221","8.00000023841858"
"1705","10000653",HILL CORRECTIONAL CENTER,600 SOUTH LINWOOD ROAD,GALESBURG,IL,"61401","-999",(309) 343-4212,STATE,OPEN,"1194",KNOX,"17095",USA,"922140",CORRECTIONAL INSTITUTIONS,https://idoc.illinois.gov/facilities/allfacilities.html,2023/06/30,IMAGERY/OTHER,2024/02/26,https://idoc.illinois.gov/facilities/correctionalfacilities/facility.hill-correctional-center.html,MEDIUM,"1812",0.000017033611130,0.016651358063877,"10000653",PIL021,"1709","1709","7.95000004768372"
"6291","10002613",KENOSHA CORRECTIONAL CENTER,6353 14TH AVE,KENOSHA,WI,"53143","-999",(262) 653-7099,STATE,OPEN,"-999",KENOSHA,"55059",USA,"922140",CORRECTIONAL INSTITUTIONS,https://doc.wi.gov/DataResearch/WeeklyPopulationReports/02212020.pdf,2018/01/12,IMAGERY/OTHER,2024/05/23,https://doc.wi.gov/Pages/OffenderInformation/AdultInstitutions/KenoshaCorrectionalCenter.aspx,MINIMUM,"115",0.000001571051826,0.005887803476695,"10002613",PWI030,"120","120","7.80000019073486"
"3029","10004922",FCI TERRE HAUTE CAMP,4200 BUREAU RD N,TERRE HAUTE,IN,"47808","-999",(812) 238-1531,FEDERAL,OPEN,"274",VIGO,"18167",USA,"922140",CORRECTIONAL INSTITUTIONS,https://www.bop.gov/locations/institutions/tha/,2016/02/16,IMAGERY/OTHER,2024/01/19,https://www.bop.gov/locations/institutions/tha/,MINIMUM,"-999",0.000004147550271,0.008394115280696,"10004922",,,"274","8.69999980926514"
"3056","10004921",FCI TERRE HAUTE,4200 BUREAU RD N,TERRE HAUTE,IN,"47808","-999",(812) 238-1531,FEDERAL,OPEN,"1224",VIGO,"18167",USA,"922140",CORRECTIONAL INSTITUTIONS,https://www.bop.gov/locations/institutions/tha/,2016/02/16,IMAGERY/OTHER,2024/01/19,https://www.bop.gov/locations/institutions/tha/,MEDIUM,"-999",0.000016367500166,0.016948006162557,"10004921",FIN122,"1304","1304","8.69999980926514"
"3058","10004923",USP TERRE HAUTE,4700 BUREAU RD S,TERRE HAUTE,IN,"47802","-999",(812) 244-4400,FEDERAL,OPEN,"1105",VIGO,"18167",USA,"922140",CORRECTIONAL INSTITUTIONS,https://www.bop.gov/locations/institutions/thp/,2016/02/16,IMAGERY/OTHER,2024/01/19,https://www.bop.gov/locations/institutions/thp/,MAXIMUM,"-999",0.000016376742678,0.017808455983317,"10004923",FIN124,"1366","1366","8.80000019073486"
"1758","10000655",PONTIAC CORRECTIONAL CENTER,700 WEST LINCOLN STREET,PONTIAC,IL,"61764","-999",(815) 842-2816,STATE,OPEN,"630",LIVINGSTON,"17105",USA,"922140",CORRECTIONAL INSTITUTIONS,https://idoc.illinois.gov/facilities/allfacilities.html,2023/06/30,IMAGERY/OTHER,2024/02/26,https://idoc.illinois.gov/facilities/correctionalfacilities/facility.pontiac-correctional-center.html,MAXIMUM,"1612",0.000012820679785,0.015155472677051,"10000655",,,"630","7.59999990463257"
"991","10004724",SOUTHWESTERN ILLINOIS WORK CAMP,950 KINGSHIGHWAY ST,EAST ST LOUIS,IL,"62203","-999",(618) 394-2200,STATE,OPEN,"0",ST. CLAIR,"17163",USA,"922140",CORRECTIONAL INSTITUTIONS,https://idoc.illinois.gov/facilities/allfacilities.html,2023/06/30,IMAGERY/OTHER,2024/02/26,https://idoc.illinois.gov/facilities/workcamps/facility.southwestern-illinois-work-camp.html,MINIMUM,"100",0.000000912169298,0.003829345338895,"10004724",,,"0","8.89999961853027"
"1435","10000685",SOUTHWESTERN ILLINOIS CORRECTIONAL CENTER,950 KINGSHIGHWAY ST,EAST ST LOUIS,IL,"62203","-999",(618) 394-2200,STATE,OPEN,"605",ST. CLAIR,"17163",USA,"922140",CORRECTIONAL INSTITUTIONS,https://idoc.illinois.gov/facilities/allfacilities.html,2023/06/30,IMAGERY/OTHER,2024/02/26,https://idoc.illinois.gov/facilities/correctionalfacilities/facility.southwestern-illinois-correctional-center.html,MINIMUM,"733",0.000004584948101,0.009913466105057,"10000685",PIL047,"565","565","8.94999980926514"
"2310","10004060",TRANSITION CENTER OF ST. LOUIS,1621 NORTH FIRST ST,ST. LOUIS,MO,"63102","-999",(314) 877-0300,STATE,OPEN,"-999",ST. LOUIS,"29510",USA,"922140",CORRECTIONAL INSTITUTIONS,https://doc.mo.gov/facilities/probation-parole/csc-crc-address-listing,2016/07/08,IMAGERY/OTHER,2024/04/04,https://doc.mo.gov/Facilities.php,NOT AVAILABLE,"-999",0.000002690550446,0.007174241317204,"10004060",PMO033,"212","212","9.69999980926514"
"3191","10001624",MISSOURI EASTERN CORRECTIONAL CENTER,18701 US HWY 66,PACIFIC,MO,"63069","-999",(636) 257-3322,STATE,OPEN,"-999",ST. LOUIS,"29189",USA,"922140",CORRECTIONAL INSTITUTIONS,https://doc.mo.gov/facilities/all,2024/03/01,IMAGERY/OTHER,2024/03/01,https://doc.mo.gov/facilities/all,MEDIUM,"-999",0.000016017349708,0.019522917197882,"10001624",PMO020,"1089","1089","7.625"
"1466","10000660",ILLINOIS RIVER CORRECTIONAL CENTER,1300 WEST LOCUST STREET,CANTON,IL,"61520","-999",(309) 647-7030,STATE,OPEN,"1698",FULTON,"17057",USA,"922140",CORRECTIONAL INSTITUTIONS,https://idoc.illinois.gov/facilities/allfacilities.html,2023/06/30,IMAGERY/OTHER,2024/02/26,https://idoc.illinois.gov/facilities/correctionalfacilities/facility.illinois-river-correctional-center.html,MEDIUM,"2087",0.000018644054308,0.016474175749825,"10000660",PIL022,"1745","1745","8"
"1438","10000662",DANVILLE CORRECTIONAL CENTER,3820 EAST MAIN STREET,DANVILLE,IL,"61834","-999",(217) 446-0441,STATE,OPEN,"1591",VERMILION,"17183",USA,"922140",CORRECTIONAL INSTITUTIONS,https://idoc.illinois.gov/facilities/allfacilities.html,2023/06/30,IMAGERY/OTHER,2024/02/26,https://idoc.illinois.gov/facilities/correctionalfacilities/facility.danville-correctional-center.html,MEDIUM,"1836",0.000014901916984,0.014549878821635,"10000662",PIL006,"1743","1743","8.80000019073486"
"1870","10000687",MENARD CORRECTIONAL CENTER,711 KASKASKIA STREET,MENARD,IL,"62259","-999",(618) 826-5071,STATE,OPEN,"1917",RANDOLPH,"17157",USA,"922140",CORRECTIONAL INSTITUTIONS,https://idoc.illinois.gov/facilities/allfacilities.html,2023/06/30,IMAGERY/OTHER,2024/02/26,https://idoc.illinois.gov/facilities/correctionalfacilities/facility.menard-correctional-center.html,MAXIMUM,"2389",0.000013075760990,0.015662468314868,"10000687",PIL029,"2205","2205","7.59999990463257"
"4111","10001871",BURLINGTON RESIDENTIAL FACILITY,835 VALLEY STREET,BURLINGTON,IA,"52601","-999",(319) 753-5478,STATE,OPEN,"59",DES MOINES,"19057",USA,"922140",CORRECTIONAL INSTITUTIONS,https://doc.iowa.gov/find-facility/eighth-district,2016/07/01,IMAGERY/OTHER,2024/04/02,https://doc.iowa.gov/find-facility/eighth-district,NOT AVAILABLE,"63",0.000000119108563,0.001549720646871,"10001871",PIA004,"58","58","7.19999996821086"
"58","10001082",ANAMOSA STATE PENITENTIARY,406 N HIGH ST,ANAMOSA,IA,"52205","-999",(319) 462-3504,STATE,OPEN,"927",JONES,"19105",USA,"922140",CORRECTIONAL INSTITUTIONS,https://doc-search.iowa.gov/dailystatistics,2024/02/23,IMAGERY/OTHER,2024/02/23,https://doc.iowa.gov/find-facility/asp,MAXIMUM,"908",0.000006115857332,0.009984459679413,"10001082",PIA001,"992","992","6.79999995231628"
"1698","10000642",DIXON CORRECTIONAL CENTER,2600 NORTH BRINTON AVENUE,DIXON,IL,"61021","-999",(815) 288-5561,STATE,OPEN,"774",LEE,"17103",USA,"922140",CORRECTIONAL INSTITUTIONS,https://idoc.illinois.gov/facilities/allfacilities.html,2023/06/30,IMAGERY/OTHER,2024/02/26,https://idoc.illinois.gov/facilities/correctionalfacilities/facility.dixon-correctional-center.html,MEDIUM,"1975",0.000044702526793,0.028262520486167,"10000642",PIL008,"2240","2240","7.53333330154419"
"1452","10000644",EAST MOLINE CORRECTIONAL CENTER,100 HILLCREST ROAD,EAST MOLINE,IL,"61244","-999",(309) 755-4511,STATE,OPEN,"491",ROCK ISLAND,"17161",USA,"922140",CORRECTIONAL INSTITUTIONS,https://idoc.illinois.gov/facilities/allfacilities.html,2023/06/30,IMAGERY/OTHER,2024/02/26,https://idoc.illinois.gov/facilities/correctionalfacilities/facility.east-moline-correctional-center.html,MINIMUM,"925",0.000019937565185,0.024769115497908,"10000644",PIL011,"1302","1302","8.65000009536743"
"2100","10001095",605 CENTER,605 MAIN STREET,DAVENPORT,IA,"52803","5244",(563) 322-7986,STATE,OPEN,"50",SCOTT,"19163",USA,"922140",CORRECTIONAL INSTITUTIONS,https://doc.iowa.gov/about-us/about-community-based-corrections/7th-judicial-district,2016/07/01,IMAGERY/OTHER,2024/04/02,https://doc.iowa.gov/find-facility/seventh-district,NOT AVAILABLE,"120",0.000000107008873,0.001884900541139,"10001095",PIA012,"111","111","8.60000038146973"
"4119","10004952","RESIDENTIAL CORRECTIONAL FACILITY, DAVENPORT",1330 WEST 3RD STREET,DAVENPORT,IA,"52802","-999",(563) 324-2131,STATE,OPEN,"133",SCOTT,"19163",USA,"922140",CORRECTIONAL INSTITUTIONS,https://doc.iowa.gov/find-facility/seventh-district,2016/07/01,IMAGERY/OTHER,2024/04/02,https://doc.iowa.gov/find-facility/seventh-district,NOT AVAILABLE,"64",0.000000234688741,0.001938100644254,"10004952",PIA013,"66","66","8.69999980926514"
"1495","10000674",GRAHAM CORRECTIONAL CENTER,12078 ILLINOIS ROUTE 185,HILLSBORO,IL,"62049","-999",(217) 532-6961,STATE,OPEN,"1691",MONTGOMERY,"17135",USA,"922140",CORRECTIONAL INSTITUTIONS,https://idoc.illinois.gov/facilities/allfacilities.html,2023/06/30,IMAGERY/OTHER,2024/02/26,https://idoc.illinois.gov/facilities/correctionalfacilities/facility.graham-correctional-center.html,MEDIUM,"2027",0.000025780234409,0.019778079057588,"10000674",PIL017,"1933","1933","8.10000038146973"
"3179","10001631",FARMINGTON CORRECTIONAL CENTER,1012 W COLUMBIA ST,FARMINGTON,MO,"63640","-999",(573) 218-7100,STATE,OPEN,"-999",ST. FRANCOIS,"29187",USA,"922140",CORRECTIONAL INSTITUTIONS,https://doc.mo.gov/facilities/all,2024/03/01,IMAGERY/OTHER,2024/03/01,https://doc.mo.gov/facilities/all,MEDIUM,"-999",0.000040064538325,0.029970113144531,"10001631",PMO009,"27","27","6.40000009536743"
"3196","10004065",EASTERN RECEPTION DIAGNOSTIC / CORRECTIONAL CTR,2727 HWY K,BONNE TERRE,MO,"63628","-999",(573) 358-5516,STATE,OPEN,"-999",ST. FRANCOIS,"29187",USA,"922140",CORRECTIONAL INSTITUTIONS,https://doc.mo.gov/facilities/all,2024/03/01,IMAGERY/OTHER,2024/03/01,https://doc.mo.gov/facilities/all,MAXIMUM,"-999",0.000019881830212,0.017175539913956,"10004065",PMO008,"2552","2552","6.5"
"2097","10000117",GREEN RIVER CORRECTIONAL COMPLEX,1200 RIVER RD,CENTRAL CITY,KY,"42330","-999",(270) 754-5415,STATE,OPEN,"982",MUHLENBERG,"21177",USA,"922140",CORRECTIONAL INSTITUTIONS,https://corrections.ky.gov/facilities/ai/pages/default.aspx,2024/02/27,IMAGERY/OTHER,2024/02/27,https://corrections.ky.gov/Facilities/AI/GRCC/Pages/default.aspx,MEDIUM,"982",0.000015421594981,0.016680382528608,"10000117",PKY022,"968","968","7.40000009536743"
"1939","10001325",MCF - LINO LAKES,7525 4TH AVENUE,LINO LAKES,MN,"55014","-999",(651) 717-6100,STATE,OPEN,"974",ANOKA,"27003",USA,"922140",CORRECTIONAL INSTITUTIONS,https://mn.gov/doc/data-publications/statistics/stats/,2023/07/31,IMAGERY/OTHER,2024/02/29,https://mn.gov/doc/facilities/lino-lakes/,MEDIUM,"1325",0.000022641645955,0.019737555002174,"10001325",PMN007,"1295","1295","7.09999990463257"
"1945","10001333",MCF - SHAKOPEE,1010 WEST 6TH AVENUE,SHAKOPEE,MN,"55379","-999",(952) 496-4440,STATE,OPEN,"579",SCOTT,"27139",USA,"922140",CORRECTIONAL INSTITUTIONS,https://mn.gov/doc/data-publications/statistics/stats/,2023/07/31,IMAGERY/OTHER,2024/02/29,https://mn.gov/doc/facilities/shakopee/,MAXIMUM,"656",0.000012761423932,0.015186638493007,"10001333",PMN012,"638","638","6.57499992847443"
"3173","10001324",MCF - ST. CLOUD,2305 MINNESOTA BOULEVARD,SAINT CLOUD,MN,"56304","-999",(320) 240-3000,STATE,OPEN,"900",SHERBURNE,"27141",USA,"922140",CORRECTIONAL INSTITUTIONS,https://mn.gov/doc/data-publications/statistics/stats/,2023/07/31,IMAGERY/OTHER,2024/02/29,https://mn.gov/doc/facilities/st-cloud/,CLOSE,"1058",0.000023562785373,0.022503637930542,"10001324",PMN013,"1067","1067","5.40000009536743"
"5833","10001123",SOUTH DAKOTA STATE PENITENTIARY,1600 NORTH DR,SIOUX FALLS,SD,"57117","-999",(605) 367-5051,STATE,OPEN,"-999",MINNEHAHA,"46099",USA,"922140",CORRECTIONAL INSTITUTIONS,https://doc.sd.gov/adult/facilities/sdsp/,2017/11/30,IMAGERY/OTHER,2024/04/12,https://doc.sd.gov/adult/facilities/sdsp/,MEDIUM,"-999",0.000004435263236,0.012405083000919,"10001123",PSD010,"736","736","5.80000019073486"
"5833","10001123",SOUTH DAKOTA STATE PENITENTIARY,1600 NORTH DR,SIOUX FALLS,SD,"57117","-999",(605) 367-5051,STATE,OPEN,"-999",MINNEHAHA,"46099",USA,"922140",CORRECTIONAL INSTITUTIONS,https://doc.sd.gov/adult/facilities/sdsp/,2017/11/30,IMAGERY/OTHER,2024/04/12,https://doc.sd.gov/adult/facilities/sdsp/,MEDIUM,"-999",0.000004435263236,0.012405083000919,"10001123",PSD005,"502","502","5.80000019073486"
"5834","10001121",G NORTON JAMESON ANNEX,1600 NORTH DR,SIOUX FALLS,SD,"57117","-999",(605) 367-5120,STATE,OPEN,"-999",MINNEHAHA,"46099",USA,"922140",CORRECTIONAL INSTITUTIONS,https://doc.sd.gov/adult/facilities/ja/,2017/11/30,IMAGERY/OTHER,2024/04/12,https://doc.sd.gov/adult/facilities/ja/,MAXIMUM,"-999",0.000004850994628,0.010024761800712,"10001121",PSD009,"243","243","5.70000004768372"
"4842","10000999",COLUMBIA CORRECTIONAL INSTITUTION,2925 COLUMBIA DR,PORTAGE,WI,"53901","0950",(608) 742-9100,STATE,OPEN,"-999",COLUMBIA,"55021",USA,"922140",CORRECTIONAL INSTITUTIONS,https://doc.wi.gov/DataResearch/WeeklyPopulationReports/02212020.pdf,2018/01/12,IMAGERY/OTHER,2024/05/23,https://doc.wi.gov/Pages/OffenderInformation/AdultInstitutions/ColumbiaCorrectionalInstitution.aspx,MAXIMUM,"650",0.000015164378055,0.015424865216152,"10000999",PWI011,"798","798","6.64999985694885"
"2465","10000990",CHIPPEWA VALLEY CORRECTIONAL TREATMENT FACILITY,2909 E PARK AVE,CHIPPEWA FALLS,WI,"54729","-999",(715) 720-2850,STATE,OPEN,"-999",CHIPPEWA,"55017",USA,"922140",CORRECTIONAL INSTITUTIONS,https://doc.wi.gov/DataResearch/WeeklyPopulationReports/02212020.pdf,2018/01/12,IMAGERY/OTHER,2024/05/23,https://doc.wi.gov/Pages/OffenderInformation/AdultInstitutions/ChippewaValleyCorrectionalTreatmentFacility.aspx,MINIMUM,"300",0.000002443344329,0.006358520660675,"10000990",PWI010,"507","507","6.80000019073486"
"3105","10001337",FMC ROCHESTER,2110 E CENTER ST,ROCHESTER,MN,"55904","-999",(507) 287-0674,FEDERAL,OPEN,"579",OLMSTED,"27109",USA,"922140",CORRECTIONAL INSTITUTIONS,https://www.bop.gov/locations/institutions/rch/,2016/02/16,IMAGERY/OTHER,2024/01/19,https://www.bop.gov/locations/institutions/rch/,MAXIMUM,"-999",0.000015656188452,0.015601085515836,"10001337",FMN173,"693","693","6.69999980926514"
"1937","10000263",FCI WASECA,1000 UNIVERSITY DRIVE SOUTHWEST,WASECA,MN,"56093","-999",(507) 835-8972,FEDERAL,OPEN,"774",WASECA,"27161",USA,"922140",CORRECTIONAL INSTITUTIONS,https://www.bop.gov/locations/institutions/was/,2016/02/16,IMAGERY/OTHER,2024/01/19,https://www.bop.gov/locations/institutions/was/,MINIMUM,"-999",0.000016199962829,0.016597162288345,"10000263",FMN176,"660","660","5.69999980926514"
"1225","10000262",MCF - FARIBAULT,1101 LINDEN LN,FARIBAULT,MN,"55021","6400",(507) 334-0700,STATE,OPEN,"1956",RICE,"27131",USA,"922140",CORRECTIONAL INSTITUTIONS,https://mn.gov/doc/data-publications/statistics/stats/,2023/07/31,IMAGERY/OTHER,2024/02/29,https://mn.gov/doc/facilities/faribault/,MEDIUM,"2026",0.000068211792495,0.037590165226155,"10000262",PMN006,"2003","2003","5.80000019073486"
"1249","10001330",MCF - STILLWATER,970 PICKETT STREET,BAYPORT,MN,"55003","1490",(651) 779-2700,STATE,OPEN,"1186",WASHINGTON,"27163",USA,"922140",CORRECTIONAL INSTITUTIONS,https://mn.gov/doc/data-publications/statistics/stats/,2023/07/31,IMAGERY/OTHER,2024/02/29,https://mn.gov/doc/facilities/stillwater/,CLOSE,"1484",0.000010193201433,0.012877518784589,"10001330",PMN014,"1538","1538","7.35000014305115"
"3175","10001331",MCF - OAK PARK HEIGHTS,5329 OSGOOD AVENUE NORTH,STILLWATER,MN,"55082","1117",(651) 779-1400,STATE,OPEN,"285",WASHINGTON,"27163",USA,"922140",CORRECTIONAL INSTITUTIONS,https://mn.gov/doc/data-publications/statistics/stats/,2023/07/31,IMAGERY/OTHER,2024/02/29,https://mn.gov/doc/facilities/oak-park-heights/,MAXIMUM,"444",0.000024330523502,0.019409855403543,"10001331",PMN009,"391","391","7.25"
"3057","10003017",FPC DULUTH,4464 RALSTON DRIVE,DULUTH,MN,"55811","-999",(218) 722-8634,FEDERAL,OPEN,"444",ST. LOUIS,"27137",USA,"922140",CORRECTIONAL INSTITUTIONS,https://www.bop.gov/locations/institutions/dth/,2016/02/16,IMAGERY/OTHER,2024/01/19,https://www.bop.gov/locations/institutions/dth/,MINIMUM,"-999",0.000038527890410,0.026043737707426,"10003017",FMN172,"541","541","4.90000009536743"
"1510","10000707",SUSSEX CORRECTIONAL INSTITUTION,23203 DUPONT BLVD,GEORGETOWN,DE,"19947","-999",(302) 856-5280,STATE,OPEN,"1048",SUSSEX,"10005",USA,"922140",CORRECTIONAL INSTITUTIONS,https://data.delaware.gov/Public-Safety/Inmate-Population/vnau-c4rn/about_data,2024/02/01,IMAGERY/OTHER,2024/02/13,https://doc.delaware.gov/views/sussexci.blade.shtml,MAXIMUM,"1206",0.000007861223594,0.012633414738964,"10000707",PDE011,"1098","1098","6.35000002384186"
"3567","10000706",SUSSEX COMMUNITY CORRECTIONS CENTER,23207 DUPONT BLVD,GEORGETOWN,DE,"19947","-999",(302) 856-5790,STATE,OPEN,"125",SUSSEX,"10005",USA,"922140",CORRECTIONAL INSTITUTIONS,https://data.delaware.gov/Public-Safety/Inmate-Population/vnau-c4rn/about_data,2024/02/01,IMAGERY/OTHER,2024/04/01,https://doc.delaware.gov/views/sussexccc.blade.shtml,NOT AVAILABLE,"-999",0.000000434681397,0.002982429016943,"10000706",PDE012,"130","130","6.40000009536743"
"2582","10002301",CENTRAL RECEPTION AND ASSIGNMENT FACILITY,2401 STUYVESANT AVENUE,TRENTON,NJ,"08628","-999",(609) 984-6000,STATE,OPEN,"578",MERCER,"34021",USA,"922140",CORRECTIONAL INSTITUTIONS,"http://www.state.nj.us/corrections/pages/offender_stats.html, http://www.state.nj.us/treasury/omb/publications/12budget/pdf/26.pdf",2020/02/04,UNVERIFIED,2024/07/17,https://www.state.nj.us/corrections/pages/index.shtml,MAXIMUM,"691",0.000003025203569,0.007970084553972,"10002301",PNJ009,"527","527","6.90000009536743"
"3092","10003116",FDC PHILADELPHIA,700 ARCH ST,PHILADELPHIA,PA,"19106","-999",(215) 521-4000,FEDERAL,OPEN,"850",PHILADELPHIA,"42101",USA,"922140",CORRECTIONAL INSTITUTIONS,https://www.bop.gov/locations/institutions/phl/,2016/02/16,IMAGERY/OTHER,2024/01/19,https://www.bop.gov/locations/institutions/phl/,MAXIMUM,"-999",0.000000424222208,0.002656913142151,"10003116",,,"850","8.19999980926514"
"3352","10006365",PHILADELPHIA CCC #4,1628-1630 NORTH 15TH STREET,PHILADELPHIA,PA,"19121","-999",(215) 560-5328,STATE,OPEN,"0",PHILADELPHIA,"42101",USA,"922140",CORRECTIONAL INSTITUTIONS,"https://secure.ssa.gov/poms.nsf/lnx/0500520009PHI, https://www.cor.pa.gov/Facilities/CommunityCorrections/Documents/Region%201.pdf",2017/10/10,IMAGERY/OTHER,2024/04/10,http://www.cor.pa.gov/Facilities/CommunityCorrections/Pages/default.aspx#.VmXGTrgrJaQ,MINIMUM,"-999",0.000000031245236,0.000783612759035,"10006365",PPA015,"34","34","7.69999980926514"
"3511","10000699",HOWARD R YOUNG CORRECTIONAL INSTITUTION,1301 E 12TH ST,WILMINGTON,DE,"19802","-999",(302) 429-7700,STATE,OPEN,"1287",NEW CASTLE,"10003",USA,"922140",CORRECTIONAL INSTITUTIONS,https://data.delaware.gov/Public-Safety/Inmate-Population/vnau-c4rn/about_data,2024/02/01,IMAGERY/OTHER,2024/02/13,https://doc.delaware.gov/views/hryci.blade.shtml,MAXIMUM,"1180",0.000003894394467,0.010097777987296,"10000699",PDE005,"1353","1353","8.15000009536743"
"3555","10002260",BAYLOR WOMEN'S CORRECTIONAL INSTITUTION,660 BAYLOR BLVD,NEW CASTLE,DE,"19720","-999",(302) 577-3004,STATE,OPEN,"261",NEW CASTLE,"10003",USA,"922140",CORRECTIONAL INSTITUTIONS,https://data.delaware.gov/Public-Safety/Inmate-Population/vnau-c4rn/about_data,2024/02/01,IMAGERY/OTHER,2024/02/13,https://doc.delaware.gov/views/baylor.blade.shtml,MAXIMUM,"-999",0.000003391121027,0.007892422973364,"10002260",PDE002,"316","316","8"
"3589","10000701",PLUMMER COMMUNITY CORRECTIONS CENTER,38 TODDS LN,WILMINGTON,DE,"19802","-999",(302) 761-2800,STATE,OPEN,"89",NEW CASTLE,"10003",USA,"922140",CORRECTIONAL INSTITUTIONS,https://data.delaware.gov/Public-Safety/Inmate-Population/vnau-c4rn/about_data,2024/02/01,IMAGERY/OTHER,2024/04/01,https://doc.delaware.gov/views/plummerccc.blade.shtml,NOT AVAILABLE,"-999",0.000000500919214,0.003376827371107,"10000701",PDE009,"150","150","8.10000038146973"
"4023","10006387",HAZEL D. PLANT WOMENS TREATMENT FACILITY,620 BAYLOR BLVD,NEW CASTLE,DE,"19720","1140",(302) 777-6800,STATE,OPEN,"47",NEW CASTLE,"10003",USA,"922140",CORRECTIONAL INSTITUTIONS,https://data.delaware.gov/Public-Safety/Inmate-Population/vnau-c4rn/about_data,2024/02/01,IMAGERY/OTHER,2024/04/01,https://doc.delaware.gov/views/hazeld.blade.shtml,NOT AVAILABLE,"-999",0.000000272897523,0.002568257443849,"10006387",PDE003,"46","46","8"
"5743","10003117",SCI CHESTER,500 EAST FOURTH ST,CHESTER,PA,"19013","-999",(610) 490-5412,STATE,OPEN,"-999",DELAWARE,"42045",USA,"922140",CORRECTIONAL INSTITUTIONS,https://www.cor.pa.gov/About%20Us/Statistics/Documents/current%20monthly%20population.pdf,2017/11/30,IMAGERY/OTHER,2024/04/08,https://www.cor.pa.gov/Facilities/StatePrisons/Pages/Chester.aspx,MEDIUM,"1178",0.000004036641940,0.008733661862539,"10003117",PPA057,"1117","1117","8.36666679382324"
"6157","10006364",PHILADELPHIA CCC #2,407 NORTH 8TH STREET,PHILADELPHIA,PA,"19123","3907",(215) 560-3041,STATE,OPEN,"0",PHILADELPHIA,"42101",USA,"922140",CORRECTIONAL INSTITUTIONS,"https://secure.ssa.gov/poms.nsf/lnx/0500520009PHI, https://www.cor.pa.gov/Facilities/CommunityCorrections/Documents/Region%201.pdf",2017/10/10,IMAGERY/OTHER,2024/04/10,http://www.cor.pa.gov/Facilities/CommunityCorrections/Pages/default.aspx#.VmXGTrgrJaQ,MINIMUM,"-999",0.000000075476919,0.001298619332290,"10006364",PPA014,"65","65","8.19999980926514"
"6421","10004002",CRAF JONES FARM,721 BEAR TAVERN RD,TRENTON,NJ,"08628","-999",(609) 984-6000,STATE,OPEN,"149",MERCER,"34021",USA,"922140",CORRECTIONAL INSTITUTIONS,http://www.state.nj.us/corrections/pages/offender_stats.html,2020/02/04,UNVERIFIED,2024/07/17,https://www.state.nj.us/corrections/pages/index.shtml,MINIMUM,"-999",0.000001441700306,0.005024986438977,"10004002",,,"149","6.45000004768372"
"6434","10006598",ANN KLEIN FORENSIC CENTER,STUYVESANT AVENUE,WEST TRENTON,NJ,"08628","-999",(609) 633-0900,STATE,OPEN,"193",MERCER,"34021",USA,"922140",CORRECTIONAL INSTITUTIONS,"http://www.state.nj.us/humanservices/dmhas/resources/services/treatment/mh_hospitals.html, http://www.state.nj.us/humanservices/dmhas/resources/services/treatment/akfc_census.html",2020/02/04,UNVERIFIED,2024/07/17,https://www.state.nj.us/corrections/pages/index.shtml,NOT AVAILABLE,"200",0.000002490005272,0.007435833741683,"10006598",,,"193","6.90000009536743"
"6436","10004003",NEW JERSEY STATE PRISON,600 CASS ST,TRENTON,NJ,"08608","-999",(609) 292-9700,STATE,OPEN,"1587",MERCER,"34021",USA,"922140",CORRECTIONAL INSTITUTIONS,"http://www.state.nj.us/corrections/pages/offender_stats.html, http://www.state.nj.us/treasury/omb/publications/12budget/pdf/26.pdf",2020/02/04,UNVERIFIED,2024/07/17,https://www.state.nj.us/corrections/pages/index.shtml,MAXIMUM,"1819",0.000005060463536,0.009164164445167,"10004003",PNJ035,"1479","1479","7.19999980926514"
"6443","10002300",TRENTON PSYCHIATRIC HOSPITAL,100 SULLIVAN WAY,WEST TRENTON,NJ,"08628","-999",(609) 633-1500,STATE,OPEN,"382",MERCER,"34021",USA,"922140",CORRECTIONAL INSTITUTIONS,"http://www.state.nj.us/humanservices/dmhas/resources/services/treatment/mh_hospitals.html, http://www.state.nj.us/humanservices/dmhas/resources/services/treatment/tph_census.html",2020/02/04,UNVERIFIED,2024/07/17,https://www.state.nj.us/corrections/pages/index.shtml,NOT AVAILABLE,"400",0.000003723081591,0.008881273623332,"10002300",,,"382","6.90000009536743"
"2734","10001519",SOUTH WOODS STATE PRISON,215 S BURLINGTON RD,BRIDGETON,NJ,"08302","-999",(856) 459-7000,STATE,OPEN,"3333",CUMBERLAND,"34011",USA,"922140",CORRECTIONAL INSTITUTIONS,https://www.nj.gov/corrections/pages/index.shtml,2020/02/04,UNVERIFIED,2024/07/17,https://www.google.com/maps/d/viewer?mid=1p9bM9aeK39pECOLOD1kVSsnOGBM&ll=39.95428528390313%2C-74.15835826406249&z=9,MEDIUM,"3188",0.000023423004222,0.021789613776526,"10001519",PNJ037,"3312","3312","6.14999985694885"
"261","10000917",CHESAPEAKE DETENTION FACILITY,401 E MADISON ST,BALTIMORE,MD,"21202","-999",(410) 539-5445,STATE,OPEN,"-999",BALTIMORE,"24510",USA,"922140",CORRECTIONAL INSTITUTIONS,https://www.dpscs.state.md.us/locations/prisons.shtml,2024/02/29,IMAGERY/OTHER,2024/02/29,https://www.dpscs.state.md.us/locations/cdf.shtml,MAXIMUM,"-999",0.000000682186510,0.003234783366227,"10000917",,,,"8.60000038146973"
"285","10001550",BALTIMORE PRE-RELEASE UNIT,926 GREENMOUNT AVE,BALTIMORE,MD,"21202","-999",(410) 234-1878,STATE,OPEN,"193",BALTIMORE,"24510",USA,"922140",CORRECTIONAL INSTITUTIONS,https://dpscs.maryland.gov/rehabservs/doc/work.shtml,2014/04/01,IMAGERY/OTHER,2024/04/03,https://dpscs.maryland.gov/rehabservs/doc/work.shtml,MINIMUM,"-999",0.000000297133056,0.002466318234450,"10001550",,,"193","8.60000038146973"
"332","10001558",BROCKBRIDGE CORRECTIONAL FACILITY,7930 BROCK BRIDGE RD,JESSUP,MD,"20794","-999",(410) 799-1363,STATE,CLOSED,"0",ANNE ARUNDEL,"24003",USA,"922140",CORRECTIONAL INSTITUTIONS,https://www.wmar2news.com/news/region/anne-arundel-county/correctional-facility-in-jessup-to-transform-focus-on-pre-release-re-entry-workforce-development,2020/01/16,IMAGERY/OTHER,2024/02/29,NOT AVAILABLE,MINIMUM,"-999",0.000003766273949,0.007605858420121,"10001558",PMD004,"168","168","7"
"334","10001552",BALTIMORE CITY CORRECTIONAL CENTER,901 GREENMOUNT AVE,BALTIMORE,MD,"21202","-999",(410) 332-4340,STATE,OPEN,"-999",BALTIMORE,"24510",USA,"922140",CORRECTIONAL INSTITUTIONS,https://www.dpscs.state.md.us/locations/prisons.shtml,2024/02/28,IMAGERY/OTHER,2024/02/28,https://www.dpscs.state.md.us/locations/bccc.shtml,MINIMUM,"-999",0.000001005287686,0.004990809080650,"10001552",PMD002,"480","480","8.30000019073486"
"345","10006353",DORSEY RUN CORRECTIONAL FACILITY,2020 TOULSON ROAD,JESSUP,MD,"20794","-999",(410) 379-6020,STATE,OPEN,"-999",ANNE ARUNDEL,"24003",USA,"922140",CORRECTIONAL INSTITUTIONS,https://www.dpscs.state.md.us/locations/prisons.shtml,2024/02/28,IMAGERY/OTHER,2024/02/28,https://www.dpscs.state.md.us/locations/drc.shtml,MINIMUM,"-999",0.000003246025472,0.008437958593934,"10006353",PMD007,"1057","1057","7"
"347","10002364",PATUXENT INSTITUTION,7555 WATERLOO RD,JESSUP,MD,"20794","-999",(410) 799-3400,STATE,OPEN,"-999",HOWARD,"24027",USA,"922140",CORRECTIONAL INSTITUTIONS,https://www.dpscs.state.md.us/locations/prisons.shtml,2024/02/28,IMAGERY/OTHER,2024/02/28,https://www.dpscs.state.md.us/locations/pat.shtml,MAXIMUM,"-999",0.000012852796999,0.015277399565570,"10002364",PMD019,"954","954","7.30000019073486"
"349","10004035",METROPOLITAN TRANSITION CENTER,954 FORREST ST,BALTIMORE,MD,"21202","-999",(410) 230-1452,STATE,OPEN,"-999",BALTIMORE,"24510",USA,"922140",CORRECTIONAL INSTITUTIONS,https://www.dpscs.state.md.us/locations/prisons.shtml,2024/02/29,IMAGERY/OTHER,2024/02/29,https://www.dpscs.state.md.us/locations/mtc.shtml,MINIMUM,"-999",0.000002242677056,0.006679878414624,"10004035",,,,"8.30000019073486"
"366","10000918","MD RECEPTION, DIAGNOSTIC AND CLASSIFICATION CENTER",550 E MADISON ST,BALTIMORE,MD,"21202","-999",(410) 878-3500,STATE,OPEN,"-999",BALTIMORE,"24510",USA,"922140",CORRECTIONAL INSTITUTIONS,https://www.dpscs.state.md.us/locations/prisons.shtml,2024/02/29,IMAGERY/OTHER,2024/02/29,https://www.dpscs.state.md.us/locations/mrdcc.shtml,MAXIMUM,"-999",0.000000227919827,0.002155376473778,"10000918",PMD016,"426","426","8.60000038146973"
"373","10000919",JESSUP CORRECTIONAL INSTITUTION,7805 HOUSE OF CORRECTION RD,JESSUP,MD,"20794","-999",(410) 799-6100,STATE,OPEN,"-999",ANNE ARUNDEL,"24003",USA,"922140",CORRECTIONAL INSTITUTIONS,https://www.dpscs.state.md.us/locations/prisons.shtml,2024/02/28,IMAGERY/OTHER,2024/02/28,https://www.dpscs.state.md.us/locations/jci.shtml,MAXIMUM,"-999",0.000020131219117,0.017718286925484,"10000919",,,,"7.40000009536743"
"377","10001559",MARYLAND CORRECTIONAL INSTITUTION FOR WOMEN,7943 BROCK BRIDGE RD,JESSUP,MD,"20794","-999",(410) 379-3800,STATE,OPEN,"-999",ANNE ARUNDEL,"24003",USA,"922140",CORRECTIONAL INSTITUTIONS,https://www.dpscs.state.md.us/locations/prisons.shtml,2024/02/28,IMAGERY/OTHER,2024/02/28,https://www.dpscs.state.md.us/locations/mciw.shtml,MAXIMUM,"-999",0.000009638299844,0.012204273389843,"10001559",PMD014,"720","720","6.95000004768372"
"427","10001555",VOLUNTEERS OF AMERICA-CHESAPEAKE RESIDENTIAL RE-ENTRY CENTER,5000 EAST MONUMENT ST,BALTIMORE,MD,"21205","-999",(410) 276-5880,STATE,OPEN,"-999",BALTIMORE,"24510",USA,"922140",CORRECTIONAL INSTITUTIONS,https://www.voachesapeake.org/rrc,2017/12/05,IMAGERY/OTHER,2024/04/03,https://www.voachesapeake.org/,MINIMUM,"148",0.000000498524287,0.002825970455845,"10001555",FMD163,"110","110","9"
"1485","10002395",CENTRAL DETENTION FACILITY,1901 D ST SE,WASHINGTON,DC,"20003","-999",(202) 698-4932,STATE,OPEN,"1211",DISTRICT OF COLUMBIA,"11001",USA,"922140",CORRECTIONAL INSTITUTIONS,https://doc.dc.gov/page/inmate-demographics-and-statistics,2023/12/31,IMAGERY/OTHER,2024/02/13,https://doc.dc.gov/page/doc-frequently-asked-questions,NOT AVAILABLE,"2164",0.000001168976496,0.004200833299384,"10002395",,,"1211","7.30000019073486"
"1492","10002396",CORRECTIONAL TREATMENT FACILITY,1901 E ST SE,WASHINGTON,DC,"20003","-999",(202) 790-6601,STATE,OPEN,"478",DISTRICT OF COLUMBIA,"11001",USA,"922140",CORRECTIONAL INSTITUTIONS,https://doc.dc.gov/page/inmate-demographics-and-statistics,2023/12/31,IMAGERY/OTHER,2024/02/13,https://doc.dc.gov/page/doc-frequently-asked-questions,MEDIUM,"1500",0.000001952639195,0.006333262729385,"10002396",,,"478","7.30000019073486"
"2438","10001560",MARYLAND CORRECTIONAL INSTITUTION - JESSUP,7803 HOUSE OF CORRECTION RD,JESSUP,MD,"20794","-999",(410) 799-7610,STATE,OPEN,"-999",ANNE ARUNDEL,"24003",USA,"922140",CORRECTIONAL INSTITUTIONS,https://www.dpscs.state.md.us/locations/prisons.shtml,2024/02/28,IMAGERY/OTHER,2024/02/28,https://www.dpscs.state.md.us/locations/mcij.shtml,MEDIUM,"-999",0.000008716431694,0.011909503127146,"10001560",PMD013,"750","750","7.20000004768372"
"2516","10004034",BALTIMORE CENTRAL BOOKING AND INTAKE CENTER,300 E MADISON ST,BALTIMORE,MD,"21202","-999",(410) 545-8080,STATE,OPEN,"-999",BALTIMORE,"24510",USA,"922140",CORRECTIONAL INSTITUTIONS,https://www.dpscs.state.md.us/locations/prisons.shtml,2024/02/29,IMAGERY/OTHER,2024/02/29,https://www.dpscs.state.md.us/locations/bcbic.shtml,MAXIMUM,"-999",0.000000651581104,0.005381363421119,"10004034",,,,"8.04999995231628"
"4146","10006546",BALTIMORE PRETRIAL COMPLEX,531 EAST MADISON STREET,BALTIMORE,MD,"21202","-999",(410) 545-8121,STATE,OPEN,"-999",BALTIMORE,"24510",USA,"922140",CORRECTIONAL INSTITUTIONS,https://www.dpscs.state.md.us/pretrial-detention/index.shtml,2024/04/03,IMAGERY/OTHER,2024/04/03,https://www.dpscs.state.md.us/pretrial-detention/index.shtml,NOT AVAILABLE,"-999",0.000000459065632,0.002778930071779,"10006546",,,,"8.60000038146973"
"4155","10001557",JESSUP PRE-RELEASE UNIT,2000 TOULSON RD,JESSUP,MD,"20794","-999",(410) 540-2700,STATE,OPEN,"0",ANNE ARUNDEL,"24003",USA,"922140",CORRECTIONAL INSTITUTIONS,http://www.dpscs.maryland.gov/locations/jpru.shtml,2014/04/01,IMAGERY/OTHER,2024/04/03,http://www.dpscs.maryland.gov/locations/jpru.shtml,MINIMUM,"596",0.000001879156798,0.006165899046796,"10001557",,,"0","7"
"4049","10000704",MORRIS COMMUNITY CORRECTIONS CENTER,300 WATER ST,DOVER,DE,"19904","-999",(302) 739-4758,STATE,CLOSED,"-999",KENT,"10001",USA,"922140",CORRECTIONAL INSTITUTIONS,https://data.delaware.gov/Public-Safety/Inmate-Population/vnau-c4rn/about_data,2024/02/01,IMAGERY/OTHER,2024/04/01,https://doc.delaware.gov/views/morrisccc.blade.shtml,NOT AVAILABLE,"-999",0.000000312652901,0.002659169922049,"10000704",PDE007,"121","121","6.5"
"3497","10000933",YORK CORRECTIONAL INSTITUTION,201 W MAIN ST,NIANTIC,CT,"06357","-999",(860) 451-3001,STATE,OPEN,"850",SOUTHEASTERN CONNECTICUT,"09180",USA,"922140",CORRECTIONAL INSTITUTIONS,https://portal.ct.gov/DOC/Report/Monthly-Statistics,2024/02/01,IMAGERY/OTHER,2024/02/12,https://portal.ct.gov/DOC/Facility/York-CI,MAXIMUM,"-999",0.000011360095186,0.018245273649095,"10000933",PCT054,"909","909","5.90000009536743"
"3530","10000931",RADGOWSKI CORRECTIONAL CENTER,986 NORWICH-NEW LONDON TURNPIKE,UNCASVILLE,CT,"06382","-999",(860) 848-5700,STATE,CLOSED,"0",SOUTHEASTERN CONNECTICUT,"09180",USA,"922140",CORRECTIONAL INSTITUTIONS,https://portal.ct.gov/DOC/Report/Monthly-Statistics,2024/02/01,IMAGERY/OTHER,2024/02/12,https://portal.ct.gov/DOC/Facility/Corrigan-Radgowski-CC,MAXIMUM,"-999",0.000002597812454,0.010007611240975,"10000931",PCT014,"1118","1118","5.69999980926514"
"1034","10002095",BOSTON PRE-RELEASE CENTER,430 CANTERBURY ST,ROSLINDALE,MA,"02131","-999",(617) 822-5000,STATE,OPEN,"57",SUFFOLK,"25025",USA,"922140",CORRECTIONAL INSTITUTIONS,https://public.tableau.com/app/profile/madoc/viz/MADOCCELLCAPACITY/CellCapacityHome,2024/02/26,IMAGERY/OTHER,2024/02/28,https://www.mass.gov/locations/boston-pre-release-center,MINIMUM,"-999",0.000000293345693,0.003939678520769,"10002095",PMA001,"110","110","6.30000019073486"
"2255","10002097",BRIDGEWATER STATE HOSPITAL,20 ADMINISTRATION RD,BRIDGEWATER,MA,"02324","-999",(508) 279-4500,STATE,OPEN,"261",PLYMOUTH,"25023",USA,"922140",CORRECTIONAL INSTITUTIONS,https://public.tableau.com/app/profile/madoc/viz/MADOCCELLCAPACITY/CellCapacityHome,2024/02/26,IMAGERY/OTHER,2024/02/28,https://www.mass.gov/locations/bridgewater-state-hospital,MEDIUM,"-999",0.000009073956790,0.011682873015859,"10002097",PMA003,"207","207","5.80000019073486"
"2375","10004444",MCI - FRAMINGHAM,99 LORING DRIVE,FRAMINGHAM,MA,"01701","-999",(508) 532-5100,STATE,OPEN,"196",MIDDLESEX,"25017",USA,"922140",CORRECTIONAL INSTITUTIONS,https://public.tableau.com/app/profile/madoc/viz/MADOCCELLCAPACITY/CellCapacityHome,2024/02/26,IMAGERY/OTHER,2024/02/28,https://www.mass.gov/locations/mci-framingham,MEDIUM,"-999",0.000007579986686,0.011507660260911,"10004444",PMA011,"451","451","6.09999990463257"
"2376","10002101",MCI - NORFOLK,2 CLARK ST,NORFOLK,MA,"02056","-999",(508) 660-5900,STATE,OPEN,"1180",NORFOLK,"25021",USA,"922140",CORRECTIONAL INSTITUTIONS,https://public.tableau.com/app/profile/madoc/viz/MADOCCELLCAPACITY/CellCapacityHome,2024/02/26,IMAGERY/OTHER,2024/02/28,https://www.mass.gov/locations/mci-norfolk,MEDIUM,"-999",0.000015969210608,0.017822669602429,"10002101",PMA012,"1304","1304","5.69999980926514"
"2386","10001393",MCI - SHIRLEY,104 HARVARD RD,SHIRLEY,MA,"01464","-999",(978) 425-4341,STATE,OPEN,"809",MIDDLESEX,"25017",USA,"922140",CORRECTIONAL INSTITUTIONS,https://public.tableau.com/app/profile/madoc/viz/MADOCCELLCAPACITY/CellCapacityHome,2024/02/26,IMAGERY/OTHER,2024/02/28,https://www.mass.gov/locations/mci-shirley,MEDIUM,"-999",0.000017641937575,0.022040154029962,"10001393",PMA013,"1026","1026","5.45000004768372"
"2389","10004451",OLD COLONY CORRECTIONAL CENTER,1 ADMINISTRATION ROAD,BRIDGEWATER,MA,"02324","-999",(508) 279-6000,STATE,OPEN,"496",PLYMOUTH,"25023",USA,"922140",CORRECTIONAL INSTITUTIONS,https://public.tableau.com/app/profile/madoc/viz/MADOCCELLCAPACITY/CellCapacityHome,2024/02/26,IMAGERY/OTHER,2024/02/28,https://www.mass.gov/locations/old-colony-correctional-center,MEDIUM,"-999",0.000009798880683,0.012633959266943,"10004451",PMA019,"737","737","5.80000019073486"
"2390","10000282",PONDVILLE CORRECTIONAL CENTER,1 INDUSTRIES DR,NORFOLK,MA,"02056","-999",(508) 660-3924,STATE,OPEN,"116",NORFOLK,"25021",USA,"922140",CORRECTIONAL INSTITUTIONS,https://public.tableau.com/app/profile/madoc/viz/MADOCCELLCAPACITY/CellCapacityHome,2024/02/26,IMAGERY/OTHER,2024/02/28,https://www.mass.gov/locations/pondville-correctional-center,MINIMUM,"-999",0.000001937944262,0.008062823105660,"10000282",PMA020,"145","145","5.90000009536743"
"2392","10000281",MCI - CONCORD,965 ELM ST,CONCORD,MA,"01742","-999",(978) 405-6100,STATE,OPEN,"390",MIDDLESEX,"25017",USA,"922140",CORRECTIONAL INSTITUTIONS,https://public.tableau.com/app/profile/madoc/viz/MADOCCELLCAPACITY/CellCapacityHome,2024/02/26,IMAGERY/OTHER,2024/02/28,https://www.mass.gov/locations/mci-concord,MEDIUM,"-999",0.000010462228147,0.014053543898629,"10000281",PMA010,"610","610","5.5"
"2395","10002098",MASSACHUSETTS TREATMENT CENTER,30 ADMINISTRATION RD,BRIDGEWATER,MA,"02324","-999",(508) 279-8100,STATE,OPEN,"477",PLYMOUTH,"25023",USA,"922140",CORRECTIONAL INSTITUTIONS,https://public.tableau.com/app/profile/madoc/viz/MADOCCELLCAPACITY/CellCapacityHome,2024/02/26,IMAGERY/OTHER,2024/02/28,https://www.mass.gov/locations/massachusetts-treatment-center,MEDIUM,"-999",0.000005490686590,0.009620721941590,"10002098",PMA015,"563","563","5.80000019073486"
"2407","10001401",LEMUEL SHATTUCK HOSPITAL CORRECTIONAL UNIT,180 MORTON ST,JAMAICA PLAIN,MA,"02130","-999",(617) 522-7585,STATE,OPEN,"14",SUFFOLK,"25025",USA,"922140",CORRECTIONAL INSTITUTIONS,https://public.tableau.com/app/profile/madoc/viz/MADOCCELLCAPACITY/CellCapacityHome,2024/02/26,IMAGERY/OTHER,2024/02/28,https://www.mass.gov/locations/lemuel-shattuck-hospital-correctional-unit,MEDIUM,"-999",0.000000247399612,0.002379984883399,"10001401",PMA006,"22","22","6.35000014305115"
"2408","10001408",MCI - CEDAR JUNCTION,2405 MAIN ST,SOUTH WALPOLE,MA,"02071","-999",(508) 660-8000,STATE,CLOSED,"0",NORFOLK,"25021",USA,"922140",CORRECTIONAL INSTITUTIONS,https://www.boston.com/news/local-news/2022/04/07/walpole-prison-mci-cedar-junction-closing/,2022/04/07,IMAGERY/OTHER,2024/02/28,NOT AVAILABLE,MAXIMUM,"-999",0.000014822131334,0.016039461780766,"10001408",PMA009,"690","690","5.90000009536743"
"2417","10001392",NORTHEASTERN CORRECTIONAL INSTITUTION,976 BARRETTS MILL RD,WEST CONCORD,MA,"01742","-999",(978) 371-7941,STATE,OPEN,"187",MIDDLESEX,"25017",USA,"922140",CORRECTIONAL INSTITUTIONS,https://public.tableau.com/app/profile/madoc/viz/MADOCCELLCAPACITY/CellCapacityHome,2024/02/26,IMAGERY/OTHER,2024/02/28,https://www.mass.gov/locations/northeastern-correctional-center,MINIMUM,"-999",0.000007340639058,0.012708002237637,"10001392",PMA018,"178","178","5.35000014305115"
"2418","10001396",SOUZA-BARANOWSKI CORRECTIONAL CENTER,1671 SHIRLEY RD,LANCASTER,MA,"01523","-999",(978) 514-6500,STATE,OPEN,"1041",WORCESTER,"25027",USA,"922140",CORRECTIONAL INSTITUTIONS,https://public.tableau.com/app/profile/madoc/viz/MADOCCELLCAPACITY/CellCapacityHome,2024/02/26,IMAGERY/OTHER,2024/02/28,https://www.mass.gov/locations/souza-baranowski-correctional-center,MAXIMUM,"-999",0.000007357738241,0.011112777885502,"10001396",PMA022,"792","792","5.5"
"2418","10001396",SOUZA-BARANOWSKI CORRECTIONAL CENTER,1671 SHIRLEY RD,LANCASTER,MA,"01523","-999",(978) 514-6500,STATE,OPEN,"1041",WORCESTER,"25027",USA,"922140",CORRECTIONAL INSTITUTIONS,https://public.tableau.com/app/profile/madoc/viz/MADOCCELLCAPACITY/CellCapacityHome,2024/02/26,IMAGERY/OTHER,2024/02/28,https://www.mass.gov/locations/souza-baranowski-correctional-center,MAXIMUM,"-999",0.000007357738241,0.011112777885502,"10001396",PMA014,"371","371","5.5"
"2435","10004443",SOUTH MIDDLESEX CORRECTIONAL CENTER,135 WESTERN AVENUE,FRAMINGHAM,MA,"01701","-999",(508) 875-2883,STATE,CLOSED,"0",MIDDLESEX,"25017",USA,"922140",CORRECTIONAL INSTITUTIONS,https://www.wbur.org/news/2021/01/08/massachusetts-doc-suspends-operations-at-2-facilities,2021/01/08,IMAGERY/OTHER,2024/04/03,NOT AVAILABLE,MINIMUM,"-999",0.000000412284862,0.003732111892656,"10004443",PMA021,"76","76","6.09999990463257"
"3066","10004447",FMC DEVENS CAMP,42 PATTON ROAD,DEVENS,MA,"01434","-999",(978) 796-1000,FEDERAL,OPEN,"69",WORCESTER,"25027",USA,"922140",CORRECTIONAL INSTITUTIONS,https://www.bop.gov/locations/institutions/dev/,2016/02/16,IMAGERY/OTHER,2024/01/19,https://www.bop.gov/locations/institutions/dev/,MINIMUM,"-999",0.000002265332341,0.007274553063526,"10004447",,,"69","5.40000009536743"
"3070","10004446",FMC DEVENS,42 PATTON ROAD,DEVENS,MA,"01434","-999",(978) 796-1000,FEDERAL,OPEN,"836",WORCESTER,"25027",USA,"922140",CORRECTIONAL INSTITUTIONS,https://www.bop.gov/locations/institutions/dev/,2016/02/16,IMAGERY/OTHER,2024/01/19,https://www.bop.gov/locations/institutions/dev/,MAXIMUM,"-999",0.000010881538856,0.020747962106383,"10004446",FMA159,"1104","1104","5.40000009536743"
"5979","10003551",DONALD W. WYATT DETENTION FACILITY,950 HIGH ST,CENTRAL FALLS,RI,"02863","1506",(401) 729-1190,MULTI,OPEN,"-999",PROVIDENCE,"44007",USA,"922140",CORRECTIONAL INSTITUTIONS,http://www.wyattdetention.com/Home,2024/01/12,IMAGERY/OTHER,2024/02/07,http://www.wyattdetention.com/Home,MAXIMUM,"770",0.000001553263928,0.004851033018794,"10003551",,,,"6.40000009536743"
"5801","10003556",JOHN J MORAN MEDIUM SECURITY FACILITY,51 WEST RD,CRANSTON,RI,"02920","-999",(401) 462-3771,STATE,OPEN,"-999",PROVIDENCE,"44007",USA,"922140",CORRECTIONAL INSTITUTIONS,https://doc.ecms.ri.gov/more-resources/facilities/john-j-moran-medium-security-facility,2018/01/08,IMAGERY/OTHER,2024/04/10,https://doc.ecms.ri.gov/more-resources/facilities/john-j-moran-medium-security-facility,MEDIUM,"1126",0.000010851325669,0.014124114070139,"10003556",PRI005,"945","945","6.5"
"5803","10003558",GLORIA MCDONALD AWAITING TRIAL / MEDIUM SEC FAC,20 FLEMING RD,CRANSTON,RI,"02920","-999",(401) 462-0787,STATE,OPEN,"-999",PROVIDENCE,"44007",USA,"922140",CORRECTIONAL INSTITUTIONS,https://doc.ecms.ri.gov/more-resources/facilities/gloria-mcdonald-womens-facility,2018/01/08,IMAGERY/OTHER,2024/04/10,https://doc.ecms.ri.gov/more-resources/facilities/gloria-mcdonald-womens-facility,MEDIUM,"187",0.000000735540425,0.003851330256858,"10003558",PRI010,"142","142","6.5"
"6152","10003561",HIGH SECURITY CENTER,54 POWER RD,CRANSTON,RI,"02920","-999",(401) 462-2028,STATE,OPEN,"-999",PROVIDENCE,"44007",USA,"922140",CORRECTIONAL INSTITUTIONS,https://doc.ecms.ri.gov/more-resources/facilities/high-security-center,2018/01/08,IMAGERY/OTHER,2024/04/10,https://doc.ecms.ri.gov/more-resources/facilities/high-security-center,CLOSE,"166",0.000002939930482,0.008082946336692,"10003561",PRI004,"90","90","6.45000004768372"
"6153","10003554",MAXIMUM SECURITY FACILITY,1375 PONTIAC AVE,CRANSTON,RI,"02920","-999",(401) 462-2053,STATE,OPEN,"-999",PROVIDENCE,"44007",USA,"922140",CORRECTIONAL INSTITUTIONS,https://doc.ecms.ri.gov/more-resources/facilities/maximum-security,2018/01/08,IMAGERY/OTHER,2024/04/10,https://doc.ecms.ri.gov/more-resources/facilities/maximum-security,MAXIMUM,"466",0.000005255816177,0.009493408995016,"10003554",PRI007,"404","404","6.59999990463257"
"6155","10003557",MINIMUM SECURITY FACILITY,16 HOWARD AVE,CRANSTON,RI,"02920","-999",(401) 462-2162,STATE,OPEN,"-999",PROVIDENCE,"44007",USA,"922140",CORRECTIONAL INSTITUTIONS,https://doc.ecms.ri.gov/more-resources/facilities/minimum-security,2018/01/08,IMAGERY/OTHER,2024/04/10,https://doc.ecms.ri.gov/more-resources/facilities/minimum-security,MINIMUM,"710",0.000001614192797,0.006953485441287,"10003557",PRI008,"225","225","6.5"
"6161","10003559",BERNADETTE BUILDING,15 FLEMING ROAD,CRANSTON,RI,"02920","-999",(401) 462-1165,STATE,CLOSED,"0",PROVIDENCE,"44007",USA,"922140",CORRECTIONAL INSTITUTIONS,https://doc.ecms.ri.gov/more-resources/facilities/bernadette-building,2018/01/08,IMAGERY/OTHER,2024/04/10,https://doc.ecms.ri.gov/more-resources/facilities/bernadette-building,MINIMUM,"100",0.000000364792641,0.003572967876928,"10003559",,,"0","6.5"
"6164","10001721",ANTHONY P. TRAVISONO INTAKE SERVICE CENTER,18 SLATE HILL RD,CRANSTON,RI,"02920","-999",(401) 462-2285,STATE,OPEN,"-999",PROVIDENCE,"44007",USA,"922140",CORRECTIONAL INSTITUTIONS,https://doc.ri.gov/more-resources/facilities/anthony-p-travisono-intake-service-center,2018/01/08,IMAGERY/OTHER,2024/04/10,https://doc.ri.gov/more-resources/facilities/anthony-p-travisono-intake-service-center,MAXIMUM,"1148",0.000002088830570,0.005764368524643,"10001721",PRI001,"857","857","6.5"
"1462","10002399",BROOKLYN CORRECTIONAL INSTITUTION,59 HARTFORD RD,BROOKLYN,CT,"06234","-999",(860) 779-4500,STATE,OPEN,"401",NORTHEASTERN CONNECTICUT,"09150",USA,"922140",CORRECTIONAL INSTITUTIONS,https://portal.ct.gov/DOC/Report/Monthly-Statistics,2024/02/01,IMAGERY/OTHER,2024/02/12,https://portal.ct.gov/DOC/Facility/Brooklyn-CI,MEDIUM,"-999",0.000000933241381,0.004275670778394,"10002399",PCT005,"455","455","5.19999980926514"
"473","10001936",BUTTE PRE-RELEASE / WOMEN'S TRANSITIONAL CENTER,62 W BROADWAY ST,BUTTE,MT,"59701","-999",(406) 496-5070,STATE,OPEN,"-999",SILVER BOW,"30093",USA,"922140",CORRECTIONAL INSTITUTIONS,http://www.cccscorp.com/programs/bprc/,2017/12/08,IMAGERY/OTHER,2024/02/28,http://www.cccscorp.com/programs/bprc/,MINIMUM,"160",0.000000140057637,0.001565012559056,"10001936",PMT004,"200","200","3.90000009536743"
"6011","10006184",CONNECTIONS CORRECTIONS - BUTTE,111 WEST BROADWAY,BUTTE,MT,"59701","-999",(406) 782-6626,STATE,OPEN,"-999",SILVER BOW,"30093",USA,"922140",CORRECTIONAL INSTITUTIONS,http://www.cccscorp.com/programs/ccp/,2017/12/08,IMAGERY/OTHER,2020/01/31,http://www.cccscorp.com/programs/ccp/,MINIMUM,"52",0.000000215311047,0.002058775343034,"10006184",PMT006,"58","58","3.90000009536743"
"6013","10001933",CASCADE COUNTY REGIONAL PRISON,3800 ULM NORTH FRONTAGE RD,GREAT FALLS,MT,"59404","-999",(406) 454-6823,STATE,OPEN,"152",CASCADE,"30013",USA,"922140",CORRECTIONAL INSTITUTIONS,https://cor.mt.gov/FamilyFriends/VisitingCascadeCounty,2017/12/08,IMAGERY/OTHER,2017/12/08,http://cor.mt.gov/Adult/MSP#contracted,NOT AVAILABLE,"152",0.000002505683824,0.009511092842676,"10001933",,,"152","4.69999980926514"
"6027","10001156",GREAT FALLS WOMEN'S PRE-RELEASE CENTER,1019 15TH ST N,GREAT FALLS,MT,"59401","-999",(406) 727-0944,STATE,OPEN,"-999",CASCADE,"30013",USA,"922140",CORRECTIONAL INSTITUTIONS,https://gfprc.org/,2017/12/08,IMAGERY/OTHER,2024/02/28,https://gfprc.org/,MINIMUM,"-999",0.000000544076556,0.003552359279491,"10001156",FMT191,"163","163","5"
"6032","10006580",GREAT FALLS PRE-RELEASE EAST CAMPUS,1715 10TH AVE NORTH,GREAT FALLS,MT,"59401","-999",(406) 727-0944,STATE,OPEN,"-999",CASCADE,"30013",USA,"922140",CORRECTIONAL INSTITUTIONS,https://gfprc.org/,2017/12/08,IMAGERY/OTHER,2024/02/28,https://gfprc.org/,NOT AVAILABLE,"-999",0.000000228947101,0.002606910203634,"10006580",,,,"5"
"4033","10001177",NAMPA COMMUNITY REENTRY CENTER,1640 11TH AVE N,NAMPA,ID,"83687","-999",(208) 465-8490,STATE,OPEN,"114",CANYON,"16027",USA,"922140",CORRECTIONAL INSTITUTIONS,"https://www.idoc.idaho.gov/content/locations, https://www.idoc.idaho.gov/content/about-us/research-and-statistics",2023/06/30,IMAGERY/OTHER,2024/04/01,https://www.idoc.idaho.gov/content/locations/community-reentry-centers/nampa,NOT AVAILABLE,"115",0.000000132654350,0.002278872119005,"10001177",PID008,"115","115","7.40000009536743"
"4042","10001184",EAST BOISE COMMUNITY REENTRY CENTER,2366 OLD PENITENTIARY RD,BOISE,ID,"83712","-999",(208) 334-3448,STATE,OPEN,"144",ADA,"16001",USA,"922140",CORRECTIONAL INSTITUTIONS,"https://www.idoc.idaho.gov/content/locations, https://www.idoc.idaho.gov/content/about-us/research-and-statistics",2023/06/30,IMAGERY/OTHER,2024/04/01,https://www.idoc.idaho.gov/content/locations/community-reentry-centers/east-boise,NOT AVAILABLE,"148",0.000001147372586,0.004219597376953,"10001184",PID002,"125","125","6.19999980926514"
"4027","10001186",IDAHO FALLS COMMUNITY REENTRY CENTER,3955 BOMBARDIER AVE,IDAHO FALLS,ID,"83402","-999",(208) 525-7143,STATE,OPEN,"109",BONNEVILLE,"16019",USA,"922140",CORRECTIONAL INSTITUTIONS,"https://www.idoc.idaho.gov/content/locations, https://www.idoc.idaho.gov/content/about-us/research-and-statistics",2023/06/30,IMAGERY/OTHER,2024/04/01,https://www.idoc.idaho.gov/content/locations/community-reentry-centers/idaho-falls,NOT AVAILABLE,"112",0.000000882404038,0.003890228032460,"10001186",PID004,"112","112","4.90000009536743"
"4058","10002460",BROWNSTONE WORK RELEASE,223 S BROWNE  ST,SPOKANE,WA,"99201","-999",(509) 381-6220,STATE,OPEN,"-999",SPOKANE,"53063",USA,"922140",CORRECTIONAL INSTITUTIONS,https://www.doc.wa.gov/corrections/incarceration/work-release/locations.htm#brownstone,2015/05/19,IMAGERY/OTHER,2024/05/09,https://www.doc.wa.gov/corrections/incarceration/work-release/locations.htm#brownstone,MINIMUM,"-999",0.000000081089183,0.001194222608663,"10002460",PWA005,,,"7.09999990463257"
"6276","10001677",AIRWAY HEIGHTS CORRECTIONS CENTER,11919 W SPRAGUE AVE,AIRWAY HEIGHTS,WA,"99001","1899",(509) 244-6700,STATE,OPEN,"-999",SPOKANE,"53063",USA,"922140",CORRECTIONAL INSTITUTIONS,https://www.doc.wa.gov/corrections/incarceration/prisons/contact.htm#ahcc,2020/02/26,IMAGERY/OTHER,2024/05/03,https://www.doc.wa.gov/corrections/incarceration/prisons/ahcc.htm,MEDIUM,"2258",0.000039326081605,0.035836653856874,"10001677",PWA002,,,"5.90000009536743"
"5430","10001154",HELENA PRE-RELEASE CENTER,805 COLLEEN ST,HELENA,MT,"59601","-999",(406) 443-2343,STATE,OPEN,"-999",LEWIS AND CLARK,"30049",USA,"922140",CORRECTIONAL INSTITUTIONS,https://boydandrew.com/services/helena-pre-release-center/,2017/12/08,IMAGERY/OTHER,2024/02/28,https://boydandrew.com/services/helena-pre-release-center/,MINIMUM,"105",0.000000314328645,0.003535392025025,"10001154",PMT016,"94","94","5.5"
"5450","10006581",MISSOULA PRE-RELEASE CENTER,2350 MULLAN RD,MISSOULA,MT,"59808","-999",(406) 541-9200,STATE,OPEN,"172",MISSOULA,"30063",USA,"922140",CORRECTIONAL INSTITUTIONS,https://cor.mt.gov/FamilyFriends/Visiting/VisitingMissoulaPrerelease,2017/12/08,IMAGERY/OTHER,2017/12/08,http://cor.mt.gov/FamilyFriends/Visiting,NOT AVAILABLE,"134",0.000000390652986,0.002881882703274,"10006581",PMT019,"99","99","6.90000009536743"
"6064","10004118",NH STATE PRISON FOR MEN,281 NORTH STATE ST,CONCORD,NH,"03301","-999",(603) 271-1801,STATE,OPEN,"1412",MERRIMACK,"33013",USA,"922140",CORRECTIONAL INSTITUTIONS,https://www.corrections.nh.gov/locations/nhsp-m,2017/07/01,IMAGERY/OTHER,2017/07/01,https://www.corrections.nh.gov/locations/nhsp-m,MAXIMUM,"1408",0.000007769789818,0.014260122067630,"10004118",PNH006,"1341","1341","5.35000014305115"
"1874","10006389",CALUMET TRANSITIONAL HOUSING UNIT,126 LOWELL STREET,MANCHESTER,NH,"03104","-999",(603) 271-1928,STATE,OPEN,"-999",HILLSBOROUGH,"33011",USA,"922140",CORRECTIONAL INSTITUTIONS,https://www.corrections.nh.gov/locations/transitional-units-thu-twc,2017/07/01,IMAGERY/OTHER,2017/07/01,https://www.corrections.nh.gov/locations/transitional-units-thu-twc,MINIMUM,"64",0.000000073196361,0.001072595863296,"10006389",PNH001,"71","71","5.19999980926514"
"4142","10001918",NORTHEAST CORRECTIONAL COMPLEX,1270 US ROUTE 5,ST. JOHNSBURY,VT,"05819","-999",(802) 748-8151,STATE,OPEN,"-999",CALEDONIA,"50005",USA,"922140",CORRECTIONAL INSTITUTIONS,https://doc.vermont.gov/correctional-facilities/nercf-ccwc-st-johnsbury,2016/12/30,IMAGERY/OTHER,2024/05/03,https://doc.vermont.gov/correctional-facilities/nercf-ccwc-st-johnsbury,NOT AVAILABLE,"-999",0.000000966548896,0.005031027686403,"10001918",PVT004,"211","211","5"
"4806","10000092",NORTHEAST CORRECTIONAL COMPLEX WORK CAMP,1266 US ROUTE 5,ST. JOHNSBURY,VT,"05819","-999",(802) 748-8151,STATE,OPEN,"-999",CALEDONIA,"50005",USA,"922140",CORRECTIONAL INSTITUTIONS,https://doc.vermont.gov/correctional-facilities/nercf-ccwc-st-johnsbury,2016/12/30,IMAGERY/OTHER,2024/05/03,https://doc.vermont.gov/correctional-facilities/nercf-ccwc-st-johnsbury,MINIMUM,"-999",0.000000582950406,0.003386404100610,"10000092",,,,"5"
"2143","10004183",PIEDMONT CORRECTIONAL INSTITUTION,1245 CAMP RD,SALISBURY,NC,"28147","-999",(704) 639-7540,STATE,OPEN,"-999",ROWAN,"37159",USA,"922140",CORRECTIONAL INSTITUTIONS,https://www.dac.nc.gov/divisions-and-sections/prisons/prison-facilities/piedmont-correctional-institution,2017/10/31,IMAGERY/OTHER,2024/03/01,https://www.dac.nc.gov/divisions-and-sections/prisons/prison-facilities/piedmont-correctional-institution,MEDIUM,"952",0.000006463751561,0.011626120632488,"10004183",PNC059,"987","987","7.04999995231628"
"4727","10004184",PIEDMONT CORRECTIONAL INSTITUTION - MINIMUM SECURITY UNIT,4750 S MAIN ST,SALISBURY,NC,"28147","-999",(704) 639-7540,STATE,OPEN,"-999",ROWAN,"37159",USA,"922140",CORRECTIONAL INSTITUTIONS,https://www.ncdps.gov/adult-corrections/prisons/prison-facilities/piedmont-correctional-institution,2017/12/12,IMAGERY/OTHER,2024/03/06,https://www.ncdps.gov/adult-corrections/prisons/prison-facilities/piedmont-correctional-institution,MINIMUM,"276",0.000001730768190,0.006236261157164,"10004184",,,,"7.25"
"6041","10004213",SAMPSON CORRECTIONAL INSTITUTION,700 NORTHWEST BLVD HWY 421N,CLINTON,NC,"28328","-999",(910) 592-2151,STATE,OPEN,"-999",SAMPSON,"37163",USA,"922140",CORRECTIONAL INSTITUTIONS,https://www.dac.nc.gov/divisions-and-sections/prisons/prison-facilities/sampson-correctional-institution,2017/10/31,IMAGERY/OTHER,2024/03/01,https://www.dac.nc.gov/divisions-and-sections/prisons/prison-facilities/sampson-correctional-institution,MEDIUM,"442",0.000004410882639,0.014490026324752,"10004213",PNC068,"450","450","6.40000009536743"
"6028","10001778",RUTHERFORD CORRECTIONAL CENTER,549 LEDBETTER RD,SPINDALE,NC,"28160","-999",(828) 286-4121,STATE,OPEN,"-999",RUTHERFORD,"37161",USA,"922140",CORRECTIONAL INSTITUTIONS,https://www.dac.nc.gov/divisions-and-sections/prisons/prison-facilities/rutherford-correctional-center,2017/10/31,IMAGERY/OTHER,2024/03/01,https://www.dac.nc.gov/divisions-and-sections/prisons/prison-facilities/rutherford-correctional-center,MINIMUM,"236",0.000001582470986,0.005300566418143,"10001778",PNC063,"226","226","6.30000019073486"
"1750","10002102",LEE ARRENDALE STATE PRISON,2023 GAINESVILLE HWY,ALTO,GA,"30510","-999",(706) 776-4700,STATE,OPEN,"1270",HABERSHAM,"13137",USA,"922140",CORRECTIONAL INSTITUTIONS,https://gdc.georgia.gov/locations,2024/02/01,IMAGERY/OTHER,2024/02/20,https://gdc.georgia.gov/locations/lee-arrendale-state-prison,MEDIUM,"1476",0.000017923136284,0.017272774852449,"10002102",PGA005,"1607","1607","7"
"2073","10004177",DAVIDSON CORRECTIONAL CENTER,1400 THOMASON ST,LEXINGTON,NC,"27292","-999",(336) 249-7528,STATE,OPEN,"-999",DAVIDSON,"37057",USA,"922140",CORRECTIONAL INSTITUTIONS,https://www.dac.nc.gov/divisions-and-sections/institutions/prison-facilities/davidson-correctional-center,2017/10/31,IMAGERY/OTHER,2024/02/29,https://www.dac.nc.gov/divisions-and-sections/institutions/prison-facilities/davidson-correctional-center,MINIMUM,"258",0.000001591076625,0.005699790676545,"10004177",PNC023,"253","253","7.40000009536743"
"4699","10004159",FORSYTH CORRECTIONAL CENTER,307 CRAFT DR,WINSTON-SALEM,NC,"27105","-999",(336) 896-7041,STATE,OPEN,"-999",FORSYTH,"37067",USA,"922140",CORRECTIONAL INSTITUTIONS,https://www.dac.nc.gov/divisions-and-sections/institutions/prison-facilities/forsyth-correctional-center,2017/10/31,IMAGERY/OTHER,2024/02/29,https://www.dac.nc.gov/divisions-and-sections/institutions/prison-facilities/forsyth-correctional-center,MINIMUM,"248",0.000001130585815,0.005213998739024,"10004159",PNC029,"243","243","7.69999980926514"
"6034","10004170",CALDWELL CORRECTIONAL CENTER,480 PLEASANT HILL RD,LENOIR,NC,"28645","-999",(828) 726-2509,STATE,OPEN,"-999",CALDWELL,"37027",USA,"922140",CORRECTIONAL INSTITUTIONS,https://www.dac.nc.gov/divisions-and-sections/prisons/prison-facilities/caldwell-correctional-center,2017/10/31,IMAGERY/OTHER,2024/02/28,https://www.dac.nc.gov/divisions-and-sections/prisons/prison-facilities/caldwell-correctional-center,MINIMUM,"238",0.000002113790515,0.006666239770963,"10004170",PNC008,"260","260","6.90000009536743"
"6037","10002638",CATAWBA CORRECTIONAL CENTER,1347 PRISON CAMP RD,NEWTON,NC,"28658","-999",(828) 466-5521,STATE,OPEN,"-999",CATAWBA,"37035",USA,"922140",CORRECTIONAL INSTITUTIONS,https://www.dac.nc.gov/divisions-and-sections/prisons/prison-facilities/catawba-correctional-center,2017/10/31,IMAGERY/OTHER,2024/02/29,https://www.dac.nc.gov/divisions-and-sections/prisons/prison-facilities/catawba-correctional-center,MINIMUM,"246",0.000001384430107,0.005508931361898,"10002638",PNC014,"244","244","6.75"
"5968","10006217",WESTERN CORRECTIONAL CENTER FOR WOMEN,55 LAKE EDEN ROAD,BLACK MOUNTAIN,NC,"28711","-999",(828) 259-6000,STATE,OPEN,"-999",BUNCOMBE,"37021",USA,"922140",CORRECTIONAL INSTITUTIONS,https://www.dac.nc.gov/divisions-and-sections/prisons/prison-facilities/western-correctional-center-women#Overview-6224,2017/10/31,IMAGERY/OTHER,2017/10/31,https://www.dac.nc.gov/divisions-and-sections/prisons/prison-facilities/western-correctional-center-women#Overview-6224,MINIMUM,"366",0.000037852972810,0.027616189285622,"10006217",PNC072,"344","344","7.79999995231628"
"5804","10001141",BROAD RIVER CORRECTIONAL INSTITUTION,4460 BROAD RIVER RD,COLUMBIA,SC,"29210","-999",(803) 896-2234,STATE,OPEN,"-999",RICHLAND,"45079",USA,"922140",CORRECTIONAL INSTITUTIONS,https://www.doc.sc.gov/institutions,2018/01/08,IMAGERY/OTHER,2024/04/10,https://www.doc.sc.gov/institutions,MAXIMUM,"-999",0.000017166533098,0.017651455885978,"10001141",PSC002,"1263","1263","7.30000019073486"
"5812","10002687",MANNING REENTRY / WORK RELEASE CENTER,502 BECKMAN RD,COLUMBIA,SC,"29203","3173",(803) 935-6000,STATE,OPEN,"-999",RICHLAND,"45079",USA,"922140",CORRECTIONAL INSTITUTIONS,https://www.doc.sc.gov/institutions,2018/01/08,IMAGERY/OTHER,2024/04/10,https://www.doc.sc.gov/institutions,MINIMUM,"-999",0.000007461335372,0.013561445356563,"10002687",PSC018,"528","528","6.86666679382324"
"5813","10001142",KIRKLAND CORRECTIONAL INSTITUTION,4344 BROAD RIVER RD,COLUMBIA,SC,"29210","-999",(803) 896-1521,STATE,OPEN,"-999",RICHLAND,"45079",USA,"922140",CORRECTIONAL INSTITUTIONS,https://www.doc.sc.gov/institutions,2018/01/08,IMAGERY/OTHER,2024/04/10,https://www.doc.sc.gov/institutions,MAXIMUM,"-999",0.000017779816972,0.018074042201551,"10001142",PSC011,"1714","1714","7.27500009536743"
"6178","10006648",G. WERBER BRYAN PSYCHIATRIC HOSPITAL,220 FAISON DRIVE,COLUMBIA,SC,"29203","-999",(803) 935-7140,STATE,OPEN,"-999",RICHLAND,"45079",USA,"922140",CORRECTIONAL INSTITUTIONS,"https://www.state.sc.us/dmh/profiles/bryan.pdf, https://scdmh.net/contact/hospitals/",2018/01/09,IMAGERY/OTHER,2024/04/12,NOT AVAILABLE,NOT AVAILABLE,"185",0.000004825921224,0.008515114042296,"10006648",,,,"6.90000009536743"
"4713","10004197",LINCOLN CORRECTIONAL CENTER,464 ROPER DR,LINCOLNTON,NC,"28092","-999",(704) 735-0485,STATE,OPEN,"-999",LINCOLN,"37109",USA,"922140",CORRECTIONAL INSTITUTIONS,https://www.dac.nc.gov/divisions-and-sections/prisons/prison-facilities/lincoln-correctional-center,2017/10/31,IMAGERY/OTHER,2024/02/29,https://www.dac.nc.gov/divisions-and-sections/prisons/prison-facilities/lincoln-correctional-center,MINIMUM,"202",0.000001395407708,0.005207275211509,"10004197",PNC040,"232","232","6.80000019073486"
"6019","10004210",GASTON CORRECTIONAL CENTER,520 JUSTICE COURT,DALLAS,NC,"28034","-999",(704) 922-3861,STATE,OPEN,"-999",GASTON,"37071",USA,"922140",CORRECTIONAL INSTITUTIONS,https://www.dac.nc.gov/divisions-and-sections/prisons/prison-facilities/gaston-correctional-center,2017/10/31,IMAGERY/OTHER,2024/02/29,https://www.dac.nc.gov/divisions-and-sections/prisons/prison-facilities/gaston-correctional-center,MINIMUM,"242",0.000001589647809,0.005653282843259,"10004210",PNC031,"238","238","6.59999990463257"
"2096","10001801",NEW HANOVER CORRECTIONAL CENTER,330 DIVISION DR,WILMINGTON,NC,"28401","-999",(910) 251-2666,STATE,OPEN,"-999",NEW HANOVER,"37129",USA,"922140",CORRECTIONAL INSTITUTIONS,https://www.dac.nc.gov/divisions-and-sections/prisons/prison-facilities/new-hanover-correctional-center,2017/10/31,IMAGERY/OTHER,2024/02/29,https://www.dac.nc.gov/divisions-and-sections/prisons/prison-facilities/new-hanover-correctional-center,MINIMUM,"402",0.000003419225095,0.008037886012378,"10001801",PNC049,"380","380","6.09999990463257"
"6031","10001771",RANDOLPH CORRECTIONAL CENTER,2760 US HWY 220 BUSINESS,ASHEBORO,NC,"27203","-999",(336) 625-2578,STATE,OPEN,"-999",RANDOLPH,"37151",USA,"922140",CORRECTIONAL INSTITUTIONS,https://www.dac.nc.gov/divisions-and-sections/institutions/prison-facilities/randolph-correctional-center,2017/10/31,IMAGERY/OTHER,2024/03/01,https://www.dac.nc.gov/divisions-and-sections/institutions/prison-facilities/randolph-correctional-center,MINIMUM,"226",0.000002003430836,0.006777377433113,"10001771",PNC061,"221","221","6.90000009536743"
"2130","10004173",NORTH CAROLINA CORRECTIONAL INSTITUTION FOR WOMEN,1034 BRAGG ST,RALEIGH,NC,"27610","-999",(919) 733-4340,STATE,OPEN,"1646",WAKE,"37183",USA,"922140",CORRECTIONAL INSTITUTIONS,https://www.ncdps.gov/Adult-Corrections/Prisons/Prison-Facilities/NC-Correctional-Institution-for-Women,2017/10/31,IMAGERY/OTHER,2024/03/06,https://www.ncdps.gov/Adult-Corrections/Prisons/Prison-Facilities/NC-Correctional-Institution-for-Women,CLOSE,"1776",0.000012451862858,0.020749378211375,"10004173",PNC051,"1599","1599","7.65000009536743"
"2226","10004174",WAKE CORRECTIONAL CENTER,1000 ROCK QUARRY RD,RALEIGH,NC,"27610","-999",(919) 733-7988,STATE,OPEN,"-999",WAKE,"37183",USA,"922140",CORRECTIONAL INSTITUTIONS,https://www.dac.nc.gov/divisions-and-sections/institutions/prison-facilities/wake-correctional-center,2017/10/31,IMAGERY/OTHER,2017/10/31,https://www.dac.nc.gov/divisions-and-sections/institutions/prison-facilities/wake-correctional-center,MINIMUM,"414",0.000001605820671,0.006108764701411,"10004174",PNC076,"401","401","7.5"
"2412","10001022",NORTH CAROLINA CORRECTIONAL INSTITUTION FOR WOMEN - MINIMUM,1201 S STATE ST,RALEIGH,NC,"27610","-999",(919) 733-4340,STATE,OPEN,"-999",WAKE,"37183",USA,"922140",CORRECTIONAL INSTITUTIONS,https://www.ncdps.gov/Adult-Corrections/Prisons/Prison-Facilities/NC-Correctional-Institution-for-Women,2017/12/13,IMAGERY/OTHER,2024/03/06,https://www.ncdps.gov/Adult-Corrections/Prisons/Prison-Facilities/NC-Correctional-Institution-for-Women,MINIMUM,"1776",0.000001059794386,0.005188444881984,"10001022",,,,"7.80000019073486"
"5464","10001766",CENTRAL PRISON,1300 WESTERN BLVD,RALEIGH,NC,"27606","-999",(919) 733-0800,STATE,OPEN,"-999",WAKE,"37183",USA,"922140",CORRECTIONAL INSTITUTIONS,https://www.dac.nc.gov/central-prison,2017/10/31,IMAGERY/OTHER,2024/02/29,https://www.dac.nc.gov/central-prison,CLOSE,"1104",0.000010968176184,0.016031789594556,"10001766",PNC018,"783","783","8.19999980926514"
"6024","10004165",ORANGE CORRECTIONAL CENTER,2110 CLARENCE WALTERS RD,HILLSBOROUGH,NC,"27278","-999",(919) 732-9301,STATE,OPEN,"-999",ORANGE,"37135",USA,"922140",CORRECTIONAL INSTITUTIONS,https://www.dac.nc.gov/divisions-and-sections/institutions/prison-facilities/orange-correctional-center,2017/10/31,IMAGERY/OTHER,2024/02/29,https://www.dac.nc.gov/divisions-and-sections/institutions/prison-facilities/orange-correctional-center,MINIMUM,"200",0.000001900416237,0.007882973142543,"10004165",PNC054,"205","205","7.04999995231628"
"364","10002114",ALCOVY DIVERSION CENTER,1417 S MADISON AVE,MONROE,GA,"30655","-999",(770) 207-4171,COUNTY,NOT AVAILABLE,"-999",WALTON,"13297",USA,"922140",CORRECTIONAL INSTITUTIONS,https://www.waltoncountyga.gov/354/Jail,2008/05/21,UNVERIFIED,2024/08/19,NOT AVAILABLE,NOT AVAILABLE,"-999",0.000000264012897,0.002124582410068,"10002114",,,,"7.5"
"2199","10001777",SANFORD CORRECTIONAL CENTER,417 ADVANCEMENT CENTER RD,SANFORD,NC,"27330","-999",(919) 895-7036,STATE,OPEN,"-999",LEE,"37105",USA,"922140",CORRECTIONAL INSTITUTIONS,https://www.dac.nc.gov/divisions-and-sections/prisons/prison-facilities/sanford-correctional-center,2017/10/31,IMAGERY/OTHER,2024/03/05,https://www.dac.nc.gov/divisions-and-sections/prisons/prison-facilities/sanford-correctional-center,MINIMUM,"298",0.000002363518206,0.006442993561244,"10001777",PNC069,"282","282","6.90000009536743"
"5810","10002671",LIVESAY CORRECTIONAL INSTITUTION-B CAMP,504 BROADCAST DR,SPARTANBURG,SC,"29303","-999",(864) 594-4915,STATE,OPEN,"-999",SPARTANBURG,"45083",USA,"922140",CORRECTIONAL INSTITUTIONS,https://www.doc.sc.gov/institutions,2015/12/08,IMAGERY/OTHER,2024/04/10,https://www.doc.sc.gov/institutions,MINIMUM,"-999",0.000001889030045,0.006392960922525,"10002671",,,,"7.69999980926514"
"6166","10002670",LIVESAY CORRECTIONAL INSTITUTION-A CAMP,104 BROADCAST DR,SPARTANBURG,SC,"29303","-999",(864) 594-4915,STATE,OPEN,"-999",SPARTANBURG,"45083",USA,"922140",CORRECTIONAL INSTITUTIONS,https://www.doc.sc.gov/institutions,2015/12/08,IMAGERY/OTHER,2024/04/10,https://www.doc.sc.gov/institutions,MINIMUM,"-999",0.000001484108225,0.007304675194648,"10002670",PSC015,"476","476","8"
"341","10006239",USP ATLANTA CAMP,601 MCDONOUGH BLVD SE,ATLANTA,GA,"30315","-999",(404) 635-5679,FEDERAL,NOT AVAILABLE,"-999",FULTON,"13121",USA,"922140",CORRECTIONAL INSTITUTIONS,https://www.bop.gov/locations/,2024/03/04,UNVERIFIED,2024/03/04,NOT AVAILABLE,MINIMUM,"-999",0.000004994353276,0.009524371035918,"10006239",,,,"9.10000038146973"
"616","10000285",USP ATLANTA,601 MCDONOUGH BLVD SE,ATLANTA,GA,"30315","-999",(404) 635-5100,FEDERAL,OPEN,"1663",FULTON,"13121",USA,"922140",CORRECTIONAL INSTITUTIONS,https://www.bop.gov/locations/institutions/atl/,2016/02/16,IMAGERY/OTHER,2024/01/19,https://www.bop.gov/locations/institutions/atl/,MEDIUM,"-999",0.000010883060895,0.014432467825997,"10000285",FGA095,"1951","1951","9.03333346048991"
"768","10000292",METRO REENTRY FACILITY,1301 CONSTITUTION ROAD SE,ATLANTA,GA,"30316","-999",(404) 460-2100,STATE,OPEN,"352",DEKALB,"13089",USA,"922140",CORRECTIONAL INSTITUTIONS,https://gdc.georgia.gov/locations,2024/02/01,IMAGERY/OTHER,2024/02/20,https://gdc.georgia.gov/locations/metro-reentry-facility,MEDIUM,"355",0.000008435961945,0.014102680832782,"10000292",,,"352","9.10000038146973"
"820","10002106",PHILLIPS STATE PRISON,2989 WEST ROCK QUARRY ROAD,BUFORD,GA,"30519","-999",(770) 932-4500,STATE,OPEN,"779",GWINNETT,"13135",USA,"922140",CORRECTIONAL INSTITUTIONS,https://gdc.georgia.gov/locations,2024/02/01,IMAGERY/OTHER,2024/02/20,https://gdc.georgia.gov/locations/phillips-state-prison,MEDIUM,"918",0.000011678754390,0.014160607153367,"10002106",PGA085,"872","872","8.34999990463257"
"820","10002106",PHILLIPS STATE PRISON,2989 WEST ROCK QUARRY ROAD,BUFORD,GA,"30519","-999",(770) 932-4500,STATE,OPEN,"779",GWINNETT,"13135",USA,"922140",CORRECTIONAL INSTITUTIONS,https://gdc.georgia.gov/locations,2024/02/01,IMAGERY/OTHER,2024/02/20,https://gdc.georgia.gov/locations/phillips-state-prison,MEDIUM,"918",0.000011678754390,0.014160607153367,"10002106",PGA086,"192","192","8.34999990463257"
"929","10002108",PAULDING PROBATION DETENTION CENTER,1295 N INDUSTRIAL BLVD,DALLAS,GA,"30132","-999",(770) 443-7807,STATE,OPEN,"-999",PAULDING,"13223",USA,"922140",CORRECTIONAL INSTITUTIONS,https://gdc.georgia.gov/locations,2024/02/21,IMAGERY/OTHER,2024/02/21,https://gdc.georgia.gov/locations/paulding,MINIMUM,"260",0.000001899581548,0.005364538187277,"10002108",PGA084,"222","222","8.34999990463257"
"1304","10002105",PHILLIPS TRANSITIONAL CENTER,2989 W ROCK QUARRY ROAD,BUFORD,GA,"30519","-999",(770) 932-4671,STATE,OPEN,"142",GWINNETT,"13135",USA,"922140",CORRECTIONAL INSTITUTIONS,https://gdc.georgia.gov/locations,2024/02/01,IMAGERY/OTHER,2024/04/01,https://gdc.georgia.gov/locations/phillips-transitional-center,MINIMUM,"204",0.000000569232725,0.003083568256029,"10002105",,,"142","8.34999990463257"
"1729","10002121",CLAYTON TRANSITIONAL CENTER,242 FALCON DR,FOREST PARK,GA,"30297","-999",(404) 675-1500,STATE,OPEN,"323",CLAYTON,"13063",USA,"922140",CORRECTIONAL INSTITUTIONS,https://gdc.georgia.gov/locations,2024/02/01,IMAGERY/OTHER,2024/04/01,https://gdc.georgia.gov/locations/clayton-transitional-center,MINIMUM,"351",0.000000216596845,0.002184773992713,"10002121",PGA031,"372","372","9.89999961853027"
"2054","10001415",HELMS FACILITY,1275 CONSTITUTION ROAD SE,ATLANTA,GA,"30316","-999",(404) 624-2413,STATE,OPEN,"18",DEKALB,"13089",USA,"922140",CORRECTIONAL INSTITUTIONS,https://gdc.georgia.gov/locations,2024/02/01,IMAGERY/OTHER,2024/02/20,https://gdc.georgia.gov/locations/helms-facility,MINIMUM,"64",0.000000730487045,0.003937977881593,"10001415",PGA062,"32","32","9.10000038146973"
"2054","10001415",HELMS FACILITY,1275 CONSTITUTION ROAD SE,ATLANTA,GA,"30316","-999",(404) 624-2413,STATE,OPEN,"18",DEKALB,"13089",USA,"922140",CORRECTIONAL INSTITUTIONS,https://gdc.georgia.gov/locations,2024/02/01,IMAGERY/OTHER,2024/02/20,https://gdc.georgia.gov/locations/helms-facility,MINIMUM,"64",0.000000730487045,0.003937977881593,"10001415",PGA062,"32","32","9.10000038146973"
"2098","10001411",ATLANTA TRANSITIONAL CENTER,332 PONCE DE LEON AVE NE,ATLANTA,GA,"30308","-999",(404) 206-5103,STATE,OPEN,"274",FULTON,"13121",USA,"922140",CORRECTIONAL INSTITUTIONS,https://gdc.georgia.gov/locations,2024/02/01,IMAGERY/OTHER,2024/04/01,https://gdc.georgia.gov/locations/atlanta-transitional-center,MINIMUM,"257",0.000000180081543,0.001870975790838,"10001411",PGA008,"276","276","9.39999961853027"
"4116","10001414",METRO TRANSITIONAL CENTER,1303 CONSTITUTION ROAD,ATLANTA,GA,"30316","-999",(404) 624-2380,STATE,OPEN,"236",DEKALB,"13089",USA,"922140",CORRECTIONAL INSTITUTIONS,https://gdc.georgia.gov/locations,2024/02/01,IMAGERY/OTHER,2024/04/01,https://gdc.georgia.gov/locations/metro-transitional-center,MINIMUM,"235",0.000000240990403,0.002218783575223,"10001414",PGA075,"232","232","9.10000038146973"
"963","10004453",WHITWORTH WOMEN'S FACILITY,414 VALLEY HART ROAD,HARTWELL,GA,"30643","-999",(706) 856-2601,STATE,OPEN,"443",HART,"13147",USA,"922140",CORRECTIONAL INSTITUTIONS,https://gdc.georgia.gov/locations,2024/02/01,IMAGERY/OTHER,2024/02/20,https://gdc.georgia.gov/locations/whitworth-womens-facility,MEDIUM,"442",0.000002246896202,0.006292402631140,"10004453",PGA118,"436","436","6.69999980926514"
"6051","10004153",WILKES CORRECTIONAL CENTER,404 STATESVILLE RD,NORTH WILKESBORO,NC,"28659","-999",(336) 667-4533,STATE,OPEN,"-999",WILKES,"37193",USA,"922140",CORRECTIONAL INSTITUTIONS,https://www.dac.nc.gov/divisions-and-sections/prisons/prison-facilities/wilkes-correctional-center,2017/10/31,IMAGERY/OTHER,2024/03/01,https://www.dac.nc.gov/divisions-and-sections/prisons/prison-facilities/wilkes-correctional-center,MINIMUM,"268",0.000001024415042,0.004638139821979,"10004153",PNC079,"264","264","6.30000019073486"
"5710","10000095",MARBLE VALLEY REGIONAL CORRECTIONAL FACILITY,167 STATE ST,RUTLAND,VT,"05701","-999",(802) 786-5830,STATE,OPEN,"-999",RUTLAND,"50021",USA,"922140",CORRECTIONAL INSTITUTIONS,https://doc.vermont.gov/correctional-facilities/mvrcf-rutland,2016/12/30,IMAGERY/OTHER,2024/05/03,https://doc.vermont.gov/correctional-facilities/mvrcf-rutland,NOT AVAILABLE,"-999",0.000000951576794,0.004391518656148,"10000095",PVT003,"133","133","5.25"
"4123","10001914",CHITTENDEN REGIONAL CORRECTIONAL FACILITY,7 FARRELL ST,SOUTH BURLINGTON,VT,"05403","-999",(802) 863-7356,STATE,OPEN,"-999",CHITTENDEN,"50007",USA,"922140",CORRECTIONAL INSTITUTIONS,https://doc.vermont.gov/correctional-facilities/crcf-south-burlington,2016/12/30,IMAGERY/OTHER,2024/05/03,https://doc.vermont.gov/correctional-facilities/crcf-south-burlington,NOT AVAILABLE,"-999",0.000001123638640,0.004735429310865,"10001914",PVT002,"150","150","5.30000019073486"
"1747","10006149",WILLARD CORRECTIONAL INSTITUTION,391 SHAKER RD,ENFIELD,CT,"06082","-999",(860) 763-6100,STATE,CLOSED,"0",CAPITOL,"09110",USA,"922140",CORRECTIONAL INSTITUTIONS,https://portal.ct.gov/DOC/Report/Monthly-Statistics,2024/02/01,IMAGERY/OTHER,2024/02/12,https://portal.ct.gov/DOC/Facility/Willard-CI,MINIMUM,"-999",0.000003490291419,0.007560425356632,"10006149",PCT053,"1128","1128","6.25"
"1775","10001605",ROBINSON CORRECTIONAL INSTITUTION,285 SHAKER RD,ENFIELD,CT,"06082","-999",(860) 253-8000,STATE,OPEN,"-999",CAPITOL,"09110",USA,"922140",CORRECTIONAL INSTITUTIONS,https://portal.ct.gov/DOC/Report/Monthly-Statistics,2024/02/01,IMAGERY/OTHER,2024/02/12,https://portal.ct.gov/DOC/Facility/Robinson-CI,MEDIUM,"-999",0.000015235587625,0.016855745319771,"10001605",PCT041,"1467","1467","6.40000009536743"
"3472","10000937",CHESHIRE CORRECTIONAL INSTITUTION,900 HIGHLAND AVE,CHESHIRE,CT,"06410","-999",(203) 651-6100,STATE,OPEN,"1189",NAUGATUCK VALLEY,"09140",USA,"922140",CORRECTIONAL INSTITUTIONS,https://portal.ct.gov/DOC/Report/Monthly-Statistics,2024/02/01,IMAGERY/OTHER,2024/02/12,https://portal.ct.gov/DOC/Facility/Cheshire-CI,MAXIMUM,"-999",0.000010381861330,0.013236377389670,"10000937",PCT008,"1313","1313","6.40000009536743"
"3501","10000927",MACDOUGALL-WALKER CORRECTIONAL INSTITUTION,1153 EAST ST S,SUFFIELD,CT,"06080","-999",(860) 627-2100,STATE,OPEN,"1352",CAPITOL,"09110",USA,"922140",CORRECTIONAL INSTITUTIONS,https://portal.ct.gov/DOC/Report/Monthly-Statistics,2024/02/01,IMAGERY/OTHER,2024/02/12,https://portal.ct.gov/DOC/Facility/MacDougall-Walker-CI,MAXIMUM,"-999",0.000009291526339,0.016763448882959,"10000927",PCT029,"2004","2004","6.45000004768372"
"3523","10000926",HARTFORD CORRECTIONAL CENTER,177 WESTON ST,HARTFORD,CT,"06120","-999",(959) 200-3000,STATE,OPEN,"887",CAPITOL,"09110",USA,"922140",CORRECTIONAL INSTITUTIONS,https://portal.ct.gov/DOC/Report/Monthly-Statistics,2024/02/01,IMAGERY/OTHER,2024/02/12,https://portal.ct.gov/DOC/Facility/Hartford-CC,MAXIMUM,"-999",0.000003785088893,0.009549238935449,"10000926",PCT023,"923","923","7"
"1469","10005380",NEW HAVEN CORRECTIONAL CENTER,245 WHALLEY AVE,NEW HAVEN,CT,"06511","-999",(203) 974-4111,STATE,OPEN,"677",SOUTH CENTRAL CONNECTICUT,"09170",USA,"922140",CORRECTIONAL INSTITUTIONS,https://portal.ct.gov/DOC/Report/Monthly-Statistics,2024/02/01,IMAGERY/OTHER,2024/02/12,https://portal.ct.gov/DOC/Facility/New-Haven-CC,MAXIMUM,"-999",0.000001022664492,0.004566131500248,"10005380",PCT035,"721","721","6.79999995231628"
"654","10003235",MCC NEW YORK,150 PARK ROW,NEW YORK,NY,"10007","-999",(646) 836-6300,FEDERAL,CLOSED,"0",NEW YORK,"36061",USA,"922140",CORRECTIONAL INSTITUTIONS,https://www.bop.gov/locations/institutions/nym/,2016/02/16,IMAGERY/OTHER,2024/01/19,https://www.bop.gov/locations/institutions/nym/,MAXIMUM,"-999",0.000000284606131,0.002389875138004,"10003235",,,"0","8.19999980926514"
"1468","10002400",BRIDGEPORT CORRECTIONAL CENTER,1106 NORTH AVE,BRIDGEPORT,CT,"06604","-999",(475) 225-8000,STATE,OPEN,"642",GREATER BRIDGEPORT,"09120",USA,"922140",CORRECTIONAL INSTITUTIONS,https://portal.ct.gov/DOC/Report/Monthly-Statistics,2024/02/01,IMAGERY/OTHER,2024/02/12,https://portal.ct.gov/DOC/Facility/Bridgeport-CC,MAXIMUM,"-999",0.000002543047685,0.008791032208903,"10002400",PCT003,"739","739","6.40000009536743"
"2966","10000935",FCI DANBURY,33 1/2 PEMBROKE STATION ROUTE 37,DANBURY,CT,"06811","-999",(203) 743-6471,FEDERAL,OPEN,"901",WESTERN CONNECTICUT,"09190",USA,"922140",CORRECTIONAL INSTITUTIONS,https://www.bop.gov/locations/institutions/dan/,2016/02/16,IMAGERY/OTHER,2024/01/12,https://www.bop.gov/locations/institutions/dan/,MINIMUM,"-999",0.000008504065136,0.012242451601387,"10000935",FCT064,"1005","1005","6.09999990463257"
"3033","10004008",FCI FORT DIX CAMP,5756 HARTFORD & POINTVILE RD,JOINT BASE MDL,NJ,"08640","-999",(609) 723-1100,FEDERAL,OPEN,"257",BURLINGTON,"34005",USA,"922140",CORRECTIONAL INSTITUTIONS,https://www.bop.gov/locations/institutions/ftd/,2016/02/16,IMAGERY/OTHER,2024/01/19,https://www.bop.gov/locations/institutions/ftd/,MINIMUM,"-999",0.000002589543328,0.006983895248239,"10004008",,,"257","5.80000019073486"
"3037","10005378",FCI DANBURY CAMP,33 1/2 PEMBROKE STATION ROUTE 37,DANBURY,CT,"06811","-999",(203) 743-6471,FEDERAL,OPEN,"106",WESTERN CONNECTICUT,"09190",USA,"922140",CORRECTIONAL INSTITUTIONS,https://www.bop.gov/locations/institutions/dan/,2016/02/16,IMAGERY/OTHER,2024/01/12,https://www.bop.gov/locations/institutions/dan/,MINIMUM,"-999",0.000000279342657,0.002915763446316,"10005378",,,"106","6.09999990463257"
"3040","10000770",FCI FORT DIX,5756 HARTFORD & POINTVILE RD,JOINT BASE MDL,NJ,"08640","-999",(609) 723-1100,FEDERAL,OPEN,"3603",BURLINGTON,"34005",USA,"922140",CORRECTIONAL INSTITUTIONS,https://www.bop.gov/locations/institutions/ftd/,2016/02/16,IMAGERY/OTHER,2024/01/19,https://www.bop.gov/locations/institutions/ftd/,MINIMUM,"-999",0.000033119389855,0.038739675417143,"10000770",FNJ213,"3957","3957","6.05000007152557"
"3094","10003229",MDC BROOKLYN,80 29TH ST,BROOKLYN,NY,"11232","-999",(718) 840-4200,FEDERAL,OPEN,"1532",KINGS,"36047",USA,"922140",CORRECTIONAL INSTITUTIONS,https://www.bop.gov/locations/institutions/bro/,2016/02/16,IMAGERY/OTHER,2024/01/19,https://www.bop.gov/locations/institutions/bro/,MAXIMUM,"-999",0.000001457477083,0.005959494010551,"10003229",,,"1532","8.39999961853027"
"3456","10003227",QUEENSBORO CORRECTIONAL FACILITY,47-04 VAN DAM ST,LONG ISLAND CITY,NY,"11101","3081",(718) 361-8920,STATE,OPEN,"-999",QUEENS,"36081",USA,"922140",CORRECTIONAL INSTITUTIONS,https://doccs.ny.gov/location/queensboro-correctional-facility,2017/03/17,IMAGERY/OTHER,2024/03/14,https://doccs.ny.gov/location/queensboro-correctional-facility,MINIMUM,"-999",0.000000244646799,0.002044715622489,"10003227",PNY043,"223","223","8"
"3466","10000934",GARNER CORRECTIONAL INSTITUTION,50 NUNNAWAUK RD,NEWTOWN,CT,"06470","-999",(203) 270-2800,STATE,OPEN,"541",WESTERN CONNECTICUT,"09190",USA,"922140",CORRECTIONAL INSTITUTIONS,https://portal.ct.gov/DOC/Report/Monthly-Statistics,2024/02/01,IMAGERY/OTHER,2024/02/12,https://portal.ct.gov/DOC/Facility/Garner-CI,MAXIMUM,"-999",0.000004178181598,0.008472659422205,"10000934",PCT021,"590","590","6.19999980926514"
"3642","10007015",ELMHURST HOSPITAL PRISON WARD,79-01 BROADWAY,QUEENS,NY,"11373","-999",(718) 334-2107,STATE,OPEN,"-999",QUEENS,"36081",USA,"922140",CORRECTIONAL INSTITUTIONS,https://www.cobanyc.org/elmhurst-hospital-prison-ward,2020/04/22,IMAGERY,2024/03/25,https://www.cobanyc.org/elmhurst-hospital-prison-ward,NOT AVAILABLE,"-999",0.000001970406856,0.009410270297200,"10007015",,,,"7.30000019073486"
"3881","10002294",BROOKLYN COMMUNITY CORRECTIONAL CENTER,988 MYRTLE AVE,BROOKLYN,NY,"11206","-999",(718) 574-4886,STATE,OPEN,"0",KINGS,"36047",USA,"922140",CORRECTIONAL INSTITUTIONS,http://www.samaritanvillage.org/where-good-lives,2015/11/13,IMAGERY/OTHER,2020/02/13,NOT AVAILABLE,MINIMUM,"-999",0.000000041979774,0.000879693668516,"10002294",,,"0","7.59999990463257"
"5165","10003209",SING SING CORRECTIONAL FACILITY,354 HUNTER ST,OSSINING,NY,"10562","5442",(914) 941-0108,STATE,OPEN,"-999",WESTCHESTER,"36119",USA,"922140",CORRECTIONAL INSTITUTIONS,https://doccs.ny.gov/location/sing-sing-correctional-facility,2016/03/24,IMAGERY/OTHER,2024/03/18,https://doccs.ny.gov/location/sing-sing-correctional-facility,MAXIMUM,"1747",0.000016030079905,0.017242725527685,"10003209",PNY048,"1499","1499","6.30000019073486"
"6085","10002290",BEDFORD HILLS CORRECTIONAL FACILITY,247 HARRIS RD,BEDFORD HILLS,NY,"10507","2400",(914) 241-3100,STATE,OPEN,"-999",WESTCHESTER,"36119",USA,"922140",CORRECTIONAL INSTITUTIONS,https://doccs.ny.gov/location/bedford-hills-correctional-facility,2015/11/13,IMAGERY/OTHER,2024/03/13,https://doccs.ny.gov/location/bedford-hills-correctional-facility,MAXIMUM,"-999",0.000011237870467,0.015763750989575,"10002290",PNY007,"727","727","5.77500009536743"
"6104","10003233",EDGECOMBE RESIDENTIAL TREATMENT FACILITY,611 EDGECOMBE AVE,NEW YORK,NY,"10032","4398",(212) 923-2575,STATE,OPEN,"-999",NEW YORK,"36061",USA,"922140",CORRECTIONAL INSTITUTIONS,https://doccs.ny.gov/location/edgecombe-residential-treatment-facility,2015/11/13,IMAGERY/OTHER,2024/03/13,https://doccs.ny.gov/location/edgecombe-residential-treatment-facility,MINIMUM,"-999",0.000000373756393,0.003112857713505,"10003233",PNY018,"61","61","7.30000019073486"
"6106","10003208",TACONIC CORRECTIONAL FACILITY,250 HARRIS RD,BEDFORD HILLS,NY,"10507","2497",(914) 241-3010,STATE,OPEN,"-999",WESTCHESTER,"36119",USA,"922140",CORRECTIONAL INSTITUTIONS,https://doccs.ny.gov/location/taconic-correctional-facility,2024/03/18,IMAGERY/OTHER,2024/03/18,https://doccs.ny.gov/location/taconic-correctional-facility,MEDIUM,"359",0.000003342099944,0.010584023677335,"10003208",PNY052,"294","294","5.80000019073486"
"6417","10003996",EAST JERSEY STATE PRISON,1100 WOODBRIDGE RD,RAHWAY,NJ,"07065","-999",(732) 499-5010,STATE,OPEN,"1203",MIDDLESEX,"34023",USA,"922140",CORRECTIONAL INSTITUTIONS,"http://www.state.nj.us/corrections/pages/offender_stats.html, http://www.state.nj.us/treasury/omb/publications/12budget/pdf/26.pdf",2020/02/04,UNVERIFIED,2024/07/17,https://www.state.nj.us/corrections/pages/index.shtml,MAXIMUM,"1227",0.000011270546338,0.016446610757754,"10003996",PNJ014,"1882","1882","7.35000002384186"
"6437","10003990",NORTHERN STATE PRISON,168 FRONTAGE RD,NEWARK,NJ,"07114","-999",(973) 465-0068,STATE,OPEN,"2378",ESSEX,"34013",USA,"922140",CORRECTIONAL INSTITUTIONS,"http://www.state.nj.us/corrections/pages/offender_stats.html, http://www.state.nj.us/treasury/omb/publications/12budget/pdf/26.pdf",2020/02/04,UNVERIFIED,2024/07/17,https://www.state.nj.us/corrections/pages/index.shtml,MEDIUM,"1530",0.000011128746792,0.019777751754462,"10003990",PNJ036,"2350","2350","7.70000004768372"
"6447","10002298",ADULT DIAGNOSTIC AND TREATMENT CENTER,"8 PRODUCTION WAY, P.O. BOX 190",WOODBRIDGE,NJ,"07095","-999",(732) 574-2250,STATE,OPEN,"491",MIDDLESEX,"34023",USA,"922140",CORRECTIONAL INSTITUTIONS,"http://www.state.nj.us/corrections/pages/offender_stats.html, http://www.state.nj.us/treasury/omb/publications/12budget/pdf/26.pdf",2020/02/04,UNVERIFIED,2024/07/17,https://www.state.nj.us/corrections/pages/index.shtml,NOT AVAILABLE,"512",0.000005487845783,0.014731971740136,"10002298",PNJ001,"466","466","7.35000002384186"
"3585","10001504",GREEN HAVEN CORRECTIONAL FACILITY,594 STATE ROUTE 216,STORMVILLE,NY,"12582","0010",(845) 221-2711,STATE,OPEN,"-999",DUTCHESS,"36027",USA,"922140",CORRECTIONAL INSTITUTIONS,https://doccs.ny.gov/location/green-haven-correctional-facility,2015/11/13,IMAGERY/OTHER,2024/03/14,https://doccs.ny.gov/location/green-haven-correctional-facility,MAXIMUM,"-999",0.000021285489083,0.019073790309446,"10001504",PNY027,"1843","1843","5.69999980926514"
"6097","10003198",FISHKILL CORRECTIONAL FACILITY,18 STRACK DRIVE,BEACON,NY,"12508","0307",(845) 831-4800,STATE,OPEN,"-999",DUTCHESS,"36027",USA,"922140",CORRECTIONAL INSTITUTIONS,https://doccs.ny.gov/location/fishkill-correctional-facility,2016/04/14,IMAGERY/OTHER,2024/03/13,https://doccs.ny.gov/location/fishkill-correctional-facility,MEDIUM,"-999",0.000022617303557,0.026379772157899,"10003198",PNY020,"1483","1483","5.69999996821086"
"2920","10002800",FCI LA TUNA CAMP,8500 DONIPHAN ROAD,ANTHONY,TX,"79821","-999",(915) 791-9000,FEDERAL,OPEN,"184",EL PASO,"48141",USA,"922140",CORRECTIONAL INSTITUTIONS,https://www.bop.gov/locations/institutions/lat/,2016/02/16,IMAGERY/OTHER,2024/01/22,https://www.bop.gov/locations/institutions/lat/,MINIMUM,"-999",0.000004431330581,0.008368201547737,"10002800",,,"184","5.64999985694885"
"3376","10000191",FCI LA TUNA,8500 DONIPHAN ROAD,ANTHONY,TX,"79821","-999",(915) 791-9000,FEDERAL,OPEN,"534",EL PASO,"48141",USA,"922140",CORRECTIONAL INSTITUTIONS,https://www.bop.gov/locations/institutions/lat/,2016/02/16,IMAGERY/OTHER,2024/01/22,https://www.bop.gov/locations/institutions/lat/,MINIMUM,"-999",0.000006103969099,0.010828358701808,"10000191",FTX322,"1187","1187","5.64999985694885"
"5632","10002802",SANCHEZ STATE JAIL,3901 STATE JAIL RD,EL PASO,TX,"79938","8456",(915) 856-0046,STATE,OPEN,"-999",EL PASO,"48141",USA,"922140",CORRECTIONAL INSTITUTIONS,https://www.tdcj.texas.gov/unit_directory/rz.html,2016/09/15,IMAGERY/OTHER,2024/04/23,https://www.tdcj.texas.gov/unit_directory/rz.html,MAXIMUM,"1100",0.000006079131708,0.009848329378489,"10002802",PTX112,"971","971","6.90000009536743"
"6079","10001960",CENTRAL NM CORRECTIONAL FACILITY / MAIN / LEVEL II UNIT,1525 MORRIS RD,LOS LUNAS,NM,"87031","-999",(505) 383-3359,STATE,OPEN,"-999",VALENCIA,"35061",USA,"922140",CORRECTIONAL INSTITUTIONS,https://www.cd.nm.gov/divisions/adult-prisons/nmcd-prison-facilities/central-new-mexico-correctional-facility/,2016/07/27,IMAGERY/OTHER,2024/03/12,https://www.cd.nm.gov/divisions/adult-prisons/nmcd-prison-facilities/central-new-mexico-correctional-facility/,MAXIMUM,"-999",0.000024104259865,0.025439391876818,"10001960",PNM015,"246","246","5.40000009536743"
"4523","10000192",CI REEVES COUNTY I & II,98 W COUNTY RD 204,PECOS,TX,"79772","-999",(432) 447-2926,MULTI,OPEN,"1255",REEVES,"48389",USA,"922140",CORRECTIONAL INSTITUTIONS,https://www.geogroup.com/Locations,2016/02/16,IMAGERY/OTHER,2020/02/13,https://www.bop.gov/locations/ci/ree/,MINIMUM,"2407",0.000013724486053,0.014826168157820,"10000192",FTX324,"1156","1156","8.34999990463257"
"5436","10000193",CI REEVES COUNTY III,100 W COUNTY RD 204,PECOS,TX,"79772","-999",(432) 447-2909,MULTI,OPEN,"1176",REEVES,"48389",USA,"922140",CORRECTIONAL INSTITUTIONS,"https://www.bop.gov/locations/, https://www.geogroup.com/Locations",2017/10/16,IMAGERY/OTHER,2020/02/13,https://www.bop.gov/locations/ci/rvs/,MINIMUM,"1356",0.000013636308267,0.014789778174130,"10000193",,,"1176","8.30000019073486"
"2987","10005303",FCI DUBLIN,5701 8TH STREET,DUBLIN,CA,"94568","-999",(925) 833-7500,FEDERAL,OPEN,"581",ALAMEDA,"06001",USA,"922140",CORRECTIONAL INSTITUTIONS,https://www.bop.gov/locations/institutions/dub/,2016/02/16,IMAGERY/OTHER,2024/01/12,https://www.bop.gov/locations/institutions/dub/,MINIMUM,"-999",0.000013121198208,0.014671765320661,"10005303",FCA030,"1325","1325","7.29999995231628"
"5964","10000790",SAN QUENTIN STATE PRISON (SQ),MAIN STREET,SAN QUENTIN,CA,"94964","-999",(415) 454-1460,STATE,OPEN,"-999",MARIN,"06041",USA,"922140",CORRECTIONAL INSTITUTIONS,http://www.cdcr.ca.gov/Reports_Research/Offender_Information_Services_Branch/Population_Reports.html,2017/10/18,IMAGERY/OTHER,2024/02/02,http://www.cdcr.ca.gov/Facilities_Locator/,MAXIMUM,"3082",0.000015577385057,0.021834528334917,"10000790",PCA093,"4350","4350","8.46666653951009"
"2957","10000806",USP ATWATER,1 FEDERAL WAY,ATWATER,CA,"95301","-999",(209) 386-0257,FEDERAL,OPEN,"1057",MERCED,"06047",USA,"922140",CORRECTIONAL INSTITUTIONS,https://www.bop.gov/locations/institutions/atw/,2016/02/16,IMAGERY/OTHER,2024/01/12,https://www.bop.gov/locations/institutions/atw/,MAXIMUM,"-999",0.000016276017050,0.017073801116737,"10000806",FCA024,"1154","1154","9.55000019073486"
"3030","10006194",USP ATWATER CAMP,1 FEDERAL WAY,ATWATER,CA,"95301","-999",(209) 386-0257,FEDERAL,OPEN,"119",MERCED,"06047",USA,"922140",CORRECTIONAL INSTITUTIONS,https://www.bop.gov/locations/institutions/atw/,2016/02/16,IMAGERY/OTHER,2024/01/12,https://www.bop.gov/locations/institutions/atw/,MINIMUM,"-999",0.000002238578418,0.006501924281139,"10006194",,,"119","9.60000038146973"
"5305","10000799",CALIFORNIA HEALTH CARE FACILITY (CHCF),7707 AUSTIN ROAD,STOCKTON,CA,"95215","-999",(209) 467-2500,STATE,OPEN,"-999",SAN JOAQUIN,"06077",USA,"922140",CORRECTIONAL INSTITUTIONS,https://www.cdcr.ca.gov/facility-locator/html,2017/10/18,IMAGERY/OTHER,2024/01/22,https://www.cdcr.ca.gov/facility-locator/chcf/,NOT AVAILABLE,"-999",0.000032275773265,0.022146912529856,"10000799",PCA012,"2731","2731","8.1333335240682"
"1691","10000840",PRADO CONSERVATION CAMP #28,14467 CENTRAL AVENUE,CHINO,CA,"91710","-999",(909) 597-3917,STATE,OPEN,"-999",SAN BERNARDINO,"06071",USA,"922140",CORRECTIONAL INSTITUTIONS,http://www.cdcr.ca.gov/Conservation_Camps/,2017/09/19,IMAGERY/OTHER,2024/02/16,http://www.cdcr.ca.gov/Conservation_Camps/,MINIMUM,"80",0.000007939999932,0.012010174118135,"10000840",,,,"13.8999996185303"
"2951","10000887",FCI TERMINAL ISLAND,1299 SEASIDE AVENUE,SAN PEDRO,CA,"90731","-999",(310) 831-8961,FEDERAL,OPEN,"946",LOS ANGELES,"06037",USA,"922140",CORRECTIONAL INSTITUTIONS,https://www.bop.gov/locations/institutions/trm/,2016/02/16,IMAGERY/OTHER,2024/01/12,https://www.bop.gov/locations/institutions/trm/,MINIMUM,"-999",0.000007510385103,0.013208764547530,"10000887",FCA046,"1175","1175","9.69999980926514"
"2962","10000892",MDC LOS ANGELES,535 NORTH ALAMEDA STREET,LOS ANGELES,CA,"90012","-999",(213) 485-0439,FEDERAL,OPEN,"603",LOS ANGELES,"06037",USA,"922140",CORRECTIONAL INSTITUTIONS,https://www.bop.gov/locations/institutions/los/,2016/02/16,IMAGERY/OTHER,2024/01/12,https://www.bop.gov/locations/institutions/los/,MAXIMUM,"-999",0.000000400640374,0.002551747942038,"10000892",,,"603","12.3999996185303"
"5942","10000836",CALIFORNIA INSTITUTION FOR MEN (CIM),14901 CENTRAL AVENUE,CHINO,CA,"91710","-999",(909) 597-1821,STATE,OPEN,"-999",SAN BERNARDINO,"06071",USA,"922140",CORRECTIONAL INSTITUTIONS,https://www.cdcr.ca.gov/facility-locator/,2017/10/18,IMAGERY/OTHER,2024/01/22,https://www.cdcr.ca.gov/facility-locator/cim/,MAXIMUM,"-999",0.000036213832118,0.041780169171310,"10000836",PCA013,"3820","3820","13.3666667938232"
"5949","10002341",CALIFORNIA INSTITUTION FOR WOMEN (CIW),16756 CHINO-CORONA ROAD,CORONA,CA,"92880","-999",(909) 597-1771,STATE,OPEN,"-999",SAN BERNARDINO,"06071",USA,"922140",CORRECTIONAL INSTITUTIONS,https://www.cdcr.ca.gov/facility-locator/,2017/10/18,IMAGERY/OTHER,2017/10/18,https://www.cdcr.ca.gov/facility-locator/ciw/,MAXIMUM,"-999",0.000026219045367,0.021567495149187,"10002341",PCA014,"1821","1821","10.8499999046326"
"5954","10000857",CALIFORNIA REHABILITATION CENTER (CRC),5TH STREET AND WESTERN AVENUE,NORCO,CA,"92860","-999",(951) 737-2683,STATE,OPEN,"-999",RIVERSIDE,"06065",USA,"922140",CORRECTIONAL INSTITUTIONS,https://www.cdcr.ca.gov/facility-locator/,2017/10/18,IMAGERY/OTHER,2024/01/22,https://www.cdcr.ca.gov/facility-locator/crc/,MEDIUM,"2491",0.000028781307947,0.023051036885308,"10000857",PCA017,"2952","2952","9.625"
"6001","10000856",NORCO CONSERVATION CAMP #0,3195 WESTERN AVENUE,NORCO,CA,"92860","-999",(951) 737-5911,STATE,OPEN,"-999",RIVERSIDE,"06065",USA,"922140",CORRECTIONAL INSTITUTIONS,http://www.cdcr.ca.gov/Conservation_Camps/,2015/01/01,IMAGERY/OTHER,2024/02/16,http://www.cdcr.ca.gov/Conservation_Camps/,MINIMUM,"100",0.000001041918495,0.004191667013931,"10000856",,,,"9.30000019073486"
"5005","10000826",AVENAL STATE PRISON,1 KINGS WAY,AVENAL,CA,"93204","-999",(559) 386-0587,STATE,OPEN,"-999",KINGS,"06031",USA,"922140",CORRECTIONAL INSTITUTIONS,https://www.cdcr.ca.gov/facility-locator/,2017/10/18,IMAGERY/OTHER,2024/01/22,https://www.cdcr.ca.gov/facility-locator/asp/,MEDIUM,"-999",0.000053491478866,0.026788334121350,"10000826",PCA004,"3763","3763","6"
"2905","10002330",FCI DUBLIN CAMP,5701 8TH STREET,DUBLIN,CA,"94568","-999",(925) 833-7500,FEDERAL,OPEN,"108",ALAMEDA,"06001",USA,"922140",CORRECTIONAL INSTITUTIONS,https://www.bop.gov/locations/institutions/dub/,2016/02/16,IMAGERY/OTHER,2024/01/12,https://www.bop.gov/locations/institutions/dub/,MINIMUM,"-999",0.000000443045792,0.003230875864910,"10002330",,,"108","7.5"
"1592","10000261",FLORENCE MCCLURE WOMEN'S CORRECTIONAL CENTER,4370 SMILEY RD,LAS VEGAS,NV,"89115","1808",(725) 216-6150,STATE,OPEN,"-999",CLARK,"32003",USA,"922140",CORRECTIONAL INSTITUTIONS,http://doc.nv.gov/Facilities/FMWCC_Facility/,2016/12/31,IMAGERY/OTHER,2024/03/12,http://doc.nv.gov/Facilities/FMWCC_Facility/,CLOSE,"950",0.000005950657851,0.009829926971596,"10000261",PNV006,"964","964","7.19999980926514"
"6092","10006614",STEIN FORENSIC UNIT,6161 WEST CHARLESTON BLVD,LAS VEGAS,NV,"89146","-999",(702) 486-4400,STATE,OPEN,"12",CLARK,"32003",USA,"922140",CORRECTIONAL INSTITUTIONS,http://dhhs.nv.gov/Reports/Press_Releases/2015/State_Opens_Stein_Forensic_Unit_in_Las_Vegas/,2015/11/23,IMAGERY/OTHER,2024/03/13,http://dpbh.nv.gov/Programs/ClinicalBehavioralServ/Clinical_Behavioral_Services_-_Home/,MAXIMUM,"47",0.000000324627308,0.002099365357579,"10006614",,,"12","5.69999980926514"
"1613","10000260",NORTHERN NEVADA TRANSITIONAL HOUSING,225 SUNSHINE LANE,RENO,NV,"89502","-999",(775) 977-5900,STATE,OPEN,"-999",WASHOE,"32031",USA,"922140",CORRECTIONAL INSTITUTIONS,http://doc.nv.gov/Facilities/NNTH_Facility/,2016/12/31,IMAGERY/OTHER,2024/03/13,https://doc.nv.gov/Facilities/NNTH_Facility/,MINIMUM,"112",0.000000291339347,0.002625316448161,"10000260",PNV014,"110","110","6.59999990463257"
"1653","10006613",LAKE'S CROSSING CENTER,500 GALLETTI WAY,SPARKS,NV,"89431","-999",(775) 688-1900,STATE,OPEN,"-999",WASHOE,"32031",USA,"922140",CORRECTIONAL INSTITUTIONS,http://dpbh.nv.gov/About/Overview/Lake_s_Crossing_Center_Overview/,2015/11/23,IMAGERY/OTHER,2015/11/23,http://dpbh.nv.gov/Programs/ClinicalBehavioralServ/Clinical_Behavioral_Services_-_Home/,MAXIMUM,"-999",0.000000883176654,0.003876814922822,"10006613",,,,"6.69999980926514"
"1622","10000871",MCC SAN DIEGO,808 UNION STREET,SAN DIEGO,CA,"92101","-999",(619) 232-4311,FEDERAL,OPEN,"699",SAN DIEGO,"06073",USA,"922140",CORRECTIONAL INSTITUTIONS,https://www.bop.gov/locations/institutions/sdc/,2016/02/16,IMAGERY/OTHER,2024/01/12,https://www.bop.gov/locations/institutions/sdc/,MAXIMUM,"-999",0.000000345878334,0.002365042963003,"10000871",,,"699","10.1000003814697"
"1723","10000874",WESTERN REGION DETENTION FACILITY,220 WEST C STREET,SAN DIEGO,CA,"92101","-999",(619) 232-9221,FEDERAL,OPEN,"-999",SAN DIEGO,"06073",USA,"922140",CORRECTIONAL INSTITUTIONS,https://www.geogroup.com/FacilityDetail/FacilityID/37,2024/02/05,IMAGERY/OTHER,2024/02/05,https://www.geogroup.com/FacilityDetail/FacilityID/37,MAXIMUM,"770",0.000000668042730,0.003841279335306,"10000874",,,,"10.1000003814697"
"4505","10006307",CAI - OCEAN VIEW,551 SOUTH 35TH STREET,SAN DIEGO,CA,"92113","-999",(619) 232-8600,MULTI,OPEN,"-999",SAN DIEGO,"06073",USA,"922140",CORRECTIONAL INSTITUTIONS,http://www.cca.com/locations,2017/10/12,IMAGERY/OTHER,2019/11/25,http://www.cca.com/locations,MINIMUM,"483",0.000001147584953,0.004370743334191,"10006307",FCA029,"354","354","9.75"
"4681","10006306",CAI - BOSTON AVENUE,2727 BOSTON AVENUE,SAN DIEGO,CA,"92113","-999",(619) 232-1066,MULTI,OPEN,"-999",SAN DIEGO,"06073",USA,"922140",CORRECTIONAL INSTITUTIONS,http://www.cca.com/locations,2017/10/12,IMAGERY/OTHER,2019/11/25,http://www.cca.com/locations,MINIMUM,"120",0.000000128568445,0.001443917749742,"10006306",PCA067,"118","118","10.3999996185303"
"5099","10006530",FOLSOM WOMEN'S FACILITY (FWF),570 E NATOMA ST,REPRESA,CA,"95671","-999",NOT AVAILABLE,STATE,OPEN,"397",SACRAMENTO,"06067",USA,"922140",CORRECTIONAL INSTITUTIONS,"http://www.cdcr.ca.gov/Reports_Research/Offender_Information_Services_Branch/Population_Reports.html, http://www.cdcr.ca.gov/Facilities_Locator/",2017/10/18,IMAGERY/OTHER,2017/10/18,http://www.cdcr.ca.gov/Facilities_Locator/,MEDIUM,"523",0.000001022697234,0.004818185481576,"10006530",,,"397","6.69999980926514"
"5383","10000780",FOLSOM STATE PRISON (FSP),300 PRISON ROAD,REPRESA,CA,"95671","-999",(916) 985-2561,STATE,OPEN,"-999",SACRAMENTO,"06067",USA,"922140",CORRECTIONAL INSTITUTIONS,https://www.cdcr.ca.gov/facility-locator/fsp/,2017/10/18,IMAGERY/OTHER,2017/10/18,http://www.cdcr.ca.gov/Facilities_Locator/,MEDIUM,"2066",0.000026894854727,0.028465863830734,"10000780",PCA046,"3479","3479","6.90000009536743"
"5957","10002322","CALIFORNIA STATE PRISON, SACRAMENTO (SAC)",100 PRISON ROAD,REPRESA,CA,"95671","-999",(916) 985-8610,STATE,OPEN,"2167",SACRAMENTO,"06067",USA,"922140",CORRECTIONAL INSTITUTIONS,https://www.cdcr.ca.gov/facility-locator/,2017/10/18,IMAGERY/OTHER,2024/01/22,https://www.cdcr.ca.gov/facility-locator/sac/,MAXIMUM,"-999",0.000032666557217,0.028545631778607,"10002322",PCA020,"2135","2135","6.69999980926514"
"1160","10000864",USP LOMPOC,3901 KLEIN BLVD,LOMPOC,CA,"93436","-999",(805) 735-2771,FEDERAL,OPEN,"1903",SANTA BARBARA,"06083",USA,"922140",CORRECTIONAL INSTITUTIONS,https://www.bop.gov/locations/institutions/lom/,2016/02/16,IMAGERY/OTHER,2024/01/12,https://www.bop.gov/locations/institutions/lom/,MEDIUM,"-999",0.000014063644812,0.014739887542051,"10000864",FCA038,"1707","1707","4.75"
"2930","10000863",FCI LOMPOC,3600 GUARD RD,LOMPOC,CA,"93436","-999",(805) 736-4154,FEDERAL,OPEN,"900",SANTA BARBARA,"06083",USA,"922140",CORRECTIONAL INSTITUTIONS,https://www.bop.gov/locations/institutions/lof/,2016/02/16,IMAGERY/OTHER,2024/01/12,https://www.bop.gov/locations/institutions/lof/,MINIMUM,"-999",0.000017540357931,0.018315568930618,"10000863",FCA037,"1270","1270","4.90000009536743"
"2952","10000867",USP LOMPOC CAMP,3901 KLEIN BLVD,LOMPOC,CA,"93436","-999",(805) 735-2771,FEDERAL,OPEN,"246",SANTA BARBARA,"06083",USA,"922140",CORRECTIONAL INSTITUTIONS,https://www.bop.gov/locations/institutions/lom/,2016/02/16,IMAGERY/OTHER,2024/01/12,https://www.bop.gov/locations/institutions/lom/,MINIMUM,"-999",0.000004352789801,0.012497782808305,"10000867",,,"246","4.90000009536743"
"2964","10006299",USP LOMPOC NORTH CAMP,3901 KLEIN BLVD,LOMPOC,CA,"93436","-999",(805) 735-2771,FEDERAL,OPEN,"121",SANTA BARBARA,"06083",USA,"922140",CORRECTIONAL INSTITUTIONS,https://www.bop.gov/locations/institutions/lom/,2016/02/16,IMAGERY/OTHER,2024/01/12,https://www.bop.gov/locations/institutions/lom/,MINIMUM,"-999",0.000000694119990,0.003268527420288,"10006299",,,"121","4.59999990463257"
"5943","10000850",GOLDEN STATE ANNEX,611 FRONTAGE ROAD,MCFARLAND,CA,"93250","-999",(661) 792-2731,STATE,OPEN,"240",KERN,"06029",USA,"922140",CORRECTIONAL INSTITUTIONS,https://www.ice.gov/detain/detention-management,2024/01/12,IMAGERY/OTHER,2024/02/01,https://www.geogroup.com/FacilityDetail/FacilityID/196,MEDIUM,"700",0.000003221404313,0.006968183561910,"10000850",,,"240","10.3499999046326"
"5944","10000851",CENTRAL VALLEY ANNEX,254 TAYLOR AVENUE,MCFARLAND,CA,"93250","-999",(661) 792-3492,STATE,OPEN,"-999",KERN,"06029",USA,"922140",CORRECTIONAL INSTITUTIONS,https://www.geogroup.com/FacilityDetail/FacilityID/42,2024/02/01,IMAGERY/OTHER,2024/02/01,https://www.geogroup.com/FacilityDetail/FacilityID/42,MEDIUM,"700",0.000003192069016,0.006950366698573,"10000851",,,,"10.3000001907349"
"5016","10000824","CALIFORNIA STATE PRISON, CORCORAN (COR)",4001 KING AVENUE,CORCORAN,CA,"93212","-999",(559) 992-8800,STATE,OPEN,"3070",KINGS,"06031",USA,"922140",CORRECTIONAL INSTITUTIONS,https://www.cdcr.ca.gov/facility-locator/,2017/10/18,IMAGERY/OTHER,2024/01/22,https://www.cdcr.ca.gov/facility-locator/cor/,MAXIMUM,"-999",0.000053274667607,0.028372377640311,"10000824",PCA018,"3221","3221","9.89999961853027"
"5022","10000825",CA SUBSTANCE ABUSE TREATMENT FACILITY (SATF),900 QUEBEC AVE,CORCORAN,CA,"93212","-999",(559) 992-7100,STATE,OPEN,"-999",KINGS,"06031",USA,"922140",CORRECTIONAL INSTITUTIONS,https://www.cdcr.ca.gov/facility-locator/satf/,2017/10/18,IMAGERY/OTHER,2019/11/25,http://www.cdcr.ca.gov/Facilities_Locator/,NOT AVAILABLE,"3424",0.000074529075391,0.045618701498722,"10000825",PCA022,"5504","5504","9.89999961853027"
"5961","10002353",CALIFORNIA STATE PRISON-LOS ANGELES COUNTY (LAC),44750 60TH STREET WEST,LANCASTER,CA,"93536","7620",(661) 729-2000,STATE,OPEN,"-999",LOS ANGELES,"06037",USA,"922140",CORRECTIONAL INSTITUTIONS,https://www.cdcr.ca.gov/facility-locator/,2024/01/22,IMAGERY/OTHER,2019/11/25,https://www.cdcr.ca.gov/facility-locator/lac/,MAXIMUM,"2300",0.000042700393351,0.027272626599915,"10002353",PCA019,"3240","3240","7.59999990463257"
"3069","10002323","CALIFORNIA STATE PRISON, SOLANO (SOL)",2100 PEABODY ROAD,VACAVILLE,CA,"95687","-999",(707) 451-0182,STATE,OPEN,"3737",SOLANO,"06095",USA,"922140",CORRECTIONAL INSTITUTIONS,https://www.cdcr.ca.gov/facility-locator/,2017/10/18,IMAGERY/OTHER,2024/01/22,https://www.cdcr.ca.gov/facility-locator/sol/,MAXIMUM,"-999",0.000040105003336,0.025042699207906,"10002323",PCA021,"4576","4576","7.04999995231628"
"5951","10000785",CALIFORNIA MEDICAL FACILITY (CMF),1600 CALIFORNIA DRIVE,VACAVILLE,CA,"95696","-999",(707) 448-6841,STATE,OPEN,"-999",SOLANO,"06095",USA,"922140",CORRECTIONAL INSTITUTIONS,https://www.cdcr.ca.gov/facility-locator/,2017/10/18,IMAGERY/OTHER,2017/10/18,https://www.cdcr.ca.gov/facility-locator/cmf/,MEDIUM,"-999",0.000019169605821,0.020639702917495,"10000785",PCA015,"2552","2552","7.03333330154419"
"2934","10000833",FCI VICTORVILLE MEDIUM I CAMP,13777 AIR EXPRESSWAY BOULEVARD,VICTORVILLE,CA,"92394","-999",(760) 246-2400,FEDERAL,OPEN,"173",SAN BERNARDINO,"06071",USA,"922140",CORRECTIONAL INSTITUTIONS,https://www.bop.gov/locations/institutions/vim/,2016/02/16,IMAGERY/OTHER,2024/01/12,https://www.bop.gov/locations/institutions/vim/,MINIMUM,"-999",0.000002158260031,0.006223708271440,"10000833",,,"173","8.73333358764648"
"2937","10000831",FCI VICTORVILLE MEDIUM II,13777 AIR EXPRESSWAY BOULEVARD,VICTORVILLE,CA,"92394","-999",(760) 530-5700,FEDERAL,OPEN,"1393",SAN BERNARDINO,"06071",USA,"922140",CORRECTIONAL INSTITUTIONS,https://www.bop.gov/locations/institutions/vvm/,2016/02/16,IMAGERY/OTHER,2024/01/12,https://www.bop.gov/locations/institutions/vvm/,MEDIUM,"-999",0.000018456673388,0.017441822236451,"10000831",FCA051,"1502","1502","8.73333358764648"
"3034","10000830",USP VICTORVILLE,13777 AIR EXPRESSWAY BOULEVARD,VICTORVILLE,CA,"92394","-999",(760) 530-5000,FEDERAL,OPEN,"1263",SAN BERNARDINO,"06071",USA,"922140",CORRECTIONAL INSTITUTIONS,https://www.bop.gov/locations/institutions/vip/,2016/02/16,IMAGERY/OTHER,2024/01/12,https://www.bop.gov/locations/institutions/vip/,MAXIMUM,"-999",0.000015633278281,0.016022426476852,"10000830",FCA053,"1362","1362","8.80000019073486"
"3035","10000832",FCI VICTORVILLE MEDIUM I,13777 AIR EXPRESSWAY BOULEVARD,VICTORVILLE,CA,"92394","-999",(760) 246-2400,FEDERAL,OPEN,"1453",SAN BERNARDINO,"06071",USA,"922140",CORRECTIONAL INSTITUTIONS,https://www.bop.gov/locations/institutions/vim/,2016/02/16,IMAGERY/OTHER,2024/01/12,https://www.bop.gov/locations/institutions/vim/,MEDIUM,"-999",0.000016752690044,0.015254499372782,"10000832",FCA050,"1426","1426","8.80000019073486"
"5997","10006532",DEPARTMENT OF STATE HOSPITALS - ATASCADERO,10333 EL CAMINO REAL,ATASCADERO,CA,"93422","-999",(805) 468-2000,STATE,OPEN,"-999",SAN LUIS OBISPO,"06079",USA,"922140",CORRECTIONAL INSTITUTIONS,https://www.dsh.ca.gov/Hospitals/index.html,2016/11/07,IMAGERY/OTHER,2016/11/07,https://www.dsh.ca.gov/Atascadero/index.html,NOT AVAILABLE,"1184",0.000015816189716,0.018955887071484,"10006532",,,,"5.40000009536743"
"6072","10002995",WARM SPRINGS CORRECTIONAL CENTER,3301 E 5TH ST,CARSON CITY,NV,"89701","-999",(775) 977-5807,STATE,OPEN,"-999",CARSON CITY,"32510",USA,"922140",CORRECTIONAL INSTITUTIONS,http://doc.nv.gov/Facilities/WSCC_Facility/,2016/12/31,IMAGERY/OTHER,2024/03/12,http://doc.nv.gov/Facilities/WSCC_Facility/,MEDIUM,"532",0.000008206950952,0.012834069963445,"10002995",PNV021,"568","568","5.40000009536743"
"6426","10003993",EDNA MAHAN CORRECTIONAL FACILITY FOR WOMEN,"30 COUNTY RD 513, P.O. BOX 4004",CLINTON,NJ,"08809","-999",(908) 735-7111,STATE,OPEN,"646",HUNTERDON,"34019",USA,"922140",CORRECTIONAL INSTITUTIONS,"http://www.state.nj.us/corrections/pages/offender_stats.html, http://www.state.nj.us/treasury/omb/publications/12budget/pdf/26.pdf",2020/02/04,UNVERIFIED,2024/07/17,https://www.state.nj.us/corrections/pages/index.shtml,MAXIMUM,"648",0.000024213869665,0.018847849013786,"10003993",PNJ015,"587","587","6.5"
"125","10005639",WATERLOO WOMEN'S CENTER FOR CHANGE,1515 LAFAYETTE,WATERLOO,IA,"50703","-999",(319) 292-0900,STATE,OPEN,"31",BLACK HAWK,"19013",USA,"922140",CORRECTIONAL INSTITUTIONS,https://doc.iowa.gov/find-facility/first-district,2023/06/30,IMAGERY/OTHER,2024/04/02,https://doc.iowa.gov/find-facility/first-district,NOT AVAILABLE,"45",0.000000289611080,0.002633636937849,"10005639",PIA034,"42","42","7"
"4117","10002656",WATERLOO RESIDENTIAL CORRECTIONAL FACILITY,310-314 E 6TH ST,WATERLOO,IA,"50704","-999",(319) 291-2015,STATE,OPEN,"136",BLACK HAWK,"19013",USA,"922140",CORRECTIONAL INSTITUTIONS,https://doc.iowa.gov/find-facility/first-district,2023/06/30,IMAGERY/OTHER,2024/04/02,https://doc.iowa.gov/find-facility/first-district,NOT AVAILABLE,"150",0.000000366412223,0.002821366968126,"10002656",PIA042,"136","136","7"
"4117","10002656",WATERLOO RESIDENTIAL CORRECTIONAL FACILITY,310-314 E 6TH ST,WATERLOO,IA,"50704","-999",(319) 291-2015,STATE,OPEN,"136",BLACK HAWK,"19013",USA,"922140",CORRECTIONAL INSTITUTIONS,https://doc.iowa.gov/find-facility/first-district,2023/06/30,IMAGERY/OTHER,2024/04/02,https://doc.iowa.gov/find-facility/first-district,NOT AVAILABLE,"150",0.000000366412223,0.002821366968126,"10002656",PIA033,"136","136","7"
"5027","10002570",DRUG ABUSE CORRECTIONAL CENTER,4280 N SHERMAN RD,WINNEBAGO,WI,"54985","0036",(920) 236-2700,STATE,OPEN,"-999",WINNEBAGO,"55139",USA,"922140",CORRECTIONAL INSTITUTIONS,https://doc.wi.gov/DataResearch/WeeklyPopulationReports/02212020.pdf,2018/01/12,IMAGERY/OTHER,2024/05/23,https://doc.wi.gov/Pages/OffenderInformation/AdultInstitutions/DrugAbuseCorrectionalCenter.aspx,MINIMUM,"294",0.000000717709554,0.005460837262259,"10002570",PWI013,"286","286","7.69999980926514"
"5047","10002571",OSHKOSH CORRECTIONAL INSTITUTION,1730 W SNELL RD,OSHKOSH,WI,"54903","3530",(920) 231-4010,STATE,OPEN,"-999",WINNEBAGO,"55139",USA,"922140",CORRECTIONAL INSTITUTIONS,https://doc.wi.gov/DataResearch/WeeklyPopulationReports/02212020.pdf,2018/01/12,IMAGERY/OTHER,2024/05/23,https://doc.wi.gov/Pages/OffenderInformation/AdultInstitutions/OshkoshCorrectionalInstitution.aspx,MEDIUM,"-999",0.000043522030410,0.029455873882451,"10002571",PWI049,"2039","2039","7.14999985694885"
"6304","10002569",WINNEBAGO CORRECTIONAL CENTER,4300 SHERMAN RD,WINNEBAGO,WI,"54985","0128",(920) 424-0402,STATE,OPEN,"-999",WINNEBAGO,"55139",USA,"922140",CORRECTIONAL INSTITUTIONS,https://doc.wi.gov/DataResearch/WeeklyPopulationReports/02212020.pdf,2018/01/12,IMAGERY/OTHER,2024/05/24,https://doc.wi.gov/Pages/OffenderInformation/AdultInstitutions/WinnebagoCorrectionalCenter.aspx,MINIMUM,"266",0.000002982114438,0.010317499831919,"10002569",PWI069,"293","293","7.59999990463257"
"6305","10002568",WISCONSIN RESOURCE CENTER,1505 NORTH DR,WINNEBAGO,WI,"54985","-999",(920) 426-4310,STATE,OPEN,"-999",WINNEBAGO,"55139",USA,"922140",CORRECTIONAL INSTITUTIONS,https://www.dhs.wisconsin.gov/wrc/index.htm,2018/01/12,IMAGERY/OTHER,2024/05/24,https://doc.wi.gov/Pages/OffenderInformation/AdultInstitutions/AdultFacilities.aspx,NOT AVAILABLE,"-999",0.000012792322877,0.015694703766315,"10002568",PWI070,"413","413","7.69999980926514"
"1056","10003824",MUSKEGON CORRECTIONAL FACILITY,2400 S SHERIDAN DR,MUSKEGON,MI,"49442","-999",(231) 773-3201,STATE,OPEN,"-999",MUSKEGON,"26121",USA,"922140",CORRECTIONAL INSTITUTIONS,https://www.michigan.gov/corrections/prisons,2024/02/29,IMAGERY/OTHER,2024/02/29,https://www.michigan.gov/corrections/prisons/muskegon-correctional-facility,MEDIUM,"607",0.000017337134523,0.020976008496135,"10003824",PMI030,"1297","1297","6.17499995231628"
"3137","10003826",EARNEST C. BROOKS CORRECTIONAL FACILITY,2500 S SHERIDAN DR,MUSKEGON HEIGHTS,MI,"49444","-999",(231) 773-9200,STATE,OPEN,"-999",MUSKEGON,"26121",USA,"922140",CORRECTIONAL INSTITUTIONS,https://www.michigan.gov/corrections/prisons,2024/02/29,IMAGERY/OTHER,2024/02/29,https://www.michigan.gov/corrections/prisons/earnest-c-brooks-correctional-facility,MAXIMUM,"1246",0.000013779831761,0.014862608380779,"10003826",PMI015,"1208","1208","6.09999990463257"
"2493","10001697",DODGE CORRECTIONAL INSTITUTION,1 W LINCOLN ST,WAUPUN,WI,"53963","-999",(920) 324-5577,STATE,OPEN,"-999",DODGE,"55027",USA,"922140",CORRECTIONAL INSTITUTIONS,https://doc.wi.gov/DataResearch/WeeklyPopulationReports/02212020.pdf,2018/01/12,IMAGERY/OTHER,2024/05/23,https://doc.wi.gov/Pages/OffenderInformation/AdultInstitutions/DodgeCorrectionalInstitution.aspx,MAXIMUM,"-999",0.000027345139415,0.024024724648018,"10001697",PWI012,"1665","1665","7.09999990463257"
"5058","10001000",WAUPUN CORRECTIONAL INSTITUTION,200 S MADISON ST,WAUPUN,WI,"53963","0351",(920) 324-5571,STATE,OPEN,"-999",DODGE,"55027",USA,"922140",CORRECTIONAL INSTITUTIONS,https://doc.wi.gov/Pages/DataResearch/DataAndReports.aspx,2018/01/12,IMAGERY/OTHER,2024/05/24,https://doc.wi.gov/Pages/OffenderInformation/AdultInstitutions/WaupunCorrectionalInstitution.aspx,MAXIMUM,"-999",0.000008363091411,0.011696598842847,"10001000",PWI067,"1254","1254","7.07499992847443"
"6290","10001696",JOHN C BURKE CORRECTIONAL CENTER,900 S MADISON ST,WAUPUN,WI,"53963","0900",(920) 324-3460,STATE,OPEN,"-999",DODGE,"55027",USA,"922140",CORRECTIONAL INSTITUTIONS,https://doc.wi.gov/DataResearch/WeeklyPopulationReports/02212020.pdf,2018/01/12,IMAGERY/OTHER,2024/05/23,https://doc.wi.gov/Pages/OffenderInformation/AdultInstitutions/JohnBurkeCorrectionalCenter.aspx,MINIMUM,"250",0.000004274947059,0.008887133818997,"10001696",PWI027,"288","288","7.14999985694885"
"4860","10002608",RACINE CORRECTIONAL INSTITUTION,2019 WISCONSIN ST,STURTEVANT,WI,"53177","1829",(262) 886-3214,STATE,OPEN,"-999",RACINE,"55101",USA,"922140",CORRECTIONAL INSTITUTIONS,https://doc.wi.gov/DataResearch/WeeklyPopulationReports/02212020.pdf,2018/01/12,IMAGERY/OTHER,2024/05/23,https://doc.wi.gov/Pages/OffenderInformation/AdultInstitutions/RacineCorrectionalInstitution.aspx,MEDIUM,"-999",0.000017328015247,0.017384767145638,"10002608",PWI052,"1677","1677","7.59999990463257"
"4860","10002608",RACINE CORRECTIONAL INSTITUTION,2019 WISCONSIN ST,STURTEVANT,WI,"53177","1829",(262) 886-3214,STATE,OPEN,"-999",RACINE,"55101",USA,"922140",CORRECTIONAL INSTITUTIONS,https://doc.wi.gov/DataResearch/WeeklyPopulationReports/02212020.pdf,2018/01/12,IMAGERY/OTHER,2024/05/23,https://doc.wi.gov/Pages/OffenderInformation/AdultInstitutions/RacineCorrectionalInstitution.aspx,MEDIUM,"-999",0.000017328015247,0.017384767145638,"10002608",PWI052,"1677","1677","7.59999990463257"
"5056","10002607",STURTEVANT TRANSITIONAL FACILITY,9351 RAYNE RD,STURTEVANT,WI,"53177","-999",(262) 884-2410,STATE,OPEN,"-999",RACINE,"55101",USA,"922140",CORRECTIONAL INSTITUTIONS,https://doc.wi.gov/Pages/DataResearch/DataAndReports.aspx,2018/01/12,IMAGERY/OTHER,2024/05/24,https://doc.wi.gov/Pages/OffenderInformation/AdultInstitutions/SturtevantTransitionalFacility.aspx,MEDIUM,"304",0.000001604521913,0.007779675517726,"10002607",PWI063,"149","149","7.59999990463257"
"5050","10001002",PRAIRIE DU CHIEN CORRECTIONAL INSTITUTION,500 E PARRISH ST,PRAIRIE DU CHIEN,WI,"53821","-999",(608) 326-7828,STATE,OPEN,"-999",CRAWFORD,"55023",USA,"922140",CORRECTIONAL INSTITUTIONS,https://doc.wi.gov/DataResearch/WeeklyPopulationReports/02212020.pdf,2018/01/12,IMAGERY/OTHER,2024/05/23,https://doc.wi.gov/Pages/OffenderInformation/AdultInstitutions/PrairieduChienCorrectionalInstitution.aspx,MINIMUM,"424",0.000017222409042,0.020222004463541,"10001002",PWI051,"514","514","7.20000004768372"
"2279","10002600",MILWAUKEE WOMEN'S CORRECTIONAL CENTER,615 W KEEFE AVE,MILWAUKEE,WI,"53212","-999",(414) 267-6101,STATE,OPEN,"-999",MILWAUKEE,"55079",USA,"922140",CORRECTIONAL INSTITUTIONS,https://doc.wi.gov/DataResearch/WeeklyPopulationReports/02212020.pdf,2018/01/12,IMAGERY/OTHER,2024/05/23,https://doc.wi.gov/Pages/OffenderInformation/AdultInstitutions/MilwaukeeWomensCorrectionalCenter.aspx,MINIMUM,"109",0.000000681260644,0.004302242687895,"10002600",PWI044,"105","105","8.10000038146973"
"4844","10001007",MILWAUKEE SECURE DETENTION FACILITY,1015 N 10TH ST,MILWAUKEE,WI,"53205","0740",(414) 212-3535,STATE,OPEN,"-999",MILWAUKEE,"55079",USA,"922140",CORRECTIONAL INSTITUTIONS,https://doc.wi.gov/Pages/OffenderInformation/AdultInstitutions/MilwaukeeSecureDetentionFacility.aspx,2018/01/12,IMAGERY/OTHER,2024/05/23,https://doc.wi.gov/Pages/OffenderInformation/AdultInstitutions/MilwaukeeSecureDetentionFacility.aspx,MEDIUM,"1040",0.000000745073294,0.003601055465147,"10001007",PWI043,"960","960","8.69999980926514"
"5742","10001008",FELMERS O. CHANEY CORRECTIONAL CENTER,2825 N 30TH ST,MILWAUKEE,WI,"53210","-999",(414) 874-1600,STATE,OPEN,"-999",MILWAUKEE,"55079",USA,"922140",CORRECTIONAL INSTITUTIONS,https://doc.wi.gov/DataResearch/WeeklyPopulationReports/02212020.pdf,2018/01/12,IMAGERY/OTHER,2020/03/02,https://doc.wi.gov/Pages/OffenderInformation/AdultInstitutions/FelmersChaneyCorrectionalCenter.aspx,MINIMUM,"100",0.000001742387667,0.005682627996496,"10001008",PWI015,"113","113","7.95000004768372"
"6296","10001009",MARSHALL E. SHERRER CORRECTIONAL CENTER,1318 N 14TH ST,MILWAUKEE,WI,"53205","2596",(414) 343-5000,STATE,OPEN,"-999",MILWAUKEE,"55079",USA,"922140",CORRECTIONAL INSTITUTIONS,https://doc.wi.gov/DataResearch/WeeklyPopulationReports/02212020.pdf,2018/01/12,IMAGERY/OTHER,2024/05/23,https://doc.wi.gov/Pages/OffenderInformation/AdultInstitutions/MarshallESherrerCorrectionalCenter.aspx,MINIMUM,"60",0.000000702592843,0.003568513095225,"10001009",PWI038,"60","60","8.69999980926514"
"4847","10002605",ROBERT E ELLSWORTH CORRECTIONAL CENTER,21425-A SPRING ST,UNION GROVE,WI,"53182","9408",(262) 878-6000,STATE,OPEN,"-999",RACINE,"55101",USA,"922140",CORRECTIONAL INSTITUTIONS,https://doc.wi.gov/DataResearch/DataAndReports/REECCInstitutionalFactSheet.pdf,2018/01/12,IMAGERY/OTHER,2024/05/24,https://doc.wi.gov/Pages/OffenderInformation/AdultInstitutions/RobertEllsworthCorrectionalCenter.aspx,MINIMUM,"-999",0.000004683477755,0.010151843376618,"10002605",PWI055,"470","470","7.45000004768372"
"2495","10002579",TAYCHEEDAH CORRECTIONAL INSTITUTION,751 COUNTY RD K,FOND DU LAC,WI,"54936","1947",(920) 929-3800,STATE,OPEN,"-999",FOND DU LAC,"55039",USA,"922140",CORRECTIONAL INSTITUTIONS,https://doc.wi.gov/Pages/DataResearch/DataAndReports.aspx,2018/01/12,IMAGERY/OTHER,2024/05/24,https://doc.wi.gov/Pages/OffenderInformation/AdultInstitutions/TaycheedahCorrectionalInstitution.aspx,MAXIMUM,"-999",0.000020506299506,0.017345377166185,"10002579",PWI064,"922","922","7.25"
"5017","10000992",GREEN BAY CORRECTIONAL INSTITUTION,2833 RIVERSIDE DR,GREEN BAY,WI,"54307","9033",(920) 432-4877,STATE,OPEN,"-999",BROWN,"55009",USA,"922140",CORRECTIONAL INSTITUTIONS,https://doc.wi.gov/DataResearch/WeeklyPopulationReports/02212020.pdf,2018/01/12,IMAGERY/OTHER,2024/05/23,https://doc.wi.gov/Pages/OffenderInformation/AdultInstitutions/GreenBayCorrectionalInstitution.aspx,MAXIMUM,"1000",0.000014239498341,0.017182842963380,"10000992",PWI025,"1074","1074","7.90000009536743"
"6279","10002506",WASHINGTON STATE PENITENTIARY,1313 NORTH 13TH AVE,WALLA WALLA,WA,"99362","-999",(509) 525-3610,STATE,OPEN,"-999",WALLA WALLA,"53071",USA,"922140",CORRECTIONAL INSTITUTIONS,https://www.doc.wa.gov/corrections/incarceration/prisons/wsp.htm,2020/02/26,IMAGERY/OTHER,2024/05/09,https://www.doc.wa.gov/corrections/incarceration/prisons/wsp.htm,MAXIMUM,"2439",0.000049583197324,0.032530237723701,"10002506",PWA029,,,"6.42500007152557"
"4072","10002505",TRI-CITIES REENTRY CENTER,524 E BRUNEAU AVE,KENNEWICK,WA,"99336","-999",(509) 585-2211,STATE,OPEN,"-999",BENTON,"53005",USA,"922140",CORRECTIONAL INSTITUTIONS,https://www.doc.wa.gov/corrections/incarceration/work-release/locations.htm#tri-cities,2015/11/17,IMAGERY/OTHER,2024/05/09,https://www.doc.wa.gov/corrections/incarceration/work-release/locations.htm#tri-cities,MINIMUM,"-999",0.000000376422122,0.002605785721931,"10002505",PWA026,,,"6.90000009536743"
"5721","10001298",COFFEE CREEK CORRECTIONAL FACILITY,24499 SW GRAHAMS FERRY RD,WILSONVILLE,OR,"97070","-999",(503) 570-6412,STATE,OPEN,"-999",WASHINGTON,"41067",USA,"922140",CORRECTIONAL INSTITUTIONS,https://www.oregon.gov/doc/about/pages/prison-locations.aspx,2018/01/01,IMAGERY/OTHER,2024/04/01,http://www.oregon.gov/DOC/OPS/pages/index.aspx,MAXIMUM,"1685",0.000013361755464,0.019568799396760,"10001298",POR001,"631","631","6.23333326975505"
"5721","10001298",COFFEE CREEK CORRECTIONAL FACILITY,24499 SW GRAHAMS FERRY RD,WILSONVILLE,OR,"97070","-999",(503) 570-6412,STATE,OPEN,"-999",WASHINGTON,"41067",USA,"922140",CORRECTIONAL INSTITUTIONS,https://www.oregon.gov/doc/about/pages/prison-locations.aspx,2018/01/01,IMAGERY/OTHER,2024/04/01,http://www.oregon.gov/DOC/OPS/pages/index.aspx,MAXIMUM,"1685",0.000013361755464,0.019568799396760,"10001298",POR002,"585","585","6.23333326975505"
"5721","10001298",COFFEE CREEK CORRECTIONAL FACILITY,24499 SW GRAHAMS FERRY RD,WILSONVILLE,OR,"97070","-999",(503) 570-6412,STATE,OPEN,"-999",WASHINGTON,"41067",USA,"922140",CORRECTIONAL INSTITUTIONS,https://www.oregon.gov/doc/about/pages/prison-locations.aspx,2018/01/01,IMAGERY/OTHER,2024/04/01,http://www.oregon.gov/DOC/OPS/pages/index.aspx,MAXIMUM,"1685",0.000013361755464,0.019568799396760,"10001298",POR003,"393","393","6.23333326975505"
"5723","10002958",COLUMBIA RIVER CORRECTIONAL INSTITUTION,9111 NE SUNDERLAND AVE,PORTLAND,OR,"97211","1799",(503) 280-6646,STATE,OPEN,"-999",MULTNOMAH,"41051",USA,"922140",CORRECTIONAL INSTITUTIONS,https://www.oregon.gov/doc/about/pages/prison-locations.aspx,2018/01/01,IMAGERY/OTHER,2024/04/01,https://www.oregon.gov/doc/about/pages/prison-locations.aspx,MINIMUM,"595",0.000002257043434,0.007428374737142,"10002958",POR004,"573","573","7.35000014305115"
"2916","10001301",FCI SHERIDAN AND DETENTION CENTER,27072 BALLSTON RD,SHERIDAN,OR,"97378","-999",(503) 843-4442,FEDERAL,OPEN,"1290",YAMHILL,"41071",USA,"922140",CORRECTIONAL INSTITUTIONS,https://www.bop.gov/locations/institutions/she/,2016/02/16,IMAGERY/OTHER,2024/01/19,https://www.bop.gov/locations/institutions/she/,MEDIUM,"-999",0.000017304860194,0.022175182094298,"10001301",FOR242,"1753","1753","5.30000019073486"
"3166","10002964",FCI SHERIDAN CAMP,27072 BALLSTON RD,SHERIDAN,OR,"97378","-999",(503) 843-4442,FEDERAL,OPEN,"385",YAMHILL,"41071",USA,"922140",CORRECTIONAL INSTITUTIONS,https://www.bop.gov/locations/institutions/she/,2016/02/16,IMAGERY/OTHER,2024/01/19,https://www.bop.gov/locations/institutions/she/,MINIMUM,"-999",0.000003074643246,0.006968494666620,"10002964",,,"385","5.30000019073486"
"5711","10001306",POWDER RIVER CORRECTIONAL FACILITY,3600 13TH ST,BAKER CITY,OR,"97814","1346",(541) 523-6680,STATE,OPEN,"-999",BAKER,"41001",USA,"922140",CORRECTIONAL INSTITUTIONS,https://www.oregon.gov/doc/about/pages/prison-locations.aspx,2018/01/01,IMAGERY/OTHER,2024/04/01,https://www.oregon.gov/doc/about/pages/prison-locations.aspx,MINIMUM,"286",0.000003468226623,0.007557764815896,"10001306",POR012,"339","339","5.30000019073486"
"2429","10002510",LONGVIEW REENTRY CENTER,1821 1ST AVE,LONGVIEW,WA,"98632","-999",(360) 577-2211,STATE,OPEN,"-999",COWLITZ,"53015",USA,"922140",CORRECTIONAL INSTITUTIONS,https://www.doc.wa.gov/corrections/incarceration/work-release/locations.htm#longview,2016/04/18,IMAGERY/OTHER,2024/05/09,https://www.doc.wa.gov/corrections/incarceration/work-release/locations.htm#longview,MINIMUM,"-999",0.000000214528882,0.002396956269499,"10002510",PWA013,,,"5.30000019073486"
"3130","10002968",OREGON STATE PENITENTIARY,2605 STATE ST,SALEM,OR,"97310","-999",(503) 378-2453,STATE,OPEN,"-999",MARION,"41047",USA,"922140",CORRECTIONAL INSTITUTIONS,https://www.oregon.gov/doc/about/pages/prison-locations.aspx,2018/01/01,IMAGERY/OTHER,2024/04/01,https://www.oregon.gov/doc/about/pages/prison-locations.aspx,MAXIMUM,"2194",0.000012665053873,0.019926478661032,"10002968",POR010,"2107","2107","5.80000019073486"
"5716","10002971",SANTIAM CORRECTIONAL INSTITUTION,4005 AUMSVILLE HWY SE,SALEM,OR,"97317","-999",(503) 378-5808,STATE,OPEN,"-999",MARION,"41047",USA,"922140",CORRECTIONAL INSTITUTIONS,https://www.oregon.gov/doc/about/pages/prison-locations.aspx,2018/01/01,IMAGERY/OTHER,2024/04/01,https://www.oregon.gov/doc/about/pages/prison-locations.aspx,MINIMUM,"440",0.000004378586254,0.010885831876993,"10002971",POR013,"480","480","5.80000019073486"
"5733","10001302",OREGON STATE CORRECTIONAL INSTITUTION,3405 DEER PARK DR SE,SALEM,OR,"97310","9385",(503) 373-0125,STATE,OPEN,"-999",MARION,"41047",USA,"922140",CORRECTIONAL INSTITUTIONS,https://www.oregon.gov/doc/about/pages/prison-locations.aspx,2018/01/01,IMAGERY/OTHER,2024/04/01,https://www.oregon.gov/doc/about/pages/prison-locations.aspx,MEDIUM,"888",0.000015122785044,0.016599272148562,"10001302",POR009,"893","893","5.76666673024495"
"5740","10001305",MILL CREEK CORRECTIONAL FACILITY,5465 TURNER ROAD SE,SALEM,OR,"97317","-999",(503) 378-2600,STATE,CLOSED,"-999",MARION,"41047",USA,"922140",CORRECTIONAL INSTITUTIONS,https://www.salemreporter.com/2021/01/28/why-salems-mill-creek-correctional-facility-will-be-shuttered-by-july/,2018/01/01,IMAGERY/OTHER,2024/04/01,https://www.salemreporter.com/2021/01/28/why-salems-mill-creek-correctional-facility-will-be-shuttered-by-july/,MINIMUM,"-999",0.000000109348548,0.001794921892830,"10001305",POR008,"289","289","5.69999980926514"
"6167","10006639",OREGON STATE HOSPITAL - SALEM,2600 CENTER STREET NE,SALEM,OR,"97301","-999",(503) 945-2800,STATE,OPEN,"-999",MARION,"41047",USA,"922140",CORRECTIONAL INSTITUTIONS,http://www.oregon.gov/OHA/OSH/Pages/About.aspx,2018/01/04,IMAGERY/OTHER,2024/04/01,http://www.oregon.gov/oha/OSH/Pages/index.aspx,NOT AVAILABLE,"620",0.000008115313449,0.016200422837654,"10006639",,,,"5.80000019073486"
"5725","10001294",EASTERN OREGON CORRECTIONAL INSTITUTION,2500 WESTGATE DR,PENDLETON,OR,"97801","9699",(541) 276-0700,STATE,OPEN,"-999",UMATILLA,"41059",USA,"922140",CORRECTIONAL INSTITUTIONS,https://www.oregon.gov/doc/about/pages/prison-locations.aspx,2018/01/01,IMAGERY/OTHER,2024/04/01,https://www.oregon.gov/doc/about/pages/prison-locations.aspx,MEDIUM,"1682",0.000012689502910,0.015159814133141,"10001294",POR007,"1708","1708","6.19999980926514"
"5724","10001295",TWO RIVERS CORRECTIONAL INSTITUTION,82911 BEACH ACCESS RD,UMATILLA,OR,"97882","-999",(541) 922-2001,STATE,OPEN,"-999",UMATILLA,"41059",USA,"922140",CORRECTIONAL INSTITUTIONS,https://www.oregon.gov/doc/about/pages/prison-locations.aspx,2018/01/01,IMAGERY/OTHER,2024/04/01,https://www.oregon.gov/doc/about/pages/prison-locations.aspx,MINIMUM,"1632",0.000015545117094,0.023911023642810,"10001295",POR018,"1746","1746","6.59999990463257"
"5724","10001295",TWO RIVERS CORRECTIONAL INSTITUTION,82911 BEACH ACCESS RD,UMATILLA,OR,"97882","-999",(541) 922-2001,STATE,OPEN,"-999",UMATILLA,"41059",USA,"922140",CORRECTIONAL INSTITUTIONS,https://www.oregon.gov/doc/about/pages/prison-locations.aspx,2018/01/01,IMAGERY/OTHER,2024/04/01,https://www.oregon.gov/doc/about/pages/prison-locations.aspx,MINIMUM,"1632",0.000015545117094,0.023911023642810,"10001295",POR019,"127","127","6.59999990463257"
"504","10001867",COUNCIL BLUFFS RESIDENTIAL CORRECTIONAL FACILITY,900 9TH AVENUE,COUNCIL BLUFFS,IA,"51501","-999",(712) 396-2245,STATE,OPEN,"-999",POTTAWATTAMIE,"19155",USA,"922140",CORRECTIONAL INSTITUTIONS,https://doc.iowa.gov/find-facility/fourth-district,2023/06/30,IMAGERY/OTHER,2024/04/02,https://doc.iowa.gov/find-facility/fourth-district,NOT AVAILABLE,"77",0.000000281680968,0.002853175957364,"10001867",PIA009,"62","62","7.19999980926514"
"5354","10004126",COMMUNITY CORRECTIONS CENTER - OMAHA,2320 AVENUE J,OMAHA,NE,"68110","-999",(402) 595-2010,STATE,OPEN,"-999",DOUGLAS,"31055",USA,"922140",CORRECTIONAL INSTITUTIONS,https://corrections.nebraska.gov/facilities/community-corrections-center-omaha,2017/09/30,IMAGERY/OTHER,2024/03/07,https://corrections.nebraska.gov/facilities/community-corrections-center-omaha,MINIMUM,"179",0.000000329149088,0.003433657539679,"10004126",PNE002,"160","160","7.5"
"6059","10004125",OMAHA CORRECTIONAL CENTER,2323 AVENUE J,OMAHA,NE,"68110","0099",(402) 595-3963,STATE,OPEN,"-999",DOUGLAS,"31055",USA,"922140",CORRECTIONAL INSTITUTIONS,https://corrections.nebraska.gov/facilities/omaha-correctional-center,2017/09/30,IMAGERY/OTHER,2024/03/07,https://corrections.nebraska.gov/facilities/omaha-correctional-center,MEDIUM,"766",0.000009922342542,0.013045927303109,"10004125",PNE008,"778","778","7.45000004768372"
"5352","10001739",NEBRASKA STATE PENITENTIARY,4201 S 14TH ST,LINCOLN,NE,"68502","-999",(402) 471-3161,STATE,OPEN,"-999",LANCASTER,"31109",USA,"922140",CORRECTIONAL INSTITUTIONS,https://corrections.nebraska.gov/facilities/nebraska-state-penitentiary,2017/09/30,IMAGERY/OTHER,2024/03/07,https://corrections.nebraska.gov/facilities/nebraska-state-penitentiary,MAXIMUM,"-999",0.000012561521999,0.014557676822744,"10001739",PNE007,"1368","1368","6.79999995231628"
"5362","10004137",DIAGNOSTIC AND EVALUATION CENTER,3220 W VAN DORN ST,LINCOLN,NE,"68522","9284",(402) 471-3330,STATE,OPEN,"489",LANCASTER,"31109",USA,"922140",CORRECTIONAL INSTITUTIONS,https://corrections.nebraska.gov/facilities/diagnostic-evaluation-center,2017/09/30,IMAGERY/OTHER,2024/03/11,https://corrections.nebraska.gov/facilities/diagnostic-evaluation-center,MAXIMUM,"275",0.000002826321861,0.007365707476689,"10004137",PNE003,"490","490","6.40000009536743"
"5363","10004138",LINCOLN CORRECTIONAL CENTER,3216 W VAN DORN ST,LINCOLN,NE,"68522","-999",(402) 471-2861,STATE,OPEN,"510",LANCASTER,"31109",USA,"922140",CORRECTIONAL INSTITUTIONS,https://corrections.nebraska.gov/facilities/diagnostic-evaluation-center,2017/09/30,IMAGERY/OTHER,2024/03/11,https://corrections.nebraska.gov/facilities/diagnostic-evaluation-center,MAXIMUM,"468",0.000009438470897,0.013020963445418,"10004138",PNE004,"524","524","6.40000009536743"
"6058","10006593",LINCOLN REGIONAL CENTER,WEST PROSPECTOR PLACE AND FOLSOM STREET,LINCOLN,NE,"68509","4949",(402) 479-5410,STATE,OPEN,"-999",LANCASTER,"31109",USA,"922140",CORRECTIONAL INSTITUTIONS,https://dhhs.ne.gov/Pages/Regional-Centers.aspx,2017/12/14,IMAGERY/OTHER,2024/03/07,https://dhhs.ne.gov/Pages/Regional-Centers.aspx,NOT AVAILABLE,"250",0.000025806551548,0.020694913048130,"10006593",,,,"6.59999990463257"
"6062","10004139",COMMUNITY CORRECTIONS CENTER - LINCOLN,2720 W VAN DORN ST,LINCOLN,NE,"68522","-999",(402) 471-0740,STATE,OPEN,"-999",LANCASTER,"31109",USA,"922140",CORRECTIONAL INSTITUTIONS,https://corrections.nebraska.gov/facilities/community-corrections-center-lincoln,2017/09/30,IMAGERY/OTHER,2024/03/07,https://corrections.nebraska.gov/facilities/community-corrections-center-lincoln,MINIMUM,"660",0.000002538992703,0.009376264419479,"10004139",PNE001,"556","556","6.45000004768372"
"2922","10001125",FPC YANKTON,1016 DOUGLAS AVE,YANKTON,SD,"57078","-999",(605) 665-3262,FEDERAL,OPEN,"428",YANKTON,"46135",USA,"922140",CORRECTIONAL INSTITUTIONS,https://www.bop.gov/locations/institutions/yan/,2016/02/16,IMAGERY/OTHER,2024/01/22,https://www.bop.gov/locations/institutions/yan/,MINIMUM,"-999",0.000006692313946,0.010258497262632,"10001125",FSD282,"480","480","6"
"6194","10001126",YANKTON COMMUNITY WORK CENTER,178 MICKELSON DR,YANKTON,SD,"57078","-999",(605) 668-3355,STATE,OPEN,"-999",YANKTON,"46135",USA,"922140",CORRECTIONAL INSTITUTIONS,https://doc.sd.gov/adult/facilities/ymu/,2017/11/30,IMAGERY/OTHER,2024/04/12,https://doc.sd.gov/adult/facilities/ymu/,MINIMUM,"-999",0.000000432293746,0.004025802040027,"10001126",PSD012,"295","295","5.90000009536743"
"5357","10006595",NORFOLK REGIONAL CENTER,1700 N VICTORY ROAD,NORFOLK,NE,"68702","1209",(402) 370-3400,STATE,OPEN,"-999",MADISON,"31119",USA,"922140",CORRECTIONAL INSTITUTIONS,https://dhhs.ne.gov/Pages/Regional-Centers.aspx,2017/12/14,IMAGERY/OTHER,2024/03/07,https://dhhs.ne.gov/Pages/Regional-Centers.aspx,NOT AVAILABLE,"120",0.000001587941142,0.006023980167033,"10006595",,,,"6.19999980926514"
"2994","10006374",HARRISBURG CCC,27 NORTH CAMERON STREET,HARRISBURG,PA,"17101","-999",(717) 787-4427,STATE,OPEN,"0",DAUPHIN,"42043",USA,"922140",CORRECTIONAL INSTITUTIONS,https://www.cor.pa.gov/Facilities/CommunityCorrections/Documents/Region%202.pdf,2017/10/10,UNVERIFIED,2024/04/10,NOT AVAILABLE,MINIMUM,"-999",0.000000103741058,0.001342409964850,"10006374",PPA002,"78","78","8.5"
"5737","10000733",SCI CAMP HILL,2500 LISBURN ROAD,CAMP HILL,PA,"17011","-999",(717) 737-4531,STATE,OPEN,"-999",CUMBERLAND,"42041",USA,"922140",CORRECTIONAL INSTITUTIONS,https://www.cor.pa.gov/About%20Us/Statistics/Documents/current%20monthly%20population.pdf,2017/11/30,IMAGERY/OTHER,2024/04/08,https://www.cor.pa.gov/Facilities/StatePrisons/Pages/Camp-Hill.aspx,NOT AVAILABLE,"2748",0.000024194499701,0.021862625122789,"10000733",PPA056,"3386","3386","8.5"
"2609","10005222",SCRANTON COMMUNITY CORRECTIONS CENTER,240 ADAMS AVE,SCRANTON,PA,"18503","-999",(570) 963-4215,STATE,OPEN,"0",LACKAWANNA,"42069",USA,"922140",CORRECTIONAL INSTITUTIONS,"http://www.cor.pa.gov/Facilities/CommunityCorrections/Pages/default.aspx, http://www.cor.pa.gov/Facilities/CommunityCorrections/Documents/What%20is%20Community%20Corrections.pdf",2017/10/10,IMAGERY/OTHER,2024/04/10,http://www.cor.pa.gov/Facilities/CommunityCorrections/Pages/default.aspx#.VmXGTrgrJaQ,NOT AVAILABLE,"36",0.000000039222641,0.000925844875629,"10005222",PPA007,"34","34","6.90000009536743"
"1500","10000720",MOSHANNON VALLEY PROCESSING CENTER,555 GEO DRIVE,PHILIPSBURG,PA,"16866","-999",(814) 768-1200,FEDERAL,OPEN,"1195",CLEARFIELD,"42033",USA,"922140",CORRECTIONAL INSTITUTIONS,https://www.ice.gov/detain/detention-management,2024/01/12,IMAGERY/OTHER,2024/02/06,https://www.geogroup.com/FacilityDetail/FacilityID/67,MINIMUM,"1876",0.000010059805163,0.012693920574454,"10000720",FPA259,"1780","1780","7.03333330154419"
"6151","10006375",YORK CCC,317 WEST MARKET STREET,YORK,PA,"17401","-999",(717) 771-4541,STATE,OPEN,"0",YORK,"42133",USA,"922140",CORRECTIONAL INSTITUTIONS,"https://www.cor.pa.gov/Facilities/CommunityCorrections/Documents/Region%202.pdf, http://www.cor.pa.gov/Facilities/CommunityCorrections/Documents/What%20is%20Community%20Corrections.pdf",2017/10/10,IMAGERY/OTHER,2024/04/10,NOT AVAILABLE,MINIMUM,"-999",0.000000022494532,0.000622263939937,"10006375",PPA010,"34","34","8.5"
"930","10003167",GOWANDA CORRECTIONAL FACILITY,"P O BOX 350, SOUTH RD",GOWANDA,NY,"14070","0350",(716) 532-0177,STATE,CLOSED,"-999",ERIE,"36029",USA,"922140",CORRECTIONAL INSTITUTIONS,https://www.wkbw.com/news/local-news/the-follow-up/one-year-later-gowanda-still-reeling-after-correctional-facilitys-closure,2016/11/16,IMAGERY/OTHER,2024/03/20,https://www.wkbw.com/news/local-news/the-follow-up/one-year-later-gowanda-still-reeling-after-correctional-facilitys-closure,MEDIUM,"-999",0.000028721197850,0.023964724695609,"10003167",PNY025,"1444","1444","5.69999996821086"
"6094","10003166",COLLINS CORRECTIONAL FACILITY,"P.O. BOX 490, MIDDLE RD",COLLINS,NY,"14034","0490",(716) 532-4588,STATE,OPEN,"-999",ERIE,"36029",USA,"922140",CORRECTIONAL INSTITUTIONS,https://doccs.ny.gov/location/collins-correctional-facility,2016/11/18,IMAGERY/OTHER,2024/03/13,https://doccs.ny.gov/location/collins-correctional-facility,MEDIUM,"-999",0.000009969011217,0.015157951071148,"10003166",PNY013,"951","951","5.70000004768372"
"5729","10006363",SCI BENNER TOWNSHIP,301 INSTITUTION DRIVE,BELLEFONTE,PA,"16823","-999",(814) 353-3630,STATE,OPEN,"1804",CENTRE,"42027",USA,"922140",CORRECTIONAL INSTITUTIONS,http://www.cor.pa.gov/About%20Us/Statistics/Pages/Monthly-Population-Reports.aspx,2017/11/30,IMAGERY/OTHER,2024/04/01,https://www.cor.pa.gov/Facilities/StatePrisons/Pages/Benner-Twp.aspx,MEDIUM,"2146",0.000019697625248,0.017273771248477,"10006363",PPA054,"1983","1983","7.54999995231628"
"6110","10003201",WOODBOURNE CORRECTIONAL FACILITY,99 PRISON RD,WOODBOURNE,NY,"12788","1000",(845) 434-7730,STATE,OPEN,"-999",SULLIVAN,"36105",USA,"922140",CORRECTIONAL INSTITUTIONS,https://doccs.ny.gov/location/woodbourne-correctional-facility,2017/03/01,IMAGERY/OTHER,2024/03/18,https://doccs.ny.gov/location/woodbourne-correctional-facility,MEDIUM,"853",0.000004691503591,0.012811079550795,"10003201",PNY062,"796","796","5.80000019073486"
"6087","10003192",ELMIRA CORRECTIONAL FACILITY,1879 DAVIS ST,ELMIRA,NY,"14901","0500",(607) 734-3901,STATE,OPEN,"-999",CHEMUNG,"36015",USA,"922140",CORRECTIONAL INSTITUTIONS,https://doccs.ny.gov/location/elmira-correctional-facility,2015/11/13,IMAGERY/OTHER,2024/03/13,https://doccs.ny.gov/location/elmira-correctional-facility,MAXIMUM,"-999",0.000014186457292,0.016849726542788,"10003192",PNY019,"1522","1522","6.19999980926514"
"5735","10003074",SCI FRACKVILLE,1111 ALTAMONT BLVD,FRACKVILLE,PA,"17931","2699",(570) 874-4516,STATE,OPEN,"-999",SCHUYLKILL,"42107",USA,"922140",CORRECTIONAL INSTITUTIONS,https://www.cor.pa.gov/About%20Us/Statistics/Documents/current%20monthly%20population.pdf,2017/11/30,IMAGERY/OTHER,2024/04/08,https://www.cor.pa.gov/Facilities/StatePrisons/Pages/Frackville.aspx,MAXIMUM,"1118",0.000010011022368,0.013667734826915,"10003074",PPA062,"1183","1183","7.5"
"5746","10003064",SCI COAL TOWNSHIP,1 KELLEY DR,COAL TOWNSHIP,PA,"17866","1020",(570) 644-7890,STATE,OPEN,"-999",NORTHUMBERLAND,"42097",USA,"922140",CORRECTIONAL INSTITUTIONS,http://www.cor.pa.gov/About%20Us/Statistics/Pages/Monthly-Population-Reports.aspx,2017/11/30,IMAGERY/OTHER,2024/04/08,https://www.cor.pa.gov/Facilities/StatePrisons/Pages/Coal-Twp.aspx,MEDIUM,"1916",0.000021255952788,0.020060790838452,"10003064",PPA058,"2153","2153","7.09999990463257"
"6162","10006376",ERIE CCC,137 WEST 2ND STREET,ERIE,PA,"16507","-999",(814) 456-9112,STATE,OPEN,"0",ERIE,"42049",USA,"922140",CORRECTIONAL INSTITUTIONS,https://www.yourerie.com/news/local-news/erie-community-corrections-facility-gives-tour-to-show-day-to-day-operations/,2017/10/10,IMAGERY/OTHER,2024/04/10,NOT AVAILABLE,MINIMUM,"-999",0.000000293107860,0.002688353805399,"10006376",PPA001,"82","82","6.5"
"6286","10001687",COYOTE RIDGE CORRECTIONS CENTER,1301 N EPHRATA AVE,CONNELL,WA,"99326","-999",(509) 543-5800,STATE,OPEN,"-999",FRANKLIN,"53021",USA,"922140",CORRECTIONAL INSTITUTIONS,https://www.doc.wa.gov/corrections/incarceration/prisons/contact.htm#crcc,2020/02/26,IMAGERY/OTHER,2024/05/03,https://www.doc.wa.gov/corrections/incarceration/prisons/crcc.htm,MEDIUM,"2468",0.000034653474813,0.033611697124893,"10001687",PWA009,,,"5"
"3114","10001678",FDC SEATAC,2425 S 200TH ST,SEATTLE,WA,"98198","-999",(206) 870-5700,FEDERAL,OPEN,"729",KING,"53033",USA,"922140",CORRECTIONAL INSTITUTIONS,https://www.bop.gov/locations/institutions/set/,2016/02/16,IMAGERY/OTHER,2024/01/22,https://www.bop.gov/locations/institutions/set/,MAXIMUM,"-999",0.000000614389137,0.003436046461393,"10001678",,,"729","6.40000009536743"
"3842","10006451",SOUTH CORRECTIONAL ENTITY REGIONAL JAIL,20817 17TH AVENUE SOUTH,DES MOINES,WA,"98198","-999",(206) 257-6200,MULTI,OPEN,"-999",KING,"53033",USA,"922140",CORRECTIONAL INSTITUTIONS,https://www.scorejail.org/,2017/10/16,IMAGERY/OTHER,2020/02/26,https://www.scorejail.org/,NOT AVAILABLE,"802",0.000001844260169,0.005981226676461,"10006451",,,,"6.59999990463257"
"3857","10002469",BISHOP LEWIS WORK RELEASE,703 8TH AVE,SEATTLE,WA,"98104","-999",(206) 464-7000,STATE,OPEN,"-999",KING,"53033",USA,"922140",CORRECTIONAL INSTITUTIONS,https://www.doc.wa.gov/corrections/incarceration/work-release/locations.htm#bishop-lewis,2017/03/27,IMAGERY/OTHER,2024/05/09,https://www.doc.wa.gov/corrections/incarceration/work-release/locations.htm#bishop-lewis,MINIMUM,"-999",0.000000054241355,0.000956807778895,"10002469",PWA004,,,"6.80000019073486"
"3900","10002463",PENINSULA REENTRY CENTER,1340 LLOYD PKWY,PORT ORCHARD,WA,"98367","-999",(360) 895-6158,STATE,OPEN,"-999",KITSAP,"53035",USA,"922140",CORRECTIONAL INSTITUTIONS,https://www.doc.wa.gov/corrections/incarceration/work-release/locations.htm#peninsula,2017/08/29,IMAGERY/OTHER,2024/05/09,https://www.doc.wa.gov/corrections/incarceration/work-release/locations.htm#peninsula,MINIMUM,"-999",0.000000859332886,0.004670550267088,"10002463",PWA019,,,"5.69999980926514"
"4068","10002470",HELEN B RATCLIFF WORK RELEASE,1531 13TH AVE S,SEATTLE,WA,"98144","-999",(206) 814-4602,STATE,OPEN,"-999",KING,"53033",USA,"922140",CORRECTIONAL INSTITUTIONS,https://www.doc.wa.gov/corrections/incarceration/work-release/locations.htm#helen-ratcliff,2017/03/28,IMAGERY/OTHER,2024/05/09,https://www.doc.wa.gov/corrections/incarceration/work-release/locations.htm#helen-ratcliff,MINIMUM,"-999",0.000000077771801,0.001246360000096,"10002470",PWA011,"27","27","6.69999980926514"
"4071","10002472",REYNOLDS REENTRY CENTER,410 4TH AVE,SEATTLE,WA,"98104","-999",(206) 464-6320,STATE,OPEN,"-999",KING,"53033",USA,"922140",CORRECTIONAL INSTITUTIONS,https://www.doc.wa.gov/corrections/incarceration/work-release/locations.htm#reynolds,2017/03/29,IMAGERY/OTHER,2024/05/09,https://www.doc.wa.gov/corrections/incarceration/work-release/locations.htm#reynolds,MINIMUM,"-999",0.000000079712208,0.001246283597379,"10002472",PWA023,"89","89","6.80000019073486"
"4840","10006669",SECURE COMMUNITY TRANSITION FACILITY - KING COUNTY,132 SOUTH SPOKANE STREET,SEATTLE,WA,"98134","-999",(360) 725-2300,STATE,OPEN,"-999",KING,"53033",USA,"922140",CORRECTIONAL INSTITUTIONS,https://www.dshs.wa.gov/ffa/office-capital-programs/secure-community-transition-facility-king-county,2018/01/18,IMAGERY/OTHER,2018/01/18,https://www.dshs.wa.gov/ffa/office-capital-programs/secure-community-transition-facility-king-county,NOT AVAILABLE,"6",0.000000142117642,0.001749609850571,"10006669",,,,"7.40000009536743"
"6270","10001676",MONROE CORRECTIONAL COMPLEX,16550 177TH AVE SE,MONROE,WA,"98272","-999",(360) 794-2600,STATE,OPEN,"-999",SNOHOMISH,"53061",USA,"922140",CORRECTIONAL INSTITUTIONS,https://www.doc.wa.gov/corrections/incarceration/prisons/mcc.htm,2020/02/26,IMAGERY/OTHER,2024/05/09,https://www.doc.wa.gov/corrections/incarceration/prisons/mcc.htm,MAXIMUM,"2400",0.000042916836264,0.041500177609305,"10001676",PWA016,,,"5.09999990463257"
"6274","10001684",WASHINGTON CORRECTIONS CENTER FOR WOMEN,9601 BUJACICH RD NW,GIG HARBOR,WA,"98332","8300",(253) 858-4200,STATE,OPEN,"-999",PIERCE,"53053",USA,"922140",CORRECTIONAL INSTITUTIONS,https://www.doc.wa.gov/corrections/incarceration/prisons/wccw.htm,2020/02/26,IMAGERY/OTHER,2024/05/09,https://www.doc.wa.gov/corrections/incarceration/prisons/wccw.htm,CLOSE,"738",0.000010795222806,0.014322967537028,"10001684",PWA028,,,"5.69999980926514"
"6312","10002471",MADISON INN WORK RELEASE,102 21ST AVE E,SEATTLE,WA,"98112","-999",(206) 720-3013,STATE,OPEN,"-999",KING,"53033",USA,"922140",CORRECTIONAL INSTITUTIONS,https://www.doc.wa.gov/corrections/incarceration/work-release/locations.htm,2015/06/01,IMAGERY/OTHER,2024/05/22,https://www.doc.wa.gov/corrections/incarceration/work-release/locations.htm,MINIMUM,"-999",0.000000040292889,0.000922308656220,"10002471",,,,"6.19999980926514"
"4053","10002440",BELLINGHAM WORK RELEASE,1127 N GARDEN ST,BELLINGHAM,WA,"98225","-999",(360) 676-2150,STATE,OPEN,"-999",WHATCOM,"53073",USA,"922140",CORRECTIONAL INSTITUTIONS,https://www.doc.wa.gov/corrections/incarceration/work-release/locations.htm#bellingham,2016/04/21,IMAGERY/OTHER,2024/05/09,https://www.doc.wa.gov/corrections/incarceration/work-release/locations.htm#bellingham,MINIMUM,"-999",0.000000080984137,0.001326422019617,"10002440",PWA003,"47","47","4.59999990463257"
"4066","10002493",OLYMPIA REENTRY CENTER,1800 11TH AVE SW,OLYMPIA,WA,"98502","-999",(360) 586-2731,STATE,OPEN,"-999",THURSTON,"53067",USA,"922140",CORRECTIONAL INSTITUTIONS,https://www.doc.wa.gov/corrections/incarceration/work-release/locations.htm#olympia,2016/04/19,IMAGERY/OTHER,2024/05/09,https://www.doc.wa.gov/corrections/incarceration/work-release/locations.htm#olympia,MINIMUM,"-999",0.000000096569238,0.001315436596157,"10002493",PWA017,"24","24","5.30000019073486"
"3924","10006219",AHTANUM VIEW REENTRY CENTER,2009 S 64TH AVE,YAKIMA,WA,"98903","-999",(509) 573-6318,STATE,OPEN,"-999",YAKIMA,"53077",USA,"922140",CORRECTIONAL INSTITUTIONS,https://www.doc.wa.gov/corrections/incarceration/work-release/locations.htm#ahtanum-view,2015/11/17,IMAGERY/OTHER,2024/05/22,https://www.doc.wa.gov/corrections/incarceration/work-release/locations.htm#ahtanum-view,MINIMUM,"-999",0.000001414496637,0.006139916095151,"10006219",PWA001,"51","51","7.59999990463257"
"5561","10002857",GIST STATE JAIL,3295 FM 3514,BEAUMONT,TX,"77705","-999",(409) 727-8400,STATE,OPEN,"-999",JEFFERSON,"48245",USA,"922140",CORRECTIONAL INSTITUTIONS,https://www.tdcj.texas.gov/unit_directory/bj.html,2016/09/15,IMAGERY/OTHER,2024/04/22,https://www.tdcj.texas.gov/unit_directory/bj.html,MAXIMUM,"2276",0.000009739054804,0.013855945140042,"10002857",PTX090,"1961","1961","8.25"
"5612","10002858",LEBLANC PRE-RELEASE FACILITY,3695 FM 3514,BEAUMONT,TX,"77705","-999",(409) 724-1515,STATE,OPEN,"1216",JEFFERSON,"48245",USA,"922140",CORRECTIONAL INSTITUTIONS,https://www.tdcj.texas.gov/unit_directory/ba.html,2016/09/15,IMAGERY/OTHER,2024/04/22,https://www.tdcj.texas.gov/unit_directory/ba.html,MEDIUM,"1224",0.000005860239980,0.009289863831654,"10002858",PTX111,"1131","1131","8.20000028610229"
"5629","10000229",STILES UNIT,3060 FM 3514,BEAUMONT,TX,"77705","-999",(409) 722-5255,STATE,OPEN,"-999",JEFFERSON,"48245",USA,"922140",CORRECTIONAL INSTITUTIONS,https://www.tdcj.texas.gov/unit_directory/st.html,2016/09/15,IMAGERY/OTHER,2024/04/23,https://www.tdcj.texas.gov/unit_directory/st.html,MEDIUM,"2887",0.000022416292950,0.018130426131649,"10000229",PTX099,"2920","2920","8.06666660308838"
"3065","10004095",FCI OAKDALE I,1507 EAST WHATLEY ROAD,OAKDALE,LA,"71463","-999",(318) 335-4070,FEDERAL,OPEN,"837",ALLEN,"22003",USA,"922140",CORRECTIONAL INSTITUTIONS,https://www.bop.gov/locations/institutions/oak/,2016/02/16,IMAGERY/OTHER,2024/01/19,https://www.bop.gov/locations/institutions/oak/,MINIMUM,"-999",0.000017151157863,0.015624553644656,"10004095",FLA151,"1181","1181","7.25000011920929"
"3109","10006197",FCI OAKDALE II CAMP,2105 EAST WHATLEY,OAKDALE,LA,"71463","-999",(318) 335-4466,FEDERAL,OPEN,"122",ALLEN,"22003",USA,"922140",CORRECTIONAL INSTITUTIONS,https://www.bop.gov/locations/institutions/oad/,2016/02/16,IMAGERY/OTHER,2024/01/19,https://www.bop.gov/locations/institutions/oad/,MINIMUM,"-999",0.000002835304713,0.007690764162630,"10006197",,,"122","7.30000019073486"
"3110","10000968",FCI OAKDALE II,2105 EAST WHATLEY ROAD,OAKDALE,LA,"71463","-999",(318) 335-4466,FEDERAL,OPEN,"1035",ALLEN,"22003",USA,"922140",CORRECTIONAL INSTITUTIONS,https://www.bop.gov/locations/institutions/oad/,2016/02/16,IMAGERY/OTHER,2024/01/19,https://www.bop.gov/locations/institutions/oad/,MINIMUM,"-999",0.000012041090713,0.013305818803901,"10000968",FLA152,"1003","1003","7.27500009536743"
"1323","10006311",ALEXANDRIA STAGING FACILITY,96 GEORGE THOMPSON DR,ALEXANDRIA,LA,"71303","-999",(318) 483-1600,FEDERAL,OPEN,"280",RAPIDES,"22079",USA,"922140",CORRECTIONAL INSTITUTIONS,https://www.ice.gov/detain/detention-management,2024/01/12,IMAGERY/OTHER,2024/02/05,https://www.geogroup.com/FacilityDetail/FacilityID/25,MINIMUM,"400",0.000000686926796,0.003678031784291,"10006311",,,"280","7.90000009536743"
"2345","10004250",HINDS COUNTY RESTITUTION CENTER,429 S GALLATIN ST,JACKSON,MS,"39203","-999",(601) 354-0062,STATE,CLOSED,"0",HINDS,"28049",USA,"922140",CORRECTIONAL INSTITUTIONS,https://www.mdoc.ms.gov/general-public/daily-inmate-population-2021-2022,2024/02/25,IMAGERY/OTHER,2024/03/04,NOT AVAILABLE,MINIMUM,"-999",0.000000211306087,0.002093068769225,"10004250",,,"0","8.69999980926514"
"2903","10001811",FCI YAZOO CITY LOW,2225 HALEY BARBOUR PARKWAY,YAZOO CITY,MS,"39194","-999",(662) 751-4800,FEDERAL,OPEN,"1301",YAZOO,"28163",USA,"922140",CORRECTIONAL INSTITUTIONS,https://www.bop.gov/locations/institutions/yaz/,2016/02/16,IMAGERY/OTHER,2024/01/19,https://www.bop.gov/locations/institutions/yaz/,MINIMUM,"-999",0.000019142613610,0.017445068358778,"10001811",FMS186,"2197","2197","7.96666669845581"
"2909","10001812",FCI YAZOO CITY MEDIUM,2225 HALEY BARBOUR PARKWAY,YAZOO CITY,MS,"39194","-999",(662) 716-1020,FEDERAL,OPEN,"1347",YAZOO,"28163",USA,"922140",CORRECTIONAL INSTITUTIONS,https://www.bop.gov/locations/institutions/yam/,2016/02/16,IMAGERY/OTHER,2024/01/19,https://www.bop.gov/locations/institutions/yam/,MEDIUM,"-999",0.000019031743022,0.017545162682685,"10001812",FMS188,"1343","1343","7.85000014305115"
"2913","10006198",USP YAZOO CITY,2225 HALEY BARBOUR PARKWAY,YAZOO CITY,MS,"39194","-999",(662) 716-1241,FEDERAL,OPEN,"1488",YAZOO,"28163",USA,"922140",CORRECTIONAL INSTITUTIONS,https://www.bop.gov/locations/institutions/yap/,2016/02/16,IMAGERY/OTHER,2024/01/19,https://www.bop.gov/locations/institutions/yap/,MEDIUM,"-999",0.000015481220771,0.016777001494129,"10006198",FMS189,"629","629","8"
"3053","10004241",FCI YAZOO CITY LOW CAMP,2225 HALEY BARBOUR PARKWAY,YAZOO CITY,MS,"39194","-999",(662) 751-4800,FEDERAL,OPEN,"95",YAZOO,"28163",USA,"922140",CORRECTIONAL INSTITUTIONS,https://www.bop.gov/locations/institutions/yaz/,2016/02/16,IMAGERY/OTHER,2024/01/19,https://www.bop.gov/locations/institutions/yaz/,MINIMUM,"-999",0.000006385329698,0.010414916726742,"10004241",,,"95","7.59999990463257"
"840","10002129",BALDWIN STATE PRISON,140 LAYING FARM RD,HARDWICK,GA,"31034","-999",(478) 445-5218,STATE,OPEN,"658",BALDWIN,"13009",USA,"922140",CORRECTIONAL INSTITUTIONS,https://gdc.georgia.gov/locations,2024/02/01,IMAGERY/OTHER,2024/02/20,https://gdc.georgia.gov/locations/baldwin-state-prison,MEDIUM,"925",0.000006953957609,0.014192716474230,"10002129",PGA018,"932","932","7.35000014305115"
"824","10006153",AUGUSTA STATE MEDICAL PRISON,3001 GORDON HWY,GROVETOWN,GA,"30813","-999",(706) 855-4700,STATE,OPEN,"1209",COLUMBIA,"13073",USA,"922140",CORRECTIONAL INSTITUTIONS,https://gdc.georgia.gov/locations,2024/02/01,IMAGERY/OTHER,2024/02/20,https://gdc.georgia.gov/locations/augusta-state-med-prison,CLOSE,"1326",0.000012309893918,0.016626970002725,"10006153",PGA010,"1191","1191","7.59999990463257"
"4101","10004475",AUGUSTA TRANSITIONAL CENTER,601 TAYLOR STREET,AUGUSTA,GA,"30906","-999",(706) 721-1650,STATE,OPEN,"228",RICHMOND,"13245",USA,"922140",CORRECTIONAL INSTITUTIONS,https://gdc.georgia.gov/locations,2024/02/01,IMAGERY/OTHER,2024/04/01,https://gdc.georgia.gov/locations/augusta-transitional-center,MINIMUM,"205",0.000000531005526,0.003615859986527,"10004475",PGA011,"228","228","8.89999961853027"
"2069","10002147",WARE STATE PRISON,3620 HARRIS ROAD,WAYCROSS,GA,"31503","-999",(912) 285-6400,STATE,OPEN,"1426",WARE,"13299",USA,"922140",CORRECTIONAL INSTITUTIONS,https://gdc.georgia.gov/locations,2024/02/01,IMAGERY/OTHER,2024/02/20,https://gdc.georgia.gov/locations/ware-state-prison,CLOSE,"1546",0.000013207730490,0.014915463956821,"10002147",PGA112,"1471","1471","7.80000019073486"
"911","10000284",HAYS STATE PRISON,777 UNDERWOOD DRIVE,TRION,GA,"30753","-999",(706) 857-0400,STATE,OPEN,"1096",CHATTOOGA,"13055",USA,"922140",CORRECTIONAL INSTITUTIONS,https://gdc.georgia.gov/locations,2024/02/01,IMAGERY/OTHER,2024/02/20,https://gdc.georgia.gov/locations/hays-state-prison,CLOSE,"1101",0.000011168695210,0.012804726156399,"10000284",PGA060,"1026","1026","7.69999980926514"
"931","10000304",RUTLEDGE STATE PRISON,7175 MANOR ROAD,COLUMBUS,GA,"31907","-999",(706) 568-2340,STATE,OPEN,"611",MUSCOGEE,"13215",USA,"922140",CORRECTIONAL INSTITUTIONS,https://gdc.georgia.gov/locations,2024/02/01,IMAGERY/OTHER,2024/02/20,https://gdc.georgia.gov/locations/rutledge-state-prison,MEDIUM,"640",0.000005817306146,0.010073209123989,"10000304",PGA093,"609","609","8.5"
"2101","10001426",COLUMBUS TRANSITIONAL CENTER,3900 SCHATULGA ROAD,COLUMBUS,GA,"31907","-999",(706) 568-2167,STATE,OPEN,"138",MUSCOGEE,"13215",USA,"922140",CORRECTIONAL INSTITUTIONS,https://gdc.georgia.gov/locations,2024/02/01,IMAGERY/OTHER,2024/04/01,https://gdc.georgia.gov/locations/columbus-transitional-center,MINIMUM,"182",0.000000440922349,0.003111489754678,"10001426",PGA038,"140","140","8.5"
"4112","10001423",MACON TRANSITIONAL CENTER,200 HENRY ST,MACON,GA,"31206","-999",(478) 751-6090,STATE,OPEN,"154",BIBB,"13021",USA,"922140",CORRECTIONAL INSTITUTIONS,https://gdc.georgia.gov/locations,2024/02/01,IMAGERY/OTHER,2024/04/01,https://gdc.georgia.gov/locations/macon-transitional-center,MINIMUM,"156",0.000000506989409,0.003767234101075,"10001423",PGA070,"156","156","7.80000019073486"
"1710","10003928",CHARLES D. HUDSON TRANSITIONAL CENTER,100 JIM HESTER ROAD,LAGRANGE,GA,"30241","-999",(706) 845-4018,STATE,OPEN,"152",TROUP,"13285",USA,"922140",CORRECTIONAL INSTITUTIONS,https://gdc.georgia.gov/locations,2024/02/01,IMAGERY/OTHER,2024/04/01,https://gdc.georgia.gov/locations/charles-d-hudson-transitional-center,MINIMUM,"155",0.000000421200184,0.002933142416472,"10003928",PGA027,"155","155","7.90000009536743"
"1764","10000319",FSL JESUP,2600 HIGHWAY 301 SOUTH,JESUP,GA,"31599","-999",(912) 427-0870,FEDERAL,OPEN,"479",WAYNE,"13305",USA,"922140",CORRECTIONAL INSTITUTIONS,https://www.bop.gov/locations/institutions/jes/,2016/02/16,IMAGERY/OTHER,2024/01/19,https://www.bop.gov/locations/institutions/jes/,MINIMUM,"-999",0.000007103214330,0.010410524572250,"10000319",,,"479","7.09999990463257"
"2029","10000320",FCI JESUP,2600 HIGHWAY 301 SOUTH,JESUP,GA,"31599","-999",(912) 427-0870,FEDERAL,OPEN,"1050",WAYNE,"13305",USA,"922140",CORRECTIONAL INSTITUTIONS,https://www.bop.gov/locations/institutions/jes/,2019/10/23,IMAGERY/OTHER,2024/01/19,https://www.bop.gov/locations/institutions/jes/,MEDIUM,"-999",0.000016454794832,0.017037985588310,"10000320",FGA102,"1698","1698","7"
"3060","10006195",FCI JESUP CAMP,2600 HIGHWAY 301 SOUTH,JESUP,GA,"31599","-999",(912) 427-0870,FEDERAL,OPEN,"111",WAYNE,"13305",USA,"922140",CORRECTIONAL INSTITUTIONS,https://www.bop.gov/locations/institutions/jes/,2019/10/23,IMAGERY/OTHER,2024/01/19,https://www.bop.gov/locations/institutions/jes/,MINIMUM,"-999",0.000000219609547,0.002677387954685,"10006195",,,"111","6.90000009536743"
"807","10000314",COASTAL STATE PRISON,200 GULF STREAM RD,GARDEN CITY,GA,"31418","-999",(912) 966-6799,STATE,OPEN,"1589",CHATHAM,"13051",USA,"922140",CORRECTIONAL INSTITUTIONS,https://gdc.georgia.gov/locations,2024/02/01,IMAGERY/OTHER,2024/02/20,https://gdc.georgia.gov/locations/coastal-state-prison,MEDIUM,"1836",0.000009407736798,0.011989586510194,"10000314",PGA033,"1681","1681","8.19999980926514"
"2106","10004500",MCEVER PROBATION DETENTION CENTER,2100 KINGS CHAPEL ROAD,PERRY,GA,"31069","-999",(478) 988-7024,STATE,OPEN,"-999",HOUSTON,"13153",USA,"922140",CORRECTIONAL INSTITUTIONS,https://gdc.georgia.gov/locations,2024/02/21,IMAGERY/OTHER,2024/02/21,https://gdc.georgia.gov/locations/mcever-detention-center,MINIMUM,"-999",0.000002057951633,0.005776650668580,"10004500",,,,"7.30000019073486"
"1176","10001222",MONTGOMERY WOMEN'S FACILITY,12085 WARES FERRY RD,MONTGOMERY,AL,"36117","-999",(334) 215-0756,STATE,OPEN,"238",MONTGOMERY,"01101",USA,"922140",CORRECTIONAL INSTITUTIONS,https://doc.alabama.gov/docs/MonthlyRpts/November%202023.pdf,2023/11/30,IMAGERY/OTHER,2024/02/08,https://doc.alabama.gov/facility?loc=18,MEDIUM,"288",0.000002253685807,0.006147114333234,"10001222",PAL033,"268","268","8.42499995231628"
"3017","10000141",FPC MONTGOMERY,MAXWELL AIR FORCE BASE,MONTGOMERY,AL,"36112","-999",(334) 293-2100,FEDERAL,OPEN,"598",MONTGOMERY,"01101",USA,"922140",CORRECTIONAL INSTITUTIONS,https://www.bop.gov/locations/institutions/mon/,2016/02/16,IMAGERY/OTHER,2024/01/11,https://www.bop.gov/locations/institutions/mon/,MINIMUM,"-999",0.000014995907350,0.017640836706492,"10000141",FAL007,"744","744","8.89999961853027"
"3230","10001221",KILBY CORRECTIONAL FACILITY,12201 WARES FERRY RD,MONTGOMERY,AL,"36117","-999",(334) 215-6600,STATE,OPEN,"1173",MONTGOMERY,"01101",USA,"922140",CORRECTIONAL INSTITUTIONS,https://doc.alabama.gov/docs/MonthlyRpts/November%202023.pdf,2023/11/30,IMAGERY/OTHER,2024/02/08,https://doc.alabama.gov/facility?loc=36,CLOSE,"1461",0.000005635937669,0.010876805459200,"10001221",PAL027,"1417","1417","8.40000009536743"
"1169","10006241",JULIA TUTWILER PRISON FOR WOMEN ANNEX,8966 US HWY 231 N,WETUMPKA,AL,"36092","-999",(334) 567-4369,STATE,OPEN,"231",ELMORE,"01051",USA,"922140",CORRECTIONAL INSTITUTIONS,https://doc.alabama.gov/docs/MonthlyRpts/November%202023.pdf,2023/11/30,IMAGERY/OTHER,2024/02/08,https://doc.alabama.gov/facility?loc=5,MEDIUM,"250",0.000000811720611,0.003753734857443,"10006241",PAL040,"248","248","8.30000019073486"
"3201","10001216",JULIA TUTWILER PRISON FOR WOMEN,8966 US HWY 231 N,WETUMPKA,AL,"36092","-999",(334) 567-4369,STATE,OPEN,"612",ELMORE,"01051",USA,"922140",CORRECTIONAL INSTITUTIONS,https://doc.alabama.gov/docs/MonthlyRpts/November%202023.pdf,2023/11/30,IMAGERY/OTHER,2024/02/08,https://doc.alabama.gov/facility?loc=5,CLOSE,"734",0.000003893570693,0.010767127800563,"10001216",PAL024,"660","660","8.30000019073486"
"3206","10001204",BIRMINGHAM COMMUNITY BASED FACILITY / COMMUNITY WORK CENTER,1216 25TH ST N,BIRMINGHAM,AL,"35234","3196",(205) 252-2994,STATE,OPEN,"234",JEFFERSON,"01073",USA,"922140",CORRECTIONAL INSTITUTIONS,https://doc.alabama.gov/docs/MonthlyRpts/November%202023.pdf,2023/11/30,IMAGERY/OTHER,2024/02/08,https://doc.alabama.gov/facility?loc=23,MINIMUM,"268",0.000000171070269,0.001679748472498,"10001204",PAL004,"262","262","9.60000038146973"
"1156","10003698",NORTH ALABAMA COMMUNITY BASED FACILITY / COMMUNITY WORK CENTER,1401 STATE HIGHWAY 20 WEST,DECATUR,AL,"35601","-999",(256) 350-0876,STATE,OPEN,"656",MORGAN,"01103",USA,"922140",CORRECTIONAL INSTITUTIONS,https://doc.alabama.gov/docs/MonthlyRpts/November%202023.pdf,2023/11/30,IMAGERY/OTHER,2024/02/08,https://doc.alabama.gov/facility?loc=34,MINIMUM,"703",0.000002602869017,0.007273253223955,"10003698",PAL034,"580","580","8.10000038146973"
"3320","10001210",TAYLOR HARDIN SECURE MEDICAL FACILITY,1301 JACK WARNER PARKWAY NE,TUSCALOOSA,AL,"35404","-999",(205) 462-4550,STATE,OPEN,"-999",TUSCALOOSA,"01125",USA,"922140",CORRECTIONAL INSTITUTIONS,https://mh.alabama.gov/taylor-hardin-secure-medical-facility/,2024/02/08,IMAGERY/OTHER,2024/02/08,https://mh.alabama.gov/taylor-hardin-secure-medical-facility/,MAXIMUM,"-999",0.000002794761485,0.006934547273544,"10001210",,,,"8.19999980926514"
"1175","10000150",MOBILE COMMUNITY BASED FACILITY / COMMUNITY WORK CENTER,2423 N BELTLINE HWY,PRITCHARD,AL,"36610","-999",(251) 452-0098,STATE,OPEN,"189",MOBILE,"01097",USA,"922140",CORRECTIONAL INSTITUTIONS,https://doc.alabama.gov/docs/MonthlyRpts/November%202023.pdf,2023/11/30,IMAGERY/OTHER,2024/02/08,https://doc.alabama.gov/facility?loc=12,MINIMUM,"221",0.000000415118620,0.002519980516963,"10000150",PAL031,"202","202","8.60000038146973"
"3428","10004264",PASCAGOULA RESTITUTION CENTER,1721 E KENNETH AVE,PASCAGOULA,MS,"39567","-999",(228) 201-1494,STATE,OPEN,"-999",JACKSON,"28059",USA,"922140",CORRECTIONAL INSTITUTIONS,https://www.mdoc.ms.gov/general-public/daily-inmate-population-2021-2022,2024/02/25,IMAGERY/OTHER,2024/03/04,https://www.mdoc.ms.gov/facilities/pascagoula-restitution-center,MINIMUM,"-999",0.000000188448894,0.001863831433542,"10004264",,,,"9.30000019073486"
"6238","10003464","UTAH STATE PRISON, DRAPER - NORTH COMPLEX",WEST 13800 SOUTH,DRAPER,UT,"84020","-999",(801) 576-7000,STATE,OPEN,"-999",SALT LAKE,"49035",USA,"922140",CORRECTIONAL INSTITUTIONS,https://corrections.utah.gov/utah-state-correctional-facility/,2020/02/20,IMAGERY/OTHER,2024/04/26,https://corrections.utah.gov/utah-state-correctional-facility/,MAXIMUM,"3600",0.000020328284791,0.028323585229682,"10003464",,,,"6.69999996821086"
"6247","10003465","UTAH STATE PRISON, DRAPER - SOUTH COMPLEX",14425 BITTERBRUSH LANE,DRAPER,UT,"84020","-999",(801) 576-7000,STATE,OPEN,"-999",SALT LAKE,"49035",USA,"922140",CORRECTIONAL INSTITUTIONS,https://corrections.utah.gov/utah-state-correctional-facility/,2018/01/17,IMAGERY/OTHER,2024/04/26,https://corrections.utah.gov/utah-state-correctional-facility/,MAXIMUM,"3600",0.000024393364583,0.035424176679066,"10003465",PUT008,"3443","3443","6.59999990463257"
"158","10002616",UTAH COUNTY JAIL,3075 N MAIN ST,SPANISH FORK,UT,"84660","-999",(801) 851-4302,COUNTY,OPEN,"-999",UTAH,"49049",USA,"922140",CORRECTIONAL INSTITUTIONS,https://sheriff.utahcounty.gov/corrections,2024/02/06,IMAGERY/OTHER,2024/02/06,https://sheriff.utahcounty.gov/corrections,MAXIMUM,"-999",0.000002215421318,0.010182675767366,"10002616",,,,"6"
"4809","10005949",NORTHWEST COMMUNITY CORRECTIONS CENTER,1740 E GYPSY LANE RD,BOWLING GREEN,OH,"43402","-999",(419) 354-7444,STATE,OPEN,"54",WOOD,"39173",USA,"922140",CORRECTIONAL INSTITUTIONS,https://www.drc.ohio.gov/northwest,2017/03/21,IMAGERY/OTHER,2024/06/03,https://www.drc.ohio.gov/northwest,MINIMUM,"64",0.000000292310233,0.002447622612838,"10005949",,,"54","7.59999990463257"
"4983","10003348",NORTHEAST REINTEGRATION CENTER,2675 E 30TH ST,CLEVELAND,OH,"44115","-999",(216) 771-6460,STATE,OPEN,"-999",CUYAHOGA,"39035",USA,"922140",CORRECTIONAL INSTITUTIONS,https://drc.ohio.gov/about/facilities/northeast-reintegration-center/northeast-reintegration-center,2017/05/19,IMAGERY/OTHER,2024/03/25,https://drc.ohio.gov/about/facilities/northeast-reintegration-center/northeast-reintegration-center,MINIMUM,"-999",0.000004888273907,0.008889167184850,"10003348",POH033,"620","620","9.34999990463257"
"5135","10006186",NANCY MCDONNELL COMMUNITY CORRECTIONAL FACILITY,3540 CROTON AVE,CLEVELAND,OH,"44115","-999",(216) 698-3100,STATE,OPEN,"160",CUYAHOGA,"39035",USA,"922140",CORRECTIONAL INSTITUTIONS,http://cbcf.cuyahogacounty.us/,2017/03/21,IMAGERY/OTHER,2024/06/03,http://cbcf.cuyahogacounty.us/,MINIMUM,"220",0.000001290340151,0.005088836794622,"10006186",,,"160","9.30000019073486"
"4041","10006623",LEBANON CORRECTIONAL INSTITUTION CAMP,3791 STATE ROUTE 63,LEBANON,OH,"45036","-999",(513) 932-1211,STATE,OPEN,"167",WARREN,"39165",USA,"922140",CORRECTIONAL INSTITUTIONS,https://drc.ohio.gov/about/facilities/lebanon-correctional/lebanon-correctional-institution,2017/05/05,IMAGERY/OTHER,2024/03/25,https://drc.ohio.gov/about/facilities/lebanon-correctional/lebanon-correctional-institution,MINIMUM,"-999",0.000002993836233,0.006980632007253,"10006623",,,"167","9.60000038146973"
"5025","10003432",WARREN CORRECTIONAL INSTITUTION,5787 STATE ROUTE 63,LEBANON,OH,"45036","-999",(513) 932-3388,STATE,OPEN,"-999",WARREN,"39165",USA,"922140",CORRECTIONAL INSTITUTIONS,https://drc.ohio.gov/about/facilities/warren-correctional/warren-correctional,2017/12/04,IMAGERY/OTHER,2024/03/26,https://drc.ohio.gov/about/facilities/warren-correctional/warren-correctional,CLOSE,"-999",0.000016528633296,0.015677379801371,"10003432",POH065,"1336","1336","9.75"
"5029","10003434",COMMUNITY CORRECTIONAL CENTER,5234 STATE ROUTE 63,LEBANON,OH,"45036","-999",(513) 933-9304,STATE,OPEN,"-999",WARREN,"39165",USA,"922140",CORRECTIONAL INSTITUTIONS,https://www.drc.ohio.gov/ccc,2017/12/22,IMAGERY/OTHER,2024/06/03,https://www.drc.ohio.gov/ccc,NOT AVAILABLE,"110",0.000000676180662,0.003913705066915,"10003434",POH066,"105","105","9.55000019073486"
"5120","10003433",LEBANON CORRECTIONAL INSTITUTION,3791 STATE ROUTE 63,LEBANON,OH,"45036","-999",(513) 932-1211,STATE,OPEN,"-999",WARREN,"39165",USA,"922140",CORRECTIONAL INSTITUTIONS,https://drc.ohio.gov/about/facilities/lebanon-correctional/lebanon-correctional-institution,2017/12/04,IMAGERY/OTHER,2024/03/25,https://drc.ohio.gov/about/facilities/lebanon-correctional/lebanon-correctional-institution,MAXIMUM,"-999",0.000015576045826,0.016071984418996,"10003433",POH024,"2244","2244","9.35000038146973"
"1045","10000277",G ROBERT COTTON CORRECTIONAL FACILITY,3500 N ELM RD,JACKSON,MI,"49201","-999",(517) 780-5000,STATE,OPEN,"-999",JACKSON,"26075",USA,"922140",CORRECTIONAL INSTITUTIONS,https://www.michigan.gov/corrections/prisons,2024/02/29,IMAGERY/OTHER,2024/02/29,https://www.michigan.gov/corrections/prisons/g-robert-cotton-correctional-facility,MAXIMUM,"-999",0.000018833715103,0.017472701480007,"10000277",PMI016,"1776","1776","6.92500007152557"
"1055","10001386",PARNALL CORRECTIONAL FACILITY,1780 E PARNALL RD,JACKSON,MI,"49201","-999",(517) 780-6004,STATE,OPEN,"-999",JACKSON,"26075",USA,"922140",CORRECTIONAL INSTITUTIONS,https://www.michigan.gov/corrections/prisons,2024/02/29,IMAGERY/OTHER,2024/02/29,https://www.michigan.gov/corrections/prisons/parnall-correctional-facility,MINIMUM,"-999",0.000024107707532,0.033796703042944,"10001386",PMI034,"1655","1655","6.90000009536743"
"1148","10000278",COOPER STREET CORRECTIONAL FACILITY,3100 COOPER ST,JACKSON,MI,"49201","-999",(517) 780-6175,STATE,OPEN,"-999",JACKSON,"26075",USA,"922140",CORRECTIONAL INSTITUTIONS,https://www.michigan.gov/corrections/prisons,2024/02/29,IMAGERY/OTHER,2024/02/29,https://www.michigan.gov/corrections/prisons/cooper-street-correctional-facility,MINIMUM,"1752",0.000010505417094,0.013555854857536,"10000278",PMI012,"1742","1742","6.90000009536743"
"3150","10003846",CHARLES EGELER RECEPTION & GUIDANCE CENTER,3855 COOPER ST,JACKSON,MI,"49201","7547",(517) 780-5600,STATE,OPEN,"-999",JACKSON,"26075",USA,"922140",CORRECTIONAL INSTITUTIONS,https://www.michigan.gov/corrections/prisons,2024/02/29,IMAGERY/OTHER,2024/02/29,https://www.michigan.gov/corrections/prisons/charles-e-egeler-reception-and-guidance-center,MEDIUM,"-999",0.000013539189467,0.018763671752125,"10003846",PMI006,"1052","1052","6.90000009536743"
"4779","10003372",OHIO STATE PENITENTIARY,878 COITSVILLE-HUBBARD RD,YOUNGSTOWN,OH,"44505","-999",(330) 743-0700,STATE,OPEN,"-999",MAHONING,"39099",USA,"922140",CORRECTIONAL INSTITUTIONS,https://drc.ohio.gov/about/facilities/ohio-state-penitentiary/ohio-state-penitentiary,2017/12/04,IMAGERY/OTHER,2020/02/20,https://drc.ohio.gov/about/facilities/ohio-state-penitentiary/ohio-state-penitentiary,MAXIMUM,"-999",0.000004204096740,0.008254207795315,"10003372",POH035,"482","482","7.15000009536743"
"4889","10006624",OHIO STATE PENITENTIARY CAMP,878 COITSVILLE-HUBBARD RD,YOUNGSTOWN,OH,"44505","-999",(330) 743-0700,STATE,OPEN,"-999",MAHONING,"39099",USA,"922140",CORRECTIONAL INSTITUTIONS,https://drc.ohio.gov/about/facilities/ohio-state-penitentiary/ohio-state-penitentiary,2016/04/29,IMAGERY/OTHER,2024/03/25,https://drc.ohio.gov/about/facilities/ohio-state-penitentiary/ohio-state-penitentiary,MINIMUM,"-999",0.000002167915909,0.005641044456481,"10006624",,,,"7"
"4959","10000978",NORTHEAST OHIO CORRECTIONAL CENTER,2240 HUBBARD RD,YOUNGSTOWN,OH,"44505","-999",(330) 746-3777,MULTI,OPEN,"362",MAHONING,"39099",USA,"922140",CORRECTIONAL INSTITUTIONS,https://drc.ohio.gov/northeastocc,2017/10/09,IMAGERY/OTHER,2020/02/20,https://drc.ohio.gov/northeastocc,MEDIUM,"2016",0.000008812650321,0.011393482523869,"10000978",,,"362","7.90000009536743"
"5024","10003362",TRUMBULL CORRECTIONAL INSTITUTION,5701 BURNETT RD,LEAVITTSBURG,OH,"44430","-999",(330) 898-0820,STATE,OPEN,"-999",TRUMBULL,"39155",USA,"922140",CORRECTIONAL INSTITUTIONS,https://drc.ohio.gov/about/facilities/trumbull-correctional/trumbull-correctional,2016/05/27,IMAGERY/OTHER,2024/03/26,https://drc.ohio.gov/about/facilities/trumbull-correctional/trumbull-correctional,CLOSE,"-999",0.000019055608163,0.016870423976892,"10003362",POH058,"1324","1324","7.59999990463257"
"5051","10003365",NORTHEAST OHIO COMMUNITY ALTERNATIVE PROGRAM - MALE,411 PINE AVE SE,WARREN,OH,"44483","-999",(330) 675-2669,STATE,OPEN,"130",TRUMBULL,"39155",USA,"922140",CORRECTIONAL INSTITUTIONS,https://www.drc.ohio.gov/neocap,2017/07/19,IMAGERY/OTHER,2024/06/03,https://www.drc.ohio.gov/neocap,MINIMUM,"125",0.000000388796252,0.004458687803500,"10003365",,,"130","7.80000019073486"
"5867","10003363",TRUMBULL CORRECTIONAL INSTITUTION CAMP,5701 BURNETT RD,LEAVITTSBURG,OH,"44430","-999",(330) 898-0820,STATE,OPEN,"-999",TRUMBULL,"39155",USA,"922140",CORRECTIONAL INSTITUTIONS,https://drc.ohio.gov/about/facilities/trumbull-correctional/trumbull-correctional,2016/05/27,IMAGERY/OTHER,2024/03/26,https://drc.ohio.gov/about/facilities/trumbull-correctional/trumbull-correctional,MINIMUM,"-999",0.000003731742936,0.007449882079029,"10003363",,,,"7.69999980926514"
"6323","10006349",MAHONING FACILITY,1507 MARKET STREET,YOUNGSTOWN,OH,"44507","-999",(330) 744-5143,STATE,OPEN,"-999",MAHONING,"39099",USA,"922140",CORRECTIONAL INSTITUTIONS,https://www.drc.ohio.gov/mahoning,2017/12/22,IMAGERY/OTHER,2024/06/03,https://www.drc.ohio.gov/mahoning,MINIMUM,"70",0.000000085022293,0.001190654435013,"10006349",,,,"7.59999990463257"
"5144","10003367",CLIFF SKEEN COMMUNITY BASED CORRECTIONAL FACILITY FOR WOMEN,941 SHERMAN ST,AKRON,OH,"44311","-999",(330) 374-9610,STATE,OPEN,"-999",SUMMIT,"39153",USA,"922140",CORRECTIONAL INSTITUTIONS,http://www.orianahouse.org/about/locations.php,2020/02/20,IMAGERY/OTHER,2020/02/20,http://www.orianahouse.org/about/locations.php,NOT AVAILABLE,"-999",0.000000435291213,0.003262123233845,"10003367",,,,"8"
"6319","10002425",SUMMIT COUNTY COMMUNITY BASED CORRECTIONAL FACILITY,264 E CROSIER ST,AKRON,OH,"44309","-999",(330) 996-7296,STATE,OPEN,"-999",SUMMIT,"39153",USA,"922140",CORRECTIONAL INSTITUTIONS,http://www.orianahouse.org/about/locations.php,2017/12/22,IMAGERY/OTHER,2024/06/03,http://www.orianahouse.org/about/locations.php,NOT AVAILABLE,"-999",0.000000634857543,0.003989807542098,"10002425",,,,"8"
"4981","10003342",LAKE ERIE CORRECTIONAL INSTITUTION,501 THOMPSON RD,CONNEAUT,OH,"44030","8668",(440) 599-4100,STATE,OPEN,"-999",ASHTABULA,"39007",USA,"922140",CORRECTIONAL INSTITUTIONS,https://drc.ohio.gov/about/facilities/lake-erie-correctional/lake-erie-correctional,2016/06/01,IMAGERY/OTHER,2024/03/25,https://drc.ohio.gov/about/facilities/lake-erie-correctional/lake-erie-correctional,MEDIUM,"-999",0.000018202890942,0.016897729230768,"10003342",POH023,"1802","1802","7.04999995231628"
"4980","10000984",DAYTON CORRECTIONAL INSTITUTION,4104 GERMANTOWN ST,DAYTON,OH,"45417","-999",(937) 263-0060,STATE,OPEN,"-999",MONTGOMERY,"39113",USA,"922140",CORRECTIONAL INSTITUTIONS,https://drc.ohio.gov/about/facilities/dayton-correctional/dayton-correctional,2017/12/04,IMAGERY/OTHER,2024/03/25,https://drc.ohio.gov/about/facilities/dayton-correctional/dayton-correctional,CLOSE,"-999",0.000009117890386,0.013109762366137,"10000984",POH019,"857","857","8.44999980926514"
"5046","10003419",MONDAY COMMUNITY CORRECTIONAL INSTITUTION,1951 S GETTYSBURG AVE,DAYTON,OH,"45408","-999",(937) 496-7300,STATE,OPEN,"276",MONTGOMERY,"39113",USA,"922140",CORRECTIONAL INSTITUTIONS,https://www.drc.ohio.gov/monday-cci,2017/05/16,IMAGERY/OTHER,2024/06/03,https://www.drc.ohio.gov/monday-cci,MINIMUM,"298",0.000000727314500,0.004511867669493,"10003419",POH062,"120","120","8.39999961853027"
"6117","10005985",STAR COMMUNITY JUSTICE CENTER,4696 GALLIA PIKE,FRANKLIN FURNACE,OH,"45629","-999",(740) 354-9026,STATE,OPEN,"281",SCIOTO,"39145",USA,"922140",CORRECTIONAL INSTITUTIONS,http://www.starcjc.com/,2017/06/15,IMAGERY/OTHER,2024/03/26,http://www.starcjc.com/,MINIMUM,"360",0.000007970402066,0.010656368894042,"10005985",,,"281","6.59999990463257"
"2547","10000980",NORTH CENTRAL CORRECTIONAL COMPLEX,670 MARION-WILLIAMSPORT RD,MARION,OH,"43302","-999",(740) 387-7040,STATE,OPEN,"-999",MARION,"39101",USA,"922140",CORRECTIONAL INSTITUTIONS,https://drc.ohio.gov/about/facilities/north-central-correctional-complex/north-central-correctional,2015/09/22,IMAGERY/OTHER,2024/03/25,https://drc.ohio.gov/about/facilities/north-central-correctional-complex/north-central-correctional,MEDIUM,"-999",0.000020822962824,0.017784290385553,"10000980",POH031,"2454","2454","7.75"
"4510","10003392",MARION CORRECTIONAL INSTITUTION,940 MARION-WILLIAMSPORT RD E,MARION,OH,"43302","-999",(740) 382-5781,STATE,OPEN,"-999",MARION,"39101",USA,"922140",CORRECTIONAL INSTITUTIONS,https://drc.ohio.gov/about/facilities/marion-correctional/marion-correctional,2015/06/19,IMAGERY/OTHER,2024/03/25,https://drc.ohio.gov/about/facilities/marion-correctional/marion-correctional,MEDIUM,"-999",0.000026973677677,0.023258695155973,"10003392",POH029,"2561","2561","7.75"
"4607","10000981",NORTH CENTRAL CORRECTIONAL COMPLEX CAMP,332 MARION-WILLIAMSPORT RD E,MARION,OH,"43302","-999",(740) 387-7040,STATE,OPEN,"-999",MARION,"39101",USA,"922140",CORRECTIONAL INSTITUTIONS,https://drc.ohio.gov/about/facilities/north-central-correctional-complex/north-central-correctional,2015/09/22,IMAGERY/OTHER,2024/03/25,https://drc.ohio.gov/about/facilities/north-central-correctional-complex/north-central-correctional,MINIMUM,"-999",0.000010265402352,0.013794032163694,"10000981",,,,"7.70000004768372"
"4997","10003370",CROSSWAEH COMMUNITY BASED CORRECTIONAL FACILITY F,3091 S STATE ROUTE 100,TIFFIN,OH,"44883","-999",(419) 447-1444,STATE,OPEN,"-999",SENECA,"39147",USA,"922140",CORRECTIONAL INSTITUTIONS,https://drc.ohio.gov/crosswaeh,2017/12/22,IMAGERY/OTHER,2024/06/03,https://drc.ohio.gov/crosswaeh,MINIMUM,"36",0.000000232011189,0.002107065180598,"10003370",,,,"7.59999990463257"
"5032","10003369",CROSSWAEH COMMUNITY BASED CORRECTIONAL FACILITY M,3055 S STATE ROUTE 100,TIFFIN,OH,"44883","-999",(419) 447-1444,STATE,OPEN,"-999",SENECA,"39147",USA,"922140",CORRECTIONAL INSTITUTIONS,https://drc.ohio.gov/crosswaeh,2017/12/22,IMAGERY/OTHER,2024/06/03,https://drc.ohio.gov/crosswaeh,MINIMUM,"58",0.000000362435912,0.002855354000076,"10003369",,,,"7.59999990463257"
"2979","10001382",WOMEN'S HURON VALLEY CORRECTIONAL FACILITY,3201 BEMIS RD,YPSILANTI,MI,"48197","0911",(734) 572-9900,STATE,OPEN,"-999",WASHTENAW,"26161",USA,"922140",CORRECTIONAL INSTITUTIONS,https://www.michigan.gov/corrections/prisons,2024/02/29,IMAGERY/OTHER,2024/02/29,https://www.michigan.gov/corrections/prisons/womens-huron-valley-correctional-facility,MAXIMUM,"-999",0.000040076985897,0.031075952049452,"10001382",PMI021,"2069","2069","7.30000019073486"
"2979","10001382",WOMEN'S HURON VALLEY CORRECTIONAL FACILITY,3201 BEMIS RD,YPSILANTI,MI,"48197","0911",(734) 572-9900,STATE,OPEN,"-999",WASHTENAW,"26161",USA,"922140",CORRECTIONAL INSTITUTIONS,https://www.michigan.gov/corrections/prisons,2024/02/29,IMAGERY/OTHER,2024/02/29,https://www.michigan.gov/corrections/prisons/womens-huron-valley-correctional-facility,MAXIMUM,"-999",0.000040076985897,0.031075952049452,"10001382",PMI042,"10","10","7.30000019073486"
"3083","10006512",FCI MILAN AND DETENTION CENTER,4004 E ARKONA RD,MILAN,MI,"48160","-999",(734) 439-1511,FEDERAL,OPEN,"1552",WASHTENAW,"26161",USA,"922140",CORRECTIONAL INSTITUTIONS,https://www.bop.gov/locations/institutions/mil/,2016/02/16,IMAGERY/OTHER,2024/01/19,https://www.bop.gov/locations/institutions/mil/,MINIMUM,"-999",0.000016000493133,0.021654214548389,"10006512",,,"1552","7.30000019073486"
"3132","10001375",DETROIT DETENTION CENTER,17601 MOUND RD,DETROIT,MI,"48212","-999",(313) 368-8300,STATE,OPEN,"-999",WAYNE,"26163",USA,"922140",CORRECTIONAL INSTITUTIONS,https://www.michigan.gov/corrections/prisons,2024/02/29,IMAGERY/OTHER,2024/02/29,https://www.michigan.gov/corrections/prisons/detroit-detention-center,NOT AVAILABLE,"-999",0.000008524620625,0.017193526938987,"10001375",PMI013,"70","70","8.30000019073486"
"4120","10001376",DETROIT RE-ENTRY CENTER,17600 RYAN RD,DETROIT,MI,"48212","-999",(313) 368-3200,STATE,CLOSED,"0",WAYNE,"26163",USA,"922140",CORRECTIONAL INSTITUTIONS,https://www.michigan.gov/corrections/prisons/closed-facilities/detroit-reentry-center,2021/01/09,IMAGERY/OTHER,2024/02/29,https://www.michigan.gov/corrections/prisons/closed-facilities/detroit-reentry-center,MEDIUM,"1044",0.000008938327483,0.017050594100074,"10001376",,,"0","8.30000019073486"
"3142","10001387",GUS HARRISON CORRECTIONAL FACILITY,2727 E BEECHER ST,ADRIAN,MI,"49221","-999",(517) 265-3900,STATE,OPEN,"-999",LENAWEE,"26091",USA,"922140",CORRECTIONAL INSTITUTIONS,https://www.michigan.gov/corrections/prisons,2024/02/29,IMAGERY/OTHER,2024/02/29,https://www.michigan.gov/corrections/prisons/gus-harrison-correctional-facility,MAXIMUM,"-999",0.000024719025305,0.022510463338681,"10001387",PMI019,"2041","2041","7.40000009536743"
"6125","10002436",RIVER CITY CORRECTIONAL CENTER,3220 COLERAIN AVE,CINCINNATI,OH,"45225","-999",(513) 946-6800,STATE,OPEN,"212",HAMILTON,"39061",USA,"922140",CORRECTIONAL INSTITUTIONS,https://www.drc.ohio.gov/river-city,2017/06/24,IMAGERY/OTHER,2020/02/20,https://www.drc.ohio.gov/river-city,MINIMUM,"220",0.000001055308076,0.004902178721861,"10002436",,,"212","9.60000038146973"
"5023","10003350",TOLEDO CORRECTIONAL INSTITUTION,2001 E CENTRAL AVE,TOLEDO,OH,"43608","-999",(419) 726-7977,STATE,OPEN,"-999",LUCAS,"39095",USA,"922140",CORRECTIONAL INSTITUTIONS,https://drc.ohio.gov/about/facilities/toledo-correctional/toledo-correctional,2017/06/08,IMAGERY/OTHER,2024/03/26,https://drc.ohio.gov/about/facilities/toledo-correctional/toledo-correctional,MAXIMUM,"-999",0.000009901918247,0.016930649952705,"10003350",POH057,"844","844","8.47500014305115"
"6328","10003352",LUCAS COUNTY CORRECTIONAL TREATMENT FACILITY,1100 JEFFERSON AVE,TOLEDO,OH,"43624","-999",(419) 213-6200,STATE,OPEN,"-999",LUCAS,"39095",USA,"922140",CORRECTIONAL INSTITUTIONS,http://www.co.lucas.oh.us/1326/Correctional-Treatment-Facility,2017/12/22,IMAGERY/OTHER,2024/03/26,http://www.co.lucas.oh.us/1326/Correctional-Treatment-Facility,MINIMUM,"140",0.000000342713975,0.002638101144383,"10003352",,,,"8.10000038146973"
"5106","10003397",OHIO REFORMATORY FOR WOMEN,1479 COLLINS AVE,MARYSVILLE,OH,"43040","-999",(937) 642-1065,STATE,OPEN,"-999",UNION,"39159",USA,"922140",CORRECTIONAL INSTITUTIONS,https://drc.ohio.gov/about/facilities/ohio-reformatory-for-women/ohio-reformatory-for-women,2016/05/13,IMAGERY/OTHER,2024/03/25,https://drc.ohio.gov/about/facilities/ohio-reformatory-for-women/ohio-reformatory-for-women,MAXIMUM,"-999",0.000024106986530,0.019491070837115,"10003397",POH034,"2400","2400","8"
"6109","10003398",WEST CENTRAL COMMUNITY CORRECTIONAL FACILITY,18200 STATE ROUTE 4 N,MARYSVILLE,OH,"43040","-999",(937) 644-2838,STATE,OPEN,"-999",UNION,"39159",USA,"922140",CORRECTIONAL INSTITUTIONS,https://www.wcccf.org/,2017/12/22,IMAGERY/OTHER,2024/03/26,https://www.wcccf.org/,MINIMUM,"144",0.000000688683713,0.005137158752791,"10003398",,,,"8.39999961853027"
"4824","10003383",STARK REGIONAL COMMUNITY CORRECTION CENTER,4433 LESH ST,LOUISVILLE,OH,"44641","-999",(330) 588-2500,STATE,OPEN,"-999",STARK,"39151",USA,"922140",CORRECTIONAL INSTITUTIONS,https://www.drc.ohio.gov/stark,2017/12/22,IMAGERY/OTHER,2024/06/03,https://www.drc.ohio.gov/stark,MINIMUM,"124",0.000000412217105,0.003172240690751,"10003383",,,,"8.44999980926514"
"4773","10003376",MANSFIELD CORRECTIONAL INSTITUTION,1150 N MAIN ST,MANSFIELD,OH,"44903","-999",(419) 525-4455,STATE,OPEN,"-999",RICHLAND,"39139",USA,"922140",CORRECTIONAL INSTITUTIONS,https://drc.ohio.gov/about/facilities/mansfield-correctional/mansfield-correctional,2017/12/04,IMAGERY/OTHER,2024/03/25,https://drc.ohio.gov/about/facilities/mansfield-correctional/mansfield-correctional,MAXIMUM,"-999",0.000024841760705,0.019626974568579,"10003376",POH028,"2646","2646","8.13333336512248"
"5030","10003377",MANSFIELD CORRECTIONAL INSTITUTION PRISON CAMP,1150 N MAIN ST,MANSFIELD,OH,"44903","-999",(419) 525-4455,STATE,OPEN,"-999",RICHLAND,"39139",USA,"922140",CORRECTIONAL INSTITUTIONS,https://drc.ohio.gov/about/facilities/mansfield-correctional/mansfield-correctional,2017/12/04,IMAGERY/OTHER,2024/03/25,https://drc.ohio.gov/about/facilities/mansfield-correctional/mansfield-correctional,MINIMUM,"-999",0.000003374080052,0.007356681524636,"10003377",,,,"8.10000014305115"
"5085","10003378",RICHLAND CORRECTIONAL INSTITUTION,1001 OLIVESBURG RD,MANSFIELD,OH,"44901","-999",(419) 526-2100,STATE,OPEN,"-999",RICHLAND,"39139",USA,"922140",CORRECTIONAL INSTITUTIONS,https://drc.ohio.gov/about/facilities/richland-correctional/richland-correctional,2017/03/23,IMAGERY/OTHER,2024/03/25,https://drc.ohio.gov/about/facilities/richland-correctional/richland-correctional,MEDIUM,"-999",0.000015969711058,0.016839438360065,"10003378",POH046,"2573","2573","8.12500011920929"
"5021","10002431",ROSS CORRECTIONAL INSTITUTION,16149 STATE ROUTE 104,CHILLICOTHE,OH,"45601","-999",(740) 774-7050,STATE,OPEN,"-999",ROSS,"39141",USA,"922140",CORRECTIONAL INSTITUTIONS,https://drc.ohio.gov/about/facilities/ross-correctional/ross-correctional,2015/04/02,IMAGERY/OTHER,2024/03/26,https://drc.ohio.gov/about/facilities/ross-correctional/ross-correctional,CLOSE,"-999",0.000026720265168,0.024775330667279,"10002431",POH047,"1872","1872","7.5"
"1791","10001972",FMC CARSWELL CAMP,"NAVAL AIR STATION, J ST BLDG 3000",FORT WORTH,TX,"76127","-999",(817) 782-4000,FEDERAL,OPEN,"139",TARRANT,"48439",USA,"922140",CORRECTIONAL INSTITUTIONS,https://www.bop.gov/locations/institutions/crw/,2016/02/16,IMAGERY/OTHER,2024/01/22,https://www.bop.gov/locations/institutions/crw/,MINIMUM,"-999",0.000002631306643,0.006785898128936,"10001972",,,"139","7.70000004768372"
"3304","10000165",FMC CARSWELL,"NAVAL AIR STATION, J ST BLDG 3000",FORT WORTH,TX,"76127","-999",(817) 782-4000,FEDERAL,OPEN,"851",TARRANT,"48439",USA,"922140",CORRECTIONAL INSTITUTIONS,https://www.bop.gov/locations/institutions/crw/,2016/02/16,IMAGERY/OTHER,2024/01/22,https://www.bop.gov/locations/institutions/crw/,MAXIMUM,"-999",0.000009993666708,0.012980428921628,"10000165",FTX303,"1622","1622","7.70000004768372"
"3305","10006298",FCI SEAGOVILLE CAMP,2113 NORTH HWY 175,SEAGOVILLE,TX,"75159","-999",(972) 287-2911,FEDERAL,OPEN,"96",DALLAS,"48113",USA,"922140",CORRECTIONAL INSTITUTIONS,https://www.bop.gov/locations/institutions/sea/,2016/02/16,IMAGERY/OTHER,2024/01/22,https://www.bop.gov/locations/institutions/sea/,MINIMUM,"-999",0.000000172984983,0.001841072033209,"10006298",,,"96","7.59999990463257"
"3309","10000163",FMC FORT WORTH,3150 HORTON RD,FORT WORTH,TX,"76119","-999",(817) 534-8400,FEDERAL,OPEN,"1443",TARRANT,"48439",USA,"922140",CORRECTIONAL INSTITUTIONS,https://www.bop.gov/locations/institutions/ftw/,2016/02/16,IMAGERY/OTHER,2024/01/22,https://www.bop.gov/locations/institutions/ftw/,MAXIMUM,"-999",0.000014740755660,0.014884068051261,"10000163",FTX319,"1507","1507","7.33333349227905"
"3314","10000172",FCI SEAGOVILLE,2113 NORTH HWY 175,SEAGOVILLE,TX,"75159","-999",(972) 287-2911,FEDERAL,OPEN,"1645",DALLAS,"48113",USA,"922140",CORRECTIONAL INSTITUTIONS,https://www.bop.gov/locations/institutions/sea/,2016/02/16,IMAGERY/OTHER,2024/01/22,https://www.bop.gov/locations/institutions/sea/,MINIMUM,"-999",0.000018000469936,0.017056646659389,"10000172",FTX325,"2010","2010","7.69999980926514"
"5581","10002755",HUTCHINS STATE JAIL,1500 E LANGDON RD,DALLAS,TX,"75241","-999",(972) 225-1304,STATE,OPEN,"-999",DALLAS,"48113",USA,"922140",CORRECTIONAL INSTITUTIONS,https://www.tdcj.texas.gov/unit_directory/hj.html,2016/09/15,IMAGERY/OTHER,2024/04/22,https://www.tdcj.texas.gov/unit_directory/hj.html,MINIMUM,"2276",0.000010009832295,0.014303212563320,"10002755",PTX068,"2094","2094","8.5"
"6197","10000228",KYLE CORRECTIONAL CENTER,23001 IH-35,KYLE,TX,"78640","-999",(512) 268-0079,STATE,OPEN,"-999",HAYS,"48209",USA,"922140",CORRECTIONAL INSTITUTIONS,https://www.tdcj.texas.gov/unit_directory/ky.html,2016/09/15,IMAGERY/OTHER,2024/04/22,https://www.tdcj.texas.gov/unit_directory/ky.html,MINIMUM,"520",0.000002670516778,0.007244278811035,"10000228",PTX086,"508","508","7.04999995231628"
"5528","10000154",CLEMENTS PRISON,9601 SPUR 591,AMARILLO,TX,"79107","9606",(806) 381-7080,STATE,OPEN,"-999",POTTER,"48375",USA,"922140",CORRECTIONAL INSTITUTIONS,https://www.tdcj.texas.gov/unit_directory/bc.html,2016/09/15,IMAGERY/OTHER,2024/04/19,https://www.tdcj.texas.gov/unit_directory/bc.html,MAXIMUM,"2932",0.000022324060183,0.020209057112106,"10000154",PTX135,"3609","3609","5.56666660308838"
"5603","10001967",NEAL PRISON,9055 SPUR 591,AMARILLO,TX,"79107","9696",(806) 383-1175,STATE,CLOSED,"-999",POTTER,"48375",USA,"922140",CORRECTIONAL INSTITUTIONS,https://abc7amarillo.com/news/local/texas-department-of-criminal-justice-idling-2-facilities-including-amarillos-neal-unit,2016/09/15,IMAGERY/OTHER,2024/04/23,https://abc7amarillo.com/news/local/texas-department-of-criminal-justice-idling-2-facilities-including-amarillos-neal-unit,MEDIUM,"-999",0.000017052216890,0.017513906156531,"10001967",PTX102,"1464","1464","5.64999985694885"
"5704","10006637",TULSA TRANSITIONAL CENTER,302 W ARCHER ST,TULSA,OK,"74103","-999",(918) 583-9445,STATE,CLOSED,"-999",TULSA,"40143",USA,"922140",CORRECTIONAL INSTITUTIONS,https://www.corecivic.com/facilities/tulsa-transitional-center,2018/01/02,IMAGERY/OTHER,2024/03/28,https://www.corecivic.com/facilities/tulsa-transitional-center,MINIMUM,"-999",0.000000978410071,0.003969288397438,"10006637",POK045,"278","278","8.69999980926514"
"1073","10002872",FDC HOUSTON,1200 TEXAS AVE,HOUSTON,TX,"77002","-999",(713) 221-5400,FEDERAL,OPEN,"679",HARRIS,"48201",USA,"922140",CORRECTIONAL INSTITUTIONS,https://www.bop.gov/locations/institutions/hou/,2016/02/16,IMAGERY/OTHER,2024/01/22,https://www.bop.gov/locations/institutions/hou/,MAXIMUM,"-999",0.000000459109287,0.002798490829665,"10002872",,,"679","9.5"
"5583","10000234",JESTER III UNIT / TRUSTY CAMP,3 JESTER RD,RICHMOND,TX,"77406","-999",(281) 277-7000,STATE,OPEN,"-999",FORT BEND,"48157",USA,"922140",CORRECTIONAL INSTITUTIONS,https://www.tdcj.texas.gov/unit_directory/j3.html,2016/09/15,IMAGERY/OTHER,2024/04/22,https://www.tdcj.texas.gov/unit_directory/j3.html,MEDIUM,"1131",0.000012571268144,0.018494352883873,"10000234",PTX013,"1127","1127","7.96666685740153"
"5587","10002886",SCOTT JESTER IV (PSYCHIATRIC FACILITY),4 JESTER RD,RICHMOND,TX,"77406","-999",(281) 277-3700,STATE,OPEN,"-999",FORT BEND,"48157",USA,"922140",CORRECTIONAL INSTITUTIONS,https://www.tdcj.texas.gov/unit_directory/j4.html,2016/09/15,IMAGERY/OTHER,2024/04/22,https://www.tdcj.texas.gov/unit_directory/j4.html,NOT AVAILABLE,"550",0.000004743672207,0.008395465849284,"10002886",PTX014,"487","487","8.10000038146973"
"6195","10002884",JESTER I UNIT,1 JESTER RD,RICHMOND,TX,"77406","-999",(281) 277-3030,STATE,CLOSED,"-999",FORT BEND,"48157",USA,"922140",CORRECTIONAL INSTITUTIONS,https://communityimpact.com/houston/sugar-land-missouri-city/public-safety/2020/02/21/jester-1-unit-an-adult-prison-in-richmond-will-close-in-2020/,2017/05/26,IMAGERY/OTHER,2024/04/22,https://communityimpact.com/houston/sugar-land-missouri-city/public-safety/2020/02/21/jester-1-unit-an-adult-prison-in-richmond-will-close-in-2020/,NOT AVAILABLE,"-999",0.000001993187198,0.011139352658000,"10002884",PTX012,"306","306","7.80000019073486"
"6203","10002862",LYCHNER STATE JAIL,2350 ATASCOCITA ROAD,HUMBLE,TX,"77396","-999",(281) 454-5036,STATE,OPEN,"-999",HARRIS,"48201",USA,"922140",CORRECTIONAL INSTITUTIONS,https://www.tdcj.texas.gov/unit_directory/aj.html,2016/09/15,IMAGERY/OTHER,2024/04/22,https://www.tdcj.texas.gov/unit_directory/aj.html,MEDIUM,"2276",0.000009798802466,0.013238336675862,"10002862",PTX105,"1898","1898","9.80000019073486"
"6213","10002885",VANCE UNIT,2 JESTER RD,RICHMOND,TX,"77406","-999",(281) 277-3030,STATE,OPEN,"-999",FORT BEND,"48157",USA,"922140",CORRECTIONAL INSTITUTIONS,https://www.tdcj.texas.gov/unit_directory/j2.html,2016/09/15,IMAGERY/OTHER,2024/04/23,https://www.tdcj.texas.gov/unit_directory/j2.html,MEDIUM,"378",0.000002243510380,0.006844125260876,"10002885",PTX021,"332","332","8.10000038146973"
"6239","10002869",KEGANS STATE JAIL,707 TOP ST,HOUSTON,TX,"77002","-999",(713) 224-6584,STATE,NOT AVAILABLE,"0",HARRIS,"48201",USA,"922140",CORRECTIONAL INSTITUTIONS,"https://www.texastribune.org/library/data/texas-prisons/units/kegans/, http://www.tdcj.state.tx.us/unit_directory/index.html",2016/09/15,IMAGERY/OTHER,2024/04/25,http://www.tdcj.state.tx.us/unit_directory/index.html,MEDIUM,"667",0.000000543153647,0.002954952868737,"10002869",,,"0","9.5"
"5609","10002828",MARLIN UNIT,2893 STATE HWY 6,MARLIN,TX,"76661","6588",(254) 883-3858,STATE,OPEN,"-999",FALLS,"48145",USA,"922140",CORRECTIONAL INSTITUTIONS,https://www.tdcj.texas.gov/unit_directory/n1.html,2016/09/15,IMAGERY/OTHER,2024/04/22,https://www.tdcj.texas.gov/unit_directory/n1.html,MINIMUM,"606",0.000003633385177,0.008370479503391,"10002828",PTX100,"531","531","6.54999995231628"
"2724","10001722",ENID COMMUNITY CORRECTIONS CENTER,2020 E MAINE AVE,ENID,OK,"73701","6445",(580) 977-3800,STATE,OPEN,"-999",GARFIELD,"40047",USA,"922140",CORRECTIONAL INSTITUTIONS,https://oklahoma.gov/doc/facilities/enid-community-corrections-center.html,2018/01/02,IMAGERY/OTHER,2024/03/27,https://oklahoma.gov/doc/facilities/enid-community-corrections-center.html,MINIMUM,"98",0.000000078674248,0.001462388816153,"10001722",POK017,"94","94","7.30000019073486"
"4549","10005130",HOSPITAL GALVESTON,809 HARBORSIDE DRIVE,GALVESTON,TX,"77555","-999",(409) 772-2875,STATE,OPEN,"-999",GALVESTON,"48167",USA,"922140",CORRECTIONAL INSTITUTIONS,https://www.tdcj.texas.gov/unit_directory/hg.html,2016/09/15,IMAGERY/OTHER,2024/04/22,https://www.tdcj.texas.gov/unit_directory/hg.html,MAXIMUM,"365",0.000000292960294,0.002678702781611,"10005130",FTX303,"1622","1622","6.80000019073486"
"5550","10002714",FORMBY STATE JAIL,998 COUNTY RD AA,PLAINVIEW,TX,"79072","-999",(806) 296-2448,STATE,OPEN,"-999",HALE,"48189",USA,"922140",CORRECTIONAL INSTITUTIONS,https://www.tdcj.texas.gov/unit_directory/fb.html,2016/09/15,IMAGERY/OTHER,2024/04/22,https://www.tdcj.texas.gov/unit_directory/fb.html,MEDIUM,"1100",0.000006263354635,0.010123876458550,"10002714",PTX055,"964","964","5.19999980926514"
"6219","10002713",WHEELER STATE JAIL,986 COUNTY RD AA,PLAINVIEW,TX,"79072","-999",(806) 293-1081,STATE,OPEN,"-999",HALE,"48189",USA,"922140",CORRECTIONAL INSTITUTIONS,https://www.tdcj.texas.gov/unit_directory/wr.html,2016/09/15,IMAGERY/OTHER,2024/04/23,https://www.tdcj.texas.gov/unit_directory/wr.html,MEDIUM,"576",0.000003324389127,0.007797943292199,"10002713",PTX069,"526","526","5.25"
"5178","10000196",HUGHES PRISON,3201 FM 929,GATESVILLE,TX,"76597","-999",(254) 865-6663,STATE,OPEN,"-999",CORYELL,"48099",USA,"922140",CORRECTIONAL INSTITUTIONS,https://www.tdcj.texas.gov/unit_directory/ah.html,2016/09/15,IMAGERY/OTHER,2024/04/22,https://www.tdcj.texas.gov/unit_directory/ah.html,MAXIMUM,"2984",0.000019860142629,0.017912468593476,"10000196",PTX005,"2975","2975","5.5"
"5600","10001274",MURRAY PRISON,1916 NORTH HWY 36 BYPASS,GATESVILLE,TX,"76596","-999",(254) 865-2000,STATE,OPEN,"-999",CORYELL,"48099",USA,"922140",CORRECTIONAL INSTITUTIONS,https://www.tdcj.texas.gov/unit_directory/lm.html,2016/09/15,IMAGERY/OTHER,2024/04/23,https://www.tdcj.texas.gov/unit_directory/lm.html,MAXIMUM,"1264",0.000011419533394,0.013313377847346,"10001274",PTX045,"1302","1302","5.59999990463257"
"6180","10001275",CRAIN UNIT,1401 STATE SCHOOL RD,GATESVILLE,TX,"76599","2999",(254) 865-8431,STATE,OPEN,"-999",CORYELL,"48099",USA,"922140",CORRECTIONAL INSTITUTIONS,https://www.tdcj.texas.gov/unit_directory/gv.html,2016/09/15,IMAGERY/OTHER,2024/04/22,https://www.tdcj.texas.gov/unit_directory/gv.html,MAXIMUM,"2115",0.000027336183166,0.057709750418208,"10001275",PTX027,"1941","1941","5.61999998092651"
"6218","10002817",HILLTOP UNIT,1500 STATE SCHOOL RD,GATESVILLE,TX,"76598","2996",(254) 865-8901,STATE,OPEN,"-999",CORYELL,"48099",USA,"922140",CORRECTIONAL INSTITUTIONS,https://www.tdcj.texas.gov/unit_directory/ht.html,2016/09/15,IMAGERY/OTHER,2024/04/22,https://www.tdcj.texas.gov/unit_directory/ht.html,MEDIUM,"553",0.000006452454045,0.015597091723684,"10002817",PTX065,"504","504","5.59999990463257"
"3512","10000219",T DON HUTTO RESIDENTIAL CENTER,1001 WELCH ST,TAYLOR,TX,"76574","-999",(512) 218-2400,FEDERAL,OPEN,"431",WILLIAMSON,"48491",USA,"922140",CORRECTIONAL INSTITUTIONS,https://www.ice.gov/detain/detention-management,2024/01/12,IMAGERY/OTHER,2024/02/06,https://www.corecivic.com/facilities/t-don-hutto-detention-center,MINIMUM,"-999",0.000005606251989,0.009470605181875,"10000219",,,"431","6.59999990463257"
"5680","10003590",LAWTON COMMUNITY CORRECTIONS CENTER,605 SW COOMBS RD,LAWTON,OK,"73501","8294",(580) 248-6703,STATE,OPEN,"-999",COMANCHE,"40031",USA,"922140",CORRECTIONAL INSTITUTIONS,https://oklahoma.gov/doc/facilities/lawton-community-corrections-center.html,2018/01/02,IMAGERY/OTHER,2024/04/01,https://oklahoma.gov/doc/facilities/lawton-community-corrections-center.html,MINIMUM,"-999",0.000000938415496,0.004161150109139,"10003590",POK027,"150","150","6.40000009536743"
"1226","10006526",SOUTHWEST ARKANSAS COMMUNITY CORRECTION CENTER,506 WALNUT STREET,TEXARKANA,AR,"71854","-999",(870) 779-2036,STATE,OPEN,"453",MILLER,"05091",USA,"922140",CORRECTIONAL INSTITUTIONS,"https://doc.arkansas.gov/community-correction/publications/, https://doc.arkansas.gov/community-correction/office-locations/residential-centers/",2022/12/20,IMAGERY/OTHER,2024/02/08,https://doc.arkansas.gov/locations/southwest-arkansas-community-correction-center/,NOT AVAILABLE,"475",0.000000626340579,0.003354290427401,"10006526",PAR022,"128","128","8.10000038146973"
"1230","10000087",TEXARKANA REGIONAL CORRECTION CENTER,305 EAST 5TH STREET,TEXARKANA,AR,"71854","-999",(870) 779-3939,STATE,OPEN,"131",MILLER,"05091",USA,"922140",CORRECTIONAL INSTITUTIONS,https://doc.arkansas.gov/correction/publications/reports-brochures-and-forms/,2023/10/31,IMAGERY/OTHER,2024/02/08,https://doc.arkansas.gov/facilities/pine-bluff-unit/,MINIMUM,"128",0.000000402469595,0.002782629216498,"10000087",,,"131","8.10000038146973"
"3306","10005114",FCI TEXARKANA CAMP,4001 LEOPARD DR,TEXARKANA,TX,"75501","-999",(903) 838-4587,FEDERAL,OPEN,"218",BOWIE,"48037",USA,"922140",CORRECTIONAL INSTITUTIONS,https://www.bop.gov/locations/institutions/tex/,2016/02/16,IMAGERY/OTHER,2024/01/22,https://www.bop.gov/locations/institutions/tex/,MINIMUM,"-999",0.000001221634420,0.004253763720595,"10005114",,,"218","7.69999980926514"
"3349","10005113",FCI TEXARKANA,4001 LEOPARD DR,TEXARKANA,TX,"75501","-999",(903) 838-4587,FEDERAL,OPEN,"1018",BOWIE,"48037",USA,"922140",CORRECTIONAL INSTITUTIONS,https://www.bop.gov/locations/institutions/tex/,2016/02/16,IMAGERY/OTHER,2024/01/22,https://www.bop.gov/locations/institutions/tex/,MINIMUM,"-999",0.000008677108553,0.016304578871471,"10005113",FTX327,"1353","1353","7.64999985694885"
"3374","10001279",FPC BRYAN,1100 URSULINE AVE,BRYAN,TX,"77803","-999",(979) 823-1879,FEDERAL,OPEN,"708",BRAZOS,"48041",USA,"922140",CORRECTIONAL INSTITUTIONS,https://www.bop.gov/locations/institutions/bry/,2016/02/16,IMAGERY/OTHER,2024/01/22,https://www.bop.gov/locations/institutions/bry/,MINIMUM,"-999",0.000013795987343,0.022260284050687,"10001279",FTX302,"912","912","6.83333349227905"
"2333","10002851",VAL VERDE CORRECTIONAL FACILITY,253 FM 2523 HAMILTON LANE,DEL RIO,TX,"78840","-999",(830) 778-0096,MULTI,OPEN,"116",VAL VERDE,"48465",USA,"922140",CORRECTIONAL INSTITUTIONS,https://www.geogroup.com/Locations,2017/10/16,IMAGERY/OTHER,2020/03/04,https://www.geogroup.com/Locations,MEDIUM,"1407",0.000004546832088,0.009732688299699,"10002851",,,"116","9.5"
"2862","10000211",WYNNE PRISON,810 FM 2821,HUNTSVILLE,TX,"77349","-999",(936) 295-9126,STATE,OPEN,"-999",WALKER,"48471",USA,"922140",CORRECTIONAL INSTITUTIONS,https://www.tdcj.texas.gov/unit_directory/wy.html,2016/09/15,IMAGERY/OTHER,2024/04/23,https://www.tdcj.texas.gov/unit_directory/wy.html,MAXIMUM,"2621",0.000016737308215,0.021532462725410,"10000211",PTX082,"2568","2568","7.59999990463257"
"5526","10001984",BYRD DIAGNOSTIC INTAKE FACILITY,21 FM 247,HUNTSVILLE,TX,"77320","-999",(936) 295-5768,STATE,OPEN,"-999",WALKER,"48471",USA,"922140",CORRECTIONAL INSTITUTIONS,https://www.tdcj.texas.gov/unit_directory/du.html,2016/09/15,IMAGERY/OTHER,2024/04/19,https://www.tdcj.texas.gov/unit_directory/du.html,MAXIMUM,"1341",0.000002802195240,0.007587780079783,"10001984",PTX071,"884","884","7.5"
"5574","10000209",HOLLIDAY TRANSFER FACILITY,295 IH 45 NORTH,HUNTSVILLE,TX,"77320","8443",(936) 295-8200,STATE,OPEN,"-999",WALKER,"48471",USA,"922140",CORRECTIONAL INSTITUTIONS,https://www.tdcj.texas.gov/unit_directory/nf.html,2016/09/15,IMAGERY/OTHER,2020/02/20,https://www.tdcj.texas.gov/unit_directory/nf.html,MEDIUM,"2120",0.000012240258684,0.016027731337295,"10000209",PTX109,"2019","2019","7.69999980926514"
"5580","10000210",HUNTSVILLE PRISON,815 12TH ST,HUNTSVILLE,TX,"77348","-999",(936) 437-1555,STATE,OPEN,"-999",WALKER,"48471",USA,"922140",CORRECTIONAL INSTITUTIONS,https://www.tdcj.texas.gov/unit_directory/hv.html,2016/09/15,IMAGERY/OTHER,2024/04/22,https://www.tdcj.texas.gov/unit_directory/hv.html,MAXIMUM,"1705",0.000003714495961,0.007853234989876,"10000210",PTX067,"1474","1474","7.59999990463257"
"6210","10000213",GOREE PRISON AND TRUSTY CAMP,7405 HWY 75 SOUTH,HUNTSVILLE,TX,"77344","-999",(936) 295-6331,STATE,OPEN,"-999",WALKER,"48471",USA,"922140",CORRECTIONAL INSTITUTIONS,https://www.tdcj.texas.gov/unit_directory/gr.html,2016/09/15,IMAGERY/OTHER,2024/04/22,https://www.tdcj.texas.gov/unit_directory/gr.html,MAXIMUM,"1321",0.000004430981335,0.012988102513289,"10000213",PTX122,"835","835","7.5"
"6185","10000225",BELL CORRECTIONAL CENTER,901 E 5TH ST,CLEVELAND,TX,"77328","-999",(281) 592-9559,STATE,OPEN,"-999",LIBERTY,"48291",USA,"922140",CORRECTIONAL INSTITUTIONS,https://www.tdcj.texas.gov/unit_directory/cv.htmll,2016/09/15,IMAGERY/OTHER,2024/04/19,https://www.tdcj.texas.gov/unit_directory/cv.html,MINIMUM,"520",0.000004816433375,0.008810550458608,"10000225",PTX030,"513","513","7.09999990463257"
"2757","10003584",OKLAHOMA STATE PENITENTIARY,1301 N WEST ST,MCALESTER,OK,"74502","0097",(918) 423-4700,STATE,OPEN,"-999",PITTSBURG,"40121",USA,"922140",CORRECTIONAL INSTITUTIONS,https://oklahoma.gov/doc/facilities/oklahoma-state-penitentiary.html,2018/01/02,IMAGERY/OTHER,2024/03/27,https://oklahoma.gov/doc/facilities/oklahoma-state-penitentiary.html,MAXIMUM,"-999",0.000017720434471,0.017401885960957,"10003584",POK042,"761","761","6.90000009536743"
"3576","10003585",JACKIE BRANNON CORRECTIONAL CENTER,900 N WEST ST,MCALESTER,OK,"74502","1999",(918) 421-3339,STATE,OPEN,"-999",PITTSBURG,"40121",USA,"922140",CORRECTIONAL INSTITUTIONS,https://oklahoma.gov/doc/facilities/jackie-brannon-correctional-center.html,2018/01/02,IMAGERY/OTHER,2020/01/21,https://oklahoma.gov/doc/facilities/jackie-brannon-correctional-center.html,MINIMUM,"700",0.000001688550128,0.007062639035798,"10003585",POK020,"728","728","7.30000019073486"
"5369","10001977",BRADSHAW STATE JAIL,3900 W LOOP 571 NORTH,HENDERSON,TX,"75653","-999",(903) 655-0880,STATE,OPEN,"-999",RUSK,"48401",USA,"922140",CORRECTIONAL INSTITUTIONS,https://www.tdcj.texas.gov/unit_directory/bh.html,2016/09/15,IMAGERY/OTHER,2024/04/19,https://www.tdcj.texas.gov/unit_directory/bh.html,MEDIUM,"1024",0.000007597089962,0.011741870680152,"10001977",PTX072,"1954","1954","7.19999980926514"
"5546","10002784",EAST TEXAS TREATMENT FACILITY,900 INDUSTRIAL DR,HENDERSON,TX,"75652","-999",(903) 655-3300,STATE,OPEN,"-999",RUSK,"48401",USA,"922140",CORRECTIONAL INSTITUTIONS,https://www.tdcj.texas.gov/unit_directory/xq.html,2016/09/15,IMAGERY/OTHER,2024/04/22,https://www.tdcj.texas.gov/unit_directory/xq.html,MINIMUM,"1060",0.000004330058118,0.009514310990904,"10002784",PTX046,"883","883","7.14999985694885"
"2427","10000252",WILLACY COUNTY STATE JAIL,1695 S BUFFALO DR,RAYMONDVILLE,TX,"78580","-999",(956) 689-6545,STATE,OPEN,"-999",WILLACY,"48489",USA,"922140",CORRECTIONAL INSTITUTIONS,https://www.tdcj.texas.gov/unit_directory/wi.html,2016/09/15,IMAGERY/OTHER,2024/04/23,https://www.tdcj.texas.gov/unit_directory/wi.html,MEDIUM,"1069",0.000012518119547,0.013777863019417,"10000252",PTX133,"1067","1067","7.59999990463257"
"6214","10000180",WALLACE UNIT,1675 S FM 3525,COLORADO CITY,TX,"79512","-999",(325) 728-2162,STATE,OPEN,"-999",MITCHELL,"48335",USA,"922140",CORRECTIONAL INSTITUTIONS,https://www.tdcj.texas.gov/unit_directory/wl.html,2016/09/15,IMAGERY/OTHER,2020/03/04,https://www.tdcj.texas.gov/unit_directory/wl.html,MEDIUM,"1448",0.000010748334944,0.012897388152750,"10000180",PTX040,"1342","1342","5.45000004768372"
"1464","10006633",CARVER TRANSITIONAL CENTER,400 S MAY AVE,OKLAHOMA CITY,OK,"73108","-999",(405) 232-8233,STATE,OPEN,"285",OKLAHOMA,"40109",USA,"922140",CORRECTIONAL INSTITUTIONS,http://doc.ok.gov/weekly-count,2018/01/02,IMAGERY/OTHER,2020/01/21,http://www.corecivic.com/facilities,MINIMUM,"300",0.000001428594032,0.004696600142456,"10006633",POK003,"141","141","9.39999961853027"
"2720","10002629",CLARA WATERS COMMUNITY CORRECTIONS CENTER,9901 N I-35 SERVICE RD,OKLAHOMA CITY,OK,"73131","5228",(405) 254-3200,STATE,OPEN,"-999",OKLAHOMA,"40109",USA,"922140",CORRECTIONAL INSTITUTIONS,https://oklahoma.gov/doc/facilities/clara-waters-community-corrections-center.html,2018/01/02,IMAGERY/OTHER,2024/03/27,https://oklahoma.gov/doc/facilities/clara-waters-community-corrections-center.html,MINIMUM,"-999",0.000002870510571,0.007970872654483,"10002629",POK012,"289","289","7.69999980926514"
"3073","10003578",FTC OKLAHOMA CITY,7410 S MACARTHUR BLVD,OKLAHOMA CITY,OK,"73169","-999",(405) 682-4075,FEDERAL,OPEN,"1149",OKLAHOMA,"40109",USA,"922140",CORRECTIONAL INSTITUTIONS,https://www.bop.gov/locations/institutions/okl/,2016/02/16,IMAGERY/OTHER,2024/01/19,https://www.bop.gov/locations/institutions/okl/,MAXIMUM,"-999",0.000001060733211,0.005788773890338,"10003578",FOK239,"1610","1610","9"
"5675","10003574",OKLAHOMA CITY COMMUNITY CORRECTIONS CENTER,315 W I-44 SERVICE RD,OKLAHOMA CITY,OK,"73118","7634",(405) 463-7800,STATE,CLOSED,"-999",OKLAHOMA,"40109",USA,"922140",CORRECTIONAL INSTITUTIONS,https://www.koco.com/article/oklahoma-womens-prison-occc-shut-down/42247829,2018/01/02,IMAGERY/OTHER,2024/03/28,https://www.koco.com/article/oklahoma-womens-prison-occc-shut-down/42247829,MINIMUM,"-999",0.000002308792318,0.006449707090645,"10003574",POK037,"231","231","8.30000019073486"
"5676","10003576",KATE BARNARD CORRECTIONAL CENTER,3300 MARTIN LUTHER KING AVE,OKLAHOMA CITY,OK,"73111","-999",(405) 425-2900,STATE,CLOSED,"-999",OKLAHOMA,"40109",USA,"922140",CORRECTIONAL INSTITUTIONS,https://oklahoma.gov/doc/newsroom/2023/old-oklahoma-prison-gets-second-chance-as-new-cadet-training-aca.html,2018/01/02,IMAGERY/OTHER,2024/04/01,https://oklahoma.gov/doc/newsroom/2023/old-oklahoma-prison-gets-second-chance-as-new-cadet-training-aca.html,MINIMUM,"-999",0.000001901025371,0.006069004992961,"10003576",POK026,"251","251","8.10000038146973"
"5698","10006636",OKLAHOMA CITY TRANSITIONAL CENTER,5245 I-35 SERVICE ROAD,OKLAHOMA CITY,OK,"73129","7023",(405) 605-2488,STATE,CLOSED,"-999",OKLAHOMA,"40109",USA,"922140",CORRECTIONAL INSTITUTIONS,https://www.corecivic.com/facilities/oklahoma-city-transitional-center,2018/01/02,IMAGERY/OTHER,2024/03/28,https://www.corecivic.com/facilities/oklahoma-city-transitional-center,MINIMUM,"-999",0.000001093009587,0.004694293253301,"10006636",POK039,"185","185","8.5"
"947","10001975",FCI BIG SPRING,1900 SIMLER AVE,BIG SPRING,TX,"79720","-999",(432) 466-2300,FEDERAL,OPEN,"964",HOWARD,"48227",USA,"922140",CORRECTIONAL INSTITUTIONS,https://www.bop.gov/locations/institutions/big/,2016/02/16,IMAGERY/OTHER,2024/01/22,https://www.bop.gov/locations/institutions/big/,MINIMUM,"-999",0.000012116773632,0.015284386895855,"10001975",FTX300,"1394","1394","6.20000004768372"
"3300","10001974",FCI BIG SPRING CAMP,1900 SIMLER AVE,BIG SPRING,TX,"79720","-999",(432) 466-2300,FEDERAL,OPEN,"116",HOWARD,"48227",USA,"922140",CORRECTIONAL INSTITUTIONS,https://www.bop.gov/locations/institutions/big/,2016/02/16,IMAGERY/OTHER,2024/01/22,https://www.bop.gov/locations/institutions/big/,MINIMUM,"-999",0.000007972874300,0.012411629139103,"10001974",FTX298,"1708","1708","6.09999990463257"
"3817","10000182",BIG SPRING CORRECTIONAL FACILITY,3711 WRIGHT AVENUE,BIG SPRING,TX,"79720","-999",(432) 268-1227,FEDERAL,OPEN,"-999",HOWARD,"48227",USA,"922140",CORRECTIONAL INSTITUTIONS,https://www.geogroup.com/FacilityDetail/FacilityID/34,2024/02/06,IMAGERY/OTHER,2024/02/06,https://www.geogroup.com/FacilityDetail/FacilityID/34,MEDIUM,"1732",0.000016627468312,0.034906670673329,"10000182",FTX299,"1764","1764","6.30000007152557"
"1212","10006529",NORTHWEST ARKANSAS COMMUNITY CORRECTION CENTER,114 N COLLEGE AVE,FAYETTEVILLE,AR,"72701","-999",(479) 695-3400,STATE,OPEN,"115",WASHINGTON,"05143",USA,"922140",CORRECTIONAL INSTITUTIONS,"https://doc.arkansas.gov/community-correction/publications/, https://doc.arkansas.gov/community-correction/office-locations/residential-centers/",2022/12/20,IMAGERY/OTHER,2024/02/08,https://doc.arkansas.gov/locations/northwest-arkansas-community-correction-center/,NOT AVAILABLE,"114",0.000000479489017,0.002749422126776,"10006529",,,"115","8.10000038146973"
"3267","10000062",NORTHWEST ARKANSAS WORK RELEASE CENTER,600 WEST SUNSET AVENUE,SPRINGDALE,AR,"72764","-999",(479) 756-2037,STATE,OPEN,"100",WASHINGTON,"05143",USA,"922140",CORRECTIONAL INSTITUTIONS,https://doc.arkansas.gov/correction/publications/reports-brochures-and-forms/,2023/10/31,IMAGERY/OTHER,2024/02/08,https://doc.arkansas.gov/facilities/north-central-unit/,MINIMUM,"100",0.000000154047029,0.001809191892310,"10000062",PAR016,"99","99","8.30000019073486"
"3430","10000573",BUENA VISTA CORRECTIONAL FACILITY,15125 HWY 24 & 285,BUENA VISTA,CO,"81211","-999",(719) 395-2404,STATE,OPEN,"1195",CHAFFEE,"08015",USA,"922140",CORRECTIONAL INSTITUTIONS,https://cdoc.colorado.gov/about/data-and-reports/statistics,2023/12/31,IMAGERY/OTHER,2024/02/12,https://cdoc.colorado.gov/facilities/buena-vista-correctional-complex,CLOSE,"1234",0.000031578136259,0.029384710378611,"10000573",PCO010,"1207","1207","4.59999990463257"
"1583","10000560",DENVER RECEPTION AND DIAGNOSTIC CENTER,10900 SMITH ROAD,DENVER,CO,"80239","-999",(303) 371-4804,STATE,OPEN,"565",DENVER,"08031",USA,"922140",CORRECTIONAL INSTITUTIONS,https://cdoc.colorado.gov/about/data-and-reports/statistics,2023/12/31,IMAGERY/OTHER,2024/02/12,https://cdoc.colorado.gov/facilities/denver-complex/denver-reception-diagnostic-center,MAXIMUM,"570",0.000005607608273,0.009597662950005,"10000560",PCO025,"542","542","7.25"
"2258","10002206",DENVER CONTRACT DETENTION FACILITY (AURORA),3130 NORTH OAKLAND STREET,AURORA,CO,"80010","-999",(303) 361-6612,FEDERAL,OPEN,"938",ADAMS,"08001",USA,"922140",CORRECTIONAL INSTITUTIONS,https://www.ice.gov/detain/detention-management,2024/01/12,IMAGERY/OTHER,2024/02/01,https://www.geogroup.com/FacilityDetail/FacilityID/31,NOT AVAILABLE,"1532",0.000003427243428,0.010965199774153,"10002206",,,"938","7.16666650772095"
"3111","10004659",FCI ENGLEWOOD AND DETENTION CENTER,9595 WEST QUINCY AVENUE,LITTLETON,CO,"80123","-999",(303) 763-4300,FEDERAL,OPEN,"825",JEFFERSON,"08059",USA,"922140",CORRECTIONAL INSTITUTIONS,https://www.bop.gov/locations/institutions/eng/,2016/02/16,IMAGERY/OTHER,2024/01/12,https://www.bop.gov/locations/institutions/eng/,MINIMUM,"-999",0.000011496640582,0.018025678664466,"10004659",FCO056,"1119","1119","6.75"
"3424","10000561",DENVER WOMENS CORRECTIONAL FACILITY,3600 HAVANA STREET,DENVER,CO,"80239","-999",(303) 307-2500,STATE,OPEN,"729",DENVER,"08031",USA,"922140",CORRECTIONAL INSTITUTIONS,https://cdoc.colorado.gov/about/data-and-reports/statistics,2023/12/31,IMAGERY/OTHER,2024/02/12,https://cdoc.colorado.gov/facilities/denver-complex/denver-womens-correctional-facility,MAXIMUM,"768",0.000007672354513,0.014020383306571,"10000561",PCO026,"980","980","7.25"
"3463","10006505",FCI ENGLEWOOD CAMP,9595 WEST QUINCY AVENUE,LITTLETON,CO,"80123","-999",(303) 763-4300,FEDERAL,OPEN,"74",JEFFERSON,"08059",USA,"922140",CORRECTIONAL INSTITUTIONS,https://www.bop.gov/locations/institutions/eng/,2016/02/16,IMAGERY/OTHER,2024/01/12,https://www.bop.gov/locations/institutions/eng/,MINIMUM,"-999",0.000000878525498,0.003768090084632,"10006505",,,"74","6.80000019073486"
"3440","10000578",COLORADO TERRITORIAL CORRECTIONAL FACILITY,275 WEST UNITED STATES HIGHWAY 50,CANON CITY,CO,"81215","-999",(719) 275-4181,STATE,OPEN,"919",FREMONT,"08043",USA,"922140",CORRECTIONAL INSTITUTIONS,https://cdoc.colorado.gov/about/data-and-reports/statistics,2023/12/31,IMAGERY/OTHER,2024/02/12,https://cdoc.colorado.gov/facilities/canon-city/colorado-territorial-correctional-facility,CLOSE,"921",0.000007708999647,0.012695800682813,"10000578",PCO016,"932","932","5.13333320617676"
"877","10002222",COLORADO CORRECTION INC 3950 RESIDENTIAL FACILTY,3950 NORTH NEVADA AVENUE,COLORADO SPRINGS,CO,"80907","-999",(719) 636-5200,NOT AVAILABLE,OPEN,"-999",EL PASO,"08041",USA,"922140",CORRECTIONAL INSTITUTIONS,https://embrave.org/facilities/,2018/05/14,IMAGERY/OTHER,2024/03/26,https://www.comcor.org/facilities/,MINIMUM,"-999",0.000000421750656,0.002817479529397,"10002222",,,,"4.80000019073486"
"1400","10002221",CHEYENNE MOUNTAIN RE-ENTRY CENTER,2925 EAST LAS VEGAS STREET,COLORADO SPRINGS,CO,"80906","-999",(719) 390-0125,STATE,NOT AVAILABLE,"-999",EL PASO,"08041",USA,"922140",CORRECTIONAL INSTITUTIONS,NOT AVAILABLE,2024/01/10,IMAGERY/OTHER,2024/02/12,NOT AVAILABLE,MEDIUM,"-999",0.000000557956355,0.002979343005648,"10002221",PCO013,"681","681","5.19999980926514"
"3438","10000587",SAN CARLOS CORRECTIONAL FACILITY,1410 WEST 13TH STREET,PUEBLO,CO,"81003","-999",(719) 544-4800,STATE,OPEN,"223",PUEBLO,"08101",USA,"922140",CORRECTIONAL INSTITUTIONS,https://cdoc.colorado.gov/about/data-and-reports/statistics,2023/12/31,IMAGERY/OTHER,2024/02/12,https://cdoc.colorado.gov/facilities/pueblo-campus/san-carlos-correctional-facility,MAXIMUM,"255",0.000002142164703,0.006243142544593,"10000587",PCO045,"207","207","5.45000004768372"
"3449","10000586",LA VISTA CORRECTIONAL FACILITY,1401 WEST 17TH STREET,PUEBLO,CO,"81003","-999",(719) 544-4800,STATE,OPEN,"514",PUEBLO,"08101",USA,"922140",CORRECTIONAL INSTITUTIONS,https://cdoc.colorado.gov/about/data-and-reports/statistics,2023/12/31,IMAGERY/OTHER,2024/02/12,https://cdoc.colorado.gov/facilities/pueblo-campus/la-vista-correctional-facility,MEDIUM,"530",0.000008527918226,0.013117602726866,"10000586",PCO038,"680","680","5.30000019073486"
"5483","10001709",RIVERBEND MAXIMUM SECURITY INSTITUTION,7475 COCKRILL BEND BLVD,NASHVILLE,TN,"37243","0471",(615) 350-3100,STATE,OPEN,"-999",DAVIDSON,"47037",USA,"922140",CORRECTIONAL INSTITUTIONS,https://www.tn.gov/correction/state-prisons/state-prison-list/riverbend-maximum-security-institution.html,2017/11/30,IMAGERY/OTHER,2024/01/19,https://www.tn.gov/correction/state-prisons/state-prison-list.html,MAXIMUM,"786",0.000016235430166,0.016992275822587,"10001709",PTN010,"775","775","7.54999995231628"
"6243","10001705",DEBRA K. JOHNSON REHABILITATION CENTER,3881 STEWARTS LANE,NASHVILLE,TN,"37243","0468",(615) 741-1255,STATE,OPEN,"-999",DAVIDSON,"47037",USA,"922140",CORRECTIONAL INSTITUTIONS,https://www.tn.gov/correction/state-prisons/state-prison-list/debra-k--johnson-rehabilitation-center.html,2017/11/30,IMAGERY/OTHER,2024/04/25,https://www.tn.gov/correction/state-prisons/state-prison-list/debra-k--johnson-rehabilitation-center.html,MAXIMUM,"817",0.000012820454003,0.021429013520230,"10001705",PTN012,"768","768","7.69999980926514"
"3329","10003542",FCI MEMPHIS CAMP,6696 NAVY RD,MILLINGTON,TN,"38053","-999",(901) 872-2277,FEDERAL,OPEN,"60",SHELBY,"47157",USA,"922140",CORRECTIONAL INSTITUTIONS,https://www.bop.gov/locations/institutions/mem/,2016/02/16,IMAGERY/OTHER,2024/01/22,https://www.bop.gov/locations/institutions/mem/,MINIMUM,"-999",0.000002446862709,0.006432985628798,"10003542",,,"60","7.5"
"1242","10006528",EAST CENTRAL ARKANSAS COMMUNITY CORRECTION CENTER,200 WEST TYLER AVE,WEST MEMPHIS,AR,"72301","-999",(870) 400-3101,STATE,OPEN,"292",CRITTENDEN,"05035",USA,"922140",CORRECTIONAL INSTITUTIONS,"https://doc.arkansas.gov/community-correction/publications/, https://doc.arkansas.gov/community-correction/office-locations/residential-centers/",2022/12/20,IMAGERY/OTHER,2024/02/08,https://doc.arkansas.gov/locations/east-central-arkansas-community-correction-center/,NOT AVAILABLE,"350",0.000001517326382,0.006523430595126,"10006528",,,"292","8"
"3331","10001718",FCI MEMPHIS,1101 JOHN A DENIE RD,MEMPHIS,TN,"38134","-999",(901) 372-2269,FEDERAL,OPEN,"1014",SHELBY,"47157",USA,"922140",CORRECTIONAL INSTITUTIONS,https://www.bop.gov/locations/institutions/mem/,2016/02/16,IMAGERY/OTHER,2024/01/22,https://www.bop.gov/locations/institutions/mem/,MEDIUM,"-999",0.000012325234593,0.014198482210635,"10001718",FTN288,"1327","1327","8.30000019073486"
"5927","10001720",MARK H LUTTRELL TRANSITION CENTER,6000 STATE RD,MEMPHIS,TN,"38134","-999",(901) 372-2080,STATE,OPEN,"-999",SHELBY,"47157",USA,"922140",CORRECTIONAL INSTITUTIONS,https://www.tn.gov/correction/state-prisons/state-prison-list/mark-luttrell-transition-center.html,2017/11/30,IMAGERY/OTHER,2024/01/19,https://www.tn.gov/correction/state-prisons/state-prison-list.html,MEDIUM,"288",0.000002980923682,0.008332618244900,"10001720",PTN004,"299","299","8.30000019073486"
"3254","10000065",NORTHEAST ARKANSAS COMMUNITY CORRECTION CENTER,1351 RICHARD E PREWITT DR,OSCEOLA,AR,"72370","-999",(870) 563-8330,STATE,OPEN,"227",MISSISSIPPI,"05093",USA,"922140",CORRECTIONAL INSTITUTIONS,"https://doc.arkansas.gov/community-correction/publications/, https://doc.arkansas.gov/community-correction/office-locations/residential-centers/",2022/12/20,IMAGERY/OTHER,2024/02/08,https://doc.arkansas.gov/locations/northeast-arkansas-community-correction-center/,NOT AVAILABLE,"240",0.000001275398063,0.005860760154122,"10000065",,,"227","8.59999990463257"
"2207","10000126",WOMEN'S COMMUNITY CORRECTIONAL CENTER,42-477 KALANIANAOLE HWY,KAILUA,HI,"96734","-999",(808) 266-9580,STATE,OPEN,"195",HONOLULU,"15003",USA,"922140",CORRECTIONAL INSTITUTIONS,https://dcr.hawaii.gov/about/divisions/corrections/,2024/02/12,IMAGERY/OTHER,2024/02/21,https://dcr.hawaii.gov/wccc/,MAXIMUM,"260",0.000002879655767,0.012007687899884,"10000126",PHI009,"289","289",NA
"1181","10000127",MAUI COMMUNITY CORRECTIONAL CENTER,600 WAIALE DR,WAILUKU,HI,"96793","-999",(808) 243-5101,STATE,OPEN,"211",MAUI,"15009",USA,"922140",CORRECTIONAL INSTITUTIONS,https://dcr.hawaii.gov/about/divisions/corrections/,2024/02/12,IMAGERY/OTHER,2024/02/21,https://dcr.hawaii.gov/mccc/,NOT AVAILABLE,"301",0.000001533738214,0.005001393735973,"10000127",PHI006,"411","411",NA
"2190","10003694",HAWAII COMMUNITY CORRECTIONAL CENTER,60 PUNAHELE STREET,HILO,HI,"96720","-999",(808) 933-0431,STATE,OPEN,"300",HAWAII,"15001",USA,"922140",CORRECTIONAL INSTITUTIONS,https://dcr.hawaii.gov/about/divisions/corrections/,2024/02/12,IMAGERY/OTHER,2024/02/21,https://dcr.hawaii.gov/about/divisions/corrections/about-corrections/hccc/,NOT AVAILABLE,"226",0.000001609723768,0.005107652287997,"10003694",PHI002,"527","527",NA
"788","10000123",FDC HONOLULU,351 ELLIOTT ST,HONOLULU,HI,"96819","-999",(808) 838-4200,FEDERAL,OPEN,"238",HONOLULU,"15003",USA,"922140",CORRECTIONAL INSTITUTIONS,https://www.bop.gov/locations/institutions/hon/,2016/02/16,IMAGERY/OTHER,2024/01/19,https://www.bop.gov/locations/institutions/hon/,MAXIMUM,"-999",0.000000684951146,0.004183237723057,"10000123",,,"238",NA
"1180","10000124",HALAWA CORRECTIONAL FACILITY,99-902 MOANALUA RD,AIEA,HI,"96701","-999",(808) 485-5200,STATE,OPEN,"850",HONOLULU,"15003",USA,"922140",CORRECTIONAL INSTITUTIONS,https://dcr.hawaii.gov/about/divisions/corrections/,2024/02/12,IMAGERY/OTHER,2024/02/21,https://dcr.hawaii.gov/halawa/,MAXIMUM,"992",0.000006829493941,0.013838229977753,"10000124",PHI001,"792","792",NA
"2191","10003691",OAHU COMMUNITY CORRECTIONAL CENTER,2199 KAMEHAMEHA HIGHWAY,HONOLULU,HI,"96819","-999",(808) 832-1777,STATE,OPEN,"1064",HONOLULU,"15003",USA,"922140",CORRECTIONAL INSTITUTIONS,https://dcr.hawaii.gov/about/divisions/corrections/,2024/02/12,IMAGERY/OTHER,2024/02/21,https://dcr.hawaii.gov/about/divisions/corrections/occc/,NOT AVAILABLE,"954",0.000005596678193,0.009809968950846,"10003691",PHI007,"1421","1421",NA
"4572","10006587",BISMARCK TRANSITION CENTER,2001 LEE AVENUE,BISMARCK,ND,"58504","-999",(701) 222-3440,STATE,OPEN,"-999",BURLEIGH,"38015",USA,"922140",CORRECTIONAL INSTITUTIONS,http://www.cccscorp.com/programs/btc/,2016/12/31,IMAGERY/OTHER,2024/03/07,http://www.cccscorp.com/programs/btc/,MINIMUM,"-999",0.000000341567102,0.002675214006985,"10006587",PND001,"111","111","5.19999980926514"
"6050","10003601",NORTH DAKOTA STATE PENITENTIARY,3100 RAILROAD AVE,BISMARCK,ND,"58506","5521",(701) 328-6100,STATE,OPEN,"-999",BURLEIGH,"38015",USA,"922140",CORRECTIONAL INSTITUTIONS,https://www.docr.nd.gov/adult-facilities/north-dakota-state-penitentiary,2016/12/31,IMAGERY/OTHER,2024/03/06,https://www.docr.nd.gov/adult-facilities/north-dakota-state-penitentiary,MAXIMUM,"-999",0.000010764524632,0.014644236874670,"10003601",PND010,"745","745","4.97500002384186"
"2090","10003650",BLACKBURN CORRECTIONAL COMPLEX,3111 SPURR RD,LEXINGTON,KY,"40511","-999",(859) 246-2366,STATE,OPEN,"320",FAYETTE,"21067",USA,"922140",CORRECTIONAL INSTITUTIONS,https://corrections.ky.gov/facilities/ai/pages/default.aspx,2024/02/27,IMAGERY/OTHER,2024/02/27,https://corrections.ky.gov/Facilities/AI/BCC/Pages/default.aspx,MINIMUM,"-999",0.000042608216063,0.029853797169824,"10003650",PKY004,"318","318","7.40000009536743"
"2535","10000109",FMC LEXINGTON,3301 LEESTOWN RD,LEXINGTON,KY,"40511","-999",(859) 255-6812,FEDERAL,OPEN,"1101",FAYETTE,"21067",USA,"922140",CORRECTIONAL INSTITUTIONS,https://www.bop.gov/locations/institutions/lex/,2016/02/16,IMAGERY/OTHER,2024/01/19,https://www.bop.gov/locations/institutions/lex/,MAXIMUM,"-999",0.000012544443734,0.017425520363879,"10000109",FKY141,"1496","1496","7.54999995231628"
"2921","10003652",FMC LEXINGTON CAMP,3301 LEESTOWN RD,LEXINGTON,KY,"40511","-999",(859) 255-6812,FEDERAL,OPEN,"166",FAYETTE,"21067",USA,"922140",CORRECTIONAL INSTITUTIONS,https://www.bop.gov/locations/institutions/lex/,2016/02/16,IMAGERY/OTHER,2024/01/19,https://www.bop.gov/locations/institutions/lex/,MINIMUM,"-999",0.000000187778141,0.001843346812392,"10003652",,,"166","7.5"
"4628","10001591",WALLENS RIDGE STATE PRISON,272 DOGWOOD DR,BIG STONE GAP,VA,"24219","-999",(276) 523-3310,STATE,OPEN,"-999",WISE,"51195",USA,"922140",CORRECTIONAL INSTITUTIONS,https://vadoc.virginia.gov/facilities-and-offices/,2016/04/28,IMAGERY/OTHER,2020/02/24,https://vadoc.virginia.gov/facilities-and-offices/,MAXIMUM,"-999",0.000007786018159,0.010438570450735,"10001591",PVA054,"1053","1053","6.69999980926514"
"2102","10000103",KENTUCKY STATE REFORMATORY,3001 W HWY 146,LAGRANGE,KY,"40032","-999",(502) 222-9441,STATE,OPEN,"1051",OLDHAM,"21185",USA,"922140",CORRECTIONAL INSTITUTIONS,https://corrections.ky.gov/facilities/ai/pages/default.aspx,2024/02/27,IMAGERY/OTHER,2024/02/27,https://corrections.ky.gov/Facilities/AI/ksr/Pages/default.aspx,MEDIUM,"1051",0.000024618924954,0.023723510366643,"10000103",PKY028,"970","970","7.80000019073486"
"3458","10003196",ULSTER CORRECTIONAL FACILITY,750 BERME RD,NAPANOCH,NY,"12458","0800",(845) 647-1670,STATE,OPEN,"-999",ULSTER,"36111",USA,"922140",CORRECTIONAL INSTITUTIONS,https://doccs.ny.gov/location/ulster-correctional-facility,2017/03/15,IMAGERY/OTHER,2024/03/18,https://doccs.ny.gov/location/ulster-correctional-facility,MEDIUM,"882",0.000013926817928,0.016406162108734,"10003196",PNY053,,,"6.09999990463257"
"6089","10003195",EASTERN NY CORRECTIONAL FACILITY,30 INSTITUTION RD,NAPANOCH,NY,"12458","0338",(845) 647-7400,STATE,OPEN,"-999",ULSTER,"36111",USA,"922140",CORRECTIONAL INSTITUTIONS,https://doccs.ny.gov/location/eastern-ny-correctional-facility,2016/10/07,IMAGERY/OTHER,2024/03/13,https://doccs.ny.gov/location/eastern-ny-correctional-facility,MAXIMUM,"-999",0.000012470025695,0.015120472586959,"10003195",PNY017,,,"6"
"3160","10003165",WENDE CORRECTIONAL FACILITY,3040 WENDE RD,ALDEN,NY,"14004","1187",(716) 937-4000,STATE,OPEN,"872",ERIE,"36029",USA,"922140",CORRECTIONAL INSTITUTIONS,https://doccs.ny.gov/location/wende-correctional-facility,2016/11/04,IMAGERY/OTHER,2024/03/18,https://doccs.ny.gov/location/wende-correctional-facility,MAXIMUM,"919",0.000008408611620,0.011684090918228,"10003165",PNY060,"761","761","5.35000014305115"
"3483","10000761",HUDSON CORRECTIONAL FACILITY / WORK RELEASE,50 EAST COURT ST,HUDSON,NY,"12534","0576",(518) 828-4311,STATE,OPEN,"-999",COLUMBIA,"36021",USA,"922140",CORRECTIONAL INSTITUTIONS,https://doccs.ny.gov/location/hudson-adolescent-offender-facility,2017/04/05,IMAGERY/OTHER,2024/03/22,https://doccs.ny.gov/location/hudson-adolescent-offender-facility,MEDIUM,"-999",0.000014653254084,0.022059545428343,"10000761",PNY065,"67","67","5.90000009536743"
"3483","10000761",HUDSON CORRECTIONAL FACILITY / WORK RELEASE,50 EAST COURT ST,HUDSON,NY,"12534","0576",(518) 828-4311,STATE,OPEN,"-999",COLUMBIA,"36021",USA,"922140",CORRECTIONAL INSTITUTIONS,https://doccs.ny.gov/location/hudson-adolescent-offender-facility,2017/04/05,IMAGERY/OTHER,2024/03/22,https://doccs.ny.gov/location/hudson-adolescent-offender-facility,MEDIUM,"-999",0.000014653254084,0.022059545428343,"10000761",PNY031,"30","30","5.90000009536743"
"3607","10000745",AUBURN CORRECTIONAL FACILITY,135 STATE ST,AUBURN,NY,"13024","9000",(315) 253-8401,STATE,OPEN,"-999",CAYUGA,"36011",USA,"922140",CORRECTIONAL INSTITUTIONS,https://doccs.ny.gov/location/auburn-correctional-facility,2020/02/13,IMAGERY/OTHER,2024/09/18,https://doccs.ny.gov/location/auburn-correctional-facility,MAXIMUM,"-999",0.000010059179203,0.017379847263171,"10000745",PNY005,"1352","1352","5.59999990463257"
"3624","10003132",FRANKLIN CORRECTIONAL FACILITY,62 BARE HILL RD,MALONE,NY,"12953","0010",(518) 483-6040,STATE,OPEN,"-999",FRANKLIN,"36033",USA,"922140",CORRECTIONAL INSTITUTIONS,https://doccs.ny.gov/location/franklin-correctional-facility,2017/02/10,IMAGERY/OTHER,2024/03/14,https://doccs.ny.gov/location/franklin-correctional-facility,MEDIUM,"-999",0.000033525696836,0.025141311218841,"10003132",PNY022,"1295","1295","5.23333326975505"
"6099","10003145",ALBION CORRECTIONAL FACILITY,3595 STATE SCHOOL RD,ALBION,NY,"14411","9399",(585) 589-5511,STATE,OPEN,"-999",ORLEANS,"36073",USA,"922140",CORRECTIONAL INSTITUTIONS,https://doccs.ny.gov/location/albion-correctional-facility,2017/04/12,IMAGERY/OTHER,2024/03/13,https://doccs.ny.gov/location/albion-correctional-facility,MEDIUM,"-999",0.000028377225590,0.027381148639176,"10003145",PNY002,"903","903","5.30000019073486"
"6130","10003144",ORLEANS CORRECTIONAL FACILITY,3531 GAINES BASIN RD,ALBION,NY,"14411","9199",(585) 589-6820,STATE,OPEN,"-999",ORLEANS,"36073",USA,"922140",CORRECTIONAL INSTITUTIONS,https://doccs.ny.gov/location/orleans-correctional-facility,2015/11/13,IMAGERY/OTHER,2024/03/14,https://doccs.ny.gov/location/orleans-correctional-facility,MEDIUM,"-999",0.000020594497755,0.018463109498941,"10003144",PNY041,"778","778","5.30000019073486"
"3233","10003148",ROCHESTER CORRECTIONAL FACILITY,470 FORD ST,ROCHESTER,NY,"14608","2499",(585) 454-2280,STATE,CLOSED,"-999",MONROE,"36055",USA,"922140",CORRECTIONAL INSTITUTIONS,https://www.rochesterfirst.com/news/local-news/rochester-correctional-facility-set-to-close-in-2022/,2016/10/18,IMAGERY/OTHER,2024/03/21,https://www.rochesterfirst.com/news/local-news/rochester-correctional-facility-set-to-close-in-2022/,MINIMUM,"-999",0.000000128341298,0.001702078141090,"10003148",PNY045,"49","49","5.80000019073486"
"3627","10003189",GREENE CORRECTIONAL FACILITY,165 PLANK RD,COXSACKIE,NY,"12051","0008",(518) 731-2741,STATE,OPEN,"-999",GREENE,"36039",USA,"922140",CORRECTIONAL INSTITUTIONS,https://doccs.ny.gov/location/greene-correctional-facility,2017/04/07,IMAGERY/OTHER,2024/03/14,https://doccs.ny.gov/location/greene-correctional-facility,MEDIUM,"-999",0.000025793314535,0.030825177434314,"10003189",PNY028,"1569","1569","5.80000019073486"
"6096","10003188",COXSACKIE CORRECTIONAL FACILITY,11260 ROUTE 9 WEST,COXSACKIE,NY,"12051","0200",(518) 731-2781,STATE,OPEN,"-999",GREENE,"36039",USA,"922140",CORRECTIONAL INSTITUTIONS,https://doccs.ny.gov/location/coxsackie-correctional-facility,2016/03/16,IMAGERY/OTHER,2024/03/13,https://doccs.ny.gov/location/coxsackie-correctional-facility,MAXIMUM,"-999",0.000013919456478,0.017202354571300,"10003188",PNY015,"732","732","5.80000019073486"
"3444","10003124",OGDENSBURG CORRECTIONAL FACILITY,ONE CORRECTION WAY,OGDENSBURG,NY,"13669","2288",(315) 393-0281,STATE,OPEN,"-999",ST. LAWRENCE,"36089",USA,"922140",CORRECTIONAL INSTITUTIONS,https://www.wwnytv.com/2022/07/15/officials-tour-shuttered-ogdensburg-correctional-facility/,2015/11/13,IMAGERY/OTHER,2024/03/21,https://www.wwnytv.com/2022/07/15/officials-tour-shuttered-ogdensburg-correctional-facility/,MEDIUM,"-999",0.000011918420114,0.016385401131337,"10003124",PNY040,"343","343","5.30000019073486"
"6133","10003125",RIVERVIEW CORRECTIONAL FACILITY,1110 TIBBITS DR,OGDENSBURG,NY,"13669","0158",(315) 393-8400,STATE,OPEN,"-999",ST. LAWRENCE,"36089",USA,"922140",CORRECTIONAL INSTITUTIONS,https://doccs.ny.gov/location/riverview-correctional-facility,2017/09/13,IMAGERY/OTHER,2024/03/14,https://doccs.ny.gov/location/riverview-correctional-facility,MEDIUM,"-999",0.000019125066501,0.017479498946609,"10003125",PNY044,"723","723","5.19999980926514"
"6113","10000751",MARCY CORRECTIONAL FACILITY,9000 OLD RIVER RD,MARCY,NY,"13403","5000",(315) 768-1400,STATE,OPEN,"-999",ONEIDA,"36065",USA,"922140",CORRECTIONAL INSTITUTIONS,https://doccs.ny.gov/location/marcy-correctional-facility,2016/03/02,IMAGERY/OTHER,2024/03/14,https://doccs.ny.gov/location/marcy-correctional-facility,MEDIUM,"-999",0.000027075871458,0.025921343907645,"10000751",PNY036,"1131","1131","5.30000019073486"
"6122","10003152",MID-STATE CORRECTIONAL FACILITY,9005 OLD RIVER RD,MARCY,NY,"13403","0216",(315) 768-8581,STATE,OPEN,"-999",ONEIDA,"36065",USA,"922140",CORRECTIONAL INSTITUTIONS,https://doccs.ny.gov/location/mid-state-correctional-facility,2016/03/04,IMAGERY/OTHER,2024/03/14,https://doccs.ny.gov/location/mid-state-correctional-facility,MEDIUM,"-999",0.000026066905093,0.029271511024198,"10003152",PNY037,"1462","1462","5.26666673024495"
"1035","10001362",CENTRAL MICHIGAN CORRECTIONAL FACILITY,320 HUBBARD,ST LOUIS,MI,"48880","-999",(989) 681-6668,STATE,OPEN,"-999",GRATIOT,"26057",USA,"922140",CORRECTIONAL INSTITUTIONS,https://www.michigan.gov/corrections/prisons,2024/02/29,IMAGERY/OTHER,2024/02/29,https://www.michigan.gov/corrections/prisons/central-michigan-correctional-facility,MINIMUM,"2560",0.000020577868327,0.021481098525775,"10001362",PMI005,"2546","2546","6"
"3157","10001361",ST. LOUIS CORRECTIONAL FACILITY,8585 N CROSWELL RD,ST LOUIS,MI,"48880","-999",(989) 681-6444,STATE,OPEN,"-999",GRATIOT,"26057",USA,"922140",CORRECTIONAL INSTITUTIONS,https://www.michigan.gov/corrections/prisons,2024/02/29,IMAGERY/OTHER,2024/02/29,https://www.michigan.gov/corrections/prisons/st-louis-correctional-facility,CLOSE,"-999",0.000011247416523,0.014593552249100,"10001361",PMI039,"1124","1124","6"
"1555","10001054",SOUTH BEND COMMUNITY RE ENTRY CENTER,4650 OLD CLEVELAND RD,SOUTH BEND,IN,"46628","-999",(574) 234-4094,STATE,OPEN,"157",ST. JOSEPH,"18141",USA,"922140",CORRECTIONAL INSTITUTIONS,https://www.in.gov/idoc/policies-and-statistics/data/statistical-data/total-population-summary-reports/,2023/11/30,IMAGERY/OTHER,2024/02/26,https://www.in.gov/idoc/find-a-facility/adult/south-bend-community-re-entry-center/,MINIMUM,"183",0.000002007010380,0.006808237649890,"10001054",PIN032,"163","163","7.19999980926514"
"1650","10005599",INDIANA STATE PRISON,1 PARK ROW,MICHIGAN CITY,IN,"46360","-999",(219) 874-7258,STATE,OPEN,"2176",LAPORTE,"18091",USA,"922140",CORRECTIONAL INSTITUTIONS,https://www.in.gov/idoc/policies-and-statistics/data/statistical-data/total-population-summary-reports/,2023/11/30,IMAGERY/OTHER,2024/02/26,https://www.in.gov/idoc/find-a-facility/adult/indiana-state-prison/,MAXIMUM,"2353",0.000012559045445,0.014662332166902,"10005599",PIN014,"1998","1998","7.69999980926514"
"3148","10001357",SAGINAW CORRECTIONAL FACILITY,9625 PIERCE RD,FREELAND,MI,"48623","-999",(989) 695-9880,STATE,OPEN,"-999",SAGINAW,"26145",USA,"922140",CORRECTIONAL INSTITUTIONS,https://www.michigan.gov/corrections/prisons,2024/02/29,IMAGERY/OTHER,2024/02/29,https://www.michigan.gov/corrections/prisons/saginaw-correctional-facility,CLOSE,"-999",0.000022166884264,0.019427319666977,"10001357",PMI037,"1453","1453","6.30000019073486"
"1052","10000272",IONIA CORRECTIONAL FACILITY,1576 W BLUEWATER HWY,IONIA,MI,"48846","-999",(616) 527-6331,STATE,OPEN,"-999",IONIA,"26067",USA,"922140",CORRECTIONAL INSTITUTIONS,https://www.michigan.gov/corrections/prisons,2024/02/29,IMAGERY/OTHER,2024/02/29,https://www.michigan.gov/corrections/prisons/ionia-correctional-facility,MAXIMUM,"-999",0.000012479643374,0.014235611135149,"10000272",PMI023,"637","637","6.35000014305115"
"3009","10003834",MICHIGAN REFORMATORY,1342 W MAIN ST,IONIA,MI,"48846","-999",(616) 527-2500,STATE,CLOSED,"0",IONIA,"26067",USA,"922140",CORRECTIONAL INSTITUTIONS,https://www.michigan.gov/corrections/prisons/closed-facilities/michigan-reformatory,2022/11/13,IMAGERY/OTHER,2024/04/02,https://www.michigan.gov/corrections/prisons/closed-facilities/michigan-reformatory,CLOSE,"1337",0.000007953537761,0.012412394218650,"10003834",PMI029,"1205","1205","6.59999990463257"
"3146","10000273",RICHARD A HANDLON CORRECTIONAL FACILITY,1728 BLUEWATER HWY,IONIA,MI,"48846","-999",(616) 527-3100,STATE,OPEN,"-999",IONIA,"26067",USA,"922140",CORRECTIONAL INSTITUTIONS,https://www.michigan.gov/corrections/prisons,2024/02/29,IMAGERY/OTHER,2024/02/29,https://www.michigan.gov/corrections/prisons/richard-a-handlon-correctional-facility,MEDIUM,"-999",0.000017449911184,0.018339269007720,"10000273",PMI036,"1264","1264","6.30000019073486"
"3149","10001364",BELLAMY CREEK CORRECTIONAL FACILITY,1727 W BLUEWATER HWY,IONIA,MI,"48846","-999",(616) 527-2510,STATE,OPEN,"-999",IONIA,"26067",USA,"922140",CORRECTIONAL INSTITUTIONS,https://www.michigan.gov/corrections/prisons,2024/02/29,IMAGERY/OTHER,2024/02/29,https://www.michigan.gov/corrections/prisons/bellamy-creek-correctional-facility,CLOSE,"-999",0.000023998822826,0.026717213739142,"10001364",PMI003,"1752","1752","6.46666669845581"
"1075","10000274",WOODLAND CENTER CORRECTIONAL FACILITY,9036 EAST M-36,WHITMORE LAKE,MI,"48189","-999",(734) 449-3320,STATE,OPEN,"-999",LIVINGSTON,"26093",USA,"922140",CORRECTIONAL INSTITUTIONS,https://www.michigan.gov/corrections/prisons,2024/02/29,IMAGERY/OTHER,2024/02/29,https://www.michigan.gov/corrections/prisons/woodland-center-correctional-facility,MAXIMUM,"-999",0.000049508531902,0.033716725300827,"10000274",PMI041,"350","350","7.75"
"3155","10000269",THUMB CORRECTIONAL FACILITY,3225 JOHN CONLEY DR,LAPEER,MI,"48446","-999",(810) 667-2045,STATE,OPEN,"-999",LAPEER,"26087",USA,"922140",CORRECTIONAL INSTITUTIONS,https://www.michigan.gov/corrections/prisons,2024/02/29,IMAGERY/OTHER,2024/02/29,https://www.michigan.gov/corrections/prisons/thumb-correctional-facility,MEDIUM,"-999",0.000016460161532,0.016760316585856,"10000269",PMI040,"1016","1016","6.69999980926514"
"3136","10002084",CHIPPEWA CORRECTIONAL FACILITY,4269 W M-80,KINCHELOE,MI,"49784","-999",(906) 495-2275,STATE,OPEN,"-999",CHIPPEWA,"26033",USA,"922140",CORRECTIONAL INSTITUTIONS,https://www.michigan.gov/corrections/prisons,2024/02/29,IMAGERY/OTHER,2024/02/29,https://www.michigan.gov/corrections/prisons/chippewa-correctional-facility,MAXIMUM,"2270",0.000019937478555,0.024724900787634,"10002084",PMI008,"2323","2323","4.95000004768372"
"1193","10000079",BARBARA ESTER UNIT,7500 CORRECTIONS CIRCLE,PINE BLUFF,AR,"71603","-999",(870) 267-6240,STATE,OPEN,"567",JEFFERSON,"05069",USA,"922140",CORRECTIONAL INSTITUTIONS,https://doc.arkansas.gov/correction/publications/reports-brochures-and-forms/,2023/10/31,IMAGERY/OTHER,2024/02/08,https://doc.arkansas.gov/facilities/barbara-ester-unit/,MEDIUM,"579",0.000002757263928,0.007401565242628,"10000079",PAR007,"582","582","7.5"
"1207","10000082",SOUTHEAST ARKANSAS COMMUNITY CORRECTIONS CENTER,7301 W 13TH AVE,PINE BLUFF,AR,"71602","-999",NOT AVAILABLE,STATE,CLOSED,"0",JEFFERSON,"05069",USA,"922140",CORRECTIONAL INSTITUTIONS,https://correctionalnews.com/2016/03/30/arkansas-correctional-center-relocate-former-hospital/,2016/03/30,IMAGERY/OTHER,2024/02/09,NOT AVAILABLE,NOT AVAILABLE,"350",0.000020354146727,0.018542690989676,"10000082",,,"0","7.5"
"1232","10000081",RANDALL L. WILLIAMS CORRECTIONAL FACILITY,7206 WEST 7TH AVE,PINE BLUFF,AR,"71603","-999",(870) 267-6800,STATE,OPEN,"536",JEFFERSON,"05069",USA,"922140",CORRECTIONAL INSTITUTIONS,https://doc.arkansas.gov/correction/publications/reports-brochures-and-forms/,2023/10/31,IMAGERY/OTHER,2024/02/08,https://doc.arkansas.gov/facilities/pine-bluff-unit/,MEDIUM,"562",0.000002459882126,0.006304312479854,"10000081",PAR021,"554","554","7.69999980926514"
"3248","10006381",PINE BLUFF RE-ENTRY CENTER,6841 WEST 13TH STREET,PINE BLUFF,AR,"71602","-999",(870) 730-0381,STATE,OPEN,"52",JEFFERSON,"05069",USA,"922140",CORRECTIONAL INSTITUTIONS,https://doc.arkansas.gov/correction/publications/reports-brochures-and-forms/,2023/10/31,IMAGERY/OTHER,2024/02/08,https://doc.arkansas.gov/facilities/pine-bluff-re-entry-center/,MINIMUM,"54",0.000000067123892,0.001040316283635,"10006381",PAR018,"54","54","7.59999990463257"
"3258","10000080",PINE BLUFF UNIT,890 FREE LINE DRIVE,PINE BLUFF,AR,"71603","1498",(870) 267-6510,STATE,OPEN,"537",JEFFERSON,"05069",USA,"922140",CORRECTIONAL INSTITUTIONS,https://doc.arkansas.gov/correction/publications/reports-brochures-and-forms/,2023/10/31,IMAGERY/OTHER,2024/02/08,https://doc.arkansas.gov/facilities/pine-bluff-unit/,MEDIUM,"430",0.000003930450248,0.008917139992783,"10000080",PAR020,"529","529","7.54999995231628"
"850","10003618",ARKANSAS STATE HOSPITAL,305 SOUTH PALM STREET,LITTLE ROCK,AR,"72205","-999",(501) 686-9000,STATE,OPEN,"-999",PULASKI,"05119",USA,"922140",CORRECTIONAL INSTITUTIONS,https://humanservices.arkansas.gov/divisions-shared-services/aging-adult-behavioral-health-services/arkansas-state-hospital/,2024/02/09,IMAGERY/OTHER,2024/02/09,https://humanservices.arkansas.gov/divisions-shared-services/aging-adult-behavioral-health-services/arkansas-state-hospital/,NOT AVAILABLE,"-999",0.000001828014092,0.006783905074904,"10003618",,,,"8.79999971389771"
"1222","10001909",CENTRAL ARKANSAS COMMUNITY CORRECTION CENTER,4823 W 7TH ST,LITTLE ROCK,AR,"72205","-999",(501) 686-9800,STATE,OPEN,"150",PULASKI,"05119",USA,"922140",CORRECTIONAL INSTITUTIONS,"https://doc.arkansas.gov/community-correction/publications/, https://doc.arkansas.gov/community-correction/office-locations/residential-centers/",2022/12/20,IMAGERY/OTHER,2024/02/08,https://doc.arkansas.gov/locations/central-arkansas-community-correction-center/,NOT AVAILABLE,"150",0.000000528698138,0.003036782574274,"10001909",,,"150","8.89999961853027"
"3388","10001804",MARSHALL COUNTY CORRECTIONAL FACILITY,833 WEST ST,HOLLY SPRINGS,MS,"38635","-999",(662) 252-7111,STATE,OPEN,"827",MARSHALL,"28093",USA,"922140",CORRECTIONAL INSTITUTIONS,https://www.mdoc.ms.gov/general-public/daily-inmate-population-2021-2022,2024/02/25,IMAGERY/OTHER,2024/03/01,https://www.mdoc.ms.gov/facilities/marshall-county-correctional-facility,MEDIUM,"925",0.000006540434697,0.010119437753216,"10001804",PMS027,"1000","1000","6.80000019073486"
"3049","10001633",MCFP SPRINGFIELD,1900 W SUNSHINE ST,SPRINGFIELD,MO,"65807","-999",(417) 862-7041,FEDERAL,OPEN,"945",GREENE,"29077",USA,"922140",CORRECTIONAL INSTITUTIONS,https://www.bop.gov/locations/institutions/spg/,2016/02/16,IMAGERY/OTHER,2024/01/19,https://www.bop.gov/locations/institutions/spg/,MAXIMUM,"-999",0.000010950579053,0.013064729368483,"10001633",FMO181,"1037","1037","8"
"1739","10001033",TOPEKA CORRECTIONAL FACILITY,815 SOUTHEAST RICE ROAD,TOPEKA,KS,"66607","-999",(785) 296-3432,STATE,OPEN,"791",SHAWNEE,"20177",USA,"922140",CORRECTIONAL INSTITUTIONS,https://www.doc.ks.gov//publications/population-report,2024/02/26,IMAGERY/OTHER,2024/02/27,https://www.doc.ks.gov/facilities/tcf,MAXIMUM,"932",0.000009813837551,0.022593975696302,"10001033",PKS014,"895","895","7"
"2317","10004054",GUHLEMAN FORENSIC CENTER,600 EAST 5TH ST,FULTON,MO,"65251","-999",NOT AVAILABLE,STATE,CLOSED,"0",CALLAWAY,"29027",USA,"922140",CORRECTIONAL INSTITUTIONS,https://dmh.mo.gov/opla/pprp/about,2019/08/01,IMAGERY/OTHER,2024/04/03,NOT AVAILABLE,MEDIUM,"91",0.000003791582230,0.007676176891319,"10004054",,,"0","6.90000009536743"
"3181","10001617",FULTON RECEPTION AND DIAGNOSTIC CENTER,1393 STATE ROAD O,FULTON,MO,"65251","-999",(573) 592-4040,STATE,OPEN,"-999",CALLAWAY,"29027",USA,"922140",CORRECTIONAL INSTITUTIONS,https://doc.mo.gov/facilities/all,2024/03/01,IMAGERY/OTHER,2024/03/01,https://doc.mo.gov/facilities/all,MINIMUM,"-999",0.000015218482304,0.015476581328152,"10001617",PMO012,"1232","1232","6.64999985694885"
"4145","10006565",FULTON STATE HOSPITAL,600 EAST 5TH STREET,FULTON,MO,"65251","-999",(573) 592-4100,STATE,OPEN,"-999",CALLAWAY,"29027",USA,"922140",CORRECTIONAL INSTITUTIONS,https://dmh.mo.gov/fulton-state-hospital,2017/12/08,IMAGERY/OTHER,2020/01/31,NOT AVAILABLE,NOT AVAILABLE,"-999",0.000013822800611,0.015664433399107,"10006565",,,,"6.90000009536743"
"2629","10001031",LANSING CORRECTIONAL FACILITY - CENTRAL UNIT,301 EAST KANSAS AVE,LANSING,KS,"66043","-999",(913) 727-3235,STATE,OPEN,"1501",LEAVENWORTH,"20103",USA,"922140",CORRECTIONAL INSTITUTIONS,https://www.doc.ks.gov//publications/population-report,2024/02/26,IMAGERY/OTHER,2024/02/27,https://www.doc.ks.gov/facilities/lcf,MAXIMUM,"1920",0.000021017708150,0.019970560033943,"10001031",PKS006,"1802","1802","6.85000014305115"
"3102","10001029",USP LEAVENWORTH,1300 METROPOLITAN AVENUE,LEAVENWORTH,KS,"66048","-999",(913) 682-8700,FEDERAL,OPEN,"1642",LEAVENWORTH,"20103",USA,"922140",CORRECTIONAL INSTITUTIONS,https://www.bop.gov/locations/institutions/lvn/,2016/02/16,IMAGERY/OTHER,2024/01/19,https://www.bop.gov/locations/institutions/lvn/,MEDIUM,"-999",0.000009844649867,0.013181042588353,"10001029",FKS128,"1659","1659","6.54999995231628"
"3872","10001826",LEAVENWORTH DETENTION CENTER,100 HWY TERRACE,LEAVENWORTH,KS,"66048","-999",(913) 727-3246,FEDERAL,CLOSED,"-999",LEAVENWORTH,"20103",USA,"922140",CORRECTIONAL INSTITUTIONS,http://www.corecivic.com/facilities/leavenworth-detention-center,2024/03/04,IMAGERY/OTHER,2024/03/04,https://www.corecivic.com/facilities/leavenworth-detention-center,MAXIMUM,"-999",0.000003556800721,0.007705746301020,"10001826",,,,"7"
"2283","10001609",WESTERN MISSOURI CORRECTIONAL CENTER,609 E PENCE RD,CAMERON,MO,"64429","-999",(816) 632-1390,STATE,OPEN,"-999",DEKALB,"29063",USA,"922140",CORRECTIONAL INSTITUTIONS,https://doc.mo.gov/facilities/all,2024/03/01,IMAGERY/OTHER,2024/03/01,https://doc.mo.gov/facilities/all,MEDIUM,"-999",0.000024658889288,0.018626818222047,"10001609",PMO034,"1347","1347","6.59999990463257"
"2292","10001608",CROSSROADS CORRECTIONAL CENTER,1115 E PENCE RD,CAMERON,MO,"64429","-999",(816) 632-2727,STATE,OPEN,"-999",DEKALB,"29063",USA,"922140",CORRECTIONAL INSTITUTIONS,https://doc.mo.gov/facilities/all,2024/03/01,IMAGERY/OTHER,2024/03/01,https://doc.mo.gov/facilities/all,MAXIMUM,"-999",0.000012863391703,0.013383234855831,"10001608",PMO006,"190","190","6.59999990463257"
"2456","10001616",TRANSITION CENTER OF KANSAS CITY,651 MULBERRY ST,KANSAS CITY,MO,"64101","-999",(816) 842-7467,STATE,OPEN,"-999",JACKSON,"29095",USA,"922140",CORRECTIONAL INSTITUTIONS,https://doc.mo.gov/facilities/probation-parole/csc-crc-address-listing,2016/06/27,IMAGERY/OTHER,2024/04/04,https://doc.mo.gov/facilities/all?page=0,NOT AVAILABLE,"-999",0.000000684592123,0.005136244497598,"10001616",PMO016,"188","188","8.19999980926514"
"3192","10001612","WESTERN RECEPTION, DIAGNOSTIC / CORRECTIONAL CTR",3401 FARAON ST,ST. JOSEPH,MO,"64506","-999",(816) 387-2158,STATE,OPEN,"-999",BUCHANAN,"29021",USA,"922140",CORRECTIONAL INSTITUTIONS,https://doc.mo.gov/facilities/all,2024/03/01,IMAGERY/OTHER,2024/03/01,https://doc.mo.gov/facilities/all,MINIMUM,"-999",0.000014110790744,0.016556190894753,"10001612",PMO035,"1907","1907","6.54999995231628"
"3187","10004043",CHILLICOTHE CORRECTIONAL CENTER,3151 LITTON ROAD,CHILLICOTHE,MO,"64601","-999",(660) 646-4032,STATE,OPEN,"-999",LIVINGSTON,"29117",USA,"922140",CORRECTIONAL INSTITUTIONS,https://doc.mo.gov/facilities/all,2024/03/01,IMAGERY/OTHER,2024/03/01,https://doc.mo.gov/facilities/all,MAXIMUM,"-999",0.000013842284261,0.015056697019712,"10004043",PMO004,"1421","1421","6.59999990463257"
"3193","10001622",BOONVILLE CORRECTIONAL CENTER,1216 E MORGAN ST,BOONVILLE,MO,"65233","1300",(660) 882-6521,STATE,OPEN,"-999",COOPER,"29053",USA,"922140",CORRECTIONAL INSTITUTIONS,https://doc.mo.gov/facilities/all,2024/03/01,IMAGERY/OTHER,2024/03/01,https://doc.mo.gov/facilities/all,MINIMUM,"-999",0.000022644668434,0.020778323687710,"10001622",PMO003,"1175","1175","7.25"
"5409","10006575",WATCH EAST,700 LITTLE STREET,GLENDIVE,MT,"59330","-999",(406) 377-6001,STATE,OPEN,"54",DAWSON,"30021",USA,"922140",CORRECTIONAL INSTITUTIONS,https://cor.mt.gov/FamilyFriends/Visiting/VisitingWATChEast,2017/12/08,IMAGERY/OTHER,2024/02/28,http://www.cccscorp.com/programs/,NOT AVAILABLE,"50",0.000001376321961,0.006267808300177,"10006575",PMT028,"56","56","4.75"
"5426","10001155",DAWSON COUNTY CORRECTIONAL FACILITY,440 COLORADO BLVD,GLENDIVE,MT,"59330","-999",(406) 377-7600,STATE,OPEN,"-999",DAWSON,"30021",USA,"922140",CORRECTIONAL INSTITUTIONS,https://cor.mt.gov/Facilities/ContractedSecureFacilities,2017/12/08,IMAGERY/OTHER,2024/02/28,https://www.dawsonmt.gov/departments/dawson_county_correctional_facility/,NOT AVAILABLE,"140",0.000000922696472,0.004911506437042,"10001155",,,,"4.69999980926514"
"5390","10006570",PASSAGES WOMEN'S COMMUNITY CORRECTIONAL FACILITY,1001 SOUTH 27TH STREET,BILLINGS,MT,"59101","-999",NOT AVAILABLE,MULTI,OPEN,"124",YELLOWSTONE,"30111",USA,"922140",CORRECTIONAL INSTITUTIONS,https://altinc.net/passages/,2017/12/08,IMAGERY/OTHER,2020/01/31,http://altinc.net/,NOT AVAILABLE,"184",0.000000383872703,0.003682629805234,"10006570",PMT024,"135","135","4.59999990463257"
"5390","10006570",PASSAGES WOMEN'S COMMUNITY CORRECTIONAL FACILITY,1001 SOUTH 27TH STREET,BILLINGS,MT,"59101","-999",NOT AVAILABLE,MULTI,OPEN,"124",YELLOWSTONE,"30111",USA,"922140",CORRECTIONAL INSTITUTIONS,https://altinc.net/passages/,2017/12/08,IMAGERY/OTHER,2020/01/31,http://altinc.net/,NOT AVAILABLE,"184",0.000000383872703,0.003682629805234,"10006570",FMT385,"89","89","4.59999990463257"
"6015","10003626",MONTANA WOMEN'S PRISON,701 S 27TH ST,BILLINGS,MT,"59101","-999",(406) 247-5100,STATE,OPEN,"-999",YELLOWSTONE,"30111",USA,"922140",CORRECTIONAL INSTITUTIONS,https://cor.mt.gov/Adult/MWP,2017/12/08,IMAGERY/OTHER,2017/12/08,https://cor.mt.gov/Facilities/SecureFacilities,MAXIMUM,"225",0.000001435377726,0.005573298244895,"10003626",PMT021,"222","222","4.59999990463257"
"465","10001042",HUTCHINSON CORRECTIONAL FACILITY - SOUTH UNIT,1100 EAST AVENUE G,HUTCHINSON,KS,"67504","-999",(620) 662-2321,STATE,OPEN,"315",RENO,"20155",USA,"922140",CORRECTIONAL INSTITUTIONS,https://www.doc.ks.gov//publications/population-report,2024/02/26,IMAGERY/OTHER,2024/02/27,https://www.doc.ks.gov/facilities/hcf,MINIMUM,"326",0.000004551081929,0.008536051748901,"10001042",,,"315","6.5"
"2607","10001044",HUTCHINSON CORRECTIONAL FACILITY - EAST UNIT,400 SOUTH HALSTEAD STREET,HUTCHINSON,KS,"67504","-999",(620) 662-2321,STATE,OPEN,"494",RENO,"20155",USA,"922140",CORRECTIONAL INSTITUTIONS,https://www.doc.ks.gov//publications/population-report,2024/02/26,IMAGERY/OTHER,2024/02/27,https://www.doc.ks.gov/facilities/hcf,MEDIUM,"496",0.000012944499531,0.015755450616830,"10001044",,,"494","6.80000019073486"
"2610","10001043",HUTCHINSON CORRECTIONAL FACILITY - CENTRAL,500 REFORMATORY STREET,HUTCHINSON,KS,"67504","1568",(620) 662-2321,STATE,OPEN,"951",RENO,"20155",USA,"922140",CORRECTIONAL INSTITUTIONS,https://www.doc.ks.gov//publications/population-report,2024/02/26,IMAGERY/OTHER,2024/02/27,https://www.doc.ks.gov/facilities/hcf,MAXIMUM,"956",0.000011308334024,0.015068170070282,"10001043",PKS004,"1890","1890","6.45000004768372"
"2634","10001048",WICHITA WORK RELEASE FACILITY,401 SOUTH EMPORIA STREET,WICHITA,KS,"67202","-999",(316) 265-5211,STATE,OPEN,"254",SEDGWICK,"20173",USA,"922140",CORRECTIONAL INSTITUTIONS,https://www.doc.ks.gov//publications/population-report,2024/02/26,IMAGERY/OTHER,2024/02/27,https://www.doc.ks.gov/facilities/wwrf,MINIMUM,"250",0.000000231461399,0.002034852950153,"10001048",PKS015,"237","237","7.80000019073486"
"1746","10001050",WINFIELD CORRECTIONAL FACILITY,1806 PINECREST CIRCLE,WINFIELD,KS,"67156","-999",(620) 221-6660,STATE,OPEN,"781",COWLEY,"20035",USA,"922140",CORRECTIONAL INSTITUTIONS,https://www.doc.ks.gov//publications/population-report,2024/02/26,IMAGERY/OTHER,2024/02/27,https://www.doc.ks.gov/facilities/wcf,MINIMUM,"874",0.000001941466053,0.006538962772278,"10001050",PKS017,"571","571","6.30000019073486"
"1573","10001059",MIAMI CORRECTIONAL FACILITY,3038 W 850 S,BUNKER HILL,IN,"46914","-999",(765) 689-8920,STATE,OPEN,"1520",MIAMI,"18103",USA,"922140",CORRECTIONAL INSTITUTIONS,https://www.in.gov/idoc/policies-and-statistics/data/statistical-data/total-population-summary-reports/,2023/11/30,IMAGERY/OTHER,2024/02/26,https://www.in.gov/idoc/find-a-facility/adult/miami-correctional-facility/,MAXIMUM,"1602",0.000030784791306,0.023751171723872,"10001059",PIN022,"2930","2930","8.80000019073486"
"517","10001061",PENDLETON CORRECTIONAL FACILITY,4490 W REFORMATORY RD,PENDLETON,IN,"46064","9001",(765) 778-2107,STATE,OPEN,"1476",MADISON,"18095",USA,"922140",CORRECTIONAL INSTITUTIONS,https://www.in.gov/idoc/policies-and-statistics/data/statistical-data/total-population-summary-reports/,2023/11/30,IMAGERY/OTHER,2024/02/26,https://www.in.gov/idoc/find-a-facility/adult/pendleton-correctional-facility/,MAXIMUM,"1577",0.000015987952793,0.018885957981052,"10001061",PIN025,"1463","1463","8.65000009536743"
"589","10001068",PLAINFIELD CORRECTIONAL FACILITY,727 MOON RD,PLAINFIELD,IN,"46168","-999",(317) 839-2513,STATE,OPEN,"1483",HENDRICKS,"18063",USA,"922140",CORRECTIONAL INSTITUTIONS,https://www.in.gov/idoc/policies-and-statistics/data/statistical-data/total-population-summary-reports/,2023/11/30,IMAGERY/OTHER,2024/02/26,https://www.in.gov/idoc/find-a-facility/adult/plainfield-correctional-facility/,MEDIUM,"1536",0.000025462160920,0.020929058042114,"10001068",PIN027,"1513","1513","9.10000038146973"
"1537","10001065",INDIANA WOMEN'S PRISON,2596 GIRLS SCHOOL ROAD,INDIANAPOLIS,IN,"46214","-999",(317) 244-3387,STATE,OPEN,"630",MARION,"18097",USA,"922140",CORRECTIONAL INSTITUTIONS,https://www.in.gov/idoc/policies-and-statistics/data/statistical-data/total-population-summary-reports/,2023/11/30,IMAGERY/OTHER,2024/02/26,https://www.in.gov/idoc/find-a-facility/adult/indiana-womens-prison/,MAXIMUM,"663",0.000010930762755,0.015146936982585,"10001065",PIN015,"700","700","9.54999995231628"
"1557","10001060",CORRECTIONAL INDUSTRIAL FACILITY,5124 W REFORMATORY RD,PENDLETON,IN,"46064","-999",(765) 778-8011,STATE,OPEN,"1082",MADISON,"18095",USA,"922140",CORRECTIONAL INSTITUTIONS,https://www.in.gov/idoc/policies-and-statistics/data/statistical-data/total-population-summary-reports/,2023/11/30,IMAGERY/OTHER,2024/02/26,https://www.in.gov/idoc/find-a-facility/adult/correctional-industrial-facility/,MEDIUM,"1109",0.000016747652580,0.016831810537687,"10001060",PIN007,"1462","1462","8.59999990463257"
"1577","10006309",HERITAGE TRAIL CORRECTIONAL FACILITY,501 WEST MAIN STREET,PLAINFIELD,IN,"46168","-999",(317) 839-7751,STATE,OPEN,"890",HENDRICKS,"18063",USA,"922140",CORRECTIONAL INSTITUTIONS,https://www.in.gov/idoc/policies-and-statistics/data/statistical-data/total-population-summary-reports/,2023/11/30,IMAGERY/OTHER,2024/02/26,https://www.in.gov/idoc/find-a-facility/adult/heritage-trail-correctional-facility/,MINIMUM,"913",0.000027953677090,0.023919719157373,"10006309",PIN013,"865","865","9.15000009536743"
"1962","10001067",RECEPTION DIAGNOSTIC CENTER,737 MOON RD,PLAINFIELD,IN,"46168","-999",(317) 839-7727,STATE,OPEN,"809",HENDRICKS,"18063",USA,"922140",CORRECTIONAL INSTITUTIONS,https://www.in.gov/idoc/policies-and-statistics/data/statistical-data/total-population-summary-reports/,2023/11/30,IMAGERY/OTHER,2024/02/26,https://www.in.gov/idoc/find-a-facility/adult/reception-diagnostic-center/,NOT AVAILABLE,"834",0.000002144724249,0.006122490498361,"10001067",PIN029,"656","656","9.10000038146973"
"2404","10006383",DUVALL CENTER,1848 LUDLOW AVENUE,INDIANAPOLIS,IN,"46201","-999",(317) 327-2500,STATE,OPEN,"13",MARION,"18097",USA,"922140",CORRECTIONAL INSTITUTIONS,https://www.indy.gov/activity/the-duvall-residential-center,2017/10/01,IMAGERY/OTHER,2024/04/03,http://www.indy.gov/eGov/County/Corrections/Services/Residential/Pages/duvall-res-facility.aspx,MINIMUM,"350",0.000000500702981,0.003527455123778,"10006383",,,"13","9.80000019073486"
"700","10001051",WESTVILLE CORRECTIONAL FACILITY,5501 S 1100 W,WESTVILLE,IN,"46391","-999",(219) 785-2511,STATE,OPEN,"2287",LAPORTE,"18091",USA,"922140",CORRECTIONAL INSTITUTIONS,https://www.in.gov/idoc/policies-and-statistics/data/statistical-data/total-population-summary-reports/,2023/11/30,IMAGERY/OTHER,2024/02/26,https://www.in.gov/idoc/find-a-facility/adult/westville-correctional-facility/,MEDIUM,"2646",0.000049702986416,0.029303107334877,"10001051",PIN038,"2907","2907","7.69999980926514"
"5836","10001118",RAPID CITY COMMUNITY WORK CENTER,2725 CREEK DR,RAPID CITY,SD,"57703","-999",(605) 394-5294,STATE,OPEN,"-999",PENNINGTON,"46103",USA,"922140",CORRECTIONAL INSTITUTIONS,https://doc.sd.gov/adult/facilities/rcmu/,2017/11/30,IMAGERY/OTHER,2020/02/07,https://doc.sd.gov/adult/facilities/rcmu/,MINIMUM,"-999",0.000000648047262,0.004439016220079,"10001118",PSD008,"296","296","5.59999990463257"
"6245","10006971",SOUTHAMPTON MEMORIAL HOSPITAL PRISON WARD,100 FAIRVIEW DRIVE,FRANKLIN,VA,"23851","-999",(757) 569-6100,STATE,OPEN,"-999",FRANKLIN,"51620",USA,"922140",CORRECTIONAL INSTITUTIONS,https://vadoc.virginia.gov/facilities-and-offices/,2020/04/22,IMAGERY,2024/05/01,https://vadoc.virginia.gov/facilities-and-offices/,NOT AVAILABLE,"-999",0.000001376145292,0.011619410983197,"10006971",,,,"5.90000009536743"
"4632","10003320",MARION CORRECTIONAL TREATMENT CENTER,110 WRIGHT ST,MARION,VA,"24354","-999",(276) 783-7154,STATE,OPEN,"-999",SMYTH,"51173",USA,"922140",CORRECTIONAL INSTITUTIONS,https://vadoc.virginia.gov/facilities-and-offices/,2017/05/17,IMAGERY/OTHER,2024/05/01,https://vadoc.virginia.gov/facilities-and-offices/,MAXIMUM,"-999",0.000002285855089,0.005708320753184,"10003320",PVA036,"308","308","7.5"
"1384","10001869",OTTUMWA RESIDENTIAL FACILITY,245 OSAGE DR,OTTUMWA,IA,"52501","-999",(641) 682-3069,STATE,OPEN,"73",WAPELLO,"19179",USA,"922140",CORRECTIONAL INSTITUTIONS,https://doc.iowa.gov/find-facility/eighth-district,2016/07/01,IMAGERY/OTHER,2024/04/02,https://doc.iowa.gov/find-facility/eighth-district,NOT AVAILABLE,"76",0.000000255616669,0.002936088766723,"10001869",PIA031,"71","71","7.09999990463257"
"4113","10001852",BEJE CLARK RESIDENTIAL CENTER(MASON CITY RES),818 15TH ST SW,MASON CITY,IA,"50402","1226",(641) 424-3817,STATE,OPEN,"-999",CERRO GORDO,"19033",USA,"922140",CORRECTIONAL INSTITUTIONS,https://doc.iowa.gov/find-facility/second-district,2023/06/30,IMAGERY/OTHER,2024/04/02,https://doc.iowa.gov/find-facility/second-district,NOT AVAILABLE,"-999",0.000000102731292,0.001595626698005,"10001852",PIA003,"50","50","6.19999980926514"
"1285","10001096",MT. PLEASANT CORRECTIONAL FACILITY,1200 EAST WASHINGTON STREET,MOUNT PLEASANT,IA,"52641","-999",(319) 385-9511,STATE,OPEN,"949",HENRY,"19087",USA,"922140",CORRECTIONAL INSTITUTIONS,https://doc-search.iowa.gov/dailystatistics,2024/02/23,IMAGERY/OTHER,2024/02/23,https://doc.iowa.gov/find-facility/iowa-doc-districts-and-facilities/mpcf,MINIMUM,"776",0.000005531119086,0.009959616956207,"10001096",PIA027,"915","915","7.19999980926514"
"1269","10001099",CLARINDA CORRECTIONAL FACILITY,2000 NORTH 16TH STREET,CLARINDA,IA,"51632","-999",(712) 542-5634,STATE,OPEN,"984",PAGE,"19145",USA,"922140",CORRECTIONAL INSTITUTIONS,https://doc-search.iowa.gov/dailystatistics,2024/02/23,IMAGERY/OTHER,2024/02/23,https://doc.iowa.gov/find-facility/ccf,MEDIUM,"750",0.000009972755151,0.017514164857199,"10001099",PIA006,"1014","1014","6.90000009536743"
"99","10001077",FORT DODGE CORRECTIONAL FACILITY,1550 L STREET,FORT DODGE,IA,"50501","-999",(515) 574-4700,STATE,OPEN,"1239",WEBSTER,"19187",USA,"922140",CORRECTIONAL INSTITUTIONS,https://doc-search.iowa.gov/dailystatistics,2024/02/23,IMAGERY/OTHER,2024/02/23,https://doc.iowa.gov/find-facility/fdcf,MEDIUM,"1162",0.000011683258208,0.013483819786045,"10001077",PIA018,"1331","1331","5.90000009536743"
"4103","10001078",FORT DODGE RESIDENTIAL CENTER,311 1ST AVENUE SOUTH,FORT DODGE,IA,"50501","-999",(515) 955-6393,STATE,OPEN,"-999",WEBSTER,"19187",USA,"922140",CORRECTIONAL INSTITUTIONS,https://doc.iowa.gov/find-facility/second-district,2023/06/30,IMAGERY/OTHER,2024/04/02,https://doc.iowa.gov/find-facility/second-district,NOT AVAILABLE,"-999",0.000000254764245,0.002080476103506,"10001078",PIA019,"67","67","6.09999990463257"
"4114","10001863",MARSHALLTOWN RESIDENTIAL CENTER,1401 S 17TH AVE,MARSHALLTOWN,IA,"50158","-999",(641) 753-5571,STATE,OPEN,"-999",MARSHALL,"19127",USA,"922140",CORRECTIONAL INSTITUTIONS,https://doc.iowa.gov/find-facility/second-district,2023/06/30,IMAGERY/OTHER,2024/04/02,https://doc.iowa.gov/find-facility/second-district,NOT AVAILABLE,"-999",0.000000125042334,0.001907163355074,"10001863",PIA026,"52","52","7.09999990463257"
"966","10006542",ANCHOR CENTER,3115 12TH STREET SW,CEDAR RAPIDS,IA,"52404","-999",(319) 297-3500,STATE,OPEN,"-999",LINN,"19113",USA,"922140",CORRECTIONAL INSTITUTIONS,https://doc.iowa.gov/find-facility/sixth-district,2023/06/30,IMAGERY/OTHER,2024/04/02,https://doc.iowa.gov/find-facility/sixth-district,NOT AVAILABLE,"-999",0.000000216743501,0.002236126768908,"10006542",PIA002,"24","24","7.59999990463257"
"4108","10001862",GERALD R HINZMAN CENTER (CEDAR RAPIDS RESIDENTIAL),1051 29TH AVENUE SOUTHWEST,CEDAR RAPIDS,IA,"52404","-999",(319) 398-3668,STATE,OPEN,"-999",LINN,"19113",USA,"922140",CORRECTIONAL INSTITUTIONS,https://doc.iowa.gov/find-facility/sixth-district,2023/06/30,IMAGERY/OTHER,2024/04/02,https://doc.iowa.gov/find-facility/sixth-district,NOT AVAILABLE,"-999",0.000000715733222,0.003541324125828,"10001862",PIA020,"66","66","7.59999990463257"
"4109","10001861",LARY A NELSON CENTER (CEDAR RAPIDS WORK RELEASE),1001 29TH AVENUE SOUTHWEST,CEDAR RAPIDS,IA,"52404","-999",(319) 398-3600,STATE,OPEN,"-999",LINN,"19113",USA,"922140",CORRECTIONAL INSTITUTIONS,https://doc.iowa.gov/find-facility/sixth-district,2023/06/30,IMAGERY/OTHER,2024/04/02,https://doc.iowa.gov/find-facility/sixth-district,NOT AVAILABLE,"-999",0.000000309109510,0.003477623482893,"10001861",PIA025,"123","123","7.59999990463257"
"84","10001866",FRESH START WOMEN'S CENTER (WOMEN'S RESIDENTIAL CORRECTIONAL FACILITY),1917 HICKMAN ROAD,DES MOINES,IA,"50314","-999",(515) 242-6325,STATE,OPEN,"-999",POLK,"19153",USA,"922140",CORRECTIONAL INSTITUTIONS,https://doc.iowa.gov/find-facility/fifth-district,2023/06/30,IMAGERY/OTHER,2024/04/02,https://doc.iowa.gov/find-facility/fifth-district,NOT AVAILABLE,"-999",0.000000398586280,0.002691400231999,"10001866",PIA036,"45","45","7.30000019073486"
"124","10001089",FORT DES MOINES COMMUNITY CORRECTIONS COMPLEX,68 THAYER ST,DES MOINES,IA,"50315","-999",(515) 242-6600,STATE,OPEN,"-999",POLK,"19153",USA,"922140",CORRECTIONAL INSTITUTIONS,https://doc.iowa.gov/find-facility/fifth-district,2023/06/30,IMAGERY/OTHER,2024/04/01,https://doc.iowa.gov/find-facility/fifth-district,NOT AVAILABLE,"-999",0.000009387797490,0.017019923617671,"10001089",PIA017,"120","120","6.95000004768372"
"124","10001089",FORT DES MOINES COMMUNITY CORRECTIONS COMPLEX,68 THAYER ST,DES MOINES,IA,"50315","-999",(515) 242-6600,STATE,OPEN,"-999",POLK,"19153",USA,"922140",CORRECTIONAL INSTITUTIONS,https://doc.iowa.gov/find-facility/fifth-district,2023/06/30,IMAGERY/OTHER,2024/04/01,https://doc.iowa.gov/find-facility/fifth-district,NOT AVAILABLE,"-999",0.000009387797490,0.017019923617671,"10001089",PIA015,"76","76","6.95000004768372"
"124","10001089",FORT DES MOINES COMMUNITY CORRECTIONS COMPLEX,68 THAYER ST,DES MOINES,IA,"50315","-999",(515) 242-6600,STATE,OPEN,"-999",POLK,"19153",USA,"922140",CORRECTIONAL INSTITUTIONS,https://doc.iowa.gov/find-facility/fifth-district,2023/06/30,IMAGERY/OTHER,2024/04/01,https://doc.iowa.gov/find-facility/fifth-district,NOT AVAILABLE,"-999",0.000009387797490,0.017019923617671,"10001089",PIA016,"42","42","6.95000004768372"
"3124","10002245",ASPC-PHOENIX,2500 E VAN BUREN ST,PHOENIX,AZ,"85008","-999",(602) 685-3100,STATE,OPEN,"585",MARICOPA,"04013",USA,"922140",CORRECTIONAL INSTITUTIONS,https://corrections.az.gov/reports,2024/01/30,IMAGERY/OTHER,2024/01/31,https://corrections.az.gov/phoenix,MAXIMUM,"765",0.000009640115877,0.030362677894216,"10002245",PAZ013,"497","497","9.10000038146973"
"3127","10000606",ASPC-PERRYVILLE,2105 N CITRUS RD,GOODYEAR,AZ,"85395","-999",(623) 853-0304,STATE,OPEN,"3177",MARICOPA,"04013",USA,"922140",CORRECTIONAL INSTITUTIONS,https://corrections.az.gov/reports,2024/01/30,IMAGERY/OTHER,2024/01/31,https://corrections.az.gov/perryville,CLOSE,"4343",0.000127980643128,0.068711347713264,"10000606",PAZ008,"4323","4323","10.8000001907349"
"3727","10002244",ASPC-PHOENIX WEST,3402 W COCOPAH ST,PHOENIX,AZ,"85009","-999",(602) 352-0350,STATE,OPEN,"271",MARICOPA,"04013",USA,"922140",CORRECTIONAL INSTITUTIONS,https://corrections.az.gov/reports,2024/01/30,IMAGERY/OTHER,2024/01/31,"https://corrections.az.gov/phoenix-west, https://www.geogroup.com/FacilityDetail/FacilityID/29",MINIMUM,"400",0.000001459276746,0.005317089848113,"10002244",PAZ006,"491","491","10.5"
"326","10003976",ASPC-FLORENCE,1305 E. BUTTE AVE,FLORENCE,AZ,"85132","-999",(520) 868-4011,STATE,NOT AVAILABLE,"-999",PINAL,"04021",USA,"922140",CORRECTIONAL INSTITUTIONS,https://corrections.az.gov/capacity-custody-level/2017/10,2017/10/20,UNVERIFIED,2024/08/19,https://corrections.az.gov/prisons,MAXIMUM,"3835",0.000028877801242,0.045688219571846,"10003976",PAZ011,"3650","3650","6.09999990463257"
"851","10000619",CENTRAL ARIZONA FLORENCE CORRECTIONAL COMPLEX - DETENTION CENTER,1155 N PINAL PKWY,FLORENCE,AZ,"85132","-999",(520) 868-3668,MULTI,OPEN,"-999",PINAL,"04021",USA,"922140",CORRECTIONAL INSTITUTIONS,https://www.corecivic.com/facilities/central-arizona-florence-correctional-complex,2017/09/28,IMAGERY/OTHER,2024/01/31,https://www.corecivic.com/facilities/central-arizona-florence-correctional-complex,MAXIMUM,"-999",0.000010762853208,0.014259266214245,"10000619",,,,"6.19999980926514"
"1128","10003978",FLORENCE SERVICE PROCESSING CENTER,3250 N PINAL PARKWAY,FLORENCE,AZ,"85132","-999",(520) 868-5862,FEDERAL,OPEN,"366",PINAL,"04021",USA,"922140",CORRECTIONAL INSTITUTIONS,https://www.ice.gov/detain/detention-management,2024/01/12,IMAGERY/OTHER,2024/01/30,https://www.ice.gov/detain/detention-facilities/florence-spc,NOT AVAILABLE,"-999",0.000003824466376,0.012143487100171,"10003978",,,"366","5.80000019073486"
"3367","10000618",CENTRAL ARIZONA CORRECTIONAL FACILITY,1401 E DIVERSION DAM RD,FLORENCE,AZ,"85132","-999",(520) 868-4809,STATE,OPEN,"1264",PINAL,"04021",USA,"922140",CORRECTIONAL INSTITUTIONS,https://corrections.az.gov/reports,2024/01/30,IMAGERY/OTHER,2024/01/31,"https://corrections.az.gov/central-arizona-correctional-facility-cacf, https://www.geogroup.com/FacilityDetail/FacilityID/39",MEDIUM,"1280",0.000005714425470,0.012584169354700,"10000618",PAZ002,"1274","1274","6.30000019073486"
"3740","10006312",FLORENCE WEST,915 EAST DIVERSION DAM ROAD,FLORENCE,AZ,"85132","-999",(520) 868-4251,STATE,OPEN,"697",PINAL,"04021",USA,"922140",CORRECTIONAL INSTITUTIONS,https://corrections.az.gov/reports,2024/01/30,IMAGERY/OTHER,2024/01/31,"https://corrections.az.gov/florence-west, https://www.geogroup.com/FacilityDetail/FacilityID/28",MINIMUM,"750",0.000003887383855,0.007804290363773,"10006312",PAZ003,"715","715","6.30000019073486"
"4078","10002250",CENTRAL ARIZONA FLORENCE CORRECTIONAL COMPLEX - FLORENCE CORRECTIONAL CENTER,1100 BOWLING RD,FLORENCE,AZ,"85132","-999",(520) 868-9095,FEDERAL,OPEN,"363",PINAL,"04021",USA,"922140",CORRECTIONAL INSTITUTIONS,https://www.ice.gov/detain/detention-management,2024/01/12,IMAGERY/OTHER,2024/01/30,https://www.corecivic.com/facilities/central-arizona-florence-correctional-complex,NOT AVAILABLE,"-999",0.000005954177595,0.009377162401764,"10002250",,,"363","6.19999980926514"
