OBJECTID,FACILITYID,NAME,ADDRESS,CITY,STATE,ZIP,ZIP4,TELEPHONE,TYPE,STATUS,POPULATION,COUNTY,COUNTYFIPS,COUNTRY,NAICS_CODE,NAICS_DESC,SOURCE,SOURCEDATE,VAL_METHOD,VAL_DATE,WEBSITE,SECURELVL,CAPACITY,Shape__Are,Shape__Len,_FACILITYID,V003,V074,HYBRID_POP,X2019
"40","10004024",FCI CUMBERLAND,14601 BURBRIDGE RD SE,CUMBERLAND,MD,"21502","-999",(301) 784-1000,FEDERAL,OPEN,"787",ALLEGANY,"24001",USA,"922140",CORRECTIONAL INSTITUTIONS,https://www.bop.gov/locations/institutions/cum/,2016/02/16,IMAGERY/OTHER,2024/01/19,https://www.bop.gov/locations/institutions/cum/,MEDIUM,"-999",0.000017568729845,0.016258292809185,"10004024",FMD161,"1261","1261","7.04999995231628"
"264","10000023",FCI GILMER,201 FCI LANE,GLENVILLE,WV,"26351","-999",(304) 626-2500,FEDERAL,OPEN,"1592",GILMER,"54021",USA,"922140",CORRECTIONAL INSTITUTIONS,https://www.bop.gov/locations/institutions/gil/,2016/02/16,IMAGERY/OTHER,2024/01/10,https://www.bop.gov/locations/institutions/gil/,MEDIUM,"-999",0.000017689451170,0.016143959123606,"10000023",FWV358,"1396","1396","6.09999990463257"
"1197","10003083",FCI LORETTO,772 SAINT JOSEPH ST,LORETTO,PA,"15940","-999",(814) 472-4140,FEDERAL,OPEN,"737",CAMBRIA,"42021",USA,"922140",CORRECTIONAL INSTITUTIONS,https://www.bop.gov/locations/institutions/lor/,2016/02/16,IMAGERY/OTHER,2024/01/19,https://www.bop.gov/locations/institutions/lor/,MINIMUM,"-999",0.000007839937098,0.012964480172029,"10003083",FPA255,"986","986","7.5"
"1233","10001578",BUCKINGHAM CORRECTIONAL CENTER,1349 CORRECTIONAL CENTER ROAD,DILLWYN,VA,"23936","-999",(434) 983-4400,STATE,OPEN,"-999",BUCKINGHAM,"51029",USA,"922140",CORRECTIONAL INSTITUTIONS,https://vadoc.virginia.gov/facilities-and-offices/,2017/10/19,IMAGERY/OTHER,2024/05/01,https://vadoc.virginia.gov/facilities-and-offices/,CLOSE,"-999",0.000010804467593,0.012872009838305,"10001578",PVA007,"1121","1121","5.80000019073486"
"2603","10000737",SCI SOMERSET,1590 WALTERS MILL RD,SOMERSET,PA,"15510","0001",(814) 443-8100,STATE,OPEN,"-999",SOMERSET,"42111",USA,"922140",CORRECTIONAL INSTITUTIONS,https://www.cor.pa.gov/About%20Us/Statistics/Documents/current%20monthly%20population.pdf,2017/11/30,IMAGERY/OTHER,2024/04/09,https://www.cor.pa.gov/Facilities/StatePrisons/Pages/Somerset.aspx,MEDIUM,"2032",0.000025435120278,0.019936407906361,"10000737",PPA077,"2297","2297","7.25"
"2904","10006201",FCI HAZELTON,1640 SKY VIEW DR.,BRUCETON MILLS,WV,"26525","-999",(304) 379-1500,FEDERAL,OPEN,"1623",PRESTON,"54077",USA,"922140",CORRECTIONAL INSTITUTIONS,https://www.bop.gov/locations/institutions/haf/,2016/02/16,IMAGERY/OTHER,2024/01/10,https://www.bop.gov/locations/institutions/haf/,MEDIUM,"-999",0.000020578044314,0.018217525204399,"10006201",FWV361,"1891","1891","6.95000004768372"
"2907","10003598",FCI GILMER CAMP,201 FCI LANE,GLENVILLE,WV,"26351","-999",(304) 626-2500,FEDERAL,OPEN,"76",GILMER,"54021",USA,"922140",CORRECTIONAL INSTITUTIONS,https://www.bop.gov/locations/institutions/gil/,2016/02/16,IMAGERY/OTHER,2024/01/10,https://www.bop.gov/locations/institutions/gil/,MINIMUM,"-999",0.000000773254442,0.003895936461033,"10003598",,,"76","6.09999990463257"
"2953","10001875",HUTTONSVILLE CORRECTIONAL CENTER,109 HCC BLVD,HUTTONSVILLE,WV,"26273","-999",(304) 335-2291,STATE,OPEN,"-999",RANDOLPH,"54083",USA,"922140",CORRECTIONAL INSTITUTIONS,https://dcr.wv.gov/facilities/Pages/prisons-and-jails/hccj.aspx,2020/03/03,IMAGERY/OTHER,2024/05/29,https://dcr.wv.gov/facilities/Pages/prisons-and-jails/hccj.aspx,MAXIMUM,"-999",0.000009789269143,0.016043442525227,"10001875",PWV007,"1134","1134","6.64999985694885"
"2956","10006199",FCI HAZELTON  SFF,1640 SKY VIEW DR.,BRUCETON MILLS,WV,"26525","-999",(304) 379-1500,FEDERAL,OPEN,"393",PRESTON,"54077",USA,"922140",CORRECTIONAL INSTITUTIONS,https://www.bop.gov/locations/institutions/haf/,2016/02/16,IMAGERY/OTHER,2024/01/10,https://www.bop.gov/locations/institutions/haf/,MEDIUM,"-999",0.000012018252391,0.013873670883913,"10006199",,,"393","6.80000019073486"
"2995","10006200",USP HAZELTON CAMP,1640 SKY VIEW DR.,BRUCETON MILLS,WV,"26525","-999",(304) 379-5000,FEDERAL,OPEN,"103",PRESTON,"54077",USA,"922140",CORRECTIONAL INSTITUTIONS,https://www.bop.gov/locations/institutions/haz/,2016/02/16,IMAGERY/OTHER,2024/01/10,https://www.bop.gov/locations/institutions/haz/,MINIMUM,"-999",0.000001226673930,0.005054557000896,"10006200",,,"103","6.90000009536743"
"2996","10000006",USP HAZELTON,1640 SKY VIEW DR.,BRUCETON MILLS,WV,"26525","-999",(304) 379-5000,FEDERAL,OPEN,"1365",PRESTON,"54077",USA,"922140",CORRECTIONAL INSTITUTIONS,https://www.bop.gov/locations/institutions/haz/,2016/02/16,IMAGERY/OTHER,2024/01/10,https://www.bop.gov/locations/institutions/haz/,MAXIMUM,"-999",0.000016497917159,0.017544053192436,"10000006",FWV362,"1176","1176","6.85000014305115"
"2997","10006177",FCI MCDOWELL,101 FEDERAL DRIVE,WELCH,WV,"24801","-999",(304) 436-7300,FEDERAL,OPEN,"1501",MCDOWELL,"54047",USA,"922140",CORRECTIONAL INSTITUTIONS,https://www.bop.gov/locations/institutions/mcd/,2016/02/16,IMAGERY/OTHER,2024/01/10,https://www.bop.gov/locations/institutions/mcd/,MEDIUM,"-999",0.000019378283241,0.018270134202393,"10006177",FWV364,"1283","1283","6.40000009536743"
"3000","10006178",FCI MCDOWELL CAMP,101 FEDERAL DRIVE,WELCH,WV,"24801","-999",(304) 436-7300,FEDERAL,OPEN,"29",MCDOWELL,"54047",USA,"922140",CORRECTIONAL INSTITUTIONS,https://www.bop.gov/locations/institutions/mcd/,2016/02/16,IMAGERY/OTHER,2024/01/10,https://www.bop.gov/locations/institutions/mcd/,MINIMUM,"-999",0.000000823556547,0.004265892505969,"10006178",,,"29","6.40000009536743"
"3011","10006152",FPC ALDERSON,GLEN RAY RD,ALDERSON,WV,"24910","-999",(304) 445-3300,FEDERAL,OPEN,"713",SUMMERS,"54089",USA,"922140",CORRECTIONAL INSTITUTIONS,https://www.bop.gov/locations/institutions/ald/,2016/02/16,IMAGERY/OTHER,2024/01/10,https://www.bop.gov/locations/institutions/ald/,MINIMUM,"-999",0.000033275536452,0.024265819865460,"10006152",FWV353,"864","864","6.09999990463257"
"3063","10004023",FCI CUMBERLAND CAMP,14601 BURBRIDGE RD SE,CUMBERLAND,MD,"21502","-999",(301) 784-1000,FEDERAL,OPEN,"258",ALLEGANY,"24001",USA,"922140",CORRECTIONAL INSTITUTIONS,https://www.bop.gov/locations/institutions/cum/,2016/02/16,IMAGERY/OTHER,2024/01/19,https://www.bop.gov/locations/institutions/cum/,MINIMUM,"-999",0.000001939427193,0.006840187950408,"10004023",,,"258","7.09999990463257"
"3085","10003084",FCI LORETTO CAMP,772 SAINT JOSEPH ST,LORETTO,PA,"15940","-999",(814) 472-4140,FEDERAL,OPEN,"71",CAMBRIA,"42021",USA,"922140",CORRECTIONAL INSTITUTIONS,https://www.bop.gov/locations/institutions/lor/,2016/02/16,IMAGERY/OTHER,2024/01/19,https://www.bop.gov/locations/institutions/lor/,MINIMUM,"-999",0.000002268022172,0.006299220239664,"10003084",,,"71","7.40000009536743"
"3813","10002428",BELMONT CORRECTIONAL INSTITUTION,68518 BANNOCK RD,ST. CLAIRSVILLE,OH,"43950","-999",(740) 695-5169,STATE,OPEN,"-999",BELMONT,"39013",USA,"922140",CORRECTIONAL INSTITUTIONS,https://drc.ohio.gov/about/facilities/belmont/belmont-correctional,2017/12/04,IMAGERY/OTHER,2024/03/25,https://drc.ohio.gov/about/facilities/belmont/belmont-correctional,CLOSE,"-999",0.000016219193867,0.016199016367289,"10002428",POH009,"2701","2701","7.5"
"4490","10003415",NOBLE CORRECTIONAL INSTITUTION,15708 MCCONNELSVILLE RD,CALDWELL,OH,"43724","-999",(740) 732-5188,STATE,OPEN,"-999",NOBLE,"39121",USA,"922140",CORRECTIONAL INSTITUTIONS,https://drc.ohio.gov/about/facilities/noble-correctional/noble-correctional,2015/03/12,IMAGERY/OTHER,2024/03/25,https://drc.ohio.gov/about/facilities/noble-correctional/noble-correctional,MEDIUM,"-999",0.000016024541992,0.015818985912752,"10003415",POH030,"2462","2462","6.95000004768372"
"4606","10001572",COFFEEWOOD CORRECTIONAL CENTER,12352 COFFEEWOOD DR,MITCHELLS,VA,"22729","-999",(540) 829-6483,STATE,OPEN,"-999",CULPEPER,"51047",USA,"922140",CORRECTIONAL INSTITUTIONS,https://vadoc.virginia.gov/facilities-and-offices/,2015/09/29,IMAGERY/OTHER,2024/05/01,https://vadoc.virginia.gov/facilities-and-offices/,MEDIUM,"-999",0.000017306372911,0.016310001519508,"10001572",PVA012,"998","998","6.04999995231628"
"4612","10003255",COLD SPRINGS CORRECTIONAL UNIT #10,221 SPITLER CIRCLE,GREENVILLE,VA,"24440","-999",(540) 337-1818,STATE,OPEN,"-999",AUGUSTA,"51015",USA,"922140",CORRECTIONAL INSTITUTIONS,https://vadoc.virginia.gov/facilities-and-offices/,2015/11/20,IMAGERY/OTHER,2020/02/24,https://vadoc.virginia.gov/facilities-and-offices/,MINIMUM,"-999",0.000001505145292,0.005832803121957,"10003255",PVA013,"114","114","6.40000009536743"
"4617","10001579",STATE FARM CORRECTIONAL CENTER,3500 WOODS WAY,STATE FARM,VA,"23160","-999",(804) 598-5503,STATE,OPEN,"-999",POWHATAN,"51145",USA,"922140",CORRECTIONAL INSTITUTIONS,https://vadoc.virginia.gov/facilities-and-offices/,2017/04/20,IMAGERY/OTHER,2024/05/01,https://vadoc.virginia.gov/facilities-and-offices/,MEDIUM,"-999",0.000005507091828,0.009092351239116,"10001579",PVA017,"691","691","6.29999995231628"
"4626","10003289",RUSTBURG CORRECTIONAL UNIT,479 CAMP NINE RD,RUSTBURG,VA,"24588","-999",(434) 332-7354,STATE,OPEN,"-999",CAMPBELL,"51031",USA,"922140",CORRECTIONAL INSTITUTIONS,https://vadoc.virginia.gov/facilities-and-offices/,2017/07/06,IMAGERY/OTHER,2020/02/24,https://vadoc.virginia.gov/facilities-and-offices/,MINIMUM,"-999",0.000001175299303,0.005730123677009,"10003289",PVA046,"153","153","6"
"4637","10003256",COLD SPRINGS DETENTION AND DIVERSION CENTER,192 SPITLER CIRCLE,GREENVILLE,VA,"24440","-999",(540) 569-3702,STATE,OPEN,"-999",AUGUSTA,"51015",USA,"922140",CORRECTIONAL INSTITUTIONS,https://vadoc.virginia.gov/facilities-and-offices/,2018/01/22,IMAGERY/OTHER,2024/05/02,https://vadoc.virginia.gov/facilities-and-offices/,MINIMUM,"-999",0.000001117626653,0.004230681446495,"10003256",PVA015,"145","145","6.45000004768372"
"4638","10005834",POCAHONTAS STATE CORRECTIONAL CENTER,317 OLD MOUNTAIN ROAD,POCAHONTAS,VA,"24635","0518",(276) 945-9173,STATE,OPEN,"-999",TAZEWELL,"51185",USA,"922140",CORRECTIONAL INSTITUTIONS,https://vadoc.virginia.gov/facilities-and-offices/,2017/05/11,IMAGERY/OTHER,2024/05/02,https://vadoc.virginia.gov/facilities-and-offices/,MEDIUM,"-999",0.000006491657359,0.009555558823164,"10005834",PVA041,"1038","1038","6.5"
"4641","10003247",HARRISONBURG DETENTION AND DIVERSION CENTER,6624 BEARD WOODS LANE,HARRISONBURG,VA,"22802","-999",(540) 833-2011,STATE,OPEN,"-999",ROCKINGHAM,"51165",USA,"922140",CORRECTIONAL INSTITUTIONS,https://vadoc.virginia.gov/facilities-and-offices/,2016/04/06,IMAGERY/OTHER,2024/05/02,https://vadoc.virginia.gov/facilities-and-offices/,MINIMUM,"-999",0.000001786911298,0.006560889841970,"10003247",PVA028,"107","107","6.30000019073486"
"4643","10001581",POWHATAN RECEPTION CENTER,3600 WOODS WAY,STATE FARM,VA,"23160","-999",(804) 598-4251,STATE,OPEN,"326",POWHATAN,"51145",USA,"922140",CORRECTIONAL INSTITUTIONS,https://vadoc.virginia.gov/facilities-and-offices/,2016/07/26,IMAGERY/OTHER,2016/07/26,https://vadoc.virginia.gov/facilities-and-offices/,MAXIMUM,"518",0.000000840497023,0.003687229847825,"10001581",PVA042,"365","365","6.30000019073486"
"4954","10001583",KEEN MOUNTAIN CORRECTIONAL CENTER,3402 KENNEL GAP ROAD,OAKWOOD,VA,"24631","-999",(276) 498-7411,STATE,OPEN,"-999",BUCHANAN,"51027",USA,"922140",CORRECTIONAL INSTITUTIONS,https://vadoc.virginia.gov/facilities-and-offices/,2014/11/18,IMAGERY/OTHER,2024/05/01,https://vadoc.virginia.gov/facilities-and-offices/,CLOSE,"-999",0.000010384584584,0.012276162154577,"10001583",PVA033,"719","719","6.45000004768372"
"5035","10006185",EASTERN OHIO CORRECTION CENTER - MALE CENTER,470 STATE ROUTE 43,WINTERSVILLE,OH,"43953","-999",(740) 765-4324,STATE,OPEN,"74",JEFFERSON,"39081",USA,"922140",CORRECTIONAL INSTITUTIONS,http://www.eocc41.org/male-facility.html,2024/06/03,IMAGERY/OTHER,2024/06/03,http://www.eocc41.org/male-facility.html,MEDIUM,"86",0.000000414092028,0.003442675496266,"10006185",,,"74","7.40000009536743"
"5140","10000014",PRUNTYTOWN CORRECTIONAL CENTER,2006 TRAP SPRINGS RD,GRAFTON,WV,"26354","-999",(304) 265-6111,STATE,OPEN,"-999",TAYLOR,"54091",USA,"922140",CORRECTIONAL INSTITUTIONS,https://dcr.wv.gov/facilities/Pages/prisons-and-jails/pccj.aspx,2018/01/22,IMAGERY/OTHER,2024/05/29,https://dcr.wv.gov/facilities/Pages/prisons-and-jails/pccj.aspx,MEDIUM,"369",0.000012693311191,0.017996666822661,"10000014",PWV017,"364","364","6.54999995231628"
"5146","10000013",ST MARY'S CORRECTIONAL CENTER,2880 N. PLEASANTS HIGHWAY,ST. MARYS,WV,"26170","-999",(304) 684-5500,STATE,OPEN,"-999",PLEASANTS,"54073",USA,"922140",CORRECTIONAL INSTITUTIONS,https://dcr.wv.gov/facilities/Pages/prisons-and-jails/smccj.aspx,2018/01/22,IMAGERY/OTHER,2024/05/29,https://dcr.wv.gov/facilities/Pages/prisons-and-jails/smccj.aspx,MEDIUM,"610",0.000008674834135,0.013592655914417,"10000013",PWV021,"627","627","6.93333339691162"
"5172","10000983",SOUTHEASTERN CORRECTIONAL COMPLEX - LANCASTER,5900 BIS ROAD SW,LANCASTER,OH,"43130","-999",(740) 653-4324,STATE,OPEN,"-999",FAIRFIELD,"39045",USA,"922140",CORRECTIONAL INSTITUTIONS,https://drc.ohio.gov/about/facilities/southeastern-correctional-institution/southeastern-correctional,2016/03/18,IMAGERY/OTHER,2024/03/26,https://drc.ohio.gov/about/facilities/southeastern-correctional-institution/southeastern-correctional,MEDIUM,"-999",0.000013161302149,0.022818663912579,"10000983",POH050,"1594","1594","7.40000009536743"
"5275","10006674",HUTTONSVILLE WORK CAMP,"US HWY 250 S, P.O. BOX 1",HUTTONSVILLE,WV,"26273","-999",(304) 335-2291,STATE,OPEN,"-999",RANDOLPH,"54083",USA,"922140",CORRECTIONAL INSTITUTIONS,https://dcr.wv.gov/facilities/Pages/prisons-and-jails/hccj.aspx,2018/01/22,IMAGERY/OTHER,2020/03/03,https://dcr.wv.gov/facilities/Pages/prisons-and-jails/hccj.aspx,MINIMUM,"48",0.000000086059572,0.001215009765299,"10006674",PWV009,"46","46","6.59999990463257"
"5285","10001106",ANTHONY CORRECTIONAL CENTER,313 ANTHONY CENTER DRIVE,WHITE SULPHUR SPRINGS,WV,"24986","-999",(304) 536-3911,STATE,OPEN,"-999",GREENBRIER,"54025",USA,"922140",CORRECTIONAL INSTITUTIONS,https://dcr.wv.gov/facilities/Pages/community-corrections/acc.aspx,2018/01/22,IMAGERY/OTHER,2024/05/29,https://dcr.wv.gov/facilities/Pages/community-corrections/acc.aspx,MINIMUM,"-999",0.000003526241699,0.008378952213241,"10001106",,,,"6.30000019073486"
"5291","10000028",DENMAR CORRECTIONAL CENTER,4319 DENMAR ROAD,HILLSBORO,WV,"24946","-999",(304) 653-4201,STATE,OPEN,"-999",POCAHONTAS,"54075",USA,"922140",CORRECTIONAL INSTITUTIONS,https://dcr.wv.gov/facilities/Pages/prisons-and-jails/dccj.aspx,2018/01/22,IMAGERY/OTHER,2024/05/29,https://dcr.wv.gov/facilities/Pages/prisons-and-jails/dccj.aspx,MEDIUM,"232",0.000003238118097,0.009435803712000,"10000028",PWV004,"197","197","6.30000019073486"
"5747","10003109",SCI FAYETTE,50 OVERLOOK DR,LABELLE,PA,"15450","-999",(724) 364-2200,STATE,OPEN,"-999",FAYETTE,"42051",USA,"922140",CORRECTIONAL INSTITUTIONS,https://www.cor.pa.gov/About%20Us/Statistics/Documents/current%20monthly%20population.pdf,2017/11/30,IMAGERY/OTHER,2024/04/08,https://www.cor.pa.gov/Facilities/StatePrisons/Pages/Fayette.aspx,MAXIMUM,"2163",0.000022568177428,0.019869810315378,"10003109",PPA060,"2067","2067","7.83333333333333"
"5894","10003405",BELMONT CAMP,68518 BANNOCK RD,ST. CLAIRSVILLE,OH,"43950","-999",(740) 695-5169,STATE,OPEN,"-999",BELMONT,"39013",USA,"922140",CORRECTIONAL INSTITUTIONS,https://drc.ohio.gov/about/facilities/belmont/belmont-correctional,2017/12/04,IMAGERY/OTHER,2024/03/26,https://drc.ohio.gov/about/facilities/belmont/belmont-correctional,MINIMUM,"-999",0.000002345156872,0.005743211329002,"10003405",,,,"7.5"
"6246","10000923",DILLWYN CORRECTIONAL CENTER,1522 PRISON RD,DILLWYN,VA,"23936","-999",(434) 983-4200,STATE,OPEN,"-999",BUCKINGHAM,"51029",USA,"922140",CORRECTIONAL INSTITUTIONS,https://vadoc.virginia.gov/facilities-and-offices/,2017/09/19,IMAGERY/OTHER,2024/05/01,https://vadoc.virginia.gov/facilities-and-offices/,MEDIUM,"-999",0.000017163658413,0.016263963514780,"10000923",PVA021,"918","918","5.69999980926514"
"6249","10003268",FLUVANNA CORRECTIONAL CENTER FOR WOMEN,144 PRISON LANE,TROY,VA,"22974","-999",(434) 984-3700,STATE,OPEN,"-999",FLUVANNA,"51065",USA,"922140",CORRECTIONAL INSTITUTIONS,https://vadoc.virginia.gov/facilities-and-offices/,2017/09/27,IMAGERY/OTHER,2024/05/01,https://vadoc.virginia.gov/facilities-and-offices/,MAXIMUM,"-999",0.000010049922139,0.012940059170330,"10003268",PVA022,"1201","1201","6"
"6258","10001573",AUGUSTA CORRECTIONAL CENTER,1821 ESTALINE VALLEY RD,CRAIGSVILLE,VA,"24430","-999",(540) 997-7000,STATE,OPEN,"-999",AUGUSTA,"51015",USA,"922140",CORRECTIONAL INSTITUTIONS,https://vadoc.virginia.gov/facilities-and-offices/,2017/06/08,IMAGERY/OTHER,2024/05/01,https://vadoc.virginia.gov/facilities-and-offices/,CLOSE,"-999",0.000010411989479,0.012577014855917,"10001573",PVA003,"1338","1338","6.29999995231628"
"6259","10001575",VIRGINIA CORRECTIONAL CENTER FOR WOMEN,2841 RIVER RD,GOOCHLAND,VA,"23063","-999",(804) 556-7500,STATE,OPEN,"-999",GOOCHLAND,"51075",USA,"922140",CORRECTIONAL INSTITUTIONS,https://vadoc.virginia.gov/facilities-and-offices/,2018/01/19,IMAGERY/OTHER,2024/05/01,https://vadoc.virginia.gov/facilities-and-offices/,MEDIUM,"-999",0.000021834191784,0.021089207324702,"10001575",PVA053,"522","522","6.14999985694885"
"6277","10006992",WESTERN VIRGINIA REGIONAL JAIL,5885 W RIVER RD,SALEM,VA,"24153","-999",(540) 378-3700,STATE,OPEN,"883",ROANOKE,"51161",USA,"922140",CORRECTIONAL INSTITUTIONS,"https://www.wvarj.org/, https://www.wvarj.org/DocumentCenter/View/561/Annual-PREA-report-2018",2020/04/22,IMAGERY,2024/05/02,https://www.wvarj.org/,MAXIMUM,"1021",0.000003260480980,0.010475223997755,"10006992",,,"883","6.69999992847443"
"6306","10006146",SALEM CORRECTIONAL CENTER,7 INDUSTRIAL BOULEVARD,INDUSTRIAL,WV,"26426","-999",(304) 782-2371,STATE,OPEN,"-999",HARRISON,"54033",USA,"922140",CORRECTIONAL INSTITUTIONS,https://dcr.wv.gov/facilities/Pages/prisons-and-jails/sccj.aspx,2018/01/22,IMAGERY/OTHER,2024/05/29,https://dcr.wv.gov/facilities/Pages/prisons-and-jails/sccj.aspx,MEDIUM,"-999",0.000005753811593,0.015089963290970,"10006146",PWV018,"387","387","6.62499988079071"
"6316","10000025",LAKIN CORRECTIONAL CENTER,11264 OHIO RIVER ROAD,WEST COLUMBIA,WV,"25287","-999",(304) 674-2440,STATE,OPEN,"-999",MASON,"54053",USA,"922140",CORRECTIONAL INSTITUTIONS,http://wvde.state.wv.us/odtp/Schools/LakinCorrectionalCenter.htm,2020/03/03,IMAGERY/OTHER,2024/05/29,http://wvde.state.wv.us/odtp/Schools/LakinCorrectionalCenter.htm,MAXIMUM,"543",0.000008676316384,0.017219475417043,"10000025",PWV010,"520","520","7.59999990463257"
"6317","10001879",MT. OLIVE CORRECTIONAL COMPLEX,1 MOUNTAINSIDE WAY,MT. OLIVE,WV,"25185","-999",(304) 442-7213,STATE,OPEN,"-999",FAYETTE,"54019",USA,"922140",CORRECTIONAL INSTITUTIONS,https://dcr.wv.gov/facilities/Pages/prisons-and-jails/moccj.aspx,2020/03/03,IMAGERY/OTHER,2024/05/29,https://dcr.wv.gov/facilities/Pages/prisons-and-jails/moccj.aspx,MAXIMUM,"1030",0.000015450067394,0.015772420116305,"10001879",PWV013,"1005","1005","6.30000019073486"
"6322","10005978",STAR - ATHENS CAMPUS,7 W TWENTY-NINE DR,NELSONVILLE,OH,"45764","-999",(740) 753-5000,STATE,OPEN,"70",ATHENS,"39009",USA,"922140",CORRECTIONAL INSTITUTIONS,https://www.drc.ohio.gov/septa,2017/06/15,IMAGERY/OTHER,2024/06/03,https://www.drc.ohio.gov/septa,MINIMUM,"112",0.000000424349309,0.003542036973811,"10005978",,,"70","7"
"15","10000450",TOMOKA CRC,3601 US HWY 92 WEST,DAYTONA BEACH,FL,"32124","1002",(386) 254-1187,STATE,OPEN,"-999",VOLUSIA,"12127",USA,"922140",CORRECTIONAL INSTITUTIONS,https://fdc.myflorida.com/org/facilitydir.html,2024/02/15,IMAGERY/OTHER,2024/04/01,https://smahealthcare.org/services/volusia-county/,MINIMUM,"-999",0.000000941440021,0.003800922266251,"10000450",PFL150,"84","84","6.19999980926514"
"73","10000356",HOLMES CORRECTIONAL INSTITUTION,3142 THOMAS DR,BONIFAY,FL,"32425","0190",(850) 547-8600,STATE,OPEN,"-999",HOLMES,"12059",USA,"922140",CORRECTIONAL INSTITUTIONS,https://fdc.myflorida.com/org/facilitydir.html,2024/02/14,IMAGERY/OTHER,2024/02/14,https://fdc.myflorida.com/ci/107.html,CLOSE,"1185",0.000013025672843,0.014558767423558,"10000356",PFL068,"1212","1212","7.79999995231628"
"215","10000360",WALTON CORRECTIONAL INSTITUTION,691 INSTITUTION RD,DEFUNIAK SPRINGS,FL,"32433","1831",(850) 951-1300,STATE,OPEN,"-999",WALTON,"12131",USA,"922140",CORRECTIONAL INSTITUTIONS,https://fdc.myflorida.com/org/facilitydir.html,2024/02/14,IMAGERY/OTHER,2024/02/14,https://fdc.myflorida.com/ci/108.html,CLOSE,"1201",0.000013465158190,0.014949431441063,"10000360",PFL162,"1255","1255","8.00000023841858"
"237","10006331",CROSS CITY EAST UNIT,568 NE 255TH ST,CROSS CITY,FL,"32628","-999",(352) 498-4900,STATE,OPEN,"-999",DIXIE,"12029",USA,"922140",CORRECTIONAL INSTITUTIONS,https://fdc.myflorida.com/org/facilitydir.html,2024/02/14,IMAGERY/OTHER,2024/02/14,https://fdc.myflorida.com/ci/269.html,NOT AVAILABLE,"432",0.000002967798991,0.006910110276614,"10006331",PFL035,"375","375","7.40000009536743"
"367","10000502",DESOTO CORRECTIONAL INSTITUTION,13617 SE HWY 70,ARCADIA,FL,"34266","-999",NOT AVAILABLE,STATE,NOT AVAILABLE,"0",DESOTO,"12027",USA,"922140",CORRECTIONAL INSTITUTIONS,NOT AVAILABLE,2024/02/15,IMAGERY/OTHER,2024/02/15,NOT AVAILABLE,CLOSE,"-999",0.000008738047654,0.012029300915098,"10000502",,,"0","6.35000014305115"
"368","10000386",HAMILTON WORK CAMP,10650 SW 46TH ST,JASPER,FL,"32052","1360",(386) 792-5990,STATE,CLOSED,"0",HAMILTON,"12047",USA,"922140",CORRECTIONAL INSTITUTIONS,https://fdc.myflorida.com/org/facilitydir.html,2024/02/14,IMAGERY/OTHER,2024/02/14,https://fdc.myflorida.com/ci/215.html,MINIMUM,"-999",0.000001686215910,0.005225214538411,"10000386",PFL062,"282","282","7.19999980926514"
"395","10000417",UNION CORRECTIONAL INSTITUTION,25636 NE SR-16,RAIFORD,FL,"32083","-999",(386) 431-2000,STATE,OPEN,"-999",UNION,"12125",USA,"922140",CORRECTIONAL INSTITUTIONS,https://fdc.myflorida.com/org/facilitydir.html,2024/02/14,IMAGERY/OTHER,2024/02/14,https://fdc.myflorida.com/ci/213.html,MAXIMUM,"1486",0.000025337533543,0.020444970853123,"10000417",PFL158,"1752","1752","7.30000019073486"
"396","10004573",TAYLOR CORRECTIONAL INSTITUTION ANNEX,8501 HAMPTON SPRINGS ROAD,PERRY,FL,"32348","8747",NOT AVAILABLE,STATE,CLOSED,"0",TAYLOR,"12123",USA,"922140",CORRECTIONAL INSTITUTIONS,https://fdc.myflorida.com/org/facilitydir.html,2024/02/14,IMAGERY/OTHER,2024/02/14,https://fdc.myflorida.com/ci/224.html,CLOSE,"1409",0.000013018510572,0.015474065578187,"10004573",PFL146,"1243","1243","7.40000009536743"
"403","10000474",POLK WORK CAMP,10800 EVANS RD,POLK CITY,FL,"33868","6925",(863) 984-2273,STATE,OPEN,"-999",POLK,"12105",USA,"922140",CORRECTIONAL INSTITUTIONS,https://fdc.myflorida.com/org/facilitydir.html,2024/02/15,IMAGERY/OTHER,2024/02/15,https://fdc.myflorida.com/ci/580.html,NOT AVAILABLE,"-999",0.000001851817842,0.005451410290843,"10000474",PFL116,"285","285","7.5"
"404","10000445",TOMOKA WORK CAMP,3950 TIGER BAY RD,DAYTONA BEACH,FL,"32124","1098",(386) 254-2656,STATE,OPEN,"-999",VOLUSIA,"12127",USA,"922140",CORRECTIONAL INSTITUTIONS,https://fdc.myflorida.com/org/facilitydir.html,2024/02/14,IMAGERY/OTHER,2024/02/14,https://fdc.myflorida.com/ci/282.html,NOT AVAILABLE,"-999",0.000001691040325,0.005100303529881,"10000445",PFL153,"289","289","6.45000004768372"
"406","10000405",SUWANNEE WORK CAMP,5964 US HWY 90,LIVE OAK,FL,"32060","-999",(386) 963-6532,STATE,CLOSED,"0",SUWANNEE,"12121",USA,"922140",CORRECTIONAL INSTITUTIONS,https://fdc.myflorida.com/org/facilitydir.html,2024/02/14,IMAGERY/OTHER,2024/02/14,https://fdc.myflorida.com/ci/230.html,NOT AVAILABLE,"-999",0.000003032975428,0.006979758729023,"10000405",PFL144,"257","257","6.90000009536743"
"412","10006329",TOMOKA CRC 285,1341 INDIAN LAKE ROAD,DAYTONA BEACH,FL,"32124","-999",(386) 254-1195,STATE,OPEN,"-999",VOLUSIA,"12127",USA,"922140",CORRECTIONAL INSTITUTIONS,https://fdc.myflorida.com/org/facilitydir.html,2024/02/15,IMAGERY/OTHER,2024/04/01,https://smahealthcare.org/services/volusia-county/,NOT AVAILABLE,"-999",0.000001430722477,0.005007100300731,"10006329",PFL120,"109","109","6.59999990463257"
"415","10000492",HARDEE WORK CAMP,6899 STATE ROAD 62,BOWLING GREEN,FL,"33834","9505",(863) 767-4500,STATE,OPEN,"-999",HARDEE,"12049",USA,"922140",CORRECTIONAL INSTITUTIONS,https://fdc.myflorida.com/org/facilitydir.html,2024/02/15,IMAGERY/OTHER,2024/02/15,https://fdc.myflorida.com/ci/501.html,NOT AVAILABLE,"-999",0.000002378295221,0.006182026337025,"10000492",PFL064,"286","286","7.40000009536743"
"416","10002176",AVON PARK WORK CAMP,8100 HIGHWAY 64 EAST,AVON PARK,FL,"33825","-999",(863) 453-3174,STATE,OPEN,"-999",POLK,"12105",USA,"922140",CORRECTIONAL INSTITUTIONS,https://fdc.myflorida.com/org/facilitydir.html,2024/02/15,IMAGERY/OTHER,2024/02/15,https://fdc.myflorida.com/ci/503.html,NOT AVAILABLE,"-999",0.000004561577498,0.009015080479990,"10002176",PFL006,"511","511","6.30000019073486"
"424","10000409",MAYO CORRECTIONAL INSTITUTION ANNEX,8784 US HWY 27 W,MAYO,FL,"32066","3458",(386) 294-4500,STATE,OPEN,"-999",LAFAYETTE,"12067",USA,"922140",CORRECTIONAL INSTITUTIONS,https://fdc.myflorida.com/org/facilitydir.html,2024/02/14,IMAGERY/OTHER,2024/02/14,https://fdc.myflorida.com/ci/223.html,CLOSE,"1345",0.000016197365539,0.017667080472641,"10000409",PFL097,"1232","1232","7.40000009536743"
"426","10006208",NEW RIVER CORRECTIONAL WORK CAMP,25636 NE SR-16,RAIFORD,FL,"32083","-999",(386) 431-4450,STATE,OPEN,"-999",UNION,"12125",USA,"922140",CORRECTIONAL INSTITUTIONS,https://fdc.myflorida.com/org/facilitydir.html,2024/02/14,IMAGERY/OTHER,2024/02/14,https://fdc.myflorida.com/ci/213.html,NOT AVAILABLE,"-999",0.000002771779464,0.006660810587344,"10006208",PFL102,"422","422","7.19999980926514"
"429","10002152",CENTURY WORK CAMP,400 TEDDER RD,CENTURY,FL,"32535","3659",(850) 256-6505,STATE,OPEN,"-999",ESCAMBIA,"12033",USA,"922140",CORRECTIONAL INSTITUTIONS,https://fdc.myflorida.com/org/facilitydir.html,2024/02/14,IMAGERY/OTHER,2024/02/14,https://fdc.myflorida.com/ci/106.html,NOT AVAILABLE,"-999",0.000002215110953,0.005961150403171,"10002152",PFL029,"277","277","6.79999995231628"
"435","10000335",JACKSON WORK CAMP,5607 10TH ST,MALONE,FL,"32445","9998",(850) 569-1958,STATE,CLOSED,"-999",JACKSON,"12063",USA,"922140",CORRECTIONAL INSTITUTIONS,https://fdc.myflorida.com/org/facilitydir.html,2024/02/14,IMAGERY/OTHER,2024/02/14,https://fdc.myflorida.com/ci/104.html,NOT AVAILABLE,"-999",0.000002360361577,0.006171634547759,"10000335",PFL072,"279","279","7.85000014305115"
"437","10000426",GAINESVILLE WORK CAMP,700 NE 55TH BLVD,GAINESVILLE,FL,"32641","6067",(352) 955-2045,STATE,CLOSED,"0",ALACHUA,"12001",USA,"922140",CORRECTIONAL INSTITUTIONS,https://fdc.myflorida.com/org/facilitydir.html,2024/02/14,IMAGERY/OTHER,2024/02/14,https://fdc.myflorida.com/ci/255.html,NOT AVAILABLE,"-999",0.000002044270104,0.005530658271496,"10000426",PFL053,"241","241","7.45000004768372"
"439","10000509",MARTIN WORK CAMP,100 SW ALLAPATTAH ROAD,INDIANTOWN,FL,"34956","4310",(772) 597-1013,STATE,OPEN,"-999",MARTIN,"12085",USA,"922140",CORRECTIONAL INSTITUTIONS,https://fdc.myflorida.com/org/facilitydir.html,2024/02/15,IMAGERY/OTHER,2024/02/15,https://fdc.myflorida.com/ci/430.html,NOT AVAILABLE,"-999",0.000003132805432,0.007532970550984,"10000509",PFL096,"260","260","5.80000019073486"
"447","10004556",SANTA ROSA WORK CAMP,5850 EAST MILTON ROAD,MILTON,FL,"32583","-999",(850) 981-5250,STATE,OPEN,"-999",SANTA ROSA,"12113",USA,"922140",CORRECTIONAL INSTITUTIONS,https://fdc.myflorida.com/org/facilitydir.html,2024/02/15,IMAGERY/OTHER,2024/02/15,https://fdc.myflorida.com/ci/119.html,NOT AVAILABLE,"-999",0.000002845624067,0.006750966739414,"10004556",PFL130,"429","429","8.30000019073486"
"452","10000433",CROSS CITY WORK CAMP,568 NE 255TH ST,CROSS CITY,FL,"32628","-999",(352) 498-4444,STATE,OPEN,"-999",DIXIE,"12029",USA,"922140",CORRECTIONAL INSTITUTIONS,https://fdc.myflorida.com/org/facilitydir.html,2024/02/14,IMAGERY/OTHER,2024/02/14,https://fdc.myflorida.com/ci/211.html,NOT AVAILABLE,"-999",0.000001539543064,0.005012962837286,"10000433",PFL036,"279","279","7.40000009536743"
"458","10006168",SAGO PALM RE-ENTRY CENTER,500 BAY BOTTOM ROAD,PAHOKEE,FL,"33476","-999",(561) 924-4320,STATE,OPEN,"-999",PALM BEACH,"12099",USA,"922140",CORRECTIONAL INSTITUTIONS,https://fdc.myflorida.com/org/facilitydir.html,2024/02/15,IMAGERY/OTHER,2024/02/15,https://fdc.myflorida.com/ci/464.html,MEDIUM,"384",0.000003538702003,0.007538151475673,"10006168",PFL125,"355","355","9.34999990463257"
"461","10004585",LOWELL WORK CAMP,11120 NW GAINESVILLE RD,OCALA,FL,"34482","-999",(352) 690-8900,STATE,OPEN,"-999",MARION,"12083",USA,"922140",CORRECTIONAL INSTITUTIONS,https://fdc.myflorida.com/org/facilitydir.html,2024/02/15,IMAGERY/OTHER,2024/02/15,https://fdc.myflorida.com/ci/314.html,NOT AVAILABLE,"-999",0.000003878310281,0.007928108801864,"10004585",PFL089,"350","350","6.54999995231628"
"463","10000413",GULF FORESTRY CAMP,3222 DOC WHITFIELD RD,WHITE CITY,FL,"32465","-999",(850) 827-4000,STATE,OPEN,"-999",GULF,"12045",USA,"922140",CORRECTIONAL INSTITUTIONS,https://fdc.myflorida.com/org/facilitydir.html,2024/02/14,IMAGERY/OTHER,2024/02/14,https://fdc.myflorida.com/ci/109.html,NOT AVAILABLE,"-999",0.000001506961780,0.004682609233045,"10000413",PFL059,"277","277","7.40000009536743"
"498","10004580",FLORIDA STATE PRISON,23916 NW 83RD AVE,RAIFORD,FL,"32026","-999",(904) 368-2500,STATE,OPEN,"-999",BRADFORD,"12007",USA,"922140",CORRECTIONAL INSTITUTIONS,https://fdc.myflorida.com/org/facilitydir.html,2024/02/14,IMAGERY/OTHER,2024/02/14,https://fdc.myflorida.com/ci/205.html,MAXIMUM,"1460",0.000014345557247,0.015473532006929,"10004580",PFL044,"1351","1351","7.19999980926514"
"531","10000438",LOWELL ANNEX,11120 NW GAINESVILLE RD,OCALA,FL,"34482","1479",(352) 690-8900,STATE,OPEN,"-999",MARION,"12083",USA,"922140",CORRECTIONAL INSTITUTIONS,https://fdc.myflorida.com/org/facilitydir.html,2024/02/15,IMAGERY/OTHER,2024/02/15,https://fdc.myflorida.com/ci/367.html,MAXIMUM,"1419",0.000010636243587,0.013809139353185,"10000438",PFL087,"1423","1423","6.45000004768372"
"543","10000393",COLUMBIA WORK CAMP,216 SE CORRECTIONS WAY,LAKE CITY,FL,"32025","2013",(386) 754-7243,STATE,CLOSED,"-999",COLUMBIA,"12023",USA,"922140",CORRECTIONAL INSTITUTIONS,https://fdc.myflorida.com/org/facilitydir.html,2024/02/14,IMAGERY/OTHER,2024/02/14,https://fdc.myflorida.com/ci/201.html,MINIMUM,"-999",0.000002405502300,0.006213738105786,"10000393",PFL033,"255","255","7.20000004768372"
"586","10006328",EVERGLADES RE-ENTRY CENTER,1601 SW 187TH AVENUE,MIAMI,FL,"33194","-999",(305) 480-4400,STATE,OPEN,"-999",MIAMI-DADE,"12086",USA,"922140",CORRECTIONAL INSTITUTIONS,https://fdc.myflorida.com/org/facilitydir.html,2024/02/15,IMAGERY/OTHER,2024/02/15,https://fdc.myflorida.com/ci/441.html,NOT AVAILABLE,"432",0.000002202922133,0.005937954914108,"10006328",PFL043,"407","407","7.54999995231628"
"873","10000378",JEFFERSON CORRECTIONAL INSTITUTION,1050 BIG JOE RD,MONTICELLO,FL,"32344","0430",(850) 342-0500,STATE,OPEN,"-999",JEFFERSON,"12065",USA,"922140",CORRECTIONAL INSTITUTIONS,https://fdc.myflorida.com/org/facilitydir.html,2024/02/14,IMAGERY/OTHER,2024/02/14,https://fdc.myflorida.com/ci/103.html,CLOSE,"1111",0.000013445452623,0.015791590320486,"10000378",PFL074,"1114","1114","6.79999995231628"
"1516","10000336","APALACHEE CORRECTIONAL INSTITUTION, WEST UNIT",52 WEST UNIT DR,SNEADS,FL,"32460","4165",(850) 593-9702,STATE,OPEN,"-999",JACKSON,"12063",USA,"922140",CORRECTIONAL INSTITUTIONS,https://fdc.myflorida.com/org/facilitydir.html,2024/02/14,IMAGERY/OTHER,2024/02/14,https://fdc.myflorida.com/ci/101.html,CLOSE,"680",0.000010267620382,0.013695489787187,"10000336",PFL002,"811","811","7.5"
"1519","10002153",CENTURY CORRECTIONAL INSTITUTION,400 TEDDER RD,CENTURY,FL,"32535","3659",(850) 256-2600,STATE,OPEN,"-999",ESCAMBIA,"12033",USA,"922140",CORRECTIONAL INSTITUTIONS,https://fdc.myflorida.com/org/facilitydir.html,2024/02/14,IMAGERY/OTHER,2024/02/14,https://fdc.myflorida.com/ci/106.html,CLOSE,"1345",0.000013596373719,0.015166063834233,"10002153",PFL028,"1342","1342","6.90000009536743"
"1525","10000422",FRANKLIN CORRECTIONAL INSTITUTION,1760 HWY 67 NORTH,CARRABELLE,FL,"32322","-999",(850) 697-1100,STATE,OPEN,"-999",FRANKLIN,"12037",USA,"922140",CORRECTIONAL INSTITUTIONS,https://fdc.myflorida.com/org/facilitydir.html,2024/02/14,IMAGERY/OTHER,2024/02/14,https://fdc.myflorida.com/ci/113.html,CLOSE,"1346",0.000011527647985,0.014070427562225,"10000422",PFL047,"1498","1498","7.40000009536743"
"1532","10000411",GULF CORRECTIONAL INSTITUTION ANNEX,699 IKE STEELE ROAD,WEWAHITCHKA,FL,"32465","0010",(850) 639-1509,STATE,CLOSED,"-999",GULF,"12045",USA,"922140",CORRECTIONAL INSTITUTIONS,https://fdc.myflorida.com/org/facilitydir.html,2024/02/14,IMAGERY/OTHER,2024/02/14,https://fdc.myflorida.com/ci/150.html,CLOSE,"1398",0.000014458898931,0.016541241122217,"10000411",PFL058,"1","1","6.69999980926514"
"1534","10000368",NORTHWEST FLORIDA RECEPTION CENTER ANNEX,4455 SAM MITCHELL DR,CHIPLEY,FL,"32428","3597",(850) 773-6500,STATE,OPEN,"-999",WASHINGTON,"12133",USA,"922140",CORRECTIONAL INSTITUTIONS,https://fdc.myflorida.com/org/facilitydir.html,2024/02/14,IMAGERY/OTHER,2024/02/14,https://fdc.myflorida.com/ci/125.html,CLOSE,"1415",0.000012943529555,0.015367752422726,"10000368",PFL104,"1111","1111","7.54999995231628"
"1539","10004575",WAKULLA CORRECTIONAL INSTITUTION,110 MELALEUCA DRIVE,CRAWFORDVILLE,FL,"32327","4963",(850) 410-1895,STATE,OPEN,"-999",WAKULLA,"12129",USA,"922140",CORRECTIONAL INSTITUTIONS,https://fdc.myflorida.com/org/facilitydir.html,2024/02/14,IMAGERY/OTHER,2024/02/14,https://fdc.myflorida.com/ci/118.html,CLOSE,"1399",0.000013901253396,0.016721128080351,"10004575",PFL160,"1523","1523","7.42500007152557"
"1554","10000395",COLUMBIA CORRECTIONAL INSTITUTION,216 SE CORRECTIONS WAY,LAKE CITY,FL,"32025","2013",(386) 754-7600,STATE,OPEN,"-999",COLUMBIA,"12023",USA,"922140",CORRECTIONAL INSTITUTIONS,https://fdc.myflorida.com/org/facilitydir.html,2024/02/14,IMAGERY/OTHER,2024/02/14,https://fdc.myflorida.com/ci/201.html,CLOSE,"1427",0.000013785421743,0.015595851985035,"10000395",PFL032,"876","876","7.20000012715658"
"1558","10000396",COLUMBIA CORRECTIONAL INSTITUTION ANNEX,216 SE CORRECTIONS WAY,LAKE CITY,FL,"32025","2013",(386) 754-7600,STATE,OPEN,"-999",COLUMBIA,"12023",USA,"922140",CORRECTIONAL INSTITUTIONS,https://fdc.myflorida.com/org/facilitydir.html,2024/02/14,IMAGERY/OTHER,2024/02/14,https://fdc.myflorida.com/ci/251.html,CLOSE,"1566",0.000009183322163,0.012513902753199,"10000396",PFL031,"1452","1452","7"
"1572","10000432",CROSS CITY CORRECTIONAL INSTITUTION,568 NE 255TH ST,CROSS CITY,FL,"32628","-999",(352) 498-4741,STATE,OPEN,"-999",DIXIE,"12029",USA,"922140",CORRECTIONAL INSTITUTIONS,https://fdc.myflorida.com/org/facilitydir.html,2024/02/14,IMAGERY/OTHER,2024/02/14,https://fdc.myflorida.com/ci/211.html,CLOSE,"1022",0.000014830192185,0.015763039678597,"10000432",PFL034,"1045","1045","7.20000004768372"
"1603","10000385",HAMILTON CORRECTIONAL INSTITUTION,10650 SW 46TH ST,JASPER,FL,"32052","1360",(386) 792-5151,STATE,OPEN,"-999",HAMILTON,"12047",USA,"922140",CORRECTIONAL INSTITUTIONS,https://fdc.myflorida.com/org/facilitydir.html,2024/02/14,IMAGERY/OTHER,2024/02/14,https://fdc.myflorida.com/ci/215.html,CLOSE,"1109",0.000011820427062,0.013235725371447,"10000385",PFL061,"1041","1041","7.19999980926514"
"1607","10000414",LAWTEY CORRECTIONAL INSTITUTION,22298 NE COUNTY ROAD 200B,LAWTEY,FL,"32058","-999",(904) 782-2000,STATE,OPEN,"-999",BRADFORD,"12007",USA,"922140",CORRECTIONAL INSTITUTIONS,https://fdc.myflorida.com/org/facilitydir.html,2024/02/15,IMAGERY/OTHER,2024/02/15,https://fdc.myflorida.com/ci/255.html,MEDIUM,"832",0.000009748159755,0.013943593839085,"10000414",PFL084,"834","834","6.59999990463257"
"1611","10000428",LANCASTER CORRECTIONAL INSTITUTION,3449 SW STATE RD 26,TRENTON,FL,"32693","5641",(352) 463-4100,STATE,OPEN,"-999",GILCHRIST,"12041",USA,"922140",CORRECTIONAL INSTITUTIONS,https://fdc.myflorida.com/org/facilitydir.html,2024/02/14,IMAGERY/OTHER,2024/02/14,https://fdc.myflorida.com/ci/281.html,CLOSE,"544",0.000024734352792,0.020392396834479,"10000428",PFL081,"509","509","7.04999995231628"
"1616","10000384",HAMILTON CORRECTIONAL INSTITUTION ANNEX,10650 SW 46TH ST,JASPER,FL,"32052","1360",(386) 792-5897,STATE,OPEN,"-999",HAMILTON,"12047",USA,"922140",CORRECTIONAL INSTITUTIONS,https://fdc.myflorida.com/org/facilitydir.html,2024/02/14,IMAGERY/OTHER,2024/02/14,https://fdc.myflorida.com/ci/250.html,CLOSE,"1138",0.000013797553265,0.016712618940460,"10000384",PFL060,"1261","1261","7.19999980926514"
"1619","10006323",MAYO CORRECTIONAL INSTITUTION,8784 US HWY 27 W,MAYO,FL,"32066","-999",NOT AVAILABLE,STATE,CLOSED,"0",LAFAYETTE,"12067",USA,"922140",CORRECTIONAL INSTITUTIONS,https://fdc.myflorida.com/org/facilitydir.html,2024/02/14,IMAGERY/OTHER,2024/02/14,https://fdc.myflorida.com/ci/212.html,NOT AVAILABLE,"-999",0.000014920995000,0.015760300674605,"10006323",,,"0","7.40000009536743"
"1625","10000430",PUTNAM CORRECTIONAL INSTITUTION,128 YELVINGTON RD,EAST PALATKA,FL,"32131","2100",(386) 326-6800,STATE,OPEN,"-999",PUTNAM,"12107",USA,"922140",CORRECTIONAL INSTITUTIONS,https://fdc.myflorida.com/org/facilitydir.html,2024/02/14,IMAGERY/OTHER,2024/02/14,https://fdc.myflorida.com/ci/214.html,MEDIUM,"457",0.000002986199888,0.006944661496427,"10000430",PFL117,"463","463","7.69999980926514"
"1628","10000329",VALDOSTA STATE PRISON ANNEX,3131 VAL TECH RD,VALDOSTA,GA,"31601","-999",(229) 245-6450,STATE,OPEN,"-999",LOWNDES,"13185",USA,"922140",CORRECTIONAL INSTITUTIONS,https://gdc.georgia.gov/locations,2024/02/21,IMAGERY/OTHER,2024/02/21,https://gdc.georgia.gov/locations/valdosta-state-prison,CLOSE,"554",0.000003481282874,0.007885230656795,"10000329",,,,"8"
"1646","10002187",CHARLOTTE CORRECTIONAL INSTITUTION,33123 OIL WELL RD,PUNTA GORDA,FL,"33955","9701",(941) 833-8100,STATE,OPEN,"-999",CHARLOTTE,"12015",USA,"922140",CORRECTIONAL INSTITUTIONS,https://fdc.myflorida.com/org/facilitydir.html,2024/02/15,IMAGERY/OTHER,2024/02/15,https://fdc.myflorida.com/ci/510.html,CLOSE,"1382",0.000011818696066,0.013450994867983,"10002187",PFL030,"1107","1107","6.30000019073486"
"1652","10000467",ZEPHYRHILLS CORRECTIONAL INSTITUTION,2739 GALL BLVD,ZEPHYRHILLS,FL,"33541","9701",(813) 782-5521,STATE,OPEN,"-999",PASCO,"12101",USA,"922140",CORRECTIONAL INSTITUTIONS,https://fdc.myflorida.com/org/facilitydir.html,2024/02/15,IMAGERY/OTHER,2024/02/15,https://fdc.myflorida.com/ci/573.html,CLOSE,"753",0.000011176371117,0.013479221645199,"10000467",PFL165,"618","618","7.70000004768372"
"1656","10000460","CENTRAL FLORIDA RECEPTION CENTER, SOUTH",7000 H C KELLEY RD,ORLANDO,FL,"32831","2518",(407) 207-7777,STATE,OPEN,"-999",ORANGE,"12095",USA,"922140",CORRECTIONAL INSTITUTIONS,https://fdc.myflorida.com/org/facilitydir.html,2024/02/15,IMAGERY/OTHER,2024/02/15,https://fdc.myflorida.com/ci/323.html,CLOSE,"150",0.000001606530986,0.005355597316153,"10000460",PFL027,"102","102","7"
"1657","10000504",DESOTO ANNEX,13617 SE HWY 70,ARCADIA,FL,"34266","7800",(863) 494-3727,STATE,OPEN,"-999",DESOTO,"12027",USA,"922140",CORRECTIONAL INSTITUTIONS,https://fdc.myflorida.com/org/facilitydir.html,2024/02/15,IMAGERY/OTHER,2024/02/15,https://fdc.myflorida.com/ci/564.html,CLOSE,"1453",0.000014459942577,0.015779963650633,"10000504",PFL038,"1599","1599","6.40000009536743"
"1661","10006167",FLORIDA WOMEN'S RECEPTION CENTER,3700 NW 111TH PLACE,OCALA,FL,"34482","1479",(352) 840-8000,STATE,OPEN,"-999",MARION,"12083",USA,"922140",CORRECTIONAL INSTITUTIONS,https://fdc.myflorida.com/org/facilitydir.html,2024/02/15,IMAGERY/OTHER,2024/02/15,https://fdc.myflorida.com/ci/368.html,CLOSE,"1235",0.000010729424503,0.013704054619188,"10006167",PFL046,"939","939","6.65000009536743"
"1755","10000407",WAKULLA WORK CAMP,110 MELALEUCA DR,CRAWFORDVILLE,FL,"32327","4963",(850) 413-9213,STATE,CLOSED,"-999",WAKULLA,"12129",USA,"922140",CORRECTIONAL INSTITUTIONS,https://fdc.myflorida.com/org/facilitydir.html,2024/02/14,IMAGERY/OTHER,2024/02/14,https://fdc.myflorida.com/ci/118.html,NOT AVAILABLE,"-999",0.000003184630941,0.007271168038234,"10000407",PFL161,"429","429","7.59999990463257"
"1788","10005212",FRANKLIN WORK CAMP,1760 HWY 67 NORTH,CARRABELLE,FL,"32322","-999",(850) 697-1464,STATE,CLOSED,"-999",FRANKLIN,"12037",USA,"922140",CORRECTIONAL INSTITUTIONS,https://fdc.myflorida.com/org/facilitydir.html,2024/02/14,IMAGERY/OTHER,2024/02/14,https://fdc.myflorida.com/ci/113.html,NOT AVAILABLE,"-999",0.000002801939900,0.006695823262576,"10005212",PFL048,"249","249","7.30000019073486"
"1799","10006326",GADSDEN RE-ENTRY CENTER,630 OPPORTUNITY LANE,HAVANA,FL,"32333","-999",(850) 539-2440,STATE,OPEN,"-999",GADSDEN,"12039",USA,"922140",CORRECTIONAL INSTITUTIONS,https://fdc.myflorida.com/org/facilitydir.html,2024/02/15,IMAGERY/OTHER,2024/02/15,https://fdc.myflorida.com/ci/144.html,MEDIUM,"432",0.000002483212938,0.006351790111140,"10006326",PFL052,"419","419","7.69999980926514"
"1801","10006327",BAKER RE-ENTRY CENTER,17128 US HIGHWAY 90 WEST,SANDERSON,FL,"32087","2359",(386) 719-6300,STATE,OPEN,"-999",BAKER,"12003",USA,"922140",CORRECTIONAL INSTITUTIONS,https://fdc.myflorida.com/org/facilitydir.html,2024/02/14,IMAGERY/OTHER,2024/02/14,https://fdc.myflorida.com/ci/275.html,MEDIUM,"432",0.000003079494718,0.007034675984957,"10006327",PFL008,"416","416","6.69999980926514"
"1808","10000503",DESOTO WORK CAMP,13617 SE HWY 70,ARCADIA,FL,"34266","-999",(863) 494-3727,STATE,OPEN,"-999",DESOTO,"12027",USA,"922140",CORRECTIONAL INSTITUTIONS,https://fdc.myflorida.com/org/facilitydir.html,2024/02/15,IMAGERY/OTHER,2024/02/15,https://fdc.myflorida.com/ci/564.html,NOT AVAILABLE,"-999",0.000001807603439,0.005398662376702,"10000503",PFL039,"286","286","6.40000009536743"
"1809","10000361",WALTON WORK CAMP,301 INSTITUTION RD,DEFUNIAK SPRINGS,FL,"32433","0000",(850) 951-1300,STATE,OPEN,"-999",WALTON,"12131",USA,"922140",CORRECTIONAL INSTITUTIONS,https://fdc.myflorida.com/org/facilitydir.html,2024/02/14,IMAGERY/OTHER,2024/02/14,https://fdc.myflorida.com/ci/108.html,NOT AVAILABLE,"-999",0.000002179459898,0.005934298636276,"10000361",PFL163,"254","254","8.10000038146973"
"1811","10004572",TAYLOR WORK CAMP,8501 HAMPTON SPRINGS ROAD,PERRY,FL,"32348","-999",(850) 838-8550,STATE,CLOSED,"0",TAYLOR,"12123",USA,"922140",CORRECTIONAL INSTITUTIONS,https://fdc.myflorida.com/org/facilitydir.html,2024/02/14,IMAGERY/OTHER,2024/02/14,https://fdc.myflorida.com/ci/218.html,NOT AVAILABLE,"-999",0.000003158903610,0.007177863729385,"10004572",,,"0","7.45000004768372"
"1815","10000403",BAKER WORK CAMP,20706 US HIGHWAY 90 WEST,SANDERSON,FL,"32087","2359",(386) 719-6130,STATE,OPEN,"-999",BAKER,"12003",USA,"922140",CORRECTIONAL INSTITUTIONS,https://fdc.myflorida.com/org/facilitydir.html,2024/02/14,IMAGERY/OTHER,2024/02/14,https://fdc.myflorida.com/ci/279.html,NOT AVAILABLE,"-999",0.000001692003480,0.005279214024216,"10000403",PFL009,"283","283","7.25"
"1816","10000382",MADISON WORK CAMP,382 SW MCI WAY,MADISON,FL,"32340","4430",(850) 973-5645,STATE,OPEN,"-999",MADISON,"12079",USA,"922140",CORRECTIONAL INSTITUTIONS,https://fdc.myflorida.com/org/facilitydir.html,2024/02/14,IMAGERY/OTHER,2024/02/14,https://fdc.myflorida.com/ci/216.html,NOT AVAILABLE,"-999",0.000001602953262,0.005073200724844,"10000382",PFL092,"246","246","6.59999990463257"
"1818","10000410",MAYO WORK CAMP,8784 US HWY 27 W,MAYO,FL,"32066","-999",(386) 294-4752,STATE,CLOSED,"0",LAFAYETTE,"12067",USA,"922140",CORRECTIONAL INSTITUTIONS,https://fdc.myflorida.com/org/facilitydir.html,2024/02/14,IMAGERY/OTHER,2024/02/14,https://fdc.myflorida.com/ci/223.html,NOT AVAILABLE,"-999",0.000002359239261,0.006152351817522,"10000410",,,"0","7.40000009536743"
"1842","10000457",SUMTER WORK CAMP,9858 COUNTY RD 476B,BUSHNELL,FL,"33513","0667",(352) 569-6114,STATE,OPEN,"-999",SUMTER,"12119",USA,"922140",CORRECTIONAL INSTITUTIONS,https://fdc.myflorida.com/org/facilitydir.html,2024/02/15,IMAGERY/OTHER,2024/02/15,https://fdc.myflorida.com/ci/307.html,NOT AVAILABLE,"-999",0.000001420482022,0.004703583996179,"10000457",PFL140,"288","288","6.59999990463257"
"1867","10000455",SUMTER CORRECTIONAL INSTITUTION AND BASIC TRAINING UNIT,9544 COUNTY RD 476B,BUSHNELL,FL,"33513","0667",(352) 569-6100,STATE,OPEN,"-999",SUMTER,"12119",USA,"922140",CORRECTIONAL INSTITUTIONS,https://fdc.myflorida.com/org/facilitydir.html,2024/02/15,IMAGERY/OTHER,2024/02/15,https://fdc.myflorida.com/ci/307.html,CLOSE,"1551",0.000028175230909,0.021173050163786,"10000455",PFL139,"1183","1183","6.59999990463257"
"1867","10000455",SUMTER CORRECTIONAL INSTITUTION AND BASIC TRAINING UNIT,9544 COUNTY RD 476B,BUSHNELL,FL,"33513","0667",(352) 569-6100,STATE,OPEN,"-999",SUMTER,"12119",USA,"922140",CORRECTIONAL INSTITUTIONS,https://fdc.myflorida.com/org/facilitydir.html,2024/02/15,IMAGERY/OTHER,2024/02/15,https://fdc.myflorida.com/ci/307.html,CLOSE,"1551",0.000028175230909,0.021173050163786,"10000455",PFL137,"35","35","6.59999990463257"
"2038","10006339",BAINBRIDGE SUBSTANCE ABUSE CENTER,235 STATE HOSPITAL ROAD,BAINBRIDGE,GA,"39817","-999",(229) 248-2463,STATE,OPEN,"-999",DECATUR,"13087",USA,"922140",CORRECTIONAL INSTITUTIONS,https://gdc.georgia.gov/locations,2024/02/21,IMAGERY/OTHER,2024/02/21,https://gdc.georgia.gov/locations/bainbridge-substance-abuse-center,NOT AVAILABLE,"316",0.000008811092584,0.013161051705148,"10006339",PGA017,"370","370","8.19999980926514"
"2071","10000328",VALDOSTA STATE PRISON,3259 VALTECH RD,VALDOSTA,GA,"31601","-999",(229) 333-7900,STATE,OPEN,"-999",LOWNDES,"13185",USA,"922140",CORRECTIONAL INSTITUTIONS,https://gdc.georgia.gov/locations,2024/02/01,IMAGERY/OTHER,2024/02/20,https://gdc.georgia.gov/locations/valdosta-state-prison,CLOSE,"801",0.000014546655621,0.014314781675057,"10000328",PGA108,"871","871","7.79999995231628"
"2347","10000508",MARTIN CORRECTIONAL INSTITUTION,1150 SW ALLAPATTAH ROAD,INDIANTOWN,FL,"34956","4397",(772) 597-3705,STATE,OPEN,"-999",MARTIN,"12085",USA,"922140",CORRECTIONAL INSTITUTIONS,https://fdc.myflorida.com/org/facilitydir.html,2024/02/15,IMAGERY/OTHER,2024/02/15,https://fdc.myflorida.com/ci/430.html,CLOSE,"1509",0.000011881312957,0.013186096066061,"10000508",PFL095,"1552","1552","5.59999990463257"
"2361","10000388",CALHOUN CORRECTIONAL INSTITUTION,19562 SE INSTITUTION DR,BLOUNTSTOWN,FL,"32424","5156",(850) 237-6500,STATE,OPEN,"-999",CALHOUN,"12013",USA,"922140",CORRECTIONAL INSTITUTIONS,https://fdc.myflorida.com/org/facilitydir.html,2024/02/14,IMAGERY/OTHER,2024/02/14,https://fdc.myflorida.com/ci/105.html,CLOSE,"1221",0.000012830286096,0.015199708462370,"10000388",PFL023,"1378","1378","7.35000014305115"
"2363","10002174","CENTRAL FLORIDA RECEPTION CENTER, EAST",7000 H C KELLEY RD,ORLANDO,FL,"32831","2518",(407) 207-7777,STATE,OPEN,"-999",ORANGE,"12095",USA,"922140",CORRECTIONAL INSTITUTIONS,https://fdc.myflorida.com/org/facilitydir.html,2024/02/15,IMAGERY/OTHER,2024/02/15,https://fdc.myflorida.com/ci/321.html,CLOSE,"1407",0.000011004653061,0.013372476677315,"10002174",PFL025,"993","993","6.64999985694885"
"2414","10006332",OKEECHOBEE WORK CAMP,4099 NE 168TH ST,OKEECHOBEE,FL,"34972","4824",(863) 824-1142,STATE,CLOSED,"0",OKEECHOBEE,"12093",USA,"922140",CORRECTIONAL INSTITUTIONS,https://fdc.myflorida.com/org/facilitydir.html,2024/02/15,IMAGERY/OTHER,2024/02/15,https://fdc.myflorida.com/ci/404.html,NOT AVAILABLE,"-999",0.000002947869916,0.007001644670491,"10006332",PFL108,"422","422","5.19999980926514"
"2439","10006536",SOUTH FLORIDA EVALUATION & TREATMENT CENTER,18680 SW 376TH ST,FLORIDA CITY,FL,"33034","-999",(786) 349-6000,STATE,OPEN,"-999",MIAMI-DADE,"12086",USA,"922140",CORRECTIONAL INSTITUTIONS,http://www.correctcarers.com/sfetc/,2017/11/10,IMAGERY/OTHER,2024/04/01,http://www.correctcarers.com/sfetc/,NOT AVAILABLE,"249",0.000003560444839,0.008770058063117,"10006536",,,,"6.25"
"2446","10006537",FLORIDA CIVIL COMMITMENT CENTER,13619 SE HIGHWAY 70,ARCADIA,FL,"34266","-999",(863) 491-4800,STATE,OPEN,"-999",DESOTO,"12027",USA,"922140",CORRECTIONAL INSTITUTIONS,https://wellpathcare.com/recovery-solutions/locations/,2024/04/01,IMAGERY/OTHER,2024/04/01,https://wellpathcare.com/florida-civil-commitment-center/,NOT AVAILABLE,"720",0.000005360428531,0.009126923867213,"10006537",,,,"6.40000009536743"
"2749","10006205",BLACKWATER RIVER CORRECTIONAL FACILITY,5914 JEFF ATES ROAD,MILTON,FL,"32583","0000",(850) 983-4100,STATE,OPEN,"-999",SANTA ROSA,"12113",USA,"922140",CORRECTIONAL INSTITUTIONS,https://fdc.myflorida.com/org/facilitydir.html,2024/02/14,IMAGERY/OTHER,2024/02/14,"https://fdc.myflorida.com/ci/185.html, https://www.geogroup.com/FacilityDetail/FacilityID/35",CLOSE,"2000",0.000010855859045,0.013073839104053,"10006205",PFL012,"1968","1968","7.95000004768372"
"3046","10000338",FCI MARIANNA CAMP,3625 FCI RD,MARIANNA,FL,"32446","-999",(850) 526-2313,FEDERAL,OPEN,"231",JACKSON,"12063",USA,"922140",CORRECTIONAL INSTITUTIONS,https://www.bop.gov/locations/institutions/mna/,2016/02/16,IMAGERY/OTHER,2024/01/12,https://www.bop.gov/locations/institutions/mna/,MINIMUM,"-999",0.000001467551783,0.004884331814782,"10000338",,,"231","7.29999995231628"
"3140","10004646",EVERGLADES CORRECTIONAL INSTITUTION,1599 SW 187TH AVE,MIAMI,FL,"33194","-999",(305) 228-2000,STATE,OPEN,"-999",MIAMI-DADE,"12086",USA,"922140",CORRECTIONAL INSTITUTIONS,https://fdc.myflorida.com/org/facilitydir.html,2024/02/15,IMAGERY/OTHER,2024/02/15,https://fdc.myflorida.com/ci/401.html,CLOSE,"1663",0.000012001700270,0.014438856744409,"10004646",PFL042,"1834","1834","7.56666660308838"
"3299","10004645",KROME NORTH SERVICE PROCESSING CENTER,18201 SOUTHWEST 12TH STREET,MIAMI,FL,"33194","-999",(305) 207-2001,FEDERAL,OPEN,"585",MIAMI-DADE,"12086",USA,"922140",CORRECTIONAL INSTITUTIONS,https://www.ice.gov/detain/detention-management,2024/01/12,IMAGERY/OTHER,2024/02/01,https://www.ice.gov/detain/detention-facilities/krome-north-service-processing-center,NOT AVAILABLE,"-999",0.000007132390010,0.012049957658283,"10004645",,,"585","7.54999995231628"
"3355","10000330",FCI MARIANNA,3625 FCI RD,MARIANNA,FL,"32446","-999",(850) 526-2313,FEDERAL,OPEN,"977",JACKSON,"12063",USA,"922140",CORRECTIONAL INSTITUTIONS,https://www.bop.gov/locations/institutions/mna/,2016/02/16,IMAGERY/OTHER,2024/01/12,https://www.bop.gov/locations/institutions/mna/,MEDIUM,"-999",0.000018921879246,0.017045260118109,"10000330",FFL085,"40","40","7.40000009536743"
"3361","10000510",MOORE HAVEN CORRECTIONAL FACILITY,1282 EAST STATE ROAD 78,MOORE HAVEN,FL,"33471","-999",(863) 946-2420,STATE,OPEN,"-999",GLADES,"12043",USA,"922140",CORRECTIONAL INSTITUTIONS,https://fdc.myflorida.com/org/facilitydir.html,2024/02/15,IMAGERY/OTHER,2024/02/15,"https://fdc.myflorida.com/ci/511.html, https://www.geogroup.com/FacilityDetail/FacilityID/66",MEDIUM,"985",0.000005192415983,0.008819712385335,"10000510",PFL100,"962","962","6"
"3375","10000370",QUINCY ANNEX,2225 PAT THOMAS PKWY,QUINCY,FL,"32351","8645",(850) 627-5400,STATE,OPEN,"-999",GADSDEN,"12039",USA,"922140",CORRECTIONAL INSTITUTIONS,https://fdc.myflorida.com/org/facilitydir.html,2024/02/14,IMAGERY/OTHER,2024/02/14,https://fdc.myflorida.com/ci/139.html,CLOSE,"408",0.000003044742471,0.007672052383153,"10000370",PFL118,"304","304","8.09999990463257"
"3378","10000365",NORTHWEST FLORIDA RECEPTION CENTER,4455 SAM MITCHELL DR,CHIPLEY,FL,"32428","3597",(850) 773-6100,STATE,OPEN,"-999",WASHINGTON,"12133",USA,"922140",CORRECTIONAL INSTITUTIONS,https://fdc.myflorida.com/org/facilitydir.html,2024/02/14,IMAGERY/OTHER,2024/02/14,https://fdc.myflorida.com/ci/110.html,CLOSE,"1303",0.000013493449160,0.015299765564150,"10000365",PFL103,"1180","1180","7.54999995231628"
"3380","10000327",FOLKSTON ICE PROCESSING CENTER ANNEX,3224 HIGHWAY 252,FOLKSTON,GA,"31537","-999",(912) 496-6905,FEDERAL,OPEN,"229",CHARLTON,"13049",USA,"922140",CORRECTIONAL INSTITUTIONS,https://www.ice.gov/detain/detention-management,2024/01/12,IMAGERY/OTHER,2024/02/01,https://www.ice.gov/detain/detention-facilities/folkston-ice-processing-center-annex,NOT AVAILABLE,"-999",0.000001419841965,0.004969445610820,"10000327",FGA097,"1859","1859","6.70000004768372"
"3431","10004589",CITRUS COUNTY DETENTION FACILITY,2604 WEST WOODLAND RIDGE DRIVE,LECANTO,FL,"34461","-999",(352) 527-3332,MULTI,OPEN,"656",CITRUS,"12017",USA,"922140",CORRECTIONAL INSTITUTIONS,https://fdc.myflorida.com/pub/jails/2023/jails-2023-12.pdf,2023/12/31,IMAGERY/OTHER,2024/02/06,https://www.corecivic.com/facilities/citrus-county-detention-facility,MAXIMUM,"-999",0.000003199387493,0.009265032618727,"10004589",,,"656","6.5"
"3529","10000357",HOLMES WORK CAMP,3182 THOMAS DR,BONIFAY,FL,"32425","4238",(850) 547-8911,STATE,OPEN,"-999",HOLMES,"12059",USA,"922140",CORRECTIONAL INSTITUTIONS,https://fdc.myflorida.com/org/facilitydir.html,2024/02/14,IMAGERY/OTHER,2024/02/14,https://fdc.myflorida.com/ci/107.html,NOT AVAILABLE,"-999",0.000002262681392,0.006018883610477,"10000357",PFL069,"316","316","7.85000014305115"
"3565","10000429",LANCASTER WORK CAMP,3449 SW STATE RD 26,TRENTON,FL,"32693","5641",(352) 463-4100,STATE,OPEN,"-999",GILCHRIST,"12041",USA,"922140",CORRECTIONAL INSTITUTIONS,https://fdc.myflorida.com/org/facilitydir.html,2024/02/14,IMAGERY/OTHER,2024/02/14,https://fdc.myflorida.com/ci/281.html,NOT AVAILABLE,"-999",0.000001591439741,0.005059418561928,"10000429",PFL082,"274","274","7.19999980926514"
"3566","10004579",FLORIDA STATE PRISON - WEST UNIT,23916 NW 83RD AVE,RAIFORD,FL,"32026","-999",(904) 368-3000,STATE,CLOSED,"0",BRADFORD,"12007",USA,"922140",CORRECTIONAL INSTITUTIONS,https://fdc.myflorida.com/org/facilitydir.html,2024/02/14,IMAGERY/OTHER,2024/02/14,https://fdc.myflorida.com/ci/206.html,CLOSE,"802",0.000006500797781,0.010165035551340,"10004579",PFL045,"821","821","7.19999980926514"
"3568","10000381",MADISON CORRECTIONAL INSTITUTION,382 SW MCI WAY,MADISON,FL,"32340","4430",(850) 973-5300,STATE,OPEN,"-999",MADISON,"12079",USA,"922140",CORRECTIONAL INSTITUTIONS,https://fdc.myflorida.com/org/facilitydir.html,2024/02/14,IMAGERY/OTHER,2024/02/14,https://fdc.myflorida.com/ci/216.html,CLOSE,"1054",0.000013394129837,0.014966895800852,"10000381",PFL091,"1319","1319","6.5"
"3569","10006206",SUWANNEE CORRECTIONAL INSTITUTION,5964 US HWY 90,LIVE OAK,FL,"32060","-999",(386) 963-6530,STATE,OPEN,"-999",SUWANNEE,"12121",USA,"922140",CORRECTIONAL INSTITUTIONS,https://fdc.myflorida.com/org/facilitydir.html,2024/02/14,IMAGERY/OTHER,2024/02/14,https://fdc.myflorida.com/ci/230.html,CLOSE,"1418",0.000014969681615,0.017283355406473,"10006206",PFL143,"978","978","6.90000009536743"
"3574","10000418",RECEPTION AND MEDICAL CENTER (RMC),7765 S COUNTY RD 231,LAKE BUTLER,FL,"32054","0628",(386) 496-6000,STATE,OPEN,"-999",UNION,"12125",USA,"922140",CORRECTIONAL INSTITUTIONS,https://fdc.myflorida.com/org/facilitydir.html,2024/02/14,IMAGERY/OTHER,2024/02/14,https://fdc.myflorida.com/ci/209.html,CLOSE,"1503",0.000017797567352,0.017713758282576,"10000418",PFL123,"431","431","6.77499997615814"
"3577","10000444",TOMOKA CORRECTIONAL INSTITUTION,3950 TIGER BAY RD,DAYTONA BEACH,FL,"32124","1098",(386) 323-1070,STATE,OPEN,"-999",VOLUSIA,"12127",USA,"922140",CORRECTIONAL INSTITUTIONS,https://fdc.myflorida.com/org/facilitydir.html,2024/02/14,IMAGERY/OTHER,2024/02/14,https://fdc.myflorida.com/ci/282.html,CLOSE,"1192",0.000015887214659,0.016530420996698,"10000444",PFL151,"1288","1288","6.5"
"3578","10000419","RECEPTION AND MEDICAL CENTER, WEST UNIT",8183 SW 152ND LOOP,LAKE BUTLER,FL,"32054","0628",(386) 496-6002,STATE,OPEN,"-999",UNION,"12125",USA,"922140",CORRECTIONAL INSTITUTIONS,https://fdc.myflorida.com/org/facilitydir.html,2024/02/14,IMAGERY/OTHER,2024/02/14,https://fdc.myflorida.com/ci/208.html,CLOSE,"891",0.000011574717064,0.013488125189812,"10000419",PFL122,"981","981","6.75"
"3579","10006207",SUWANNEE CORRECTIONAL INSTITUTION ANNEX,5964 US HWY 90,LIVE OAK,FL,"32060","-999",(386) 963-6201,STATE,OPEN,"-999",SUWANNEE,"12121",USA,"922140",CORRECTIONAL INSTITUTIONS,https://fdc.myflorida.com/org/facilitydir.html,2024/02/14,IMAGERY/OTHER,2024/02/14,https://fdc.myflorida.com/ci/231.html,CLOSE,"1346",0.000015302852489,0.017374877457942,"10006207",PFL142,"778","778","6.90000009536743"
"3583","10000394",LAKE CITY CORRECTIONAL FACILITY,7906 EAST HIGHWAY 90,LAKE CITY,FL,"32055","6290",(386) 755-3379,STATE,OPEN,"-999",COLUMBIA,"12023",USA,"922140",CORRECTIONAL INSTITUTIONS,https://fdc.myflorida.com/org/facilitydir.html,2024/02/14,IMAGERY/OTHER,2024/02/14,"https://fdc.myflorida.com/ci/219.html, https://www.corecivic.com/facilities/lake-city-correctional-facility",CLOSE,"894",0.000004283630687,0.007974980432362,"10000394",,,,"7.40000009536743"
"3588","10004574",TAYLOR CORRECTIONAL INSTITUTION,8501 HAMPTON SPRINGS ROAD,PERRY,FL,"32348","8747",(850) 838-4000,STATE,OPEN,"-999",TAYLOR,"12123",USA,"922140",CORRECTIONAL INSTITUTIONS,https://fdc.myflorida.com/org/facilitydir.html,2024/02/14,IMAGERY/OTHER,2024/02/14,https://fdc.myflorida.com/ci/218.html,CLOSE,"1301",0.000013145459434,0.015265441402860,"10004574",PFL147,"1064","1064","7.45000004768372"
"3591","10000494",HARDEE CORRECTIONAL INSTITUTION,6901 STATE ROAD 62,BOWLING GREEN,FL,"33834","9505",(863) 767-3100,STATE,OPEN,"-999",HARDEE,"12049",USA,"922140",CORRECTIONAL INSTITUTIONS,https://fdc.myflorida.com/org/facilitydir.html,2024/02/15,IMAGERY/OTHER,2024/02/15,https://fdc.myflorida.com/ci/501.html,CLOSE,"1541",0.000011560959138,0.013107805433046,"10000494",PFL063,"1191","1191","7.25"
"3595","10000402",BAKER CORRECTIONAL INSTITUTION,20706 US HIGHWAY 90 W,SANDERSON,FL,"32087","2359",NOT AVAILABLE,STATE,CLOSED,"0",BAKER,"12003",USA,"922140",CORRECTIONAL INSTITUTIONS,https://fdc.myflorida.com/org/facilitydir.html,2024/02/14,IMAGERY/OTHER,2024/02/14,https://fdc.myflorida.com/ci/279.html,CLOSE,"1165",0.000014535454966,0.016517526152810,"10000402",PFL007,"1186","1186","7.30000019073486"
"3596","10000453",LAKE CORRECTIONAL INSTITUTION,19225 US HWY 27,CLERMONT,FL,"34715","9025",(352) 394-6146,STATE,OPEN,"-999",LAKE,"12069",USA,"922140",CORRECTIONAL INSTITUTIONS,https://fdc.myflorida.com/org/facilitydir.html,2024/02/15,IMAGERY/OTHER,2024/02/15,https://fdc.myflorida.com/ci/312.html,CLOSE,"570",0.000013787220723,0.014125161230679,"10000453",PFL080,"1096","1096","6.75"
"3598","10000437",LOWELL CORRECTIONAL INSTITUTION,11120 NW GAINESVILLE RD,OCALA,FL,"34482","1479",(352) 690-8900,STATE,OPEN,"-999",MARION,"12083",USA,"922140",CORRECTIONAL INSTITUTIONS,https://fdc.myflorida.com/org/facilitydir.html,2024/02/15,IMAGERY/OTHER,2024/02/15,https://fdc.myflorida.com/ci/314.html,CLOSE,"984",0.000012980009842,0.014079457947657,"10000437",PFL088,"988","988","6.43333339691162"
"3601","10000420",RMC WORK CAMP,7765 S COUNTY RD 231,LAKE BUTLER,FL,"32054","-999",(386) 496-4050,STATE,OPEN,"-999",UNION,"12125",USA,"922140",CORRECTIONAL INSTITUTIONS,https://fdc.myflorida.com/org/facilitydir.html,2024/02/14,IMAGERY/OTHER,2024/02/14,https://fdc.myflorida.com/ci/209.html,NOT AVAILABLE,"-999",0.000002741441676,0.006771158429271,"10000420",PFL121,"1525","1525","7.09999990463257"
"3602","10000440",MARION CORRECTIONAL INSTITUTION,3269 NW 105TH ST,OCALA,FL,"34475","-999",(352) 401-6400,STATE,OPEN,"-999",MARION,"12083",USA,"922140",CORRECTIONAL INSTITUTIONS,https://fdc.myflorida.com/org/facilitydir.html,2024/02/15,IMAGERY/OTHER,2024/02/15,https://fdc.myflorida.com/ci/304.html,CLOSE,"1324",0.000017443929664,0.015990378665446,"10000440",PFL093,"1387","1387","6.70000004768372"
"3603","10000416",NEW RIVER CORRECTIONAL INSTITUTION,8000 NW 80TH PLACE,RAIFORD,FL,"32083","-999",(904) 368-1400,STATE,CLOSED,"0",BRADFORD,"12007",USA,"922140",CORRECTIONAL INSTITUTIONS,https://fdc.myflorida.com/org/facilitydir.html,2024/02/14,IMAGERY/OTHER,2024/02/14,https://fdc.myflorida.com/ci/210.html,CLOSE,"1050",0.000008916390698,0.011671960134450,"10000416",PFL101,"866","866","7.14999985694885"
"3606","10000473",POLK CORRECTIONAL INSTITUTION,10800 EVANS RD,POLK CITY,FL,"33868","6925",(863) 984-2273,STATE,OPEN,"-999",POLK,"12105",USA,"922140",CORRECTIONAL INSTITUTIONS,https://fdc.myflorida.com/org/facilitydir.html,2024/02/15,IMAGERY/OTHER,2024/02/15,https://fdc.myflorida.com/ci/580.html,CLOSE,"1208",0.000015207560409,0.016663897247741,"10000473",PFL115,"1249","1249","7.45000004768372"
"3611","10002177",AVON PARK CORRECTIONAL INSTITUTION,8100 HIGHWAY 64 EAST,AVON PARK,FL,"33825","-999",(863) 452-8801,STATE,OPEN,"-999",POLK,"12105",USA,"922140",CORRECTIONAL INSTITUTIONS,https://fdc.myflorida.com/org/facilitydir.html,2024/02/15,IMAGERY/OTHER,2024/02/15,https://fdc.myflorida.com/ci/503.html,CLOSE,"956",0.000013095537270,0.019512423930839,"10002177",PFL005,"1053","1053","6.26666673024495"
"3614","10004576",WAKULLA CORRECTIONAL INSTITUTION ANNEX,110 MELALEUCA DRIVE,CRAWFORDVILLE,FL,"32327","4963",(850) 410-1895,STATE,OPEN,"-999",WAKULLA,"12129",USA,"922140",CORRECTIONAL INSTITUTIONS,https://fdc.myflorida.com/org/facilitydir.html,2024/02/14,IMAGERY/OTHER,2024/02/14,https://fdc.myflorida.com/ci/122.html,CLOSE,"1165",0.000011158574580,0.013990779233014,"10004576",PFL159,"1119","1119","7.30000019073486"
"3616","10000441",MARION WORK CAMP,3269 NW 105TH ST,OCALA,FL,"34475","-999",(352) 401-6400,STATE,OPEN,"-999",MARION,"12083",USA,"922140",CORRECTIONAL INSTITUTIONS,https://fdc.myflorida.com/org/facilitydir.html,2024/02/15,IMAGERY/OTHER,2024/02/15,https://fdc.myflorida.com/ci/304.html,NOT AVAILABLE,"-999",0.000001537816388,0.004966423088811,"10000441",PFL094,"277","277","6.80000019073486"
"3623","10004557",OKALOOSA CORRECTIONAL INSTITUTION,3189 COLONEL GREG MALLOY RD,CRESTVIEW,FL,"32539","6708",(850) 682-0931,STATE,OPEN,"-999",OKALOOSA,"12091",USA,"922140",CORRECTIONAL INSTITUTIONS,https://fdc.myflorida.com/org/facilitydir.html,2024/02/14,IMAGERY/OTHER,2024/02/14,https://fdc.myflorida.com/ci/115.html,CLOSE,"894",0.000009848456557,0.012735124974969,"10004557",PFL105,"921","921","7.59999990463257"
"3628","10000391","LIBERTY WORK CAMP, SOUTH UNIT",11064 NW DEMPSEY BARRON RD,BRISTOL,FL,"32321","0711",(850) 643-9542,STATE,CLOSED,"-999",LIBERTY,"12077",USA,"922140",CORRECTIONAL INSTITUTIONS,https://fdc.myflorida.com/org/facilitydir.html,2024/02/14,IMAGERY/OTHER,2024/02/14,https://fdc.myflorida.com/ci/120.html,NOT AVAILABLE,"-999",0.000002783313448,0.006691479519968,"10000391",PFL086,"417","417","7.59999990463257"
"3629","10002175","CENTRAL FLORIDA RECEPTION CENTER, MAIN",7000 H C KELLEY RD,ORLANDO,FL,"32831","2518",(407) 207-7777,STATE,OPEN,"-999",ORANGE,"12095",USA,"922140",CORRECTIONAL INSTITUTIONS,https://fdc.myflorida.com/org/facilitydir.html,2024/02/15,IMAGERY/OTHER,2024/02/15,https://fdc.myflorida.com/ci/320.html,CLOSE,"1659",0.000011431939811,0.012852606692520,"10002175",PFL026,"1661","1661","6.69999980926514"
"3632","10004558",OKALOOSA WORK CAMP,3189 COLONEL GREG MALLOY RD,CRESTVIEW,FL,"32539","6708",(850) 682-0931,STATE,OPEN,"-999",OKALOOSA,"12091",USA,"922140",CORRECTIONAL INSTITUTIONS,https://fdc.myflorida.com/org/facilitydir.html,2024/02/14,IMAGERY/OTHER,2024/02/14,https://fdc.myflorida.com/ci/115.html,NOT AVAILABLE,"-999",0.000001629378403,0.005058026852014,"10004558",PFL106,"269","269","7.59999990463257"
"3634","10000337","APALACHEE CORRECTIONAL INSTITUTION, EAST UNIT",35 APALACHEE DR,SNEADS,FL,"32460","4166",(850) 718-0688,STATE,OPEN,"-999",JACKSON,"12063",USA,"922140",CORRECTIONAL INSTITUTIONS,https://fdc.myflorida.com/org/facilitydir.html,2024/02/14,IMAGERY/OTHER,2024/02/14,https://fdc.myflorida.com/ci/102.html,CLOSE,"1169",0.000021612094542,0.018796667163681,"10000337",PFL001,"1156","1156","7.40000009536743"
"3644","10000412",GULF CORRECTIONAL INSTITUTION,500 IKE STEELE ROAD,WEWAHITCHKA,FL,"32465","0010",(850) 639-1000,STATE,OPEN,"-999",GULF,"12045",USA,"922140",CORRECTIONAL INSTITUTIONS,https://fdc.myflorida.com/org/facilitydir.html,2024/02/14,IMAGERY/OTHER,2024/02/14,https://fdc.myflorida.com/ci/109.html,CLOSE,"1572",0.000013839834992,0.015243529268995,"10000412",PFL057,"5","5","6.75"
"3646","10000387",CALHOUN WORK CAMP,19564 SE INSTITUTION DR,BLOUNTSTOWN,FL,"32424","5156",(850) 237-6632,STATE,CLOSED,"-999",CALHOUN,"12013",USA,"922140",CORRECTIONAL INSTITUTIONS,https://fdc.myflorida.com/org/facilitydir.html,2024/02/14,IMAGERY/OTHER,2024/02/14,https://fdc.myflorida.com/ci/105.html,NOT AVAILABLE,"-999",0.000002335471208,0.006121144162809,"10000387",PFL024,"282","282","7.30000019073486"
"3650","10000334",JACKSON CORRECTIONAL INSTITUTION,5563 10TH ST,MALONE,FL,"32445","3144",(850) 569-5260,STATE,OPEN,"-999",JACKSON,"12063",USA,"922140",CORRECTIONAL INSTITUTIONS,https://fdc.myflorida.com/org/facilitydir.html,2024/02/14,IMAGERY/OTHER,2024/02/14,https://fdc.myflorida.com/ci/104.html,CLOSE,"1346",0.000013689609432,0.015938597603344,"10000334",PFL071,"1312","1312","7.5"
"3654","10000392",LIBERTY CORRECTIONAL INSTITUTION,11064 NW DEMPSEY BARRON RD,BRISTOL,FL,"32321","9711",(850) 643-9400,STATE,OPEN,"-999",LIBERTY,"12077",USA,"922140",CORRECTIONAL INSTITUTIONS,https://fdc.myflorida.com/org/facilitydir.html,2024/02/14,IMAGERY/OTHER,2024/02/14,https://fdc.myflorida.com/ci/120.html,CLOSE,"1330",0.000013575423736,0.015784011778931,"10000392",PFL085,"1414","1414","7.54999995231628"
"3663","10000495",OKEECHOBEE CORRECTIONAL INSTITUTION,3420 NE 168TH ST,OKEECHOBEE,FL,"34972","4824",(863) 462-5400,STATE,OPEN,"-999",OKEECHOBEE,"12093",USA,"922140",CORRECTIONAL INSTITUTIONS,https://fdc.myflorida.com/org/facilitydir.html,2024/02/15,IMAGERY/OTHER,2024/02/15,https://fdc.myflorida.com/ci/404.html,CLOSE,"1632",0.000019372325823,0.017917846970442,"10000495",PFL107,"1746","1746","5.09999990463257"
"3666","10000547",SOUTH FLORIDA RECEPTION CENTER,14000 NW 41ST ST,DORAL,FL,"33178","3003",(305) 592-9567,STATE,OPEN,"-999",MIAMI-DADE,"12086",USA,"922140",CORRECTIONAL INSTITUTIONS,https://fdc.myflorida.com/org/facilitydir.html,2024/02/15,IMAGERY/OTHER,2024/02/15,https://fdc.myflorida.com/ci/402.html,CLOSE,"1315",0.000015586604832,0.016055097054445,"10000547",PFL134,"969","969","8"
"3673","10000333",GRACEVILLE CORRECTIONAL FACILITY,5168 EZELL RD,GRACEVILLE,FL,"32440","-999",(850) 263-5500,STATE,OPEN,"-999",JACKSON,"12063",USA,"922140",CORRECTIONAL INSTITUTIONS,https://fdc.myflorida.com/org/facilitydir.html,2024/02/14,IMAGERY/OTHER,2024/02/14,"https://fdc.myflorida.com/ci/159.html, https://www.mtctrains.com/facility/graceville-correctional-facility/",CLOSE,"1884",0.000009371387932,0.012834743698383,"10000333",PFL055,"1860","1860","6.95000004768372"
"3706","10000400",TTH OF DINSMORE,13200 OLD KINGS RD,JACKSONVILLE,FL,"32219","-999",(904) 999-4220,STATE,OPEN,"-999",DUVAL,"12031",USA,"922140",CORRECTIONAL INSTITUTIONS,https://fdc.myflorida.com/org/facilitydir.html,2024/02/15,IMAGERY/OTHER,2024/04/01,https://www.thetransitionhouse.org/,MINIMUM,"-999",0.000003091365670,0.008666812440374,"10000400",PFL155,"100","100","6.5"
"3829","10000369",GADSDEN CORRECTIONAL FACILITY,6044 GREENSBORO HWY,QUINCY,FL,"32351","9100",(850) 875-9701,STATE,OPEN,"-999",GADSDEN,"12039",USA,"922140",CORRECTIONAL INSTITUTIONS,https://fdc.myflorida.com/org/facilitydir.html,2024/02/14,IMAGERY/OTHER,2024/02/14,"https://fdc.myflorida.com/ci/111.html, https://www.mtctrains.com/facility/gadsden-correctional-facility/",MEDIUM,"1250",0.000010036687854,0.015176926285907,"10000369",PFL051,"1228","1228","7.5"
"3836","10001445",BAY CORRECTIONAL FACILITY,5400 BAYLINE DR,PANAMA CITY,FL,"32404","5492",(850) 769-1455,STATE,OPEN,"-999",BAY,"12005",USA,"922140",CORRECTIONAL INSTITUTIONS,https://fdc.myflorida.com/org/facilitydir.html,2024/02/14,IMAGERY/OTHER,2024/02/14,"https://fdc.myflorida.com/ci/112.html, https://www.mtctrains.com/facility/bay-correctional-facility/",MEDIUM,"985",0.000004095847316,0.007785647516765,"10001445",PFL011,"954","954","6.80000019073486"
"3839","10000332",GRACEVILLE WORK CAMP,5230 EZELL RD,GRACEVILLE,FL,"32440","4289",(850) 263-9230,STATE,OPEN,"-999",JACKSON,"12063",USA,"922140",CORRECTIONAL INSTITUTIONS,https://fdc.myflorida.com/org/facilitydir.html,2024/02/14,IMAGERY/OTHER,2024/02/14,"https://fdc.myflorida.com/ci/159.html, https://www.mtctrains.com/facility/graceville-correctional-facility/",NOT AVAILABLE,"-999",0.000002438829370,0.006276225462650,"10000332",PFL056,"259","259","7"
"4019","10000424",NORTH FLORIDA EVALUATION & TREATMENT CENTER,1200 NE 55TH BLVD,GAINESVILLE,FL,"32641","2759",(352) 375-8484,STATE,OPEN,"-999",ALACHUA,"12001",USA,"922140",CORRECTIONAL INSTITUTIONS,https://www.myflfamilies.com/service-programs/mental-health/state-mental-health-treatment-facilities.shtml,2017/11/09,IMAGERY/OTHER,2024/04/01,https://www.myflfamilies.com/service-programs/mental-health/state-mental-health-treatment-facilities.shtml,MAXIMUM,"193",0.000006490057331,0.009889222178464,"10000424",,,,"7.45000004768372"
"4025","10006170",TREASURE COAST FORENSIC TREATMENT CENTER,96 SW ALLAPATTAH ROAD,INDIANTOWN,FL,"34956","-999",(772) 597-9400,STATE,OPEN,"-999",MARTIN,"12085",USA,"922140",CORRECTIONAL INSTITUTIONS,http://www.correctcarers.com/tcftc/,2017/11/09,IMAGERY/OTHER,2024/04/01,https://wellpathcare.com/treasure-coast-forensic-treatment-center/,CLOSE,"224",0.000002047411726,0.006498561777435,"10006170",,,,"5.69999980926514"
"4067","10006538",FLORIDA STATE HOSPITAL-FORENSIC SERVICE,HIGHWAY 90,CHATTAHOOCHEE,FL,"32324","-999",(850) 663-7536,STATE,OPEN,"-999",GADSDEN,"12039",USA,"922140",CORRECTIONAL INSTITUTIONS,http://www.myflfamilies.com/service-programs/mental-health/forensic-facilities,2017/11/10,IMAGERY/OTHER,2024/04/01,http://www.myflfamilies.com/service-programs/mental-health/forensic-facilities,NOT AVAILABLE,"469",0.000007419931080,0.010554986461110,"10006538",,,,"7.65000009536743"
"102","10001100",IOWA STATE PENITENTIARY,2111 330TH AVENUE,FORT MADISON,IA,"52627","-999",(319) 372-5432,STATE,OPEN,"732",LEE,"19111",USA,"922140",CORRECTIONAL INSTITUTIONS,https://doc-search.iowa.gov/dailystatistics,2024/02/23,IMAGERY/OTHER,2024/02/23,https://doc.iowa.gov/find-facility/iowa-doc-districts-and-facilities/isp,MAXIMUM,"612",0.000020484445486,0.018403012647453,"10001100",PIA024,"727","727","7.30000019073486"
"308","10001614",NORTHEAST CORRECTIONAL CENTER,13698 AIRPORT RD,BOWLING GREEN,MO,"63334","-999",(573) 324-9975,STATE,OPEN,"-999",PIKE,"29163",USA,"922140",CORRECTIONAL INSTITUTIONS,https://doc.mo.gov/facilities/all,2024/03/01,IMAGERY/OTHER,2024/03/01,https://doc.mo.gov/facilities/all,MEDIUM,"-999",0.000021326341994,0.017321205125773,"10001614",PMO022,"1480","1480","7.25"
"451","10004694",IDHS TREATMENT / DETENTION FACILITY,17019 COUNTY FARM RD,RUSHVILLE,IL,"62681","-999",(217) 322-5115,STATE,NOT AVAILABLE,"250",SCHUYLER,"17169",USA,"922140",CORRECTIONAL INSTITUTIONS,https://www.dhs.state.il.us/page.aspx?module=12,2019/11/18,UNVERIFIED,2024/08/19,NOT AVAILABLE,MAXIMUM,"-999",0.000008924057283,0.011588832442606,"10004694",,,"250","7.59999990463257"
"693","10001072",WABASH VALLEY CORRECTIONAL FACILITY,6908 S OLD US HWY 41,CARLISLE,IN,"47838","-999",(812) 398-5050,STATE,OPEN,"1272",SULLIVAN,"18153",USA,"922140",CORRECTIONAL INSTITUTIONS,https://www.in.gov/idoc/policies-and-statistics/data/statistical-data/total-population-summary-reports/,2023/11/30,IMAGERY/OTHER,2024/02/26,https://www.in.gov/idoc/find-a-facility/adult/wabash-valley-correctional-facility/,MAXIMUM,"2075",0.000028293049581,0.021507446096265,"10001072",PIN037,"2108","2108","8.06666692097982"
"1054","10000694",USP MARION,4500 PRISON ROAD,MARION,IL,"62959","-999",(618) 964-1441,FEDERAL,OPEN,"1124",WILLIAMSON,"17199",USA,"922140",CORRECTIONAL INSTITUTIONS,https://www.bop.gov/locations/institutions/mar/,2016/02/16,IMAGERY/OTHER,2024/01/19,https://www.bop.gov/locations/institutions/mar/,MEDIUM,"-999",0.000011537918226,0.013657509349850,"10000694",FIL115,"1373","1373","6.5"
"1410","10000683",CENTRALIA CORRECTIONAL CENTER,9330 SHATTUC ROAD,CENTRALIA,IL,"62801","-999",(618) 533-4111,STATE,OPEN,"1281",CLINTON,"17027",USA,"922140",CORRECTIONAL INSTITUTIONS,https://idoc.illinois.gov/facilities/allfacilities.html,2023/06/30,IMAGERY/OTHER,2024/02/26,https://idoc.illinois.gov/facilities/allfacilities/facility.centralia-correctional-center.html,MEDIUM,"1520",0.000022349484425,0.018751808904940,"10000683",PIL002,"1285","1285","8.25"
"1433","10000682",LAWRENCE CORRECTIONAL CENTER,10940 LAWRENCE ROAD,SUMNER,IL,"62466","-999",(618) 936-2064,STATE,OPEN,"677",LAWRENCE,"17101",USA,"922140",CORRECTIONAL INSTITUTIONS,https://idoc.illinois.gov/facilities/allfacilities.html,2023/06/30,IMAGERY/OTHER,2024/02/26,https://idoc.illinois.gov/facilities/correctionalfacilities/facility.lawrence-correctional-center.html,MEDIUM,"1241",0.000013876831645,0.014065781876162,"10000682",PIL026,"2179","2179","8.09999990463257"
"1436","10000676",GREENE COUNTY WORK CAMP,US HIGHWAY 67 SOUTH,ROODHOUSE,IL,"62082","-999",(217) 374-2177,STATE,OPEN,"0",GREENE,"17061",USA,"922140",CORRECTIONAL INSTITUTIONS,https://idoc.illinois.gov/facilities/allfacilities.html,2023/06/30,IMAGERY/OTHER,2024/02/26,https://idoc.illinois.gov/facilities/workcamps/facility.greene-county-work-camp.html,MINIMUM,"200",0.000001877143404,0.005452000331939,"10000676",,,"0","7.80000019073486"
"1472","10000652",SHERIDAN CORRECTIONAL CENTER,4017 EAST 2603 ROAD,SHERIDAN,IL,"60551","-999",(815) 496-2181,STATE,OPEN,"1036",LASALLE,"17099",USA,"922140",CORRECTIONAL INSTITUTIONS,https://idoc.illinois.gov/facilities/allfacilities.html,2023/06/30,IMAGERY/OTHER,2024/02/26,https://idoc.illinois.gov/facilities/correctionalfacilities/facility.sheridan-correctional-center.html,MEDIUM,"2107",0.000035339199940,0.023431244166016,"10000652",PIL046,"1563","1563","7.40000009536743"
"1474","10000678",ROBINSON CORRECTIONAL CENTER,13423 EAST 1150TH AVENUE,ROBINSON,IL,"62454","-999",(618) 546-5659,STATE,OPEN,"933",CRAWFORD,"17033",USA,"922140",CORRECTIONAL INSTITUTIONS,https://idoc.illinois.gov/facilities/allfacilities.html,2023/06/30,IMAGERY/OTHER,2024/02/26,https://idoc.illinois.gov/facilities/correctionalfacilities/facility.robinson-correctional-center.html,MINIMUM,"1202",0.000012809502323,0.014973296187238,"10000678",PIL043,"1192","1192","8.34999990463257"
"1479","10000695",SHAWNEE CORRECTIONAL CENTER,6665 STATE ROUTE 146 EAST,VIENNA,IL,"62995","-999",(618) 658-8331,STATE,OPEN,"1508",JOHNSON,"17087",USA,"922140",CORRECTIONAL INSTITUTIONS,https://idoc.illinois.gov/facilities/allfacilities.html,2023/06/30,IMAGERY/OTHER,2024/02/26,https://idoc.illinois.gov/facilities/correctionalfacilities/facility.shawnee-correctional-center.html,MEDIUM,"1848",0.000013984604266,0.014217794679391,"10000695",PIL045,"1725","1725","6.75"
"1482","10004734",VIENNA CORRECTIONAL CENTER,6695 STATE ROUTE 146 EAST,VIENNA,IL,"62995","-999",(618) 658-8371,STATE,OPEN,"698",JOHNSON,"17087",USA,"922140",CORRECTIONAL INSTITUTIONS,https://idoc.illinois.gov/facilities/allfacilities.html,2023/06/30,IMAGERY/OTHER,2024/02/26,https://idoc.illinois.gov/facilities/correctionalfacilities/facility.vienna-correctional-center.html,MINIMUM,"1072",0.000019877585828,0.018222574963033,"10004734",,,"698","6.75"
"1483","10000665",LOGAN CORRECTIONAL CENTER,1096 1350TH STREET,LINCOLN,IL,"62656","-999",(217) 735-5581,STATE,OPEN,"1070",LOGAN,"17107",USA,"922140",CORRECTIONAL INSTITUTIONS,https://idoc.illinois.gov/facilities/allfacilities.html,2023/06/30,IMAGERY/OTHER,2024/02/26,https://idoc.illinois.gov/facilities/correctionalfacilities/facility.logan-correctional-center.html,MEDIUM,"1397",0.000024252860158,0.020987355639505,"10000665",PIL028,"1665","1665","7.53333330154419"
"1488","10002258",CLAYTON WORK CAMP,306 CORRECTIONAL DRIVE,CLAYTON,IL,"62324","-999",(217) 894-6577,STATE,OPEN,"39",ADAMS,"17001",USA,"922140",CORRECTIONAL INSTITUTIONS,https://idoc.illinois.gov/facilities/allfacilities.html,2023/06/30,IMAGERY/OTHER,2024/02/26,https://idoc.illinois.gov/facilities/workcamps/facility.clayton-work-camp.html,MINIMUM,"150",0.000001564455260,0.005208270101986,"10002258",,,"39","7.59999990463257"
"1497","10000688",PINCKNEYVILLE CORRECTIONAL CENTER,5835 STATE ROUTE 154,PINCKNEYVILLE,IL,"62274","-999",(618) 357-9722,STATE,OPEN,"1858",PERRY,"17145",USA,"922140",CORRECTIONAL INSTITUTIONS,https://idoc.illinois.gov/facilities/allfacilities.html,2023/06/30,IMAGERY/OTHER,2024/02/26,https://idoc.illinois.gov/facilities/correctionalfacilities/facility.pinckneyville-correctional-center.html,MEDIUM,"2827",0.000018510740802,0.017350710342577,"10000688",PIL038,"2285","2285","7.90000009536743"
"1499","10002259",BIG MUDDY RIVER CORRECTIONAL CENTER,251 NORTH ILLINOIS HIGHWAY 37,INA,IL,"62846","-999",(618) 437-5300,STATE,OPEN,"1148",JEFFERSON,"17081",USA,"922140",CORRECTIONAL INSTITUTIONS,https://idoc.illinois.gov/facilities/allfacilities.html,2023/06/30,IMAGERY/OTHER,2024/02/26,https://idoc.illinois.gov/facilities/allfacilities/facility.big-muddy-river-correctional-center.html,MEDIUM,"1961",0.000016266924604,0.016702324484474,"10002259",PIL001,"1195","1195","8.05000007152557"
"1502","10000672",PITTSFIELD WORK CAMP,23540 365TH STREET,PITTSFIELD,IL,"62363","-999",(217) 285-2280,STATE,OPEN,"168",PIKE,"17149",USA,"922140",CORRECTIONAL INSTITUTIONS,https://idoc.illinois.gov/facilities/allfacilities.html,2023/06/30,IMAGERY/OTHER,2024/02/26,https://idoc.illinois.gov/facilities/workcamps/facility.pittsfield-work-camp.html,MINIMUM,"408",0.000003851390147,0.008497686223019,"10000672",,,"168","7.95000028610229"
"1514","10000664",LINCOLN CORRECTIONAL CENTER,1098 1350TH STREET,LINCOLN,IL,"62656","-999",(217) 735-5411,STATE,OPEN,"654",LOGAN,"17107",USA,"922140",CORRECTIONAL INSTITUTIONS,https://idoc.illinois.gov/facilities/allfacilities.html,2023/06/30,IMAGERY/OTHER,2024/02/26,https://idoc.illinois.gov/facilities/correctionalfacilities/facility.lincoln-correctional-center.html,MINIMUM,"919",0.000009155429780,0.011996939797912,"10000664",PIL027,"1003","1003","7.42500007152557"
"1517","10000673",TAYLORVILLE CORRECTIONAL CENTER,1144 ILLINOIS ROUTE 29,TAYLORVILLE,IL,"62568","-999",(217) 824-4004,STATE,OPEN,"1091",CHRISTIAN,"17021",USA,"922140",CORRECTIONAL INSTITUTIONS,https://idoc.illinois.gov/facilities/allfacilities.html,2023/06/30,IMAGERY/OTHER,2024/02/26,https://idoc.illinois.gov/facilities/correctionalfacilities/facility.taylorville-correctional-center.html\,MINIMUM,"1201",0.000011788515849,0.015246954021063,"10000673",PIL051,"1071","1071","7.5"
"1606","10001063",ROCKVILLE CORRECTIONAL FACILITY,811 W 50 N,ROCKVILLE,IN,"47872","-999",(765) 569-3178,STATE,OPEN,"979",PARKE,"18121",USA,"922140",CORRECTIONAL INSTITUTIONS,https://www.in.gov/idoc/policies-and-statistics/data/statistical-data/total-population-summary-reports/,2023/11/30,IMAGERY/OTHER,2024/02/26,https://www.in.gov/idoc/find-a-facility/adult/rockville-correctional-facility/,MEDIUM,"1107",0.000012767131466,0.015908371229522,"10001063",PIN030,"1182","1182","8.10000038146973"
"1672","10000633",FCI THOMSON,1100 ONE MILE ROAD,THOMSON,IL,"61285","-999",(815) 259-1000,FEDERAL,OPEN,"1615",CARROLL,"17015",USA,"922140",CORRECTIONAL INSTITUTIONS,https://www.bop.gov/locations/institutions/tom/,2017/10/03,IMAGERY/OTHER,2024/01/19,https://www.bop.gov/locations/institutions/tom/,MEDIUM,"-999",0.000016434125200,0.015970471638991,"10000633",FIL120,"542","542","8.34999990463257"
"1724","10000689",DU QUOIN STRUCTURED IMPACT PROGRAM (DQSIP),275 AGRILAND ACRES DR,DU QUOIN,IL,"62832","-999",(618) 565-2944,STATE,OPEN,"37",PERRY,"17145",USA,"922140",CORRECTIONAL INSTITUTIONS,https://idoc.illinois.gov/facilities/allfacilities.html,2023/06/30,IMAGERY/OTHER,2024/02/26,https://idoc.illinois.gov/facilities/allfacilities/facility.duquoin-structured-impact-program-dqsip.html,MINIMUM,"200",0.000001428028554,0.004959781828334,"10000689",,,"37","7.90000009536743"
"1728","10006350",DIXON SPRINGS IMPACT INCARCERATION PROGRAM (IIP),979 STATE HWY 146 W,GOLCONDA,IL,"62938","-999",(618) 949-3311,STATE,OPEN,"21",POPE,"17151",USA,"922140",CORRECTIONAL INSTITUTIONS,https://idoc.illinois.gov/facilities/allfacilities.html,2023/06/30,IMAGERY/OTHER,2024/02/26,https://idoc.illinois.gov/facilities/bootcamps/facility.dixon-springs-structured-impact-program-dssip.html,MINIMUM,"285",0.000000849566504,0.003740133877977,"10006350",,,"21","6.19999980926514"
"1741","10006209",MENARD MEDIUM SECURITY UNIT,711 KASKASKIA STREET,MENARD,IL,"62259","-999",(618) 826-5071,STATE,OPEN,"323",RANDOLPH,"17157",USA,"922140",CORRECTIONAL INSTITUTIONS,https://idoc.illinois.gov/facilities/allfacilities.html,2023/06/30,IMAGERY/OTHER,2024/02/26,https://idoc.illinois.gov/facilities/correctionalfacilities/facility.menard-medium-security-unit.html,MEDIUM,"442",0.000003121469945,0.008012896531546,"10006209",,,"323","7.5"
"1820","10006210",PONTIAC MEDIUM SECURITY UNIT,700 WEST LINCOLN STREET,PONTIAC,IL,"61764","-999",(815) 842-2816,STATE,OPEN,"0",LIVINGSTON,"17105",USA,"922140",CORRECTIONAL INSTITUTIONS,https://idoc.illinois.gov/facilities/allfacilities.html,2023/06/30,IMAGERY/OTHER,2024/02/26,https://idoc.illinois.gov/facilities/correctionalfacilities/facility.pontiac-medium-security-unit.html,MEDIUM,"431",0.000006211350410,0.009703629350703,"10006210",PIL040,"1165","1165","7.69999980926514"
"1825","10000667",WESTERN ILLINOIS CORRECTIONAL CENTER,2500 RT 99 SOUTH,MOUNT STERLING,IL,"62353","-999",(217) 773-4441,STATE,OPEN,"1731",BROWN,"17009",USA,"922140",CORRECTIONAL INSTITUTIONS,https://idoc.illinois.gov/facilities/allfacilities.html,2023/06/30,IMAGERY/OTHER,2024/02/26,https://idoc.illinois.gov/facilities/correctionalfacilities/facility.western-illinois-correctional-center.html,MEDIUM,"2123",0.000015794856154,0.017336418670255,"10000667",PIL057,"1543","1543","8.19999980926514"
"2078","10000120",KENTUCKY STATE PENITENTIARY,266 WATER ST,EDDYVILLE,KY,"42038","-999",(270) 388-2211,STATE,OPEN,"856",LYON,"21143",USA,"922140",CORRECTIONAL INSTITUTIONS,https://corrections.ky.gov/facilities/ai/pages/default.aspx,2024/02/27,IMAGERY/OTHER,2024/02/27,https://corrections.ky.gov/Facilities/AI/ksp/Pages/default.aspx,MAXIMUM,"-999",0.000010594958894,0.015413674973664,"10000120",PKY027,"851","851","7.34999990463257"
"2290","10001630",POTOSI CORRECTIONAL CENTER,11593 STATE HWY O,MINERAL POINT,MO,"63660","-999",(573) 438-6000,STATE,OPEN,"-999",WASHINGTON,"29221",USA,"922140",CORRECTIONAL INSTITUTIONS,https://doc.mo.gov/facilities/all,2024/03/01,IMAGERY/OTHER,2024/03/01,https://doc.mo.gov/facilities/all,MAXIMUM,"-999",0.000013417198261,0.015406044210105,"10001630",PMO025,"935","935","6"
"2550","10000121",WESTERN KENTUCKY CORRECTIONAL COMPLEX,374 NEW BETHEL CHURCH RD,FREDONIA,KY,"42411","-999",(270) 388-9781,STATE,OPEN,"693",LYON,"21143",USA,"922140",CORRECTIONAL INSTITUTIONS,https://corrections.ky.gov/facilities/ai/pages/default.aspx,2024/02/27,IMAGERY/OTHER,2024/02/27,https://corrections.ky.gov/Facilities/AI/wkcc/Pages/default.aspx,MEDIUM,"693",0.000009157130762,0.014326626199101,"10000121",PKY051,"677","677","6.95000004768372"
"3091","10004732",USP MARION CAMP,4500 PRISON ROAD,MARION,IL,"62959","-999",(618) 964-1441,FEDERAL,OPEN,"194",WILLIAMSON,"17199",USA,"922140",CORRECTIONAL INSTITUTIONS,https://www.bop.gov/locations/institutions/mar/,2016/02/16,IMAGERY/OTHER,2024/01/19,https://www.bop.gov/locations/institutions/mar/,MINIMUM,"-999",0.000000659739271,0.004112183807825,"10004732",,,"194","6.59999990463257"
"3115","10006508",FCI THOMSON CAMP,1100 ONE MILE ROAD,THOMSON,IL,"61285","-999",(815) 259-1000,FEDERAL,OPEN,"135",CARROLL,"17015",USA,"922140",CORRECTIONAL INSTITUTIONS,https://www.bop.gov/locations/institutions/tom/,2016/02/16,IMAGERY/OTHER,2024/01/19,https://www.bop.gov/locations/institutions/tom/,MINIMUM,"-999",0.000000620446826,0.003048710514938,"10006508",,,"135","8.30000019073486"
"3195","10001615","WOMEN'S EASTERN RECEPTION, DIAGNOSTIC / CORRECTIONAL CENTER",1101 E HWY 54,VANDALIA,MO,"63382","-999",(573) 594-6686,STATE,OPEN,"-999",AUDRAIN,"29007",USA,"922140",CORRECTIONAL INSTITUTIONS,https://doc.mo.gov/facilities/all,2024/03/01,IMAGERY/OTHER,2024/03/01,https://doc.mo.gov/facilities/all,MAXIMUM,"-999",0.000016044099993,0.017106552240716,"10001615",PMO036,"1279","1279","7.59999990463257"
"1238","10001318",MCF - TOGO,62741 COUNTY ROAD 551,TOGO,MN,"55723","-999",(218) 376-7878,STATE,OPEN,"60",ITASCA,"27061",USA,"922140",CORRECTIONAL INSTITUTIONS,https://mn.gov/doc/data-publications/statistics/stats/,2023/07/31,IMAGERY/OTHER,2024/02/29,https://mn.gov/doc/facilities/togo/,MINIMUM,"90",0.000006579448836,0.017041216023168,"10001318",PMN015,"60","60","3.79999995231628"
"1944","10001319",MINNESOTA SEX OFFENDER PROGRAM - MOOSE LAKE,1111 HIGHWAY 73,MOOSE LAKE,MN,"55767","-999",(218) 565-6000,STATE,OPEN,"-999",CARLTON,"27017",USA,"922140",CORRECTIONAL INSTITUTIONS,https://mn.gov/dhs/people-we-serve/adults/services/sex-offender-treatment/site-locations.jsp,2024/02/29,IMAGERY/OTHER,2024/02/29,https://mn.gov/dhs/people-we-serve/adults/services/sex-offender-treatment/site-locations.jsp,NOT AVAILABLE,"550",0.000014367972199,0.016386546115117,"10001319",PMN008,"1061","1061","4.5"
"2518","10002556",BLACK RIVER CORRECTIONAL CENTER,W6898 E STAFFON RD,BLACK RIVER FALLS,WI,"54615","6426",(715) 333-5681,STATE,OPEN,"130",JACKSON,"55053",USA,"922140",CORRECTIONAL INSTITUTIONS,https://doc.wi.gov/DataResearch/WeeklyPopulationReports/02212020.pdf,2018/01/12,IMAGERY/OTHER,2024/05/23,https://doc.wi.gov/Pages/OffenderInformation/AdultInstitutions/BlackRiverCorrectionalCenter.aspx,MINIMUM,"118",0.000000333625167,0.004097994872898,"10002556",PWI009,"136","136","6.19999980926514"
"3055","10001320",FCI SANDSTONE,2300 COUNTY ROAD 29,SANDSTONE,MN,"55072","-999",(320) 245-2262,FEDERAL,OPEN,"1113",PINE,"27115",USA,"922140",CORRECTIONAL INSTITUTIONS,https://www.bop.gov/locations/institutions/sst/,2016/02/16,IMAGERY/OTHER,2024/01/19,https://www.bop.gov/locations/institutions/sst/,MINIMUM,"-999",0.000010759518318,0.016303221546035,"10001320",FMN174,"1084","1084","4.69999980926514"
"3129","10000994",FCI OXFORD,COUNTY RD G & ELK AVE,OXFORD,WI,"53952","-999",(608) 584-5511,FEDERAL,OPEN,"1041",ADAMS,"55001",USA,"922140",CORRECTIONAL INSTITUTIONS,https://www.bop.gov/locations/institutions/oxf/,2024/03/04,IMAGERY/OTHER,2024/03/04,https://www.bop.gov/locations/institutions/oxf/,MINIMUM,"-999",0.000030695145824,0.023928884297711,"10000994",FWI349,"978","978","6.30000019073486"
"3170","10006211",MCF - WILLOW RIVER,86032 COUNTY HIGHWAY 61,WILLOW RIVER,MN,"55795","-999",(218) 372-3101,STATE,OPEN,"119",PINE,"27115",USA,"922140",CORRECTIONAL INSTITUTIONS,https://mn.gov/doc/data-publications/statistics/stats/,2023/07/31,IMAGERY/OTHER,2024/02/29,https://mn.gov/doc/facilities/willow-river-moose-lake/willow-river.jsp,MINIMUM,"177",0.000006124281754,0.009941601676607,"10006211",PMN005,"111","111","4.59999990463257"
"3174","10001322",MCF - RUSH CITY,7600 525TH STREET,RUSH CITY,MN,"55069","-999",(320) 358-0400,STATE,OPEN,"927",CHISAGO,"27025",USA,"922140",CORRECTIONAL INSTITUTIONS,https://mn.gov/doc/data-publications/statistics/stats/,2023/07/31,IMAGERY/OTHER,2024/02/29,https://mn.gov/doc/facilities/rush-city/,CLOSE,"1018",0.000017123431917,0.019971369591097,"10001322",PMN011,"1012","1012","5.43333339691162"
"3178","10006549",MINNESOTA SEX OFFENDER PROGRAM - ST PETER,100 FREEMAN DRIVE,ST. PETER,MN,"56082","1599",NOT AVAILABLE,STATE,OPEN,"-999",NICOLLET,"27103",USA,"922140",CORRECTIONAL INSTITUTIONS,https://mn.gov/dhs/people-we-serve/adults/services/sex-offender-treatment/site-locations.jsp,2024/02/29,IMAGERY/OTHER,2024/02/29,https://mn.gov/dhs/people-we-serve/adults/services/sex-offender-treatment/site-locations.jsp,NOT AVAILABLE,"260",0.000004042460205,0.009572260991853,"10006549",,,,"5.69999980926514"
"4141","10002565",FCI OXFORD CAMP,COUNTY RD G & ELK AVE,OXFORD,WI,"53952","-999",(608) 584-5511,FEDERAL,NOT AVAILABLE,"-999",ADAMS,"55001",USA,"922140",CORRECTIONAL INSTITUTIONS,https://www.bop.gov/locations/institutions/oxf/index.jsp,2024/03/04,IMAGERY/OTHER,2024/03/04,NOT AVAILABLE,MINIMUM,"-999",0.000003160601864,0.006833334942093,"10002565",,,,"6.30000019073486"
"4734","10000991",ST. CROIX CORRECTIONAL CENTER,1859 N 4TH ST,NEW RICHMOND,WI,"54017","0036",(715) 246-6971,STATE,OPEN,"-999",ST. CROIX,"55109",USA,"922140",CORRECTIONAL INSTITUTIONS,https://doc.wi.gov/DataResearch/WeeklyPopulationReports/02212020.pdf,2018/01/12,IMAGERY/OTHER,2024/05/24,https://doc.wi.gov/Pages/OffenderInformation/AdultInstitutions/StCroixCorrectionalCenter.aspx,MINIMUM,"120",0.000000415553131,0.003720956097022,"10000991",PWI061,"114","114","6.69999980926514"
"4849","10002564",SAND RIDGE SECURE TREATMENT CENTER,1111 NORTH RD,MAUSTON,WI,"53948","-999",(608) 847-4438,STATE,OPEN,"-999",JUNEAU,"55057",USA,"922140",CORRECTIONAL INSTITUTIONS,https://www.dhs.wisconsin.gov/sandridge/index.htm,2017/05/08,IMAGERY/OTHER,2024/05/24,https://www.dhs.wisconsin.gov/sandridge/index.htm,MAXIMUM,"-999",0.000007160736004,0.011430710218272,"10002564",,,,"6.36666679382324"
"4850","10000993",NEW LISBON CORRECTIONAL INSTITUTION,2000 PROGRESS RD,NEW LISBON,WI,"53950","2000",(608) 562-6400,STATE,OPEN,"-999",JUNEAU,"55057",USA,"922140",CORRECTIONAL INSTITUTIONS,https://doc.wi.gov/DataResearch/WeeklyPopulationReports/02212020.pdf,2018/01/12,IMAGERY/OTHER,2024/05/23,https://doc.wi.gov/Pages/OffenderInformation/AdultInstitutions/NewLisbonCorrectionalInstitution.aspx,MEDIUM,"-999",0.000011055987898,0.013785713784789,"10000993",PWI045,"1046","1046","6.19999992847443"
"4861","10002537",STANLEY CORRECTIONAL INSTITUTION,100 CORRECTIONS DR,STANLEY,WI,"54768","6500",(715) 644-2960,STATE,OPEN,"-999",CHIPPEWA,"55017",USA,"922140",CORRECTIONAL INSTITUTIONS,https://doc.wi.gov/DataResearch/WeeklyPopulationReports/02212020.pdf,2018/01/12,IMAGERY/OTHER,2024/05/24,https://doc.wi.gov/Pages/OffenderInformation/AdultInstitutions/StanleyCorrectionalInstitution.aspx,MEDIUM,"1500",0.000016557470644,0.015827067377023,"10002537",PWI062,"1584","1584","6.45000004768372"
"5048","10002522",FLAMBEAU CORRECTIONAL CENTER,N671 COUNTY RD M,HAWKINS,WI,"54530","9400",(715) 585-6394,STATE,OPEN,"90",SAWYER,"55113",USA,"922140",CORRECTIONAL INSTITUTIONS,https://doc.wi.gov/DataResearch/WeeklyPopulationReports/02212020.pdf,2018/01/12,IMAGERY/OTHER,2024/05/23,https://doc.wi.gov/Pages/OffenderInformation/AdultInstitutions/FlambeauCorrectionalCenter.aspx,MINIMUM,"90",0.000002577792202,0.006625908247652,"10002522",PWI016,"101","101","4.90000009536743"
"5049","10002517",GORDON CORRECTIONAL CENTER,10401 E COUNTY RD G,GORDON,WI,"54838","-999",(715) 376-2680,STATE,OPEN,"-999",DOUGLAS,"55031",USA,"922140",CORRECTIONAL INSTITUTIONS,https://doc.wi.gov/DataResearch/WeeklyPopulationReports/02212020.pdf,2018/01/12,IMAGERY/OTHER,2024/05/23,https://doc.wi.gov/Pages/OffenderInformation/AdultInstitutions/GordonCorrectionalCenter.aspx,MINIMUM,"89",0.000000341241957,0.003557156515405,"10002517",PWI024,"93","93","4.40000009536743"
"5053","10000988",MCNAUGHTON CORRECTIONAL CENTER,8500 RAINBOW RD,LAKE TOMAHAWK,WI,"54939","9558",(715) 277-2484,STATE,OPEN,"-999",ONEIDA,"55085",USA,"922140",CORRECTIONAL INSTITUTIONS,https://doc.wi.gov/DataResearch/WeeklyPopulationReports/02212020.pdf,2018/01/12,IMAGERY/OTHER,2024/05/23,https://doc.wi.gov/Pages/OffenderInformation/AdultInstitutions/McNaughtonCorrectionalCenter.aspx,MINIMUM,"102",0.000007153502793,0.013545960193221,"10000988",PWI041,"115","115","4.85000014305115"
"5770","10002558",JACKSON CORRECTIONAL INSTITUTION,N 6500 HAIPEK RD,BLACK RIVER FALLS,WI,"54615","0232",(715) 284-4550,STATE,OPEN,"-999",JACKSON,"55053",USA,"922140",CORRECTIONAL INSTITUTIONS,https://doc.wi.gov/DataResearch/WeeklyPopulationReports/02212020.pdf,2018/01/12,IMAGERY/OTHER,2024/05/23,https://doc.wi.gov/Pages/OffenderInformation/AdultInstitutions/JacksonCorrectionalInstitution.aspx,MEDIUM,"-999",0.000020977571239,0.018490449796725,"10002558",PWI026,"996","996","6.40000009536743"
"354","10001569",EASTERN CORRECTIONAL INSTITUTION,30420 REVELLS NECK RD,WESTOVER,MD,"21890","-999",(410) 845-4000,STATE,OPEN,"-999",SOMERSET,"24039",USA,"922140",CORRECTIONAL INSTITUTIONS,https://www.dpscs.state.md.us/locations/prisons.shtml,2024/02/28,IMAGERY/OTHER,2024/02/28,https://www.dpscs.state.md.us/locations/eci.shtml,MEDIUM,"-999",0.000028258394423,0.030743662817911,"10001569",PMD008,"2703","2703","6.40000009536743"
"2434","10002359",CENTRAL MARYLAND CORRECTIONAL FACILITY,7301 BUTTERCUP RD,SYKESVILLE,MD,"21784","-999",(410) 781-4444,STATE,OPEN,"-999",CARROLL,"24013",USA,"922140",CORRECTIONAL INSTITUTIONS,https://www.dpscs.state.md.us/locations/prisons.shtml,2024/02/28,IMAGERY/OTHER,2024/02/28,https://www.dpscs.state.md.us/locations/cmcf.shtml,MINIMUM,"-999",0.000005658597274,0.010362405366103,"10002359",PMD005,"513","513","6.40000009536743"
"3064","10004019",FCI FAIRTON CAMP,655 FAIRTON MILLVILLE RD,FAIRTON,NJ,"08320","-999",(856) 453-1177,FEDERAL,OPEN,"55",CUMBERLAND,"34011",USA,"922140",CORRECTIONAL INSTITUTIONS,https://www.bop.gov/locations/institutions/fai/,2016/02/16,IMAGERY/OTHER,2024/01/19,https://www.bop.gov/locations/institutions/fai/,MINIMUM,"-999",0.000001847644853,0.005228810750263,"10004019",,,"55","5.90000009536743"
"3068","10001520",FCI FAIRTON,655 FAIRTON MILLVILLE RD,FAIRTON,NJ,"08320","-999",(856) 453-1177,FEDERAL,OPEN,"739",CUMBERLAND,"34011",USA,"922140",CORRECTIONAL INSTITUTIONS,https://www.bop.gov/locations/institutions/fai/,2016/02/16,IMAGERY/OTHER,2024/01/19,https://www.bop.gov/locations/institutions/fai/,MEDIUM,"-999",0.000022495056101,0.019190819671704,"10001520",FNJ211,"1056","1056","5.95000004768372"
"3519","10002262",JAMES T VAUGHN CORRECTIONAL CENTER,1181 PADDOCK RD,SMYRNA,DE,"19977","-999",(302) 653-9261,STATE,OPEN,"1632",NEW CASTLE,"10003",USA,"922140",CORRECTIONAL INSTITUTIONS,https://data.delaware.gov/Public-Safety/Inmate-Population/vnau-c4rn/about_data,2024/02/01,IMAGERY/OTHER,2024/02/13,https://doc.delaware.gov/views/jtvcc.blade.shtml,MAXIMUM,"2601",0.000026738915267,0.020322322848744,"10002262",PDE006,"1723","1723","6.59999990463257"
"4151","10001556",EASTERN PRE-RELEASE UNIT,700 FLAT IRON SQUARE RD,CHURCH HILL,MD,"21623","-999",(410) 810-5400,STATE,OPEN,"180",QUEEN ANNE'S,"24035",USA,"922140",CORRECTIONAL INSTITUTIONS,http://dpscs.maryland.gov/publicinfo/publications/annuals.shtml#doc,2016/06/30,IMAGERY/OTHER,2024/04/03,https://dpscs.maryland.gov/rehabservs/doc/work.shtml,MINIMUM,"165",0.000000312232714,0.004636540772624,"10001556",PMD010,"176","176","5.90000009536743"
"4161","10004040",POPLAR HILL PRE-RELEASE UNIT,24090 NANTICOKE RD,QUANTICO,MD,"21856","-999",(410) 845-4580,STATE,OPEN,"194",WICOMICO,"24045",USA,"922140",CORRECTIONAL INSTITUTIONS,http://dpscs.maryland.gov/publicinfo/publications/annuals.shtml#doc,2016/06/30,IMAGERY/OTHER,2024/04/03,http://dpscs.maryland.gov/rehabservs/doc/work.shtml,MINIMUM,"192",0.000000349974016,0.004907697219256,"10004040",,,"194","6.59999990463257"
"4163","10001567",SOUTHERN MARYLAND PRE-RELEASE UNIT,14320 OAKS RD,CHARLOTTE HALL,MD,"20622","-999",(301) 274-4701,STATE,NOT AVAILABLE,"171",CHARLES,"24017",USA,"922140",CORRECTIONAL INSTITUTIONS,NOT AVAILABLE,2016/06/30,IMAGERY/OTHER,2024/04/03,NOT AVAILABLE,MINIMUM,"165",0.000000532898412,0.005064305605320,"10001567",PMD022,"177","177","5.69999980926514"
"4608","10003263",HAYNESVILLE CORRECTIONAL UNIT #17,363 CAMP SEVENTEEN RD,HAYNESVILLE,VA,"22472","-999",(804) 333-3577,STATE,CLOSED,"-999",RICHMOND,"51159",USA,"922140",CORRECTIONAL INSTITUTIONS,https://vadoc.virginia.gov/facilities-and-offices/,2015/10/21,IMAGERY/OTHER,2024/05/01,https://vadoc.virginia.gov/facilities-and-offices/,MINIMUM,"-999",0.000001815136329,0.006551817993117,"10003263",PVA030,"114","114","6.09999990463257"
"4952","10003262",HAYNESVILLE CORRECTIONAL CENTER,421 BARNFIELD RD,HAYNESVILLE,VA,"22472","-999",(804) 333-3577,STATE,OPEN,"-999",RICHMOND,"51159",USA,"922140",CORRECTIONAL INSTITUTIONS,https://vadoc.virginia.gov/facilities-and-offices/,2015/10/22,IMAGERY/OTHER,2024/05/01,https://vadoc.virginia.gov/facilities-and-offices/,MEDIUM,"-999",0.000017340007389,0.016777367650108,"10003262",PVA029,"928","928","6.04999995231628"
"5541","10003253",STAFFORD DETENTION AND DIVERSION CENTER,384 ESKIMO HILL RD,STAFFORD,VA,"22554","-999",(540) 659-2093,STATE,OPEN,"-999",STAFFORD,"51179",USA,"922140",CORRECTIONAL INSTITUTIONS,https://vadoc.virginia.gov/facilities-and-offices/,2017/06/20,IMAGERY/OTHER,2024/05/02,https://vadoc.virginia.gov/facilities-and-offices/,MINIMUM,"-999",0.000001469277322,0.006055298472669,"10003253",PVA050,"95","95","5.79999995231628"
"457","10001176",ST. ANTHONY WORK CAMP,125 N 8TH W,ST. ANTHONY,ID,"83445","-999",(208) 624-3775,STATE,OPEN,"392",FREMONT,"16043",USA,"922140",CORRECTIONAL INSTITUTIONS,"https://www.idoc.idaho.gov/content/locations, https://www.idoc.idaho.gov/content/about-us/research-and-statistics",2023/06/30,IMAGERY/OTHER,2024/02/22,https://www.idoc.idaho.gov/content/locations/prisons/st-anthony-work-camp,MINIMUM,"400",0.000000598201950,0.003977776508792,"10001176",PID018,"273","273","4.30000019073486"
"1192","10001180",SOUTH IDAHO CORRECTIONAL INSTITUTION,13900 PLEASANT VALLEY RD,KUNA,ID,"83634","-999",(208) 336-1260,STATE,OPEN,"696",ADA,"16001",USA,"922140",CORRECTIONAL INSTITUTIONS,"https://www.idoc.idaho.gov/content/locations, https://www.idoc.idaho.gov/content/about-us/research-and-statistics",2023/06/30,IMAGERY/OTHER,2024/02/22,https://www.idoc.idaho.gov/content/locations/prisons/south-idaho-correctional-institution,MINIMUM,"700",0.000006611131084,0.010518910144208,"10001180",PID015,"706","706","6.14999985694885"
"1194","10001185",SOUTH BOISE WOMEN'S CORRECTIONAL CENTER,13200 PLEASANT VALLEY RD,KUNA,ID,"83634","-999",(208) 334-2731,STATE,OPEN,"298",ADA,"16001",USA,"922140",CORRECTIONAL INSTITUTIONS,"https://www.idoc.idaho.gov/content/locations, https://www.idoc.idaho.gov/content/about-us/research-and-statistics",2023/06/30,IMAGERY/OTHER,2024/02/22,https://www.idoc.idaho.gov/content/locations/prisons/south-boise-womens-correctional-center,MINIMUM,"306",0.000001177754712,0.006823646548856,"10001185",PID014,"302","302","6.35000014305115"
"1195","10001183",IDAHO STATE CORRECTIONAL CENTER,14601 S PLEASANT VALLEY RD,KUNA,ID,"83634","-999",(208) 331-2760,STATE,OPEN,"2046",ADA,"16001",USA,"922140",CORRECTIONAL INSTITUTIONS,"https://www.idoc.idaho.gov/content/locations, https://www.idoc.idaho.gov/content/about-us/research-and-statistics",2023/06/30,IMAGERY/OTHER,2024/02/22,https://www.idoc.idaho.gov/content/locations/prisons/iscc-icc,CLOSE,"2028",0.000011656904917,0.013580744675703,"10001183",PID006,"2182","2182","6.09999990463257"
"1199","10004339",TREASURE VALLEY COMMUNITY REENTRY CENTER,14195 S PLEASANT VALLEY RD,KUNA,ID,"83634","-999",(208) 334-2241,STATE,OPEN,"107",ADA,"16001",USA,"922140",CORRECTIONAL INSTITUTIONS,"https://www.idoc.idaho.gov/content/locations, https://www.idoc.idaho.gov/content/about-us/research-and-statistics",2023/06/30,IMAGERY/OTHER,2024/04/01,https://www.idoc.idaho.gov/content/locations/community-reentry-centers/treasure-valley,NOT AVAILABLE,"108",0.000000835319042,0.003735556665976,"10004339",PID019,"104","104","6.25"
"1202","10001182",IDAHO MAXIMUM SECURITY INSTITUTION,13400 S PLEASANT VALLEY RD,KUNA,ID,"83634","-999",(208) 338-1635,STATE,OPEN,"531",ADA,"16001",USA,"922140",CORRECTIONAL INSTITUTIONS,"https://www.idoc.idaho.gov/content/locations, https://www.idoc.idaho.gov/content/about-us/research-and-statistics",2023/06/30,IMAGERY/OTHER,2024/02/22,https://www.idoc.idaho.gov/content/locations/prisons/idaho_maximum_security_institution,MAXIMUM,"549",0.000006004065199,0.009547313881643,"10001182",PID005,"472","472","6.25"
"1205","10001173",NORTH IDAHO CORRECTIONAL INSTITUTION,236 RADAR RD,COTTONWOOD,ID,"83522","-999",(208) 962-3276,STATE,OPEN,"429",IDAHO,"16049",USA,"922140",CORRECTIONAL INSTITUTIONS,"https://www.idoc.idaho.gov/content/locations, https://www.idoc.idaho.gov/content/about-us/research-and-statistics",2023/06/30,IMAGERY/OTHER,2024/02/22,https://www.idoc.idaho.gov/content/locations/prisons/north_idaho_correctional_institution,NOT AVAILABLE,"428",0.000003831244612,0.008965244140177,"10001173",PID009,"413","413","4.5"
"1214","10001187",POCATELLO WOMEN'S CORRECTIONAL CENTER,1451 FORE RD,POCATELLO,ID,"83204","-999",(208) 236-6360,STATE,OPEN,"343",BANNOCK,"16005",USA,"922140",CORRECTIONAL INSTITUTIONS,"https://www.idoc.idaho.gov/content/locations, https://www.idoc.idaho.gov/content/about-us/research-and-statistics",2023/06/30,IMAGERY/OTHER,2024/02/22,https://www.idoc.idaho.gov/content/locations/prisons/pocatello-womens-correctional-center,MAXIMUM,"331",0.000002453569778,0.007058683289742,"10001187",PID010,"316","316","5.04999995231628"
"1215","10001172",IDAHO CORRECTIONAL INSTITUTION-OROFINO,381 WEST HOSPITAL DRIVE,OROFINO,ID,"83544","-999",(208) 476-3655,STATE,OPEN,"578",CLEARWATER,"16035",USA,"922140",CORRECTIONAL INSTITUTIONS,"https://www.idoc.idaho.gov/content/locations, https://www.idoc.idaho.gov/content/about-us/research-and-statistics",2023/06/30,IMAGERY/OTHER,2024/02/22,https://www.idoc.idaho.gov/content/locations/prisons/idaho_correctional_institution_orofino,MEDIUM,"580",0.000003330800155,0.007468206355261,"10001172",PID003,"580","580","5.54999995231628"
"1327","10006544",MOUNTAIN VIEW TRANSFORMATION CENTER,15505 S PLEASANT VALLEY ROAD,KUNA,ID,"83634","-999",(208) 336-9959,STATE,OPEN,"381",ADA,"16001",USA,"922140",CORRECTIONAL INSTITUTIONS,"https://www.idoc.idaho.gov/content/locations, https://www.idoc.idaho.gov/content/about-us/research-and-statistics",2023/06/30,IMAGERY/OTHER,2024/02/22,https://www.idoc.idaho.gov/content/locations/prisons/mountain-view-transformation-center,MINIMUM,"442",0.000001568850166,0.005370042913573,"10006544",PID001,"423","423","6"
"1406","10001181",IDAHO STATE CORRECTIONAL INSTITUTION,13500 S PLEASANT VALLEY RD,KUNA,ID,"83634","-999",(208) 336-0740,STATE,OPEN,"1609",ADA,"16001",USA,"922140",CORRECTIONAL INSTITUTIONS,"https://www.idoc.idaho.gov/content/locations, https://www.idoc.idaho.gov/content/about-us/research-and-statistics",2023/06/30,IMAGERY/OTHER,2024/02/22,https://www.idoc.idaho.gov/content/locations/prisons/idaho-state-correctional-institution,MEDIUM,"1446",0.000026446004540,0.023379496913098,"10001181",PID007,"1464","1464","6.23333326975505"
"2264","10001151",CROSSROADS CORRECTIONAL CENTER,50 CROSSROADS DR,SHELBY,MT,"59474","-999",(406) 434-7055,MULTI,OPEN,"604",TOOLE,"30101",USA,"922140",CORRECTIONAL INSTITUTIONS,https://cor.mt.gov/FamilyFriends/VisitingCrossroads,2017/10/12,IMAGERY/OTHER,2020/01/31,https://cor.mt.gov/FamilyFriends/VisitingCrossroads,MAXIMUM,"664",0.000009452648555,0.012109655309474,"10001151",,,"604","4.90000009536743"
"5415","10003625",RIVERSIDE RECOVERY & REENTRY PROGRAM,2 RIVERSIDE ROAD,BOULDER,MT,"59632","0088",(406) 225-4500,STATE,OPEN,"-999",JEFFERSON,"30043",USA,"922140",CORRECTIONAL INSTITUTIONS,https://cor.mt.gov/FamilyFriends/Visiting,2017/12/08,IMAGERY/OTHER,2024/02/28,http://cor.mt.gov/FamilyFriends/Visiting,NOT AVAILABLE,"25",0.000002158670213,0.005913435468954,"10003625",PMT026,"19","19","4.19999980926514"
"5425","10006572",ELKHORN TREATMENT CENTER,P.O. BOX 448,BOULDER,MT,"59632","-999",(406) 447-5300,STATE,OPEN,"-999",JEFFERSON,"30043",USA,"922140",CORRECTIONAL INSTITUTIONS,https://boydandrewcom.wpengine.com/services/elkhorn/,2017/12/08,IMAGERY/OTHER,2024/02/28,https://boydandrewcom.wpengine.com/services/elkhorn/,NOT AVAILABLE,"50",0.000000536335847,0.003719398558387,"10006572",PMT010,"39","39","4.19999980926514"
"5429","10003629",MONTANA STATE HOSPITAL,300 GARNET WAY,WARM SPRINGS,MT,"59756","-999",(406) 693-7000,STATE,OPEN,"-999",DEER LODGE,"30023",USA,"922140",CORRECTIONAL INSTITUTIONS,https://dphhs.mt.gov/amdd/MSH,2020/01/31,IMAGERY/OTHER,2024/02/27,http://dphhs.mt.gov/amdd/MSH,MAXIMUM,"-999",0.000018171298507,0.017777373676579,"10003629",,,,"4.80000019073486"
"5437","10006571",CONNECTIONS CORRECTIONS WEST - WARM SPRINGS,725 OROFINO WAY,WARM SPRINGS,MT,"59756","-999",(406) 693-2272,STATE,OPEN,"-999",DEER LODGE,"30023",USA,"922140",CORRECTIONAL INSTITUTIONS,http://www.cccscorp.com/programs/ccp/,2017/12/08,IMAGERY/OTHER,2024/02/28,http://www.cccscorp.com/programs/ccp/,NOT AVAILABLE,"52",0.000001513634743,0.004966550731013,"10006571",PMT007,"57","57","4.80000019073486"
"5446","10003628",MONTANA STATE HOSPITAL - FORENSIC MENTAL HEALTH FACILITY,1316 GALEN RD,DEER LODGE,MT,"59722","-999",(406) 693-7000,STATE,OPEN,"-999",DEER LODGE,"30023",USA,"922140",CORRECTIONAL INSTITUTIONS,https://dphhs.mt.gov/healthcarefacilities/msh/index,2016/01/11,IMAGERY/OTHER,2016/01/11,https://dphhs.mt.gov/healthcarefacilities/msh/index,NOT AVAILABLE,"-999",0.000001228884230,0.005255775781814,"10003628",,,,"4.90000009536743"
"5720","10001310",SNAKE RIVER CORRECTIONAL INSTITUTION,777 STANTON BLVD,ONTARIO,OR,"97914","8335",(541) 881-5000,STATE,OPEN,"-999",MALHEUR,"41045",USA,"922140",CORRECTIONAL INSTITUTIONS,https://www.oregon.gov/doc/about/pages/prison-locations.aspx,2018/01/01,IMAGERY/OTHER,2020/01/24,https://www.oregon.gov/doc/about/pages/prison-locations.aspx,MEDIUM,"3062",0.000048751479881,0.035301220022086,"10001310",POR015,"2785","2785","5.85000014305115"
"5720","10001310",SNAKE RIVER CORRECTIONAL INSTITUTION,777 STANTON BLVD,ONTARIO,OR,"97914","8335",(541) 881-5000,STATE,OPEN,"-999",MALHEUR,"41045",USA,"922140",CORRECTIONAL INSTITUTIONS,https://www.oregon.gov/doc/about/pages/prison-locations.aspx,2018/01/01,IMAGERY/OTHER,2020/01/24,https://www.oregon.gov/doc/about/pages/prison-locations.aspx,MEDIUM,"3062",0.000048751479881,0.035301220022086,"10001310",POR016,"193","193","5.85000014305115"
"6016","10003624",MONTANA STATE PRISON,400 CONLEY LAKE RD,DEER LODGE,MT,"59722","-999",(406) 415-6126,STATE,OPEN,"-999",POWELL,"30077",USA,"922140",CORRECTIONAL INSTITUTIONS,https://cor.mt.gov/Adult/MSP,2017/12/08,IMAGERY/OTHER,2024/02/27,https://cor.mt.gov/Facilities/SecureFacilities,MAXIMUM,"1600",0.000040279689529,0.032928295089065,"10003624",PMT020,"1663","1663","4.95000004768372"
"6018","10006576",WATCH WEST,P.O. BOX G,WARM SPRINGS,MT,"59756","-999",(406) 693-2272,STATE,OPEN,"-999",DEER LODGE,"30023",USA,"922140",CORRECTIONAL INSTITUTIONS,http://www.cccscorp.com/programs/watchw/,2017/12/08,IMAGERY/OTHER,2024/02/28,http://www.cccscorp.com/programs/watchw/,NOT AVAILABLE,"115",0.000001756346137,0.005180313872345,"10006576",PMT029,"70","70","4.80000019073486"
"776","10006176",FCI BERLIN CAMP,1 SUCCESS LOOP ROAD,BERLIN,NH,"03570","-999",(603) 342-4000,FEDERAL,OPEN,"31",COOS,"33007",USA,"922140",CORRECTIONAL INSTITUTIONS,https://www.bop.gov/locations/institutions/ber/,2016/02/16,IMAGERY/OTHER,2024/01/19,https://www.bop.gov/locations/institutions/ber/,MINIMUM,"-999",0.000001178721504,0.004467403890126,"10006176",,,"31","4.40000009536743"
"1803","10006596",NORTH END TRANSITIONAL HOUSING UNIT / WORK CENTER,1 PERIMETER ROAD,CONCORD,NH,"03301","-999",(603) 271-3957,STATE,OPEN,"-999",MERRIMACK,"33013",USA,"922140",CORRECTIONAL INSTITUTIONS,https://www.corrections.nh.gov/locations/transitional-units-thu-twc,2017/07/01,IMAGERY/OTHER,2024/03/11,https://www.corrections.nh.gov/locations/transitional-units-thu-twc,MINIMUM,"48",0.000000070507667,0.001299158781448,"10006596",PNH008,"43","43","5.30000019073486"
"1843","10006597",CONCORD TRANSITIONAL WORK CENTER,275 NORTH STATE STREET,CONCORD,NH,"03302","-999",(603) 271-1924,STATE,OPEN,"-999",MERRIMACK,"33013",USA,"922140",CORRECTIONAL INSTITUTIONS,https://www.corrections.nh.gov/locations/transitional-units-thu-twc,2017/07/01,IMAGERY/OTHER,2024/03/11,https://www.corrections.nh.gov/locations/transitional-units-thu-twc,MINIMUM,"160",0.000000222351446,0.002267469186241,"10006597",PNH004,"160","160","5.30000019073486"
"2998","10006175",FCI BERLIN,1 SUCCESS LOOP ROAD,BERLIN,NH,"03570","-999",(603) 342-4000,FEDERAL,OPEN,"737",COOS,"33007",USA,"922140",CORRECTIONAL INSTITUTIONS,https://www.bop.gov/locations/institutions/ber/,2016/02/16,IMAGERY/OTHER,2024/01/19,https://www.bop.gov/locations/institutions/ber/,MEDIUM,"-999",0.000015190066506,0.016937209647127,"10006175",FNH207,"828","828","4.40000009536743"
"4143","10001913",NORTHERN STATE CORRECTIONAL FACILITY,2559 GLEN RD,NEWPORT,VT,"05855","-999",(802) 334-3364,STATE,OPEN,"-999",ORLEANS,"50019",USA,"922140",CORRECTIONAL INSTITUTIONS,https://doc.vermont.gov/correctional-facilities/nscf-newport,2016/12/30,IMAGERY/OTHER,2024/05/03,https://doc.vermont.gov/correctional-facilities/nscf-newport,MEDIUM,"-999",0.000004805166782,0.009642044804939,"10001913",PVT005,"396","396","5.14999985694885"
"5712","10000094",SOUTHERN STATE CORRECTIONAL FACILITY,700 CHARLESTOWN RD,SPRINGFIELD,VT,"05156","-999",(802) 909-2601,STATE,OPEN,"-999",WINDSOR,"50027",USA,"922140",CORRECTIONAL INSTITUTIONS,https://doc.vermont.gov/correctional-facilities/sscf-springfield,2016/12/30,IMAGERY/OTHER,2024/05/03,https://doc.vermont.gov/correctional-facilities/sscf-springfield,NOT AVAILABLE,"370",0.000007029321978,0.010531750914246,"10000094",PVT007,"364","364","4.80000019073486"
"6076","10001737",SHEA FARM TRANSITIONAL HOUSING UNIT,60 IRON WORKS RD,CONCORD,NH,"03302","-999",(603) 271-6368,STATE,OPEN,"-999",MERRIMACK,"33013",USA,"922140",CORRECTIONAL INSTITUTIONS,https://www.corrections.nh.gov/locations/transitional-units-thu-twc,2017/07/01,IMAGERY/OTHER,2024/03/11,https://www.corrections.nh.gov/locations/transitional-units-thu-twc,MINIMUM,"40",0.000000155406042,0.001809762406993,"10001737",PNH010,"20","20","5.20000004768372"
"614","10004143",ODOM CORRECTIONAL INSTITUTION,485 ODOM RD,JACKSON,NC,"27845","0036",(252) 534-5611,STATE,CLOSED,"-999",NORTHAMPTON,"37131",USA,"922140",CORRECTIONAL INSTITUTIONS,https://www.dac.nc.gov/our-organization/prisons/closed-prisons,2017/10/31,IMAGERY/OTHER,2024/03/05,https://www.dac.nc.gov/our-organization/prisons/closed-prisons,MINIMUM,"-999",0.000004918366358,0.009985844176006,"10004143",PNC053,"436","436","6.09999990463257"
"765","10001748",FCI BUTNER LOW,OLD NC HWY 75,BUTNER,NC,"27509","-999",(919) 575-5000,FEDERAL,OPEN,"961",GRANVILLE,"37077",USA,"922140",CORRECTIONAL INSTITUTIONS,https://www.bop.gov/locations/institutions/buf/,2016/02/16,IMAGERY/OTHER,2024/01/19,https://www.bop.gov/locations/institutions/buf/,MINIMUM,"-999",0.000014048628145,0.014753654428408,"10001748",FNC195,"1075","1075","7.04999995231628"
"790","10004168",FCI BUTNER MEDIUM I CAMP,OLD NC HWY 75,BUTNER,NC,"27509","-999",(919) 575-4541,FEDERAL,OPEN,"271",DURHAM,"37063",USA,"922140",CORRECTIONAL INSTITUTIONS,https://www.bop.gov/locations/institutions/but/,2016/02/16,IMAGERY/OTHER,2024/01/19,https://www.bop.gov/locations/institutions/but/,MINIMUM,"-999",0.000001145718670,0.004210960537602,"10004168",,,"271","7"
"795","10001760",FMC BUTNER,OLD NC HWY 75,BUTNER,NC,"27509","-999",(919) 575-3900,FEDERAL,OPEN,"841",DURHAM,"37063",USA,"922140",CORRECTIONAL INSTITUTIONS,https://www.bop.gov/locations/institutions/buh/,2016/02/16,IMAGERY/OTHER,2024/01/19,https://www.bop.gov/locations/institutions/buh/,MAXIMUM,"-999",0.000007924266583,0.010340355901784,"10001760",FNC194,"974","974","7"
"1405","10001745",RIVERS CORRECTIONAL FACILITY,145 PARKER'S FISHERY RD,WINTON,NC,"27986","-999",(252) 358-5200,FEDERAL,OPEN,"-999",HERTFORD,"37091",USA,"922140",CORRECTIONAL INSTITUTIONS,https://www.geogroup.com/facilitydetail/facilityid/78,2017/10/05,IMAGERY/OTHER,2024/02/05,https://www.geogroup.com/facilitydetail/facilityid/78,NOT AVAILABLE,"1450",0.000009930345414,0.012253055123673,"10001745",FNC201,"1351","1351","6.09999990463257"
"2051","10003880",COLWELL PROBATION DETENTION CENTER,189 BEASLEY STREET,BLAIRSVILLE,GA,"30512","-999",(706) 745-3610,STATE,OPEN,"-999",UNION,"13291",USA,"922140",CORRECTIONAL INSTITUTIONS,https://gdc.georgia.gov/locations,2024/02/21,IMAGERY/OTHER,2024/02/21,https://gdc.georgia.gov/locations/colwell-probation-detention-center,MINIMUM,"-999",0.000001178243565,0.004314166017879,"10003880",,,,"7.59999990463257"
"2065","10001759",BERTIE CORRECTIONAL INSTITUTION,218 COOPER HILL RD,WINDSOR,NC,"27983","-999",(252) 794-8600,STATE,OPEN,"-999",BERTIE,"37015",USA,"922140",CORRECTIONAL INSTITUTIONS,https://www.dac.nc.gov/divisions-and-sections/prisons/prison-facilities/bertie-correctional-institution,2017/10/31,IMAGERY/OTHER,2024/02/28,https://www.dac.nc.gov/divisions-and-sections/prisons/prison-facilities/bertie-correctional-institution,CLOSE,"1504",0.000009799627605,0.012547376322053,"10001759",PNC006,"1070","1070","5.33333349227905"
"2072","10004216",CARTERET CORRECTIONAL CENTER,1084 ORANGE ST,NEWPORT,NC,"28570","-999",(252) 223-5100,STATE,OPEN,"-999",CARTERET,"37031",USA,"922140",CORRECTIONAL INSTITUTIONS,https://www.dac.nc.gov/divisions-and-sections/prisons/prison-facilities/carteret-correctional-center,2017/10/31,IMAGERY/OTHER,2024/02/28,https://www.dac.nc.gov/divisions-and-sections/prisons/prison-facilities/carteret-correctional-center,MINIMUM,"300",0.000002364447710,0.007105072640639,"10004216",PNC011,"296","296","4.90000009536743"
"2123","10001788",PAMLICO CORRECTIONAL INSTITUTION,601 N THIRD ST,BAYBORO,NC,"28515","-999",(252) 745-3074,STATE,OPEN,"-999",PAMLICO,"37137",USA,"922140",CORRECTIONAL INSTITUTIONS,https://www.dac.nc.gov/divisions-and-sections/prisons/prison-facilities/pamlico-correctional-institution,2017/10/31,IMAGERY/OTHER,2024/02/29,https://www.dac.nc.gov/divisions-and-sections/prisons/prison-facilities/pamlico-correctional-institution,MEDIUM,"550",0.000005128803195,0.008863181605983,"10001788",PNC055,"565","565","5.06666660308838"
"2144","10001747",GRANVILLE CORRECTIONAL INSTITUTION,1001 VEAZEY RD,BUTNER,NC,"27509","-999",(919) 575-3070,STATE,OPEN,"-999",GRANVILLE,"37077",USA,"922140",CORRECTIONAL INSTITUTIONS,https://www.dac.nc.gov/divisions-and-sections/prisons/prison-facilities/granville-correctional-institution,2017/10/31,IMAGERY/OTHER,2020/02/13,https://www.dac.nc.gov/divisions-and-sections/prisons/prison-facilities/granville-correctional-institution,CLOSE,"904",0.000009535277513,0.011809158064276,"10001747",PNC060,"709","709","7.09999990463257"
"2151","10001753",PASQUOTANK C.I. MINIMUM SECURITY UNIT,527 COMMERCE DR,ELIZABETH CITY,NC,"27906","-999",(252) 331-4881,STATE,OPEN,"-999",PASQUOTANK,"37139",USA,"922140",CORRECTIONAL INSTITUTIONS,https://www.ncdps.gov/Adult-Corrections/Prisons/Prison-Facilities/Pasquotank-Correctional-Institution,2017/12/12,IMAGERY/OTHER,2024/03/06,https://www.ncdps.gov/Adult-Corrections/Prisons/Prison-Facilities/Pasquotank-Correctional-Institution,MINIMUM,"256",0.000001077050229,0.004380005804112,"10001753",,,,"5.59999990463257"
"2192","10001793",SCOTLAND CORRECTIONAL INSTITUTION,22385 MCGIRT'S BRIDGE RD,LAURINBURG,NC,"28353","-999",(910) 844-3078,STATE,OPEN,"-999",SCOTLAND,"37165",USA,"922140",CORRECTIONAL INSTITUTIONS,https://www.dac.nc.gov/divisions-and-sections/prisons/prison-facilities/scotland-correctional-institution,2017/10/31,IMAGERY/OTHER,2024/03/01,https://www.dac.nc.gov/divisions-and-sections/prisons/prison-facilities/scotland-correctional-institution,CLOSE,"1652",0.000010887436474,0.017191976276755,"10001793",PNC070,"1695","1695","6.69999980926514"
"2201","10006582",SOUTHERN CORRECTIONAL INSTITUTION - MINIMUM CUSTODY UNIT,272 GLEN RD,TROY,NC,"27371","-999",(910) 572-3784,STATE,OPEN,"-999",MONTGOMERY,"37123",USA,"922140",CORRECTIONAL INSTITUTIONS,https://www.ncdps.gov/Adult-Corrections/Prisons/Prison-Facilities/Southern-Correctional-Institution,2017/12/12,IMAGERY/OTHER,2024/03/06,https://www.ncdps.gov/Adult-Corrections/Prisons/Prison-Facilities/Southern-Correctional-Institution,MINIMUM,"200",0.000001329444331,0.005192824489593,"10006582",,,,"6.75"
"2221","10001021",TYRRELL PRISON WORK FARM,620 SNELL RD,COLUMBIA,NC,"27925","-999",(252) 796-1085,STATE,OPEN,"-999",TYRRELL,"37177",USA,"922140",CORRECTIONAL INSTITUTIONS,https://www.dac.nc.gov/divisions-and-sections/institutions/prison-facilities/tyrrell-prison-work-farm,2017/10/31,IMAGERY/OTHER,2024/03/01,https://www.dac.nc.gov/divisions-and-sections/institutions/prison-facilities/tyrrell-prison-work-farm,MINIMUM,"620",0.000004006836207,0.009364335193383,"10001021",PNC075,"406","406","5.19999980926514"
"2362","10001751",ROANOKE RIVER CORRECTIONAL INSTITUTION - MINIMUM,"1984 CALEDONIA DR, STATE RD 1141",TILLERY,NC,"27882","-999",(252) 826-5621,STATE,OPEN,"-999",HALIFAX,"37083",USA,"922140",CORRECTIONAL INSTITUTIONS,https://www.dac.nc.gov/divisions-and-sections/institutions/prison-facilities/roanoke-river-correctional-institution,2017/12/13,IMAGERY/OTHER,2024/03/06,https://www.dac.nc.gov/divisions-and-sections/institutions/prison-facilities/roanoke-river-correctional-institution,MINIMUM,"1038",0.000005910740356,0.011314137721847,"10001751",,,,"6.40000009536743"
"2364","10006348",BURKE CRV CENTER,5161 WESTERN AVE,MORGANTON,NC,"28655","-999",(828) 433-4036,STATE,OPEN,"-999",BURKE,"37023",USA,"922140",CORRECTIONAL INSTITUTIONS,https://www.ncdps.gov/our-organization/adult-correction/community-corrections/confinement-response-violation-crv,2017/10/31,IMAGERY/OTHER,2024/03/06,https://www.ncdps.gov/our-organization/adult-correction/community-corrections/confinement-response-violation-crv,MINIMUM,"248",0.000001804419753,0.005422459182212,"10006348",PNC007,"227","227","6.09999990463257"
"2612","10001145",MCCORMICK CORRECTIONAL INSTITUTION,386 REDEMPTION WAY,MCCORMICK,SC,"29899","-999",(864) 443-2114,STATE,OPEN,"-999",MCCORMICK,"45065",USA,"922140",CORRECTIONAL INSTITUTIONS,https://www.doc.sc.gov/institutions,2018/01/08,IMAGERY/OTHER,2024/04/10,https://www.doc.sc.gov/institutions,CLOSE,"-999",0.000014821613604,0.015451980088272,"10001145",PSC020,"917","917","6.76666673024495"
"2672","10001133",EVANS CORRECTIONAL INSTITUTION,610 HWY 9 W,BENNETTSVILLE,SC,"29512","-999",(843) 479-4181,STATE,OPEN,"-999",MARLBORO,"45069",USA,"922140",CORRECTIONAL INSTITUTIONS,https://www.doc.sc.gov/institutions,2018/01/08,IMAGERY/OTHER,2024/04/10,https://www.doc.sc.gov/institutions,MEDIUM,"-999",0.000015082213622,0.015676751610130,"10001133",PSC007,"1226","1226","6.59999990463257"
"2683","10002688",WATEREE RIVER CORRECTIONAL INSTITUTION,HIGHWAY 261,REMBERT,SC,"29128","-999",(803) 432-6191,STATE,OPEN,"-999",SUMTER,"45085",USA,"922140",CORRECTIONAL INSTITUTIONS,https://www.doc.sc.gov/institutions,2018/01/08,IMAGERY/OTHER,2024/04/11,https://www.doc.sc.gov/institutions,MINIMUM,"-999",0.000010111820984,0.013721582970072,"10002688",PSC028,"803","803","6.90000009536743"
"2941","10001135",FCI BENNETTSVILLE CAMP,696 MUCKERMAN RD,BENNETTSVILLE,SC,"29512","-999",(843) 454-8200,FEDERAL,OPEN,"85",MARLBORO,"45069",USA,"922140",CORRECTIONAL INSTITUTIONS,https://www.bop.gov/locations/institutions/ben/,2016/02/16,IMAGERY/OTHER,2024/01/22,https://www.bop.gov/locations/institutions/ben/,MINIMUM,"-999",0.000000649601589,0.004033523314964,"10001135",,,"85","6.40000009536743"
"2949","10001134",FCI BENNETTSVILLE,696 MUCKERMAN RD,BENNETTSVILLE,SC,"29512","-999",(843) 454-8200,FEDERAL,OPEN,"1561",MARLBORO,"45069",USA,"922140",CORRECTIONAL INSTITUTIONS,https://www.bop.gov/locations/institutions/ben/,2016/02/16,IMAGERY/OTHER,2024/01/22,https://www.bop.gov/locations/institutions/ben/,MEDIUM,"-999",0.000020083204163,0.018010199935097,"10001134",FSC271,"1434","1434","6.43333339691162"
"2965","10001146",FCI EDGEFIELD,501 GARY HILL RD,EDGEFIELD,SC,"29824","-999",(803) 637-1500,FEDERAL,OPEN,"1601",EDGEFIELD,"45037",USA,"922140",CORRECTIONAL INSTITUTIONS,https://www.bop.gov/locations/institutions/edg/,2016/02/16,IMAGERY/OTHER,2024/01/22,https://www.bop.gov/locations/institutions/edg/,MEDIUM,"-999",0.000015768289813,0.015089473547820,"10001146",FSC273,"1946","1946","7.25"
"2967","10006171",FCI EDGEFIELD CAMP,501 GARY HILL RD,EDGEFIELD,SC,"29824","-999",(803) 637-1500,FEDERAL,OPEN,"482",EDGEFIELD,"45037",USA,"922140",CORRECTIONAL INSTITUTIONS,https://www.bop.gov/locations/institutions/edg/,2016/02/16,IMAGERY/OTHER,2024/01/22,https://www.bop.gov/locations/institutions/edg/,MINIMUM,"-999",0.000004150872201,0.009015916041109,"10006171",,,"482","7.30000019073486"
"3031","10006148",FCI BUTNER MEDIUM I,OLD NC HWY 75,BUTNER,NC,"27509","-999",(919) 575-4541,FEDERAL,OPEN,"618",DURHAM,"37063",USA,"922140",CORRECTIONAL INSTITUTIONS,https://www.bop.gov/locations/institutions/but/,2016/02/16,IMAGERY/OTHER,2024/01/19,https://www.bop.gov/locations/institutions/but/,MEDIUM,"-999",0.000014553926349,0.014324525117828,"10006148",FNC196,"960","960","7.04999995231628"
"3032","10001761",FCI BUTNER MEDIUM II,OLD NC HWY 75,BUTNER,NC,"27509","-999",(919) 575-8000,FEDERAL,OPEN,"1430",DURHAM,"37063",USA,"922140",CORRECTIONAL INSTITUTIONS,https://www.bop.gov/locations/institutions/btf/,2016/02/16,IMAGERY/OTHER,2024/01/19,https://www.bop.gov/locations/institutions/btf/,MEDIUM,"-999",0.000018064788492,0.016853741877079,"10001761",FNC198,"1568","1568","7.09999990463257"
"4679","10002640",CRAGGY CORRECTIONAL CENTER,2992 RIVERSIDE DRIVE,ASHEVILLE,NC,"28804","-999",(828) 645-5315,STATE,OPEN,"-999",BUNCOMBE,"37021",USA,"922140",CORRECTIONAL INSTITUTIONS,https://www.dac.nc.gov/divisions-and-sections/prisons/prison-facilities/craggy-correctional-institution,2017/10/31,IMAGERY/OTHER,2024/02/29,https://www.dac.nc.gov/divisions-and-sections/prisons/prison-facilities/craggy-correctional-institution,MEDIUM,"598",0.000003903389370,0.009614958831696,"10002640",PNC020,"598","598","6.40000009536743"
"4697","10001787",CRAVEN CORRECTIONAL INSTITUTION,600 ALLIGATOR RD,VANCEBORO,NC,"28586","-999",(252) 244-3337,STATE,OPEN,"-999",CRAVEN,"37049",USA,"922140",CORRECTIONAL INSTITUTIONS,https://www.dac.nc.gov/divisions-and-sections/prisons/prison-facilities/craven-correctional-institution,2017/10/31,IMAGERY/OTHER,2024/02/29,https://www.dac.nc.gov/divisions-and-sections/prisons/prison-facilities/craven-correctional-institution,MEDIUM,"850",0.000006855019365,0.009832465207285,"10001787",PNC021,"816","816","5.30000019073486"
"4700","10004157",FRANKLIN CORRECTIONAL CENTER,5918 HWY 39 S,BUNN,NC,"27508","-999",(919) 496-6119,STATE,OPEN,"-999",FRANKLIN,"37069",USA,"922140",CORRECTIONAL INSTITUTIONS,https://www.dac.nc.gov/divisions-and-sections/prisons/prison-facilities/franklin-correctional-center-0,2017/10/31,IMAGERY/OTHER,2024/02/29,https://www.dac.nc.gov/divisions-and-sections/prisons/prison-facilities/franklin-correctional-center-0,MEDIUM,"452",0.000004467646704,0.010310168521555,"10004157",PNC030,"467","467","7.40000009536743"
"4716","10001754",MOUNTAIN VIEW CORRECTIONAL INSTITUTION,545 AMITY PARK RD,SPRUCE PINE,NC,"28777","-999",(828) 766-2555,STATE,OPEN,"-999",AVERY,"37011",USA,"922140",CORRECTIONAL INSTITUTIONS,https://www.dac.nc.gov/divisions-and-sections/prisons/prison-facilities/mountain-view-correctional-institution,2017/10/31,IMAGERY/OTHER,2024/02/29,https://www.dac.nc.gov/divisions-and-sections/prisons/prison-facilities/mountain-view-correctional-institution,MEDIUM,"884",0.000005105754099,0.008823377555655,"10001754",PNC046,"897","897","6.20000004768372"
"4717","10001027",LUMBERTON CORRECTIONAL INSTITUTION,75 LEGEND RD,LUMBERTON,NC,"28359","-999",(910) 785-8533,STATE,OPEN,"-999",ROBESON,"37155",USA,"922140",CORRECTIONAL INSTITUTIONS,https://www.dac.nc.gov/divisions-and-sections/prisons/prison-facilities/lumberton-correctional-institution,2017/10/31,IMAGERY/OTHER,2024/02/29,https://www.dac.nc.gov/divisions-and-sections/prisons/prison-facilities/lumberton-correctional-institution,MEDIUM,"768",0.000008513487728,0.011553673992453,"10001027",PNC041,"731","731","5.80000019073486"
"4719","10001770",MARION CORRECTIONAL INSTITUTION,355 OLD GLENWOOD DR,MARION,NC,"28752","-999",(828) 659-7810,STATE,OPEN,"-999",MCDOWELL,"37111",USA,"922140",CORRECTIONAL INSTITUTIONS,https://www.dac.nc.gov/divisions-and-sections/prisons/prison-facilities/marion-correctional-institution-0,2017/10/31,IMAGERY/OTHER,2024/02/29,https://www.dac.nc.gov/divisions-and-sections/prisons/prison-facilities/marion-correctional-institution-0,CLOSE,"793",0.000008438114719,0.011455966687334,"10001770",PNC042,"707","707","5.95000004768372"
"5465","10001798",COLUMBUS CORRECTIONAL INSTITUTION,1255 PRISON CAMP RD,WHITEVILLE,NC,"28472","-999",(910) 642-3285,STATE,OPEN,"-999",COLUMBUS,"37047",USA,"922140",CORRECTIONAL INSTITUTIONS,https://www.dac.nc.gov/divisions-and-sections/institutions/prison-facilities/columbus-correctional-institution,2017/10/31,IMAGERY/OTHER,2024/02/29,https://www.dac.nc.gov/divisions-and-sections/institutions/prison-facilities/columbus-correctional-institution,MEDIUM,"698",0.000005646957106,0.011771130712722,"10001798",PNC019,"663","663","5"
"5466","10004194",EASTERN CORRECTIONAL INSTITUTION,2821 HWY 903,MAURY,NC,"28554","-999",(252) 747-8101,STATE,OPEN,"466",GREENE,"37079",USA,"922140",CORRECTIONAL INSTITUTIONS,https://www.dac.nc.gov/divisions-and-sections/prisons/prison-facilities/eastern-correctional-institution,2024/02/29,IMAGERY/OTHER,2020/02/13,https://www.dac.nc.gov/divisions-and-sections/prisons/prison-facilities/eastern-correctional-institution,CLOSE,"480",0.000005972735835,0.010040543642442,"10004194",PNC026,"349","349","5.59999990463257"
"5475","10002633",ROANOKE RIVER CORRECTIONAL INSTITUTION,2787 CALEDONIA DR,TILLERY,NC,"27882","-999",(252) 826-5621,STATE,OPEN,"-999",HALIFAX,"37083",USA,"922140",CORRECTIONAL INSTITUTIONS,https://www.dac.nc.gov/divisions-and-sections/institutions/prison-facilities/roanoke-river-correctional-institution,2017/10/31,IMAGERY/OTHER,2024/03/06,https://www.dac.nc.gov/divisions-and-sections/institutions/prison-facilities/roanoke-river-correctional-institution,MEDIUM,"1038",0.000008219930123,0.011119076553515,"10002633",PNC010,"1012","1012","6.5"
"5476","10001797",HOKE CORRECTIONAL INSTITUTION,243 OLD HWY 211,RAEFORD,NC,"28376","-999",(910) 944-7612,STATE,CLOSED,"-999",HOKE,"37093",USA,"922140",CORRECTIONAL INSTITUTIONS,https://www.dac.nc.gov/our-organization/prisons/closed-prisons,2017/10/31,IMAGERY/OTHER,2017/10/31,https://www.dac.nc.gov/our-organization/prisons/closed-prisons,MINIMUM,"-999",0.000004116967375,0.011503227359383,"10001797",PNC035,"531","531","6.5"
"5493","10003492",NORTHEAST CORRECTIONAL COMPLEX-MAIN,5249 HWY 67 W,MOUNTAIN CITY,TN,"37683","5000",(423) 727-7387,STATE,OPEN,"-999",JOHNSON,"47091",USA,"922140",CORRECTIONAL INSTITUTIONS,https://www.tn.gov/correction/state-prisons/state-prison-list/northeast-correctional-complex.html,2017/11/30,IMAGERY/OTHER,2024/01/19,https://www.tn.gov/correction/state-prisons/state-prison-list.html,MAXIMUM,"1395",0.000016804116058,0.021701610849092,"10003492",PTN007,"1663","1663","7.30000019073486"
"5802","10001138",LEE CORRECTIONAL INSTITUTION,990 WISACKY HWY,BISHOPVILLE,SC,"29010","-999",(803) 428-2800,STATE,OPEN,"-999",LEE,"45061",USA,"922140",CORRECTIONAL INSTITUTIONS,https://www.doc.sc.gov/institutions,2018/01/08,IMAGERY/OTHER,2024/04/10,https://www.doc.sc.gov/institutions,MEDIUM,"-999",0.000021105505311,0.018434222603671,"10001138",PSC013,"1230","1230","6.40000009536743"
"5808","10001132",KERSHAW CORRECTIONAL INSTITUTION,4848 GOLDMINE HWY,KERSHAW,SC,"29067","-999",(803) 896-3300,STATE,OPEN,"-999",LANCASTER,"45057",USA,"922140",CORRECTIONAL INSTITUTIONS,https://www.doc.sc.gov/institutions,2018/01/08,IMAGERY/OTHER,2024/04/10,https://www.doc.sc.gov/institutions,MEDIUM,"-999",0.000011849747807,0.014396761324245,"10001132",PSC010,"1350","1350","7"
"5817","10002685",PALMER PRE-RELEASE CENTER,2012 PISGAH RD,FLORENCE,SC,"29501","-999",(843) 661-4770,STATE,OPEN,"-999",FLORENCE,"45041",USA,"922140",CORRECTIONAL INSTITUTIONS,https://www.doc.sc.gov/institutions,2018/01/08,IMAGERY/OTHER,2024/04/11,https://www.doc.sc.gov/institutions,MINIMUM,"-999",0.000000833096465,0.004913691362163,"10002685",PSC021,"238","238","6.69999980926514"
"5819","10001129",PERRY CORRECTIONAL INSTITUTION,430 OAKLAWN RD,PELZER,SC,"29669","-999",(864) 243-4700,STATE,OPEN,"-999",GREENVILLE,"45045",USA,"922140",CORRECTIONAL INSTITUTIONS,https://www.doc.sc.gov/institutions,2018/01/08,IMAGERY/OTHER,2024/04/11,https://www.doc.sc.gov/institutions,CLOSE,"-999",0.000015162788713,0.016715547714400,"10001129",PSC023,"844","844","6.85000014305115"
"5821","10002691",TURBEVILLE CORRECTIONAL INSTITUTION,1578 CLARENCE COKER HWY,TURBEVILLE,SC,"29162","-999",(843) 659-4800,STATE,OPEN,"-999",CLARENDON,"45027",USA,"922140",CORRECTIONAL INSTITUTIONS,https://www.doc.sc.gov/institutions,2018/01/08,IMAGERY/OTHER,2024/04/11,https://www.doc.sc.gov/institutions,MEDIUM,"1472",0.000018304250261,0.018228865707398,"10002691",PSC026,"1019","1019","5.70000004768372"
"5971","10001023",ALEXANDER CORRECTIONAL INSTITUTION,633 OLD LANDFILL RD,TAYLORSVILLE,NC,"28681","-999",(828) 632-1331,STATE,OPEN,"-999",ALEXANDER,"37003",USA,"922140",CORRECTIONAL INSTITUTIONS,https://www.dac.nc.gov/divisions-and-sections/institutions/prison-facilities-regional-offices,2017/10/31,IMAGERY/OTHER,2024/02/28,https://www.dac.nc.gov/divisions-and-sections/prisons/prison-facilities/alexander-correctional-institution,CLOSE,"1180",0.000011157148037,0.017407617177819,"10001023",PNC002,"1231","1231","6.40000009536743"
"5972","10001786",ALBEMARLE CORRECTIONAL INSTITUTION,44150 AIRPORT RD,NEW LONDON,NC,"28127","-999",(704) 422-3036,STATE,OPEN,"-999",STANLY,"37167",USA,"922140",CORRECTIONAL INSTITUTIONS,https://www.dac.nc.gov/divisions-and-sections/prisons/prison-facilities/albemarle-correctional-institution,2017/10/31,IMAGERY/OTHER,2024/02/28,https://www.dac.nc.gov/divisions-and-sections/prisons/prison-facilities/albemarle-correctional-institution,MEDIUM,"624",0.000009090705589,0.012265338702449,"10001786",PNC001,"843","843","7.09999990463257"
"5975","10006147",AVERY-MITCHELL CORRECTIONAL INSTITUTION,600 AMITY PARK RD,SPRUCE PINE,NC,"28777","-999",(828) 765-0229,STATE,OPEN,"-999",AVERY,"37011",USA,"922140",CORRECTIONAL INSTITUTIONS,https://www.dac.nc.gov/divisions-and-sections/institutions/prison-facilities/avery-mitchell-correctional-institution,2017/10/31,IMAGERY/OTHER,2024/02/28,https://www.dac.nc.gov/divisions-and-sections/institutions/prison-facilities/avery-mitchell-correctional-institution,MEDIUM,"816",0.000009010991789,0.011282202924293,"10006147",PNC004,"848","848","5.95000004768372"
"6020","10001775",GREENE CORRECTIONAL INSTITUTION,2699 HWY 903,MAURY,NC,"28554","-999",(252) 747-3676,STATE,OPEN,"-999",GREENE,"37079",USA,"922140",CORRECTIONAL INSTITUTIONS,https://www.dac.nc.gov/divisions-and-sections/institutions/prison-facilities/greene-correctional-institution,2017/10/31,IMAGERY/OTHER,2024/02/29,https://www.dac.nc.gov/divisions-and-sections/institutions/prison-facilities/greene-correctional-institution,MINIMUM,"616",0.000003521989584,0.007551724147268,"10001775",PNC033,"624","624","5.64999985694885"
"6023","10001025",HARNETT CORRECTIONAL INSTITUTION,1210 E MCNEILL ST,LILLINGTON,NC,"27546","-999",(910) 893-2751,STATE,OPEN,"-999",HARNETT,"37085",USA,"922140",CORRECTIONAL INSTITUTIONS,https://www.dac.nc.gov/divisions-and-sections/prisons/prison-facilities/harnett-correctional-institution,2017/10/31,IMAGERY/OTHER,2024/02/29,https://www.dac.nc.gov/divisions-and-sections/prisons/prison-facilities/harnett-correctional-institution,MEDIUM,"988",0.000010459550140,0.013802147042827,"10001025",PNC034,"982","982","6.90000009536743"
"6025","10004193",HYDE CORRECTIONAL INSTITUTION,620 PRISON RD,FAIRFIELD,NC,"27826","-999",(252) 926-1810,STATE,OPEN,"-999",HYDE,"37095",USA,"922140",CORRECTIONAL INSTITUTIONS,https://www.dac.nc.gov/divisions-and-sections/prisons/prison-facilities/hyde-correctional-institution,2017/10/31,IMAGERY/OTHER,2024/02/29,https://www.dac.nc.gov/divisions-and-sections/prisons/prison-facilities/hyde-correctional-institution,MINIMUM,"648",0.000007675560482,0.014327046303068,"10004193",PNC036,"427","427","5.30000019073486"
"6026","10001752",PASQUOTANK CORRECTIONAL INSTITUTION,527 COMMERCE DR,ELIZABETH CITY,NC,"27906","-999",(252) 331-4881,STATE,OPEN,"-999",PASQUOTANK,"37139",USA,"922140",CORRECTIONAL INSTITUTIONS,https://www.dac.nc.gov/divisions-and-sections/prisons/prison-facilities/pasquotank-correctional-institution,2017/10/31,IMAGERY/OTHER,2024/02/29,https://www.dac.nc.gov/divisions-and-sections/prisons/prison-facilities/pasquotank-correctional-institution,CLOSE,"896",0.000009698970416,0.012286551474025,"10001752",PNC056,"673","673","5.42499995231628"
"6029","10004226",PENDER CORRECTIONAL INSTITUTION,906 PENDERLEA HWY,BURGAW,NC,"28425","-999",(910) 259-8735,STATE,OPEN,"-999",PENDER,"37141",USA,"922140",CORRECTIONAL INSTITUTIONS,https://www.dac.nc.gov/divisions-and-sections/institutions/prison-facilities/pender-correctional-institution,2017/10/31,IMAGERY/OTHER,2024/03/01,https://www.dac.nc.gov/divisions-and-sections/institutions/prison-facilities/pender-correctional-institution,MEDIUM,"768",0.000008790683751,0.014198831492526,"10004226",PNC057,"717","717","5.5"
"6030","10004190",JOHNSTON CORRECTIONAL INSTITUTION,2465 US 70 W,SMITHFIELD,NC,"27577","-999",(919) 934-8386,STATE,OPEN,"-999",JOHNSTON,"37101",USA,"922140",CORRECTIONAL INSTITUTIONS,https://www.dac.nc.gov/divisions-and-sections/prisons/prison-facilities/johnston-correctional-institution,2017/10/31,IMAGERY/OTHER,2024/02/29,https://www.dac.nc.gov/divisions-and-sections/prisons/prison-facilities/johnston-correctional-institution,MINIMUM,"640",0.000006799655239,0.018773078060900,"10004190",PNC037,"610","610","7.40000009536743"
"6033","10001776",MAURY CORRECTIONAL INSTITUTION,2568 MOORE ROUSE RD,HOOKERTON,NC,"28538","-999",(252) 653-5501,STATE,OPEN,"-999",GREENE,"37079",USA,"922140",CORRECTIONAL INSTITUTIONS,https://www.dac.nc.gov/divisions-and-sections/prisons/prison-facilities/maury-correctional-institution,2017/10/31,IMAGERY/OTHER,2024/02/29,https://www.dac.nc.gov/divisions-and-sections/prisons/prison-facilities/maury-correctional-institution,CLOSE,"1504",0.000009770542874,0.012549244685593,"10001776",PNC043,"1356","1356","6.14999985694885"
"6035","10001763",NASH CORRECTIONAL INSTITUTION,2869 US 64 ALT,NASHVILLE,NC,"27856","-999",(252) 459-4455,STATE,OPEN,"-999",NASH,"37127",USA,"922140",CORRECTIONAL INSTITUTIONS,https://www.dac.nc.gov/divisions-and-sections/prisons/prison-facilities/nash-correctional-institution-0,2017/10/31,IMAGERY/OTHER,2024/02/29,https://www.dac.nc.gov/divisions-and-sections/prisons/prison-facilities/nash-correctional-institution-0,MEDIUM,"654",0.000012412302112,0.014491595984216,"10001763",PNC047,"651","651","6.90000009536743"
"6036","10001749",CASWELL CORRECTIONAL CENTER,444 COUNTY HOME RD,BLANCH,NC,"27212","-999",(336) 694-4531,STATE,OPEN,"-999",CASWELL,"37033",USA,"922140",CORRECTIONAL INSTITUTIONS,https://www.dac.nc.gov/divisions-and-sections/prisons/prison-facilities/caswell-correctional-center,2017/10/31,IMAGERY/OTHER,2024/02/28,https://www.dac.nc.gov/divisions-and-sections/prisons/prison-facilities/caswell-correctional-center,MEDIUM,"460",0.000002984017101,0.007001254201608,"10001749",PNC012,"468","468","6.30000019073486"
"6038","10001750",DAN RIVER PRISON WORK FARM,981 MURRAY RD,BLANCH,NC,"27212","-999",(336) 694-1583,STATE,OPEN,"-999",CASWELL,"37033",USA,"922140",CORRECTIONAL INSTITUTIONS,https://www.dac.nc.gov/divisions-and-sections/prisons/prison-facilities/dan-river-prison-work-farm,2017/10/31,IMAGERY/OTHER,2024/02/29,https://www.dac.nc.gov/divisions-and-sections/prisons/prison-facilities/dan-river-prison-work-farm,MINIMUM,"640",0.000003543361117,0.008149206362766,"10001750",PNC022,"572","572","6.09999990463257"
"6039","10001769",FOOTHILLS CORRECTIONAL INSTITUTION,5150 WESTERN AVE,MORGANTON,NC,"28655","-999",(828) 438-5585,STATE,OPEN,"-999",BURKE,"37023",USA,"922140",CORRECTIONAL INSTITUTIONS,https://www.dac.nc.gov/divisions-and-sections/prisons/prison-facilities/foothills-correctional-institution-0,2017/10/31,IMAGERY/OTHER,2024/02/29,https://www.dac.nc.gov/divisions-and-sections/prisons/prison-facilities/foothills-correctional-institution-0,CLOSE,"858",0.000009469338465,0.012199027866127,"10001769",PNC027,"714","714","6.07499992847443"
"6042","10001784",SOUTHERN CORRECTIONAL INSTITUTION,272 GLEN RD,TROY,NC,"27371","-999",(910) 572-3784,STATE,OPEN,"-999",MONTGOMERY,"37123",USA,"922140",CORRECTIONAL INSTITUTIONS,https://www.dac.nc.gov/divisions-and-sections/prisons/prison-facilities/southern-correctional-institution,2017/10/31,IMAGERY/OTHER,2024/03/01,https://www.dac.nc.gov/divisions-and-sections/prisons/prison-facilities/southern-correctional-institution,CLOSE,"664",0.000006068111134,0.009851627472521,"10001784",PNC071,"303","303","6.75"
"6043","10001782",NEUSE CORRECTIONAL INSTITUTION,701 STEVENS MILL RD,GOLDSBORO,NC,"27533","2087",(919) 731-2023,STATE,OPEN,"-999",WAYNE,"37191",USA,"922140",CORRECTIONAL INSTITUTIONS,https://www.dac.nc.gov/divisions-and-sections/prisons/prison-facilities/neuse-correctional-institution,2017/10/31,IMAGERY/OTHER,2024/02/29,https://www.dac.nc.gov/divisions-and-sections/prisons/prison-facilities/neuse-correctional-institution,MEDIUM,"788",0.000008461846619,0.013545529515740,"10001782",PNC048,"782","782","6.90000009536743"
"6045","10004181",MARION MINIMUM SECURITY UNIT,4019 STATE HWY 226 S,MARION,NC,"28752","-999",(828) 659-7810,STATE,OPEN,"-999",MCDOWELL,"37111",USA,"922140",CORRECTIONAL INSTITUTIONS,https://www.ncdps.gov/Adult-Corrections/Prisons/Prison-Facilities,2017/12/13,IMAGERY/OTHER,2024/03/06,https://www.ncdps.gov/Adult-Corrections/Prisons/Prison-Facilities,MINIMUM,"116",0.000001625501682,0.007593723830012,"10004181",,,,"6.19999980926514"
"6048","10001799",TABOR CORRECTIONAL INSTITUTION,4600 SWAMP FOX HWY W,TABOR CITY,NC,"28463","-999",(910) 653-6413,STATE,OPEN,"-999",COLUMBUS,"37047",USA,"922140",CORRECTIONAL INSTITUTIONS,https://www.dac.nc.gov/divisions-and-sections/prisons/prison-facilities/tabor-correctional-institution,2017/10/31,IMAGERY/OTHER,2024/03/01,https://www.dac.nc.gov/divisions-and-sections/prisons/prison-facilities/tabor-correctional-institution,CLOSE,"1752",0.000010996428273,0.017475711895517,"10001799",PNC073,"1616","1616","5.30000019073486"
"6049","10004146",WARREN CORRECTIONAL INSTITUTION,379 COLLINS RD,MANSON,NC,"27553","-999",(252) 456-3400,STATE,OPEN,"-999",WARREN,"37185",USA,"922140",CORRECTIONAL INSTITUTIONS,https://www.dac.nc.gov/divisions-and-sections/institutions/prison-facilities/warren-correctional-institution,2017/10/31,IMAGERY/OTHER,2024/03/01,https://www.dac.nc.gov/divisions-and-sections/institutions/prison-facilities/warren-correctional-institution,MEDIUM,"809",0.000014004442619,0.016504050589664,"10004146",PNC078,"664","664","6.40000009536743"
"6055","10004219",RICHMOND CORRECTIONAL INSTITUTION,1573 MCDONALD CHURCH RD,HOFFMAN,NC,"28347","-999",(910) 281-3161,STATE,OPEN,"-999",RICHMOND,"37153",USA,"922140",CORRECTIONAL INSTITUTIONS,https://www.dac.nc.gov/divisions-and-sections/institutions/prison-facilities/richmond-correctional-institution,2017/10/31,IMAGERY/OTHER,2017/10/31,https://www.dac.nc.gov/divisions-and-sections/institutions/prison-facilities/richmond-correctional-institution,MEDIUM,"801",0.000013749607433,0.027932494830874,"10004219",PNC045,"717","717","6.59999990463257"
"6068","10001790",ANSON CI - FEMALE,552 PRISON CAMP RD,POLKTON,NC,"28135","-999",(704) 695-1013,STATE,OPEN,"1000",ANSON,"37007",USA,"922140",CORRECTIONAL INSTITUTIONS,https://www.ncdps.gov/adult-corrections/prisons/prison-facilities/lanesboro-correctional-institution,2017/10/31,IMAGERY/OTHER,2024/03/06,https://www.ncdps.gov/Adult-Corrections/Prisons/Prison-Facilities/Lanesboro-Correctional-Institution,CLOSE,"1850",0.000036248491824,0.043965321730846,"10001790",,,"1000","6.59999990463257"
"6165","10001928",GRAHAM (CAMILLE GRIFFIN) CORRECTIONAL INSTITUTION,4450 BROAD RIVER RD,COLUMBIA,SC,"29210","4096",(803) 896-8590,STATE,OPEN,"-999",RICHLAND,"45079",USA,"922140",CORRECTIONAL INSTITUTIONS,https://www.doc.sc.gov/institutions,2024/04/10,IMAGERY/OTHER,2024/04/10,https://www.doc.sc.gov/institutions,MEDIUM,"-999",0.000006574985264,0.013235642527490,"10001928",PSC009,"736","736","7.19999980926514"
"6169","10001925",GOODMAN CORRECTIONAL INSTITUTION,4556 BROAD RIVER RD,COLUMBIA,SC,"29210","-999",(803) 896-8565,STATE,OPEN,"-999",RICHLAND,"45079",USA,"922140",CORRECTIONAL INSTITUTIONS,https://www.doc.sc.gov/institutions,2018/01/08,IMAGERY/OTHER,2024/04/10,https://www.doc.sc.gov/institutions,MINIMUM,"-999",0.000000861657782,0.005117409070590,"10001925",PSC008,"544","544","7.19999980926514"
"6171","10002668",TYGER RIVER CORRECTIONAL INSTITUTION,200 PRISON RD,ENOREE,SC,"29335","9308",(803) 896-3501,STATE,OPEN,"-999",SPARTANBURG,"45083",USA,"922140",CORRECTIONAL INSTITUTIONS,https://www.doc.sc.gov/institutions,2018/01/08,IMAGERY/OTHER,2024/04/11,https://www.doc.sc.gov/institutions,MEDIUM,"-999",0.000017058230696,0.024677841561056,"10002668",PSC027,"1106","1106","6.09999990463257"
"6172","10001137",LEATH CORRECTIONAL INSTITUTION,2809 AIRPORT RD,GREENWOOD,SC,"29649","-999",(803) 896-1000,STATE,OPEN,"-999",GREENWOOD,"45047",USA,"922140",CORRECTIONAL INSTITUTIONS,https://www.doc.sc.gov/institutions,2018/01/08,IMAGERY/OTHER,2020/02/07,https://www.doc.sc.gov/institutions,MEDIUM,"-999",0.000009038937151,0.011625760461149,"10001137",PSC012,"634","634","7.19999980926514"
"6241","10001703",NORTHEAST CORRECTIONAL COMPLEX - ANNEX,188 OLD RAILROAD GRADE RD,ROAN MOUNTAIN,TN,"37687","-999",(423) 772-3231,STATE,CLOSED,"-999",CARTER,"47019",USA,"922140",CORRECTIONAL INSTITUTIONS,https://www.wjhl.com/news/local/northeast-correctional-complex-annex-in-carter-county-to-close-if-state-budget-passes/,2018/01/10,IMAGERY/OTHER,2024/04/25,https://www.wjhl.com/news/local/northeast-correctional-complex-annex-in-carter-county-to-close-if-state-budget-passes/,MINIMUM,"-999",0.000001052941798,0.006771102196317,"10001703",,,,"5.80000019073486"
"3590","10003140",WASHINGTON CORRECTIONAL FACILITY,72 LOCK 11 LANE,COMSTOCK,NY,"12821","0180",(518) 639-4486,STATE,OPEN,"-999",WASHINGTON,"36115",USA,"922140",CORRECTIONAL INSTITUTIONS,https://doccs.ny.gov/location/washington-correctional-facility,2015/11/13,IMAGERY/OTHER,2024/03/18,https://doccs.ny.gov/location/washington-correctional-facility,MEDIUM,"924",0.000026054193768,0.028094691626585,"10003140",PNY058,"842","842","4.77500009536743"
"3609","10003141",GREAT MEADOW CORRECTIONAL FACILITY,11739 STATE ROUTE 22,COMSTOCK,NY,"12821","0051",(518) 639-5516,STATE,OPEN,"-999",WASHINGTON,"36115",USA,"922140",CORRECTIONAL INSTITUTIONS,https://doccs.ny.gov/location/great-meadow-correctional-facility,2015/11/13,IMAGERY/OTHER,2024/03/14,https://doccs.ny.gov/location/great-meadow-correctional-facility,MAXIMUM,"-999",0.000012953385976,0.014922004193875,"10003141",PNY026,"1449","1449","4.80000019073486"
"6268","10001116",NORTHWEST STATE CORRECTIONAL FACILITY,3649 LOWER NEWTON RD,ST. ALBANS,VT,"05488","-999",(802) 524-6771,STATE,OPEN,"-999",FRANKLIN,"50011",USA,"922140",CORRECTIONAL INSTITUTIONS,https://doc.vermont.gov/correctional-facilities/nwscf-swanton,2016/12/30,IMAGERY/OTHER,2024/05/03,https://doc.vermont.gov/correctional-facilities/nwscf-swanton,CLOSE,"-999",0.000009742639577,0.013134802289101,"10001116",PVT006,"235","235","5"
"1463","10000929",NORTHERN CORRECTIONAL INSTITUTION,287 BILTON RD,SOMERS,CT,"06071","-999",(860) 763-8600,STATE,CLOSED,"0",CAPITOL,"09110",USA,"922140",CORRECTIONAL INSTITUTIONS,https://portal.ct.gov/DOC/Facility/Northern-CI,2024/02/12,IMAGERY/OTHER,2024/02/12,https://portal.ct.gov/DOC/Facility/Northern-CI,MAXIMUM,"-999",0.000002915542609,0.007846722777150,"10000929",PCT037,"87","87","6.19999980926514"
"3499","10000928",OSBORN CORRECTIONAL INSTITUTION,335 BILTON RD,SOMERS,CT,"06071","-999",(860) 814-4600,STATE,OPEN,"1119",CAPITOL,"09110",USA,"922140",CORRECTIONAL INSTITUTIONS,https://portal.ct.gov/DOC/Report/Monthly-Statistics,2024/02/01,IMAGERY/OTHER,2024/02/12,https://portal.ct.gov/DOC/Facility/Osborn-CI,MEDIUM,"-999",0.000014543228644,0.015109504775923,"10000928",PCT040,"1330","1330","6.19999980926514"
"3199","10002801",FSL LA TUNA (EL PASO),OLD IRONSIDES DRIVE BUILDING 11636,EL PASO,TX,"79906","-999",(915) 791-9000,FEDERAL,NOT AVAILABLE,"-999",EL PASO,"48141",USA,"922140",CORRECTIONAL INSTITUTIONS,https://www.bop.gov/locations/list.jsp,2024/03/04,UNVERIFIED,2024/03/04,NOT AVAILABLE,MINIMUM,"-999",0.000010848004422,0.013311413835645,"10002801",,,,"6.90000009536743"
"3408","10003780",CIBOLA COUNTY CORRECTIONAL CENTER,2000 CIBOLA LOOP,MILAN,NM,"87021","-999",(505) 285-4900,MULTI,OPEN,"-999",CIBOLA,"35006",USA,"922140",CORRECTIONAL INSTITUTIONS,"https://www.ice.gov/detain/detention-management, https://www.cibolacountynm.com/departments/detention_center/index.php",2024/01/12,IMAGERY/OTHER,2024/02/02,https://www.corecivic.com/facilities/cibola-county-correctional-center,MEDIUM,"-999",0.000005786391057,0.010683871935558,"10003780",,,,"4.54999995231628"
"3906","10001243",NORTHEAST NEW MEXICO DETENTION FACILITY,185 DR. MICHAEL JENKINS RD,CLAYTON,NM,"88415","-999",(575) 374-4005,MULTI,OPEN,"622",UNION,"35059",USA,"922140",CORRECTIONAL INSTITUTIONS,"http://cd.nm.gov/pio/docs/2013-2014_Annual_Report.pdf, https://www.geogroup.com/Locations",2017/10/13,IMAGERY/OTHER,2020/02/04,https://www.geogroup.com/Locations,MEDIUM,"625",0.000005968699043,0.010331209650718,"10001243",PNM006,"503","503","3.09999990463257"
"4133","10003790",LEA COUNTY CORRECTIONAL FACILITY,6900 W MILLEN DR,HOBBS,NM,"88240","-999",(575) 392-4055,MULTI,OPEN,"1150",LEA,"35025",USA,"922140",CORRECTIONAL INSTITUTIONS,"http://cd.nm.gov/pio/docs/2013-2014_Annual_Report.pdf, https://www.geogroup.com/Locations",2017/10/13,IMAGERY/OTHER,2020/02/04,https://www.geogroup.com/Locations,MAXIMUM,"1200",0.000009097592056,0.012326623194580,"10003790",PNM005,"1259","1259","5"
"4160","10003794","SOUTHERN NM CORRECTIONAL FACILITY, LEVEL II UNIT",1983 JOE R SILVA BLVD,LAS CRUCES,NM,"88004","0639",(575) 523-3200,STATE,OPEN,"-999",DOÑA ANA,"35013",USA,"922140",CORRECTIONAL INSTITUTIONS,https://www.cd.nm.gov/divisions/adult-prisons/nmcd-prison-facilities/southern-new-mexico-correctional-facility/,2017/07/21,IMAGERY/OTHER,2024/06/03,https://www.cd.nm.gov/divisions/adult-prisons/nmcd-prison-facilities/southern-new-mexico-correctional-facility/,MINIMUM,"-999",0.000003752700422,0.007717044688387,"10003794",,,,"4.69999980926514"
"4179","10003775","PENITENTIARY OF NEW MEXICO, LEVEL II UNIT",4311 STATE HWY 14,SANTA FE,NM,"87504","-999",(505) 827-8201,STATE,OPEN,"191",SANTA FE,"35049",USA,"922140",CORRECTIONAL INSTITUTIONS,https://www.cd.nm.gov/divisions/adult-prisons/nmcd-prison-facilities/penitentiary-of-new-mexico/,2020/02/04,IMAGERY/OTHER,2024/06/03,https://www.cd.nm.gov/divisions/adult-prisons/nmcd-prison-facilities/penitentiary-of-new-mexico/,MINIMUM,"-999",0.000002557686685,0.007358047516012,"10003775",PNM016,"254","254","3.5"
"4494","10003795","SOUTHERN NM CORRECTIONAL FACILITY, LEVEL III UNIT",1983 JOE R SILVA BLVD,LAS CRUCES,NM,"88004","0639",(575) 523-3200,STATE,OPEN,"-999",DOÑA ANA,"35013",USA,"922140",CORRECTIONAL INSTITUTIONS,https://www.cd.nm.gov/divisions/adult-prisons/nmcd-prison-facilities/southern-new-mexico-correctional-facility/,2017/07/21,IMAGERY/OTHER,2024/06/03,https://www.cd.nm.gov/divisions/adult-prisons/nmcd-prison-facilities/southern-new-mexico-correctional-facility/,MAXIMUM,"-999",0.000021839110786,0.018494703437857,"10003795",PNM019,"196","196","4.64999985694885"
"4519","10006612",NEW MEXICO BEHAVIORAL HEALTH INSTITUTE - FORENSIC DIVISION,3695 HOT SPRINGS BLVD,LAS VEGAS,NM,"87701","-999",(505) 454-2100,STATE,OPEN,"-999",SAN MIGUEL,"35047",USA,"922140",CORRECTIONAL INSTITUTIONS,https://nmhealth.org/about/ofm/ltcf/nmbhi/,2017/12/18,IMAGERY/OTHER,2024/06/03,https://nmhealth.org/about/ofm/ltcf/nmbhi/#overview,MAXIMUM,"-999",0.000000925777385,0.003990295828259,"10006612",,,,"3.29999995231628"
"5946","10003791",OTERO COUNTY PRISON FACILITY,10 MCGREGOR RANGE RD,CHAPARRAL,NM,"88081","-999",(575) 824-4884,MULTI,OPEN,"-999",OTERO,"35035",USA,"922140",CORRECTIONAL INSTITUTIONS,https://www.cd.nm.gov/divisions/adult-prisons/nmcd-prison-facilities/otero-county-prison-facility/,2024/02/02,IMAGERY/OTHER,2024/02/02,https://www.mtctrains.com/facility/otero-county-prison-facility/,MAXIMUM,"1418",0.000004101859076,0.008402219934421,"10003791",,,,"5"
"6070","10003769",SPRINGER CORRECTIONAL CENTER,201 ROAD HWY 468,SPRINGER,NM,"87747","-999",(575) 483-3100,STATE,OPEN,"-999",COLFAX,"35007",USA,"922140",CORRECTIONAL INSTITUTIONS,https://www.cd.nm.gov/divisions/adult-prisons/nmcd-prison-facilities/springer-correctional-center/,2016/06/09,IMAGERY/OTHER,2024/03/12,https://www.cd.nm.gov/divisions/adult-prisons/nmcd-prison-facilities/springer-correctional-center/,MINIMUM,"294",0.000015766262550,0.016065966363524,"10003769",PNM012,"333","333","3.5"
"6073","10001249",ROSWELL CORRECTIONAL CENTER,578 W CHICKASAW RD,HAGERMAN,NM,"88232","-999",(575) 888-3838,STATE,OPEN,"-999",CHAVES,"35005",USA,"922140",CORRECTIONAL INSTITUTIONS,https://www.cd.nm.gov/divisions/adult-prisons/nmcd-prison-facilities/roswell-correctional-center/,2016/02/18,IMAGERY/OTHER,2024/03/12,https://www.cd.nm.gov/divisions/adult-prisons/nmcd-prison-facilities/roswell-correctional-center/,MINIMUM,"340",0.000002469250830,0.008178757213072,"10001249",PNM010,"226","226","4.30000019073486"
"6075","10001246",GUADALUPE COUNTY CORRECTIONAL FACILITY,SOUTH HWY 54,SANTA ROSA,NM,"88435","-999",(575) 472-1002,STATE,OPEN,"-999",GUADALUPE,"35019",USA,"922140",CORRECTIONAL INSTITUTIONS,https://www.cd.nm.gov/divisions/adult-prisons/nmcd-prison-facilities/guadalupe-county-correctional-facility/,2017/10/13,IMAGERY/OTHER,2017/10/13,https://www.cd.nm.gov/divisions/adult-prisons/nmcd-prison-facilities/guadalupe-county-correctional-facility/,CLOSE,"-999",0.000005103186822,0.008816989177703,"10001246",PNM004,"578","578","3.09999990463257"
"6078","10001244",WESTERN NM CORRECTIONAL FACILITY,2111 LOBO CANYON RD,GRANTS,NM,"87020","-999",(505) 876-8300,STATE,OPEN,"-999",CIBOLA,"35006",USA,"922140",CORRECTIONAL INSTITUTIONS,https://www.cd.nm.gov/divisions/adult-prisons/nmcd-prison-facilities/western-new-mexico-correctional-facility/,2015/04/30,IMAGERY/OTHER,2024/03/12,https://www.cd.nm.gov/divisions/adult-prisons/nmcd-prison-facilities/western-new-mexico-correctional-facility/,CLOSE,"673",0.000009177816537,0.015742961433809,"10001244",PNM013,"388","388","4.5"
"6318","10003787","CENTRAL NM CORRECTIONAL FACILITY, LEVEL I UNIT",3201 HIGHWAY 314 SW,LOS LUNAS,NM,"87031","-999",(505) 865-2728,STATE,OPEN,"-999",VALENCIA,"35061",USA,"922140",CORRECTIONAL INSTITUTIONS,https://www.cd.nm.gov/divisions/adult-prisons/nmcd-prison-facilities/central-new-mexico-correctional-facility/,2016/07/27,IMAGERY/OTHER,2024/06/03,https://www.cd.nm.gov/divisions/adult-prisons/nmcd-prison-facilities/central-new-mexico-correctional-facility/,MINIMUM,"400",0.000006703308827,0.011357684568325,"10003787",PNM014,"144","144","5.12499988079071"
"6320","10003781",NORTHWEST NEW MEXICO CORRECTIONAL CENTER,1700 EAST OLD HIGHWAY 66,GRANTS,NM,"87020","-999",(505) 287-2941,STATE,OPEN,"-999",CIBOLA,"35006",USA,"922140",CORRECTIONAL INSTITUTIONS,https://www.cd.nm.gov/divisions/adult-prisons/nmcd-prison-facilities/northeast-new-mexico-correctional-facility/,2020/02/04,IMAGERY/OTHER,2024/06/03,https://www.cd.nm.gov/divisions/adult-prisons/nmcd-prison-facilities/northeast-new-mexico-correctional-facility/,MAXIMUM,"-999",0.000004641327905,0.009061794570090,"10003781",PNM007,"705","705","4.95000004768372"
"6326","10003774","PENITENTIARY OF NEW MEXICO, LEVEL V UNIT",4311 STATE HWY 14,SANTA FE,NM,"87504","-999",(505) 827-8201,STATE,OPEN,"300",SANTA FE,"35049",USA,"922140",CORRECTIONAL INSTITUTIONS,https://www.cd.nm.gov/divisions/adult-prisons/nmcd-prison-facilities/penitentiary-of-new-mexico/,2020/02/04,IMAGERY/OTHER,2024/06/03,https://www.cd.nm.gov/divisions/adult-prisons/nmcd-prison-facilities/penitentiary-of-new-mexico/,MAXIMUM,"-999",0.000014636760170,0.015916994595693,"10003774",PNM017,"251","251","3.5"
"6327","10003773","PENITENTIARY OF NEW MEXICO, LEVEL VI UNIT",4311 STATE HWY 14,SANTA FE,NM,"87504","-999",(505) 827-8201,STATE,OPEN,"300",SANTA FE,"35049",USA,"922140",CORRECTIONAL INSTITUTIONS,https://www.cd.nm.gov/divisions/adult-prisons/nmcd-prison-facilities/penitentiary-of-new-mexico/,2020/02/04,IMAGERY/OTHER,2024/06/03,https://www.cd.nm.gov/divisions/adult-prisons/nmcd-prison-facilities/penitentiary-of-new-mexico/,MAXIMUM,"-999",0.000014609111304,0.016261970378244,"10003773",PNM018,"212","212","3.5"
"950","10003800",ELY CONSERVATION CAMP,HC 10 BOX 10813,ELY,NV,"89301","-999",(775) 289-8430,STATE,CLOSED,"-999",WHITE PINE,"32033",USA,"922140",CORRECTIONAL INSTITUTIONS,http://doc.nv.gov/Facilities/ECC_Facility/,2016/12/31,IMAGERY/OTHER,2016/12/31,http://doc.nv.gov/Facilities/ECC_Facility/,MINIMUM,"-999",0.000001208938102,0.004771191727212,"10003800",PNV004,"120","120","4"
"952","10000258",WELLS CONSERVATION CAMP,HC 67-50,WELLS,NV,"89835","-999",(775) 478-5120,STATE,OPEN,"-999",ELKO,"32007",USA,"922140",CORRECTIONAL INSTITUTIONS,http://doc.nv.gov/Facilities/WCC_Facility/,2016/12/31,IMAGERY/OTHER,2024/03/12,http://doc.nv.gov/Facilities/WCC_Facility/,MINIMUM,"150",0.000015037675439,0.016233291062946,"10000258",PNV022,"117","117","4.25"
"1136","10006179",FCI MENDOTA,33500 WEST CALIFORNIA AVENUE,MENDOTA,CA,"93640","-999",(559) 274-4000,FEDERAL,OPEN,"957",FRESNO,"06019",USA,"922140",CORRECTIONAL INSTITUTIONS,https://www.bop.gov/locations/institutions/men/,2016/02/16,IMAGERY/OTHER,2024/01/12,https://www.bop.gov/locations/institutions/men/,MEDIUM,"-999",0.000020295643026,0.019168648103917,"10006179",FCA041,"848","848","8.60000038146973"
"1518","10000771",ALDER CONSERVATION CAMP #20,1400 ALDER CAMP ROAD,KLAMATH,CA,"95548","-999",(707) 482-4511,STATE,OPEN,"-999",DEL NORTE,"06015",USA,"922140",CORRECTIONAL INSTITUTIONS,http://www.cdcr.ca.gov/Conservation_Camps/,2017/10/25,IMAGERY/OTHER,2024/01/22,https://www.cdcr.ca.gov/facility-locator/conservation-camps/alder/,MINIMUM,"-999",0.000003008128715,0.008964251893894,"10000771",,,,"5.14999985694885"
"1576","10003012",JEAN CONSERVATION CAMP,3 PRISON RD,JEAN,NV,"89019","-999",(725) 216-6330,STATE,OPEN,"-999",CLARK,"32003",USA,"922140",CORRECTIONAL INSTITUTIONS,http://doc.nv.gov/Facilities/JCC_Facility/,2016/12/31,IMAGERY/OTHER,2024/03/12,http://doc.nv.gov/Facilities/JCC_Facility/,MINIMUM,"240",0.000002533872248,0.006906667867291,"10003012",PNV009,"181","181","5.30000019073486"
"1582","10003002",PIOCHE CONSERVATION CAMP,1 HARDTIMES RD,PIOCHE,NV,"89043","-999",(775) 962-5125,STATE,OPEN,"-999",LINCOLN,"32017",USA,"922140",CORRECTIONAL INSTITUTIONS,http://doc.nv.gov/Facilities/PCC_Facility/,2016/12/31,IMAGERY/OTHER,2024/03/12,http://doc.nv.gov/Facilities/PCC_Facility/,MINIMUM,"238",0.000001395811069,0.005574329996186,"10003002",PNV015,"201","201","5.19999980926514"
"1584","10002997",STEWART CONSERVATION CAMP,1721 SNYDER AVE,CARSON CITY,NV,"89702","-999",(775) 977-5110,STATE,OPEN,"357",CARSON CITY,"32510",USA,"922140",CORRECTIONAL INSTITUTIONS,http://doc.nv.gov/Facilities/SCC_Facility/,2016/12/31,IMAGERY/OTHER,2024/03/12,http://doc.nv.gov/Facilities/SCC_Facility/,MINIMUM,"360",0.000001228017481,0.005348025607778,"10002997",PNV017,"342","342","5.19999980926514"
"1585","10003006",THREE LAKES VALLEY CONSERVATION & BOOT CAMP,20825 COLD CREEK RD,INDIAN SPRINGS,NV,"89070","-999",(725) 216-6500,STATE,OPEN,"-999",CLARK,"32003",USA,"922140",CORRECTIONAL INSTITUTIONS,https://doc.nv.gov/Facilities/TLVCC_Facility/,2016/12/31,IMAGERY/OTHER,2024/03/12,https://doc.nv.gov/Facilities/TLVCC_Facility/,MINIMUM,"384",0.000008848319339,0.013805878005486,"10003006",PNV018,"357","357","7"
"1608","10005258",SUGAR PINE CONSERVATION CAMP #9,15905 SUGAR PINE CAMP ROAD,BELLA VISTA,CA,"96008","-999",(530) 472-3027,STATE,OPEN,"-999",SHASTA,"06089",USA,"922140",CORRECTIONAL INSTITUTIONS,http://www.cdcr.ca.gov/Conservation_Camps/,2015/11/01,IMAGERY/OTHER,2015/11/01,http://www.cdcr.ca.gov/Conservation_Camps/,MINIMUM,"-999",0.000003927066246,0.007835076968071,"10005258",,,,"5.80000019073486"
"1610","10002991",LOVELOCK CORRECTIONAL CENTER,1200 PRISON RD,LOVELOCK,NV,"89419","-999",(775) 977-5350,STATE,OPEN,"-999",PERSHING,"32027",USA,"922140",CORRECTIONAL INSTITUTIONS,http://doc.nv.gov/Facilities/LCC_Facility/,2016/12/31,IMAGERY/OTHER,2024/03/12,http://doc.nv.gov/Facilities/LCC_Facility/,CLOSE,"1680",0.000015685139715,0.017749369952776,"10002991",PNV011,"1710","1710","5.09999990463257"
"1671","10005267",SALT CREEK CONSERVATION CAMP #7,10655 ROUND VALLEY ROAD,PASKENTA,CA,"96074","-999",(530) 833-5497,STATE,OPEN,"-999",TEHAMA,"06103",USA,"922140",CORRECTIONAL INSTITUTIONS,http://www.cdcr.ca.gov/Conservation_Camps/,2017/10/26,IMAGERY/OTHER,2017/10/26,http://www.cdcr.ca.gov/Conservation_Camps/,MINIMUM,"-999",0.000003802180800,0.008030218511061,"10005267",,,,"4.90000009536743"
"1674","10005319",OWENS VALLEY CONSERVATION CAMP #26,2781 SOUTH ROUND VALLEY ROAD,BISHOP,CA,"93514","-999",(760) 387-2686,STATE,OPEN,"-999",INYO,"06027",USA,"922140",CORRECTIONAL INSTITUTIONS,http://www.cdcr.ca.gov/Conservation_Camps/,2017/09/19,IMAGERY/OTHER,2024/02/26,http://www.cdcr.ca.gov/Conservation_Camps/,MINIMUM,"-999",0.000003768608167,0.008489470521429,"10005319",,,,"6.09999990463257"
"1675","10005362",VENTURA CONSERVATION CAMP #46,2800 WRIGHT ROAD,CAMARILLO,CA,"93010","-999",(805) 983-1332,STATE,OPEN,"-999",VENTURA,"06111",USA,"922140",CORRECTIONAL INSTITUTIONS,http://www.cdcr.ca.gov/Conservation_Camps/,2024/02/27,IMAGERY/OTHER,2024/09/18,http://www.cdcr.ca.gov/Conservation_Camps/,MINIMUM,"110",0.000001162351509,0.004772934492508,"10005362",,,,"7.09999990463257"
"1692","10005275",VALLEY VIEW CONSERVATION CAMP #34,3339 COUNTY ROAD 307,ELK CREEK,CA,"95939","-999",(530) 968-5107,STATE,OPEN,"107",GLENN,"06021",USA,"922140",CORRECTIONAL INSTITUTIONS,http://www.cdcr.ca.gov/Conservation_Camps/,2015/12/31,IMAGERY/OTHER,2019/11/25,http://www.cdcr.ca.gov/Conservation_Camps/,MINIMUM,"115",0.000001761441581,0.005355664708308,"10005275",,,"107","6.19999980926514"
"2354","10005263",ANTELOPE CONSERVATION CAMP #25,711-045 CENTER ROAD,SUSANVILLE,CA,"96127","-999",(530) 257-2181,STATE,OPEN,"-999",LASSEN,"06035",USA,"922140",CORRECTIONAL INSTITUTIONS,http://www.cdcr.ca.gov/Conservation_Camps/,2015/12/31,IMAGERY/OTHER,2024/01/22,https://www.cdcr.ca.gov/facility-locator/conservation-camps/antelope/,MINIMUM,"-999",0.000002344619588,0.007628873784976,"10005263",,,,"6.5"
"2443","10000772",HERLONG FCI,741-925 ACCESS RD A-25,HERLONG,CA,"96113","-999",(530) 827-8000,FEDERAL,OPEN,"1354",LASSEN,"06035",USA,"922140",CORRECTIONAL INSTITUTIONS,https://www.bop.gov/locations/institutions/her/,2016/02/16,IMAGERY/OTHER,2024/01/12,https://www.bop.gov/locations/institutions/her/,MEDIUM,"-999",0.000021573842332,0.018473807956341,"10000772",FCA035,"995","995","6.04999995231628"
"2654","10000814",BEN LOMOND CONSERVATION CAMP #45,13575 EMPIRE GRADE ROAD,SANTA CRUZ,CA,"95060","-999",(831) 423-1652,STATE,OPEN,"-999",SANTA CRUZ,"06087",USA,"922140",CORRECTIONAL INSTITUTIONS,http://www.cdcr.ca.gov/Conservation_Camps/,2017/10/25,IMAGERY/OTHER,2024/01/22,https://www.cdcr.ca.gov/facility-locator/conservation-camps/ben-lomond/,MINIMUM,"-999",0.000002526811841,0.008088745156009,"10000814",,,,"5.52499997615814"
"2690","10002347",CALIPATRIA STATE PRISON (CAL),7018 BLAIR ROAD,CALIPATRIA,CA,"92233","-999",(760) 348-7000,STATE,OPEN,"-999",IMPERIAL,"06025",USA,"922140",CORRECTIONAL INSTITUTIONS,http://www.cdcr.ca.gov/Facilities_Locator/,2017/10/18,IMAGERY/OTHER,2024/01/22,https://www.cdcr.ca.gov/facility-locator/cal/,MAXIMUM,"2308",0.000044060501295,0.031582597559486,"10002347",PCA023,"3542","3542","7.90000009536743"
"2691","10002348",CENTINELA STATE PRISON (CEN),2302 BROWN ROAD,IMPERIAL,CA,"92251","-999",(760) 337-7900,STATE,OPEN,"-999",IMPERIAL,"06025",USA,"922140",CORRECTIONAL INSTITUTIONS,https://www.cdcr.ca.gov/facility-locator/,2017/10/18,IMAGERY/OTHER,2024/01/22,https://www.cdcr.ca.gov/facility-locator/cen/,MAXIMUM,"2308",0.000040836180688,0.025932435401282,"10002348",PCA024,"3552","3552","9.29999971389771"
"2943","10006180",FCI MENDOTA CAMP,33500 WEST CALIFORNIA AVENUE,MENDOTA,CA,"93640","-999",(559) 274-4000,FEDERAL,OPEN,"115",FRESNO,"06019",USA,"922140",CORRECTIONAL INSTITUTIONS,https://www.bop.gov/locations/institutions/men/,2016/02/16,IMAGERY/OTHER,2024/01/12,https://www.bop.gov/locations/institutions/men/,MINIMUM,"-999",0.000006353674962,0.010676733030664,"10006180",,,"115","8.55000019073486"
"2990","10005261",HERLONG FCI CAMP,741-925 ACCESS RD A-25,HERLONG,CA,"96113","-999",(530) 827-8000,FEDERAL,OPEN,"82",LASSEN,"06035",USA,"922140",CORRECTIONAL INSTITUTIONS,https://www.bop.gov/locations/institutions/her/,2016/02/16,IMAGERY/OTHER,2024/01/12,https://www.bop.gov/locations/institutions/her/,MINIMUM,"-999",0.000001934995453,0.006561040150684,"10005261",,,"82","6.19999980926514"
"3690","10003957",ASPC-KINGMAN,4626 WEST ENGLISH DRIVE,GOLDEN VALLEY,AZ,"86414","-999",(928) 565-2460,STATE,OPEN,"3380",MOHAVE,"04015",USA,"922140",CORRECTIONAL INSTITUTIONS,https://corrections.az.gov/reports,2024/01/30,IMAGERY/OTHER,2024/01/31,"https://corrections.az.gov/kingman, https://www.geogroup.com/FacilityDetail/FacilityID/30",MEDIUM,"3508",0.000026492160714,0.029933173909464,"10003957",PAZ005,"3332","3332","4.85000014305115"
"5010","10002345",CALIFORNIA MEN'S COLONY (CMC),COLONY DRIVE,SAN LUIS OBISPO,CA,"93409","-999",(805) 547-7900,STATE,OPEN,"4102",SAN LUIS OBISPO,"06079",USA,"922140",CORRECTIONAL INSTITUTIONS,https://www.cdcr.ca.gov/facility-locator/,2017/10/18,IMAGERY/OTHER,2024/01/22,https://www.cdcr.ca.gov/facility-locator/cmc/,MEDIUM,"3838",0.000029127389098,0.032668795534208,"10002345",PCA016,"3577","3577","4.90000009536743"
"5013","10000852",CALIFORNIA CITY CORRECTIONAL CENTER (CAC),22844 VIRGINIA BLVD,CALIFORNIA CITY,CA,"93505","-999",(760) 246-7600,STATE,OPEN,"-999",KERN,"06029",USA,"922140",CORRECTIONAL INSTITUTIONS,https://www.cdcr.ca.gov/facility-locator/,2017/10/18,IMAGERY/OTHER,2024/01/22,https://www.cdcr.ca.gov/facility-locator/cac/,MEDIUM,"-999",0.000012819878975,0.013967048746176,"10000852",PCA009,"2458","2458","6.90000009536743"
"5031","10000801",CENTRAL CALIFORNIA WOMEN'S FACILITY (CCFW),23370 ROAD 22,CHOWCHILLA,CA,"93610","-999",(559) 665-5531,STATE,OPEN,"-999",MADERA,"06039",USA,"922140",CORRECTIONAL INSTITUTIONS,https://www.cdcr.ca.gov/facility-locator/,2017/10/18,IMAGERY/OTHER,2024/01/22,https://www.cdcr.ca.gov/facility-locator/ccwf/,MAXIMUM,"2004",0.000045373069497,0.024740936242377,"10000801",PCA025,"2823","2823","8.60000038146973"
"5038","10002346",CHUCKAWALLA VALLEY STATE PRISON (CVSP),19025 WILEY'S WELL ROAD,BLYTHE,CA,"92225","-999",(760) 922-5300,STATE,OPEN,"-999",RIVERSIDE,"06065",USA,"922140",CORRECTIONAL INSTITUTIONS,http://www.cdcr.ca.gov/Facilities_Locator/,2024/01/22,IMAGERY/OTHER,2024/01/22,https://www.cdcr.ca.gov/facility-locator/cvsp/,MEDIUM,"1738",0.000033251816376,0.024164568980184,"10002346",PCA028,"2749","2749","4.85000014305115"
"5088","10000869",R J DONOVAN CORRECTIONAL FACILITY (RJD),480 ALTA ROAD,SAN DIEGO,CA,"92179","-999",(619) 661-6500,STATE,OPEN,"-999",SAN DIEGO,"06073",USA,"922140",CORRECTIONAL INSTITUTIONS,https://www.cdcr.ca.gov/research/reports-and-statistics-rjd/,2017/10/18,IMAGERY/OTHER,2024/02/26,http://www.cdcr.ca.gov/Facilities_Locator/,MAXIMUM,"2992",0.000039542574768,0.032591226115028,"10000869",PCA088,"4031","4031","10.6000003814697"
"5091","10002309",PELICAN BAY STATE PRISON (PBSP),5905 LAKE EARL DRIVE,CRESCENT CITY,CA,"95531","-999",(707) 465-1000,STATE,OPEN,"-999",DEL NORTE,"06015",USA,"922140",CORRECTIONAL INSTITUTIONS,https://www.cdcr.ca.gov/research/reports-and-statistics-pbsp/,2017/10/18,IMAGERY/OTHER,2024/02/26,http://www.cdcr.ca.gov/Facilities_Locator/,MAXIMUM,"2380",0.000045208425490,0.030592942770013,"10002309",PCA082,"2668","2668","4.90000009536743"
"5092","10000822",GABILAN CONSERVATION CAMP #38,31801 MCCOY RD,SOLEDAD,CA,"93960","-999",(831) 678-1873,STATE,OPEN,"-999",MONTEREY,"06053",USA,"922140",CORRECTIONAL INSTITUTIONS,http://www.cdcr.ca.gov/Conservation_Camps/,2017/09/19,IMAGERY/OTHER,2017/09/19,http://www.cdcr.ca.gov/Conservation_Camps/,MINIMUM,"-999",0.000006428602319,0.010260438077687,"10000822",,,,"4.69999980926514"
"5093","10000810",PLEASANT VALLEY STATE PRISON(PVSP),24863 WEST JAYNE AVENUE,COALINGA,CA,"93210","-999",(559) 935-4900,STATE,OPEN,"-999",FRESNO,"06019",USA,"922140",CORRECTIONAL INSTITUTIONS,https://www.cdcr.ca.gov/research/reports-and-statistics-pvsp/,2017/10/18,IMAGERY/OTHER,2024/02/26,http://www.cdcr.ca.gov/Facilities_Locator/,MAXIMUM,"2308",0.000042541160383,0.024730834483694,"10000810",PCA084,"3441","3441","5.14999997615814"
"5094","10000802",VALLEY STATE PRISON (VSP),21633 AVENUE 24,CHOWCHILLA,CA,"93610","-999",(559) 665-6100,STATE,OPEN,"-999",MADERA,"06039",USA,"922140",CORRECTIONAL INSTITUTIONS,https://www.cdcr.ca.gov/research/reports-and-statistics-vsp/,2017/10/18,IMAGERY/OTHER,2024/02/26,http://www.cdcr.ca.gov/Facilities_Locator/,MEDIUM,"1980",0.000045276113269,0.024751956468418,"10000802",PCA101,"2899","2899","8.5"
"5095","10005251",DEVILS GARDEN CONSERVATION CAMP #40,2300 COUNTY ROAD 74,ALTURAS,CA,"96101","-999",(530) 233-3553,STATE,OPEN,"114",MODOC,"06049",USA,"922140",CORRECTIONAL INSTITUTIONS,http://www.cdcr.ca.gov/Conservation_Camps/,2016/08/01,IMAGERY/OTHER,2024/02/27,http://www.cdcr.ca.gov/Conservation_Camps/,MINIMUM,"-999",0.000002097767265,0.005624459269535,"10005251",,,"114","4.64999985694885"
"5098","10000858",BAUTISTA CONSERVATION CAMP #36,33015 BAUTISTA CANYON ROAD,HEMET,CA,"92544","-999",(951) 927-3600,STATE,OPEN,"-999",RIVERSIDE,"06065",USA,"922140",CORRECTIONAL INSTITUTIONS,http://www.cdcr.ca.gov/Conservation_Camps/,2017/09/19,IMAGERY/OTHER,2024/01/22,https://www.cdcr.ca.gov/facility-locator/conservation-camps/bautista/,MINIMUM,"-999",0.000004721222012,0.008443685299049,"10000858",,,,"6.09999990463257"
"5108","10005248",DEADWOOD CONSERVATION CAMP #23,17148 MCADAMS CREEK ROAD,FORT JONES,CA,"96032","-999",(530) 468-2633,STATE,OPEN,"-999",SISKIYOU,"06093",USA,"922140",CORRECTIONAL INSTITUTIONS,http://www.cdcr.ca.gov/Conservation_Camps/,2015/07/01,IMAGERY/OTHER,2024/01/22,https://www.cdcr.ca.gov/facility-locator/conservation-camps/deadwood/,MINIMUM,"-999",0.000003787879450,0.007986519464282,"10005248",,,,"4.40000009536743"
"5111","10000904",JULIUS KLEIN CONSERVATION CAMP #19,EAST FORK ROAD,AZUSA,CA,"91702","-999",(626) 910-1213,STATE,OPEN,"-999",LOS ANGELES,"06037",USA,"922140",CORRECTIONAL INSTITUTIONS,https://www.cdcr.ca.gov/facility-locator/conservation-camps/,2017/09/19,IMAGERY/OTHER,2024/01/22,https://www.cdcr.ca.gov/facility-locator/conservation-camps/julius-klein/,MINIMUM,"-999",0.000003494937346,0.008256365987274,"10000904",,,,"8"
"5112","10005252",EEL RIVER CONSERVATION CAMP #31,3850 REDWOOD DRIVE,REDWAY,CA,"95560","-999",(707) 923-2755,STATE,OPEN,"-999",HUMBOLDT,"06023",USA,"922140",CORRECTIONAL INSTITUTIONS,https://www.cdcr.ca.gov/facility-locator/conservation-camps/eel-river/,2016/04/18,IMAGERY/OTHER,2024/02/09,http://www.cdcr.ca.gov/Conservation_Camps/,MINIMUM,"-999",0.000001969832283,0.005668488062551,"10005252",,,,"5.5"
"5116","10005290",GROWLERSBURG CONSERVATION CAMP #33,5440 LONGVIEW LANE,GEORGETOWN,CA,"95634","-999",(530) 333-4244,STATE,OPEN,"-999",EL DORADO,"06017",USA,"922140",CORRECTIONAL INSTITUTIONS,http://www.cdcr.ca.gov/Conservation_Camps/,2017/09/19,IMAGERY/OTHER,2024/02/23,http://www.cdcr.ca.gov/Conservation_Camps/,MINIMUM,"-999",0.000005357639566,0.009018732437848,"10005290",,,,"5.5"
"5117","10000905",MALIBU CONSERVATION CAMP #13,1250 SOUTH ENCINAL CANYON ROAD,MALIBU,CA,"90265","-999",(310) 457-2253,STATE,OPEN,"-999",LOS ANGELES,"06037",USA,"922140",CORRECTIONAL INSTITUTIONS,http://www.cdcr.ca.gov/Conservation_Camps/,2015/11/13,IMAGERY/OTHER,2024/01/22,https://www.cdcr.ca.gov/facility-locator/conservation-camps/malibu/,MINIMUM,"-999",0.000003850311259,0.009408618174844,"10000905",,,,"5.90000009536743"
"5121","10005305",MOUNT BULLION CONSERVATION CAMP #39,5730 MOUNT BULLION ACCESS ROAD,MARIPOSA,CA,"95338","-999",(209) 742-5494,STATE,OPEN,"-999",MARIPOSA,"06043",USA,"922140",CORRECTIONAL INSTITUTIONS,http://www.cdcr.ca.gov/Conservation_Camps/,2017/09/19,IMAGERY/OTHER,2024/02/26,http://www.cdcr.ca.gov/Conservation_Camps/,MINIMUM,"110",0.000008710451311,0.011683883781582,"10005305",,,,"6.95000004768372"
"5124","10002310",HIGH DESERT STATE PRISON (HDSP),475-750 RICE CANYON ROAD,SUSANVILLE,CA,"96127","-999",(530) 251-5100,STATE,OPEN,"-999",LASSEN,"06035",USA,"922140",CORRECTIONAL INSTITUTIONS,https://www.cdcr.ca.gov/research/population-reports-2/,2017/10/18,IMAGERY/OTHER,2024/02/26,http://www.cdcr.ca.gov/Facilities_Locator/,MAXIMUM,"-999",0.000053186849527,0.030992201484076,"10002310",PCA051,"3141","3141","6.47500002384186"
"5125","10000878",MCCAIN VALLEY CONSERVATION CAMP #21,2550 MCCAIN VALLEY ROAD,BOULEVARD,CA,"91905","-999",(619) 766-4393,STATE,OPEN,"85",SAN DIEGO,"06073",USA,"922140",CORRECTIONAL INSTITUTIONS,http://www.cdcr.ca.gov/Conservation_Camps/,2017/09/19,IMAGERY/OTHER,2024/02/27,http://www.cdcr.ca.gov/Conservation_Camps/,MINIMUM,"100",0.000005415024134,0.010213609437189,"10000878",,,"85","7.19999980926514"
"5127","10000855",CUESTA CONSERVATION CAMP #24,635 N. SANTA ROSA STREET,SAN LUIS OBISPO,CA,"93405","-999",(805) 547-7971,STATE,OPEN,"-999",SAN LUIS OBISPO,"06079",USA,"922140",CORRECTIONAL INSTITUTIONS,http://www.cdcr.ca.gov/Conservation_Camps/,2024/01/22,IMAGERY/OTHER,2019/11/25,https://www.cdcr.ca.gov/facility-locator/conservation-camps/cuesta/,MINIMUM,"100",0.000004257921773,0.008807998658005,"10000855",,,,"4.90000009536743"
"5129","10006204",HOLTON CONSERVATION CAMP #16,12653 N. LITTLE TUJUNGA CANYON ROAD,SYLMAR,CA,"91342","-999",(818) 897-7071,STATE,OPEN,"-999",LOS ANGELES,"06037",USA,"922140",CORRECTIONAL INSTITUTIONS,https://www.cdcr.ca.gov/facility-locator/conservation-camps/,2017/09/19,IMAGERY/OTHER,2024/01/22,https://www.cdcr.ca.gov/facility-locator/conservation-camps/holton/,MINIMUM,"-999",0.000002232554152,0.006887255943901,"10006204",,,,"7.72500002384186"
"5130","10000789",BASELINE CONSERVATION CAMP #30,16809 PEORIA FLAT ROAD,JAMESTOWN,CA,"95327","-999",(209) 984-4464,STATE,OPEN,"100",TUOLUMNE,"06109",USA,"922140",CORRECTIONAL INSTITUTIONS,http://www.cdcr.ca.gov/Conservation_Camps/,2017/09/19,IMAGERY/OTHER,2017/09/19,http://www.cdcr.ca.gov/Conservation_Camps/,MINIMUM,"119",0.000006100241080,0.010046255210080,"10000789",,,"100","6.19999980926514"
"5131","10000774",INTERMOUNTAIN CONSERVATION CAMP #22,651-025 FOOTHILL RD,BIEBER,CA,"96009","-999",(530) 294-5361,STATE,OPEN,"-999",LASSEN,"06035",USA,"922140",CORRECTIONAL INSTITUTIONS,https://www.cdcr.ca.gov/facility-locator/conservation-camps/,2016/05/25,IMAGERY/OTHER,2024/01/22,https://www.cdcr.ca.gov/facility-locator/conservation-camps/intermountain/,MINIMUM,"-999",0.000003336827376,0.006879376829550,"10000774",,,,"5"
"5132","10005328",PILOT ROCK CONSERVATION FIRE CAMP #15,P.O. BOX 10,CRESTLINE,CA,"92325","-999",(909) 338-1950,STATE,OPEN,"67",SAN BERNARDINO,"06071",USA,"922140",CORRECTIONAL INSTITUTIONS,http://www.cdcr.ca.gov/Conservation_Camps/,2017/09/19,IMAGERY/OTHER,2024/02/27,http://www.cdcr.ca.gov/Conservation_Camps/,MINIMUM,"80",0.000003118940185,0.007271299163878,"10005328",,,"67","7.69999980926514"
"5133","10000901",FENNER CANYON CONSERVATION CAMP #41,25900 BIG ROCK CREEK ROAD,VALYERMO,CA,"93563","-999",(661) 944-0173,STATE,OPEN,"-999",LOS ANGELES,"06037",USA,"922140",CORRECTIONAL INSTITUTIONS,https://www.cdcr.ca.gov/facility-locator/conservation-camps/fenner-canyon/,2017/09/19,IMAGERY/OTHER,2024/02/09,http://www.cdcr.ca.gov/Conservation_Camps/,MINIMUM,"136",0.000003875115908,0.010003508976223,"10000901",,,,"5.09999990463257"
"5134","10005264",ISHI CONSERVATION CAMP #18,30500 PLUM CREEK ROAD,PAYNES CREEK,CA,"96075","-999",(530) 597-2846,STATE,OPEN,"-999",TEHAMA,"06103",USA,"922140",CORRECTIONAL INSTITUTIONS,https://www.cdcr.ca.gov/facility-locator/conservation-camps/,2015/11/01,IMAGERY/OTHER,2024/01/22,https://www.cdcr.ca.gov/facility-locator/conservation-camps/ishi/,MINIMUM,"-999",0.000003950319751,0.007989545841935,"10005264",,,,"5.09999990463257"
"5139","10005324",MOUNTAIN HOME CONSERVATION CAMP #10,45260 BEAR CREEK RD,SPRINGVILLE,CA,"93265","-999",(559) 539-2334,STATE,OPEN,"-999",TULARE,"06107",USA,"922140",CORRECTIONAL INSTITUTIONS,https://www.cdcr.ca.gov/facility-locator/conservation-camps/,2017/09/19,IMAGERY/OTHER,2024/01/22,https://www.cdcr.ca.gov/facility-locator/conservation-camps/mountain-home/,MINIMUM,"-999",0.000002711543402,0.007558266724009,"10005324",,,,"7"
"5149","10005256",TRINITY RIVER CONSERVATION CAMP #3,3325 PETTIJOHN ROAD,LEWISTON,CA,"96052","-999",(530) 286-2886,STATE,OPEN,"-999",TRINITY,"06105",USA,"922140",CORRECTIONAL INSTITUTIONS,http://www.cdcr.ca.gov/Conservation_Camps/,2015/11/01,IMAGERY/OTHER,2024/02/16,http://www.cdcr.ca.gov/Conservation_Camps/,MINIMUM,"-999",0.000002502763891,0.005960836711427,"10005256",,,,"4.29999995231628"
"5159","10000877",RAINBOW CONSERVATION CAMP #2,8215 RAINBOW HEIGHTS ROAD,FALLBROOK,CA,"92028","-999",(760) 728-2554,STATE,OPEN,"-999",SAN DIEGO,"06073",USA,"922140",CORRECTIONAL INSTITUTIONS,http://www.cdcr.ca.gov/Conservation_Camps/,2014/10/27,IMAGERY/OTHER,2024/02/27,http://www.cdcr.ca.gov/Conservation_Camps/,MINIMUM,"100",0.000002816621645,0.006220390959288,"10000877",,,,"5.69999980926514"
"5237","10005283",WASHINGTON RIDGE CONSERVATION CAMP #44,11425 CONSERVATION CAMP ROAD,NEVADA CITY,CA,"95959","-999",(530) 265-4623,STATE,OPEN,"92",NEVADA,"06057",USA,"922140",CORRECTIONAL INSTITUTIONS,http://www.cdcr.ca.gov/Conservation_Camps/,2013/07/25,IMAGERY/OTHER,2019/11/25,http://www.cdcr.ca.gov/Conservation_Camps/,MINIMUM,"100",0.000005045471426,0.008819611735939,"10005283",,,"92","5.69999980926514"
"5381","10005273",CHAMBERLAIN CREEK CONSERVATION CAMP #17,15800 STATE HIGHWAY 20,FORT BRAGG,CA,"95437","-999",(707) 964-3518,STATE,OPEN,"100",MENDOCINO,"06045",USA,"922140",CORRECTIONAL INSTITUTIONS,http://www.cdcr.ca.gov/Conservation_Camps/,2015/12/31,IMAGERY/OTHER,2015/12/31,http://www.cdcr.ca.gov/Conservation_Camps/,MINIMUM,"-999",0.000002474133453,0.006749158172978,"10005273",,,"100","5.5"
"5428","10000782",MULE CREEK STATE PRISON (MCSP),4001 STATE HIGHWAY 104,IONE,CA,"95640","-999",(209) 274-4911,STATE,OPEN,"-999",AMADOR,"06005",USA,"922140",CORRECTIONAL INSTITUTIONS,https://www.cdcr.ca.gov/research/reports-and-statistics-mcsp/,2017/10/18,IMAGERY/OTHER,2024/02/26,http://www.cdcr.ca.gov/Facilities_Locator/,MAXIMUM,"3284",0.000026846382752,0.019953831293353,"10000782",PCA074,"4059","4059","6"
"5931","10001530",CALIFORNIA CORRECTIONAL INSTITUTION (CCI),24900 HWY 202,TEHACHAPI,CA,"93561","-999",(661) 822-4402,STATE,OPEN,"-999",KERN,"06029",USA,"922140",CORRECTIONAL INSTITUTIONS,http://www.cdcr.ca.gov/Facilities_Locator/,2017/10/18,IMAGERY/OTHER,2017/10/18,https://www.cdcr.ca.gov/facility-locator/cci/,MAXIMUM,"-999",0.000050280458254,0.066320661949265,"10001530",PCA011,"3765","3765","5.59999990463257"
"5941","10000773",CALIFORNIA CORRECTIONAL CENTER (CCC),711-045 CENTER ROAD,SUSANVILLE,CA,"96127","0790",(530) 257-2181,STATE,NOT AVAILABLE,"-999",LASSEN,"06035",USA,"922140",CORRECTIONAL INSTITUTIONS,https://www.cdcr.ca.gov/facility-locator/,2017/10/18,IMAGERY/OTHER,2024/01/22,https://www.cdcr.ca.gov/facility-locator/ccc/,MEDIUM,"-999",0.000018556639134,0.026158848950454,"10000773",PCA010,"3867","3867","6.45000004768372"
"5948","10000817",CORRECTIONAL TRAINING FACILITY (CTF),SOLEDAD PRISON ROAD,SOLEDAD,CA,"93960","-999",(831) 678-3951,STATE,OPEN,"4983",MONTEREY,"06053",USA,"922140",CORRECTIONAL INSTITUTIONS,https://www.cdcr.ca.gov/facility-locator/,2017/10/18,IMAGERY/OTHER,2024/01/22,https://www.cdcr.ca.gov/facility-locator/ctf/,MEDIUM,"-999",0.000036814415580,0.033609675602074,"10000817",PCA029,"5534","5534","4.94999992847443"
"5953","10000786",DELTA CONSERVATION CAMP #8,6246 LAMBIE ROAD,SUISUN CITY,CA,"94585","-999",(707) 425-4878,STATE,OPEN,"-999",SOLANO,"06095",USA,"922140",CORRECTIONAL INSTITUTIONS,https://www.cdcr.ca.gov/facility-locator/conservation-camps/,2016/04/01,IMAGERY/OTHER,2024/01/22,https://www.cdcr.ca.gov/facility-locator/conservation-camps/delta/,MINIMUM,"-999",0.000016379515728,0.019527049677529,"10000786",,,,"7"
"5955","10005282",KONOCTI CONSERVATION CAMP #27,8275 SOUTH STATE HIGHWAY 29,LOWER LAKE,CA,"95457","-999",(707) 994-2437,STATE,OPEN,"-999",LAKE,"06033",USA,"922140",CORRECTIONAL INSTITUTIONS,https://www.cdcr.ca.gov/facility-locator/conservation-camps/,2016/05/25,IMAGERY/OTHER,2024/01/22,https://www.cdcr.ca.gov/facility-locator/conservation-camps/konocti/,MINIMUM,"-999",0.000002819868314,0.006922189309180,"10005282",,,,"5.29999995231628"
"5956","10006347",LA CIMA CONSERVATION CAMP #42,15108 SUNRISE HIGHWAY,JULIAN,CA,"92036","-999",(760) 765-3085,STATE,OPEN,"-999",SAN DIEGO,"06073",USA,"922140",CORRECTIONAL INSTITUTIONS,https://www.cdcr.ca.gov/facility-locator/conservation-camps/,2017/09/19,IMAGERY/OTHER,2024/01/22,https://www.cdcr.ca.gov/facility-locator/conservation-camps/la-cima/,MINIMUM,"-999",0.000002164088755,0.005937246507773,"10006347",,,,"7.95000004768372"
"5958","10000811",MIRAMONTE CONSERVATION CAMP #5,49039 ORCHARD DRIVE,MIRAMONTE,CA,"93641","-999",(559) 336-2312,STATE,OPEN,"-999",FRESNO,"06019",USA,"922140",CORRECTIONAL INSTITUTIONS,http://www.cdcr.ca.gov/Conservation_Camps/,2017/09/19,IMAGERY/OTHER,2024/01/22,https://www.cdcr.ca.gov/facility-locator/conservation-camps/miramonte/,MINIMUM,"-999",0.000001959634574,0.005378787290397,"10000811",,,,"7.40000009536743"
"5962","10002349",ACTON CONSERVATION CAMP #11,8800 SOLEDAD CANYON ROAD,ACTON,CA,"93510","-999",(661) 268-0113,STATE,OPEN,"76",LOS ANGELES,"06037",USA,"922140",CORRECTIONAL INSTITUTIONS,http://www.cdcr.ca.gov/Conservation_Camps/,2017/09/19,IMAGERY/OTHER,2010/01/22,http://www.cdcr.ca.gov/Conservation_Camps/,MINIMUM,"-999",0.000002320279691,0.007646251059898,"10002349",,,"76","5.59999990463257"
"5965","10000847",WASCO STATE PRISON (WSP),701 SCOFIELD AVENUE,WASCO,CA,"93280","-999",(661) 758-8400,STATE,OPEN,"-999",KERN,"06029",USA,"922140",CORRECTIONAL INSTITUTIONS,https://www.cdcr.ca.gov/facility-locator/wsp/,2017/10/18,IMAGERY/OTHER,2024/02/02,http://www.cdcr.ca.gov/Facilities_Locator/,MEDIUM,"2984",0.000029265069770,0.024436072262140,"10000847",PCA082,"2668","2668","9.65000009536743"
"5970","10002340",DESERT VIEW ANNEX,10450 RANCHO ROAD,ADELANTO,CA,"92301","0724",(760) 246-1171,FEDERAL,OPEN,"375",SAN BERNARDINO,"06071",USA,"922140",CORRECTIONAL INSTITUTIONS,https://www.ice.gov/detain/detention-management,2024/01/12,IMAGERY/OTHER,2024/02/02,https://www.geogroup.com/FacilityDetail/FacilityID/46,MEDIUM,"700",0.000002834038696,0.006424865898075,"10002340",,,"375","8.39999961853027"
"5976","10000879",PUERTA LA CRUZ CONSERVATION CAMP #14,32363 STATE HIGHWAY 79,WARNER SPRINGS,CA,"92086","-999",(760) 782-3547,STATE,OPEN,"120",SAN DIEGO,"06073",USA,"922140",CORRECTIONAL INSTITUTIONS,http://www.cdcr.ca.gov/Conservation_Camps/,2017/10/26,IMAGERY/OTHER,2017/10/26,http://www.cdcr.ca.gov/Conservation_Camps/,MINIMUM,"-999",0.000003772018317,0.007268957122811,"10000879",,,"120","7.09999990463257"
"5991","10000841",NORTH KERN STATE PRISON (NKSP),2737 WEST CECIL AVENUE,DELANO,CA,"93215","-999",(661) 721-2345,STATE,OPEN,"-999",KERN,"06029",USA,"922140",CORRECTIONAL INSTITUTIONS,https://www.cdcr.ca.gov/research/reports-and-statistics-nksp/,2017/10/18,IMAGERY/OTHER,2024/02/26,http://www.cdcr.ca.gov/Facilities_Locator/,MEDIUM,"2694",0.000029399076993,0.024718526387248,"10000841",PCA076,"4369","4369","10.3499999046326"
"5995","10005299",VALLECITO CONSERVATION CAMP #1,3225 SIX MILE ROAD,ANGELS CAMP,CA,"95222","-999",(209) 736-4922,STATE,OPEN,"-999",CALAVERAS,"06009",USA,"922140",CORRECTIONAL INSTITUTIONS,http://www.cdcr.ca.gov/Conservation_Camps/,2017/09/19,IMAGERY/OTHER,2024/02/16,http://www.cdcr.ca.gov/Conservation_Camps/,MINIMUM,"100",0.000003228920832,0.007601917023294,"10005299",,,,"5.69999980926514"
"5998","10001522",SIERRA CONSERVATION CENTER (SCC),5100 O'BYRNES FERRY ROAD,JAMESTOWN,CA,"95327","-999",(209) 984-5291,STATE,OPEN,"-999",TUOLUMNE,"06109",USA,"922140",CORRECTIONAL INSTITUTIONS,https://www.cdcr.ca.gov/research/reports-and-statistics-scc/,2017/10/18,IMAGERY/OTHER,2017/10/18,http://www.cdcr.ca.gov/Facilities_Locator/,MEDIUM,"3936",0.000014930383713,0.023260776664762,"10001522",PCA095,"3940","3940","6.26666673024495"
"6002","10006531",DEPARTMENT OF STATE HOSPITALS - COALINGA,24511 WEST JAYNE AVENUE,COALINGA,CA,"93210","5000",(559) 935-4300,STATE,OPEN,"-999",FRESNO,"06019",USA,"922140",CORRECTIONAL INSTITUTIONS,http://www.dsh.ca.gov/Hospitals/default.aspx,2016/11/07,IMAGERY/OTHER,2016/11/07,http://www.dsh.ca.gov/Hospitals/default.aspx,NOT AVAILABLE,"1286",0.000018244989860,0.016707232891908,"10006531",,,,"5.35000014305115"
"6005","10000902",FRANCISQUITO CONSERVATION CAMP #4,35100 NORTH SAN FRANCISQUITO CANYON ROAD,SANTA CLARITA,CA,"91390","-999",(661) 296-4409,STATE,OPEN,"-999",LOS ANGELES,"06037",USA,"922140",CORRECTIONAL INSTITUTIONS,https://www.cdcr.ca.gov/facility-locator/conservation-camps/francisquito/,2017/09/19,IMAGERY/OTHER,2017/09/19,http://www.cdcr.ca.gov/Conservation_Camps/,MINIMUM,"-999",0.000003425322120,0.007840422914544,"10000902",,,,"4.09999990463257"
"6007","10005253",HIGH ROCK CONSERVATION CAMP #32,23322 AVENUE OF THE GIANTS,WEOTT,CA,"95571","-999",(707) 946-2343,STATE,OPEN,"96",HUMBOLDT,"06023",USA,"922140",CORRECTIONAL INSTITUTIONS,http://www.cdcr.ca.gov/Conservation_Camps/,2015/11/17,IMAGERY/OTHER,2024/02/27,http://www.cdcr.ca.gov/Conservation_Camps/,MINIMUM,"-999",0.000002199337814,0.006367326229183,"10005253",,,"96","5.30000019073486"
"6009","10000838",OAK GLEN CONSERVATION CAMP #35,41100 PINEBENCH ROAD,YUCAIPA,CA,"92399","-999",(909) 797-0196,STATE,OPEN,"-999",SAN BERNARDINO,"06071",USA,"922140",CORRECTIONAL INSTITUTIONS,http://www.cdcr.ca.gov/Conservation_Camps/,2017/09/19,IMAGERY/OTHER,2024/02/26,http://www.cdcr.ca.gov/Conservation_Camps/,MINIMUM,"-999",0.000003976708058,0.008005467935716,"10000838",,,,"5.90000009536743"
"6010","10000844",KERN VALLEY STATE PRISON (KVSP),3000 WEST CECIL AVENUE,DELANO,CA,"93216","6000",(661) 721-6300,STATE,OPEN,"-999",KERN,"06029",USA,"922140",CORRECTIONAL INSTITUTIONS,https://www.cdcr.ca.gov/research/reports-and-statistics-kvsp/,2017/10/18,IMAGERY/OTHER,2024/02/26,http://www.cdcr.ca.gov/Facilities_Locator/,MAXIMUM,"2448",0.000057904294863,0.036371289550317,"10000844",PCA059,"3631","3631","10.1999998092651"
"6012","10000794",DEUEL VOCATIONAL INSTITUTION (DVI),23500 KASSON ROAD,TRACY,CA,"95304","-999",(209) 835-4141,STATE,CLOSED,"-999",SAN JOAQUIN,"06077",USA,"922140",CORRECTIONAL INSTITUTIONS,https://www.cdcr.ca.gov/facility-locator/dvi/,2017/10/18,IMAGERY/OTHER,2024/02/27,https://www.cdcr.ca.gov/facility-locator/dvi/,MEDIUM,"-999",0.000015972083020,0.016552320283257,"10000794",PCA040,"2346","2346","7.69999980926514"
"6014","10000861",IRONWOOD STATE PRISON (ISP),19005 WILEY'S WELL ROAD,BLYTHE,CA,"92225","-999",(760) 921-3000,STATE,OPEN,"-999",RIVERSIDE,"06065",USA,"922140",CORRECTIONAL INSTITUTIONS,https://www.cdcr.ca.gov/research/reports-and-statistics-isp/,2017/10/18,IMAGERY/OTHER,2024/02/26,http://www.cdcr.ca.gov/Facilities_Locator/,MEDIUM,"2200",0.000045693579295,0.038133319480907,"10000861",PCA056,"2726","2726","4.78333346048991"
"6017","10000821",SALINAS VALLEY STATE PRISON (SVSP),31625 HIGHWAY 101,SOLEDAD,CA,"93960","-999",(831) 678-5500,STATE,OPEN,"-999",MONTEREY,"06053",USA,"922140",CORRECTIONAL INSTITUTIONS,https://www.cdcr.ca.gov/research/reports-and-statistics-svsp/,2017/10/18,IMAGERY/OTHER,2024/02/26,http://www.cdcr.ca.gov/Facilities_Locator/,MAXIMUM,"2452",0.000052017163853,0.034494085008901,"10000821",PCA091,"3200","3200","5.09999990463257"
"6022","10005272",PARLIN FORK CONSERVATION CAMP #6,23000 STATE HIGHWAY 20,FORT BRAGG,CA,"95437","-999",(707) 964-3766,STATE,OPEN,"-999",MENDOCINO,"06045",USA,"922140",CORRECTIONAL INSTITUTIONS,http://www.cdcr.ca.gov/Conservation_Camps/,2017/10/26,IMAGERY/OTHER,2024/02/26,http://www.cdcr.ca.gov/Conservation_Camps/,MINIMUM,"100",0.000008393346889,0.019147827985104,"10005272",,,,"5.54999995231628"
"6074","10002996",NORTHERN NEVADA CORRECTIONAL CENTER,1721 E SNYDER AVE,CARSON CITY,NV,"89701","-999",(775) 977-5000,STATE,OPEN,"-999",CARSON CITY,"32510",USA,"922140",CORRECTIONAL INSTITUTIONS,http://doc.nv.gov/Facilities/NNCC_Facility/,2016/12/31,IMAGERY/OTHER,2024/03/12,http://doc.nv.gov/Facilities/NNCC_Facility/,MEDIUM,"1619",0.000020267968466,0.021031057746228,"10002996",PNV012,"1379","1379","5.19999980926514"
"6077","10003005",SOUTHERN DESERT CORRECTIONAL CENTER,20825 COLD CREEK RD,INDIAN SPRINGS,NV,"89070","-999",(725) 216-6500,STATE,OPEN,"-999",CLARK,"32003",USA,"922140",CORRECTIONAL INSTITUTIONS,http://doc.nv.gov/Facilities/SDCC_Facility/,2016/12/31,IMAGERY/OTHER,2024/03/12,http://doc.nv.gov/Facilities/SDCC_Facility/,MEDIUM,"2149",0.000029688169434,0.029071429253273,"10003005",PNV016,"1705","1705","7"
"6080","10003799",ELY STATE PRISON,4569 N STATE ROUTE 490,ELY,NV,"89301","-999",(775) 977-5348,STATE,OPEN,"-999",WHITE PINE,"32033",USA,"922140",CORRECTIONAL INSTITUTIONS,https://doc.nv.gov/Facilities/ESP_Facility/,2016/12/31,IMAGERY/OTHER,2024/03/12,https://doc.nv.gov/Facilities/ESP_Facility/,MAXIMUM,"1183",0.000022796164558,0.019325595270779,"10003799",PNV005,"942","942","4"
"6082","10003004",HIGH DESERT STATE PRISON,22010 COLD CREEK RD,INDIAN SPRINGS,NV,"89070","-999",(725) 216-6789,STATE,OPEN,"-999",CLARK,"32003",USA,"922140",CORRECTIONAL INSTITUTIONS,http://doc.nv.gov/Facilities/HDSP_Faciltiy/,2016/12/31,IMAGERY/OTHER,2016/12/31,http://doc.nv.gov/Facilities/HDSP_Faciltiy/,MEDIUM,"4176",0.000042785231926,0.029134978483548,"10003004",PNV007,"3436","3436","6.80000019073486"
"6090","10002988",HUMBOLDT CONSERVATION CAMP,8105 CONSERVATION RD,WINNEMUCCA,NV,"89446","-999",(775) 623-6530,STATE,OPEN,"-999",HUMBOLDT,"32013",USA,"922140",CORRECTIONAL INSTITUTIONS,http://doc.nv.gov/Facilities/HCC_Facility/,2016/12/31,IMAGERY/OTHER,2024/03/12,https://doc.nv.gov/Facilities/HCC_Facility/,MINIMUM,"152",0.000002338363629,0.006836247761360,"10002988",PNV008,"122","122","4.85000014305115"
"6091","10002987",CARLIN CONSERVATION CAMP,124 SUZIE CREEK RD,CARLIN,NV,"89822","-999",(775) 754-6307,STATE,OPEN,"-999",ELKO,"32007",USA,"922140",CORRECTIONAL INSTITUTIONS,http://doc.nv.gov/Facilities/CCC_Facility/,2016/12/31,IMAGERY/OTHER,2016/12/31,http://doc.nv.gov/Facilities/CCC_Facility/,MINIMUM,"150",0.000001451242042,0.005195441402862,"10002987",PNV001,"109","109","4.30000019073486"
"6098","10002998",TONOPAH CONSERVATION CAMP,"HC 76, BOX 8045",TONOPAH,NV,"89049","-999",(775) 482-6700,STATE,OPEN,"-999",NYE,"32023",USA,"922140",CORRECTIONAL INSTITUTIONS,http://doc.nv.gov/Facilities/TCC_Facility/,2016/12/31,IMAGERY/OTHER,2024/03/12,http://doc.nv.gov/Facilities/TCC_Facility/,MINIMUM,"152",0.000002059844974,0.006023667169845,"10002998",PNV020,"150","150","4.80000019073486"
"3500","10004018",BAYSIDE STATE PRISON,4293 RTE 47,LEESBURG,NJ,"08327","-999",(856) 785-0040,STATE,OPEN,"1143",CUMBERLAND,"34011",USA,"922140",CORRECTIONAL INSTITUTIONS,http://www.state.nj.us/corrections/pages/offender_stats.html,2020/02/04,UNVERIFIED,2024/07/17,https://www.state.nj.us/corrections/pages/index.shtml,MEDIUM,"-999",0.000017476286303,0.019228497537695,"10004018",PNJ004,"1435","1435","5.64999985694885"
"6422","10004017",SOUTHERN STATE CORRECTIONAL FACILITY,4295 N DELSEA DR,DELMONT,NJ,"08314","-999",(856) 785-1300,STATE,OPEN,"1689",CUMBERLAND,"34011",USA,"922140",CORRECTIONAL INSTITUTIONS,"http://www.state.nj.us/corrections/pages/offender_stats.html, http://www.state.nj.us/treasury/omb/publications/12budget/pdf/26.pdf",2020/02/04,UNVERIFIED,2024/07/17,https://www.state.nj.us/corrections/pages/index.shtml,MEDIUM,"1352",0.000027364940706,0.032143476722737,"10004017",PNJ038,"1688","1688","5.80000019073486"
"6428","10001516",MID-STATE CORRECTIONAL FACILITY,866 RANGE RD,WRIGHTSTOWN,NJ,"08562","-999",(609) 723-4221,STATE,OPEN,"-999",BURLINGTON,"34005",USA,"922140",CORRECTIONAL INSTITUTIONS,http://www.state.nj.us/corrections/pages/index.shtml,2020/02/04,UNVERIFIED,2024/07/17,https://www.state.nj.us/corrections/pages/index.shtml,MEDIUM,"696",0.000003350658062,0.007537466233478,"10001516",PNJ033,"645","645","6"
"6432","10001518",BAYSIDE STATE PRISON FARM,4293 STATE ROUTE 47,LEESBURG,NJ,"08327","-999",(856) 785-0040,STATE,OPEN,"512",CUMBERLAND,"34011",USA,"922140",CORRECTIONAL INSTITUTIONS,http://www.state.nj.us/corrections/pages/offender_stats.html,2020/02/04,UNVERIFIED,2024/07/17,https://www.state.nj.us/corrections/pages/index.shtml,MINIMUM,"-999",0.000020173187067,0.026421817642791,"10001518",,,"512","5.80000019073486"
"6439","10002305",BAYSIDE STATE PRISON - ANCORA,301 SPRING GARDEN RD,HAMMONDTON,NJ,"08037","-999",(856) 785-0040,STATE,OPEN,"254",CAMDEN,"34007",USA,"922140",CORRECTIONAL INSTITUTIONS,"http://www.state.nj.us/corrections/pages/offender_stats.html, http://www.nj.com/politics/index.ssf/2017/02/christie_will_shut_down_250-inmate_nj_prison_unit.html",2020/02/04,UNVERIFIED,2024/07/17,https://www.state.nj.us/corrections/pages/index.shtml,MINIMUM,"250",0.000001425476512,0.005153983829620,"10002305",,,"254","5.69999980926514"
"6446","10006599",ANCORA PSYCHIATRIC HOSPITAL - HOLLY HALL,301 SPRING GARDEN ROAD,HAMMONTON,NJ,"08037","-999",(609) 561-1700,STATE,OPEN,"-999",CAMDEN,"34007",USA,"922140",CORRECTIONAL INSTITUTIONS,http://www.state.nj.us/humanservices/dmhas/resources/services/treatment/aph_contact.html#4,2017/12/18,UNVERIFIED,2024/07/17,https://www.state.nj.us/corrections/pages/index.shtml,NOT AVAILABLE,"111",0.000000819550223,0.003878680337600,"10006599",,,,"5.64999985694885"
"1119","10000264",ALGER CORRECTIONAL FACILITY,N6141 INDUSTRIAL PARK DR,MUNISING,MI,"49862","-999",(906) 628-7100,STATE,OPEN,"-999",ALGER,"26003",USA,"922140",CORRECTIONAL INSTITUTIONS,https://www.michigan.gov/corrections/prisons,2024/02/29,IMAGERY/OTHER,2024/02/29,https://www.michigan.gov/corrections/prisons/alger-correctional-facility,MAXIMUM,"-999",0.000012337234466,0.014881932803757,"10000264",PMI001,"881","881","3.83333341280619"
"1334","10001853",WEST UNION RESIDENTIAL FACILITY,500 S PINE ST,WEST UNION,IA,"52175","-999",(563) 422-5758,STATE,OPEN,"70",FAYETTE,"19065",USA,"922140",CORRECTIONAL INSTITUTIONS,https://doc.iowa.gov/find-facility/first-district,2023/06/30,IMAGERY/OTHER,2024/04/02,https://doc.iowa.gov/find-facility/first-district,NOT AVAILABLE,"48",0.000000114584054,0.001616160146118,"10001853",PIA035,"47","47","7"
"2281","10002560",SANGER B. POWERS CORRECTIONAL CENTER,N8375 COUNTY LINE RD,ONEIDA,WI,"54155","9300",(920) 869-1095,STATE,OPEN,"-999",OUTAGAMIE,"55087",USA,"922140",CORRECTIONAL INSTITUTIONS,https://doc.wi.gov/Pages/OffenderInformation/AdultInstitutions/SangerBPowersCorrectionalCenter.aspx,2018/01/12,IMAGERY/OTHER,2024/05/24,https://doc.wi.gov/Pages/OffenderInformation/AdultInstitutions/SangerBPowersCorrectionalCenter.aspx,MINIMUM,"120",0.000000391284630,0.003323776712398,"10002560",PWI058,"122","122","7"
"2993","10001346",BARAGA CORRECTIONAL FACILITY,13924 WADAGA RD,BARAGA,MI,"49908","9204",(906) 275-5100,STATE,OPEN,"-999",BARAGA,"26013",USA,"922140",CORRECTIONAL INSTITUTIONS,https://www.michigan.gov/corrections/prisons,2024/02/29,IMAGERY/OTHER,2024/02/29,https://www.michigan.gov/corrections/prisons/baraga-correctional-facility,MAXIMUM,"-999",0.000014227190604,0.021858480661918,"10001346",PMI002,"826","826","4.45000004768372"
"3145","10001342",MARQUETTE BRANCH PRISON,1960 US HWY 41 S,MARQUETTE,MI,"49855","-999",(906) 226-6531,STATE,OPEN,"-999",MARQUETTE,"26103",USA,"922140",CORRECTIONAL INSTITUTIONS,https://www.michigan.gov/corrections/prisons,2024/02/29,IMAGERY/OTHER,2024/02/29,https://www.michigan.gov/corrections/prisons/marquette-branch-prison,CLOSE,"-999",0.000013005493429,0.017758969018924,"10001342",PMI028,"1000","1000","4.75"
"3156","10000267",OAKS CORRECTIONAL FACILITY,1500 CABERFAE HWY,MANISTEE,MI,"49660","-999",(231) 723-8272,STATE,OPEN,"-999",MANISTEE,"26101",USA,"922140",CORRECTIONAL INSTITUTIONS,https://www.michigan.gov/corrections/prisons,2024/02/29,IMAGERY/OTHER,2024/02/29,https://www.michigan.gov/corrections/prisons/oaks-correctional-facility,CLOSE,"-999",0.000013826430632,0.015778499105043,"10000267",PMI032,"1063","1063","5.20000004768372"
"4852","10001004",OREGON CORRECTIONAL CENTER,5140 HIGHWAY M,OREGON,WI,"53575","0025",(608) 835-3233,STATE,OPEN,"-999",DANE,"55025",USA,"922140",CORRECTIONAL INSTITUTIONS,https://doc.wi.gov/DataResearch/WeeklyPopulationReports/02212020.pdf,2018/01/12,IMAGERY/OTHER,2024/05/23,https://doc.wi.gov/Pages/OffenderInformation/AdultInstitutions/OregonCorrectionalCenter.aspx,MINIMUM,"112",0.000004843484021,0.011880362613472,"10001004",PWI048,"126","126","7.59999990463257"
"4854","10001005",THOMPSON CORRECTIONAL CENTER,434 STATE FARM RD,DEERFIELD,WI,"53531","9562",(608) 423-3415,STATE,OPEN,"-999",DANE,"55025",USA,"922140",CORRECTIONAL INSTITUTIONS,https://doc.wi.gov/DataResearch/WeeklyPopulationReports/02212020.pdf,2018/01/12,IMAGERY/OTHER,2024/05/24,https://doc.wi.gov/Pages/OffenderInformation/AdultInstitutions/ThompsonCorrectionalCenter.aspx,MINIMUM,"125",0.000001665761374,0.005807866906786,"10001005",PWI066,"146","146","7.30000019073486"
"4863","10002591",WISCONSIN SECURE PROGRAM FACILITY,1101 MORRISON DR,BOSCOBEL,WI,"53805","1000",(608) 375-5656,STATE,OPEN,"-999",GRANT,"55043",USA,"922140",CORRECTIONAL INSTITUTIONS,https://doc.wi.gov/DataResearch/WeeklyPopulationReports/02212020.pdf,2018/01/12,IMAGERY/OTHER,2024/05/24,https://doc.wi.gov/Pages/OffenderInformation/AdultInstitutions/WisconsinSecureProgramFacility.aspx,MAXIMUM,"-999",0.000005490751391,0.010227836370432,"10002591",PWI071,"480","480","6.5"
"5019","10001003",OAKHILL CORRECTIONAL INSTITUTION,5212 COUNTY HWY M,OREGON,WI,"53575","0140",(608) 835-3101,STATE,OPEN,"-999",DANE,"55025",USA,"922140",CORRECTIONAL INSTITUTIONS,https://doc.wi.gov/Pages/DataResearch/DataAndReports.aspx,2018/01/12,IMAGERY/OTHER,2024/05/23,https://doc.wi.gov/Pages/OffenderInformation/AdultInstitutions/OakhillCorrectionalInstitution.aspx,MINIMUM,"-999",0.000016368644992,0.018647604812769,"10001003",PWI046,"755","755","7.5"
"5768","10001001",FOX LAKE CORRECTIONAL INSTITUTION,W 10237 LAKE EMILY RD,FOX LAKE,WI,"53933","0147",(920) 928-3151,STATE,OPEN,"-999",DODGE,"55027",USA,"922140",CORRECTIONAL INSTITUTIONS,https://doc.wi.gov/Pages/DataResearch/DataAndReports.aspx,2018/01/12,IMAGERY/OTHER,2024/05/23,https://doc.wi.gov/Pages/OffenderInformation/AdultInstitutions/FoxLakeCorrectionalInstitution.aspx,MEDIUM,"-999",0.000038804087808,0.023258625395023,"10001001",PWI018,"1324","1324","7"
"6292","10000998",KETTLE MORAINE CORRECTIONAL INSTITUTION,W9071 FOREST DR,PLYMOUTH,WI,"53023","-999",(920) 526-3244,STATE,OPEN,"-999",SHEBOYGAN,"55117",USA,"922140",CORRECTIONAL INSTITUTIONS,https://doc.wi.gov/DataResearch/WeeklyPopulationReports/02212020.pdf,2018/01/12,IMAGERY/OTHER,2024/05/23,https://doc.wi.gov/Pages/OffenderInformation/AdultInstitutions/KettleMoraineCorrectionalInstitution.aspx,MEDIUM,"-999",0.000030112392778,0.022729550919135,"10000998",PWI031,"1179","1179","6.75"
"6298","10000995",REDGRANITE CORRECTIONAL INSTITUTION,1006 COUNTY RD EE,REDGRANITE,WI,"54970","-999",(920) 566-2600,STATE,OPEN,"-999",WAUSHARA,"55137",USA,"922140",CORRECTIONAL INSTITUTIONS,https://doc.wi.gov/DataResearch/WeeklyPopulationReports/02212020.pdf,2018/01/12,IMAGERY/OTHER,2024/05/23,https://doc.wi.gov/Pages/OffenderInformation/AdultInstitutions/RedgraniteCorrectionalInstitution.aspx,MEDIUM,"-999",0.000011548377870,0.013618382462194,"10000995",PWI054,"1016","1016","6.45000004768372"
"3025","10000257",DEER RIDGE CORRECTIONAL INSTITUTION,3920 EAST ASHWOOD RD,MADRAS,OR,"97741","-999",(541) 325-5999,STATE,OPEN,"-999",JEFFERSON,"41031",USA,"922140",CORRECTIONAL INSTITUTIONS,https://www.oregon.gov/doc/about/pages/prison-locations.aspx,2018/01/01,IMAGERY/OTHER,2024/04/01,https://www.oregon.gov/doc/about/pages/prison-locations.aspx,MEDIUM,"2002",0.000022833705316,0.025253580942172,"10000257",POR005,"929","929","4.86666679382324"
"4796","10006966",WARNER CREEK CORRECTIONAL FACILITY (WCCF),20654 RABBIT HILL ROAD,LAKEVIEW,OR,"97630","-999",(541) 947-8200,STATE,OPEN,"-999",LAKE,"41037",USA,"922140",CORRECTIONAL INSTITUTIONS,https://www.oregon.gov/doc/about/pages/prison-locations.aspx,2020/04/22,IMAGERY,2024/04/01,https://www.oregon.gov/doc/about/pages/prison-locations.aspx,MINIMUM,"-999",0.000003113937055,0.006993312833042,"10006966",POR020,"485","485","4.95000004768372"
"5722","10001312",SHUTTER CREEK CORRECTIONAL INSTITUTION,95200 SHUTTERS LANDING LANE,NORTH BEND,OR,"97459","0303",(541) 756-6666,STATE,CLOSED,"-999",COOS,"41011",USA,"922140",CORRECTIONAL INSTITUTIONS,https://kcby.com/news/local/curtains-for-shutter-creek-oregon-governor-sticks-with-plan-to-close-prison-by-january,2018/01/01,IMAGERY/OTHER,2018/01/01,https://kcby.com/news/local/curtains-for-shutter-creek-oregon-governor-sticks-with-plan-to-close-prison-by-january,MINIMUM,"-999",0.000004256416105,0.010591608744261,"10001312",POR014,"294","294","4.40000009536743"
"6128","10002957",SOUTH FORK FOREST CAMP,48300 WILSON RIVER HWY,TILLAMOOK,OR,"97141","9799",(503) 842-2811,STATE,OPEN,"-999",TILLAMOOK,"41057",USA,"922140",CORRECTIONAL INSTITUTIONS,https://www.oregon.gov/doc/about/pages/prison-locations.aspx,2018/01/01,IMAGERY/OTHER,2024/04/01,https://www.oregon.gov/doc/about/pages/prison-locations.aspx,MINIMUM,"200",0.000008740867997,0.017591647024019,"10002957",POR017,"179","179","5.14999985694885"
"6160","10006640",OREGON STATE HOSPITAL - JUNCTION CITY,29398 RECOVERY WAY,JUNCTION CITY,OR,"97448","-999",(541) 465-2554,STATE,OPEN,"-999",LANE,"41039",USA,"922140",CORRECTIONAL INSTITUTIONS,http://www.oregon.gov/OHA/OSH/Pages/About.aspx,2018/01/04,IMAGERY/OTHER,2024/04/01,http://www.oregon.gov/oha/OSH/Pages/index.aspx,NOT AVAILABLE,"174",0.000003157787432,0.009720515809237,"10006640",,,,"6.30000019073486"
"6283","10001690",LARCH CORRECTIONS CENTER,15314 NE DOLE VALLEY RD,YACOLT,WA,"98675","9531",(360) 260-6300,STATE,OPEN,"-999",CLARK,"53011",USA,"922140",CORRECTIONAL INSTITUTIONS,https://www.doc.wa.gov/news/2023/10092023p.htm,2020/02/26,IMAGERY/OTHER,2024/05/09,https://www.doc.wa.gov/news/2023/10092023p.htm,NOT AVAILABLE,"-999",0.000004742049896,0.012826581131892,"10001690",PWA012,,,"6"
"3441","10000554",STERLING CORRECTIONAL FACILITY,12101 HIGHWAY 61,STERLING,CO,"80751","-999",(970) 521-5010,STATE,OPEN,"2073",LOGAN,"08075",USA,"922140",CORRECTIONAL INSTITUTIONS,https://cdoc.colorado.gov/about/data-and-reports/statistics,2023/12/31,IMAGERY/OTHER,2024/02/12,https://cdoc.colorado.gov/facilities/sterling-correctional-facility,MAXIMUM,"2088",0.000031258258332,0.023279440785535,"10000554",PCO047,"2450","2450","4.33333349227905"
"5360","10001738",NEBRASKA CORRECTIONAL CENTER FOR WOMEN,1107 RECHARGE RD,YORK,NE,"68467","8003",(402) 362-3317,STATE,OPEN,"-999",YORK,"31185",USA,"922140",CORRECTIONAL INSTITUTIONS,https://corrections.nebraska.gov/facilities/nebraska-correctional-center-women,2017/09/30,IMAGERY/OTHER,2017/09/30,https://corrections.nebraska.gov/facilities/nebraska-correctional-center-women,MAXIMUM,"318",0.000007904144695,0.012383190019479,"10001738",PNE005,"345","345","5.69999980926514"
"5361","10001742",TECUMSEH STATE CORRECTIONAL INSTITUTION,2725 HWY 50,TECUMSEH,NE,"68450","-999",(402) 335-5998,STATE,OPEN,"-999",JOHNSON,"31097",USA,"922140",CORRECTIONAL INSTITUTIONS,https://corrections.nebraska.gov/facilities/tecumseh-state-correctional-institution,2017/09/30,IMAGERY/OTHER,2024/03/07,https://corrections.nebraska.gov/facilities/tecumseh-state-correctional-institution,MAXIMUM,"-999",0.000018191092749,0.017794574000050,"10001742",PNE009,"1012","1012","6.30000019073486"
"5826","10001128",MIKE DURFEE STATE PRISON,1412 WOOD ST,SPRINGFIELD,SD,"57062","-999",(605) 369-2201,STATE,OPEN,"-999",BON HOMME,"46009",USA,"922140",CORRECTIONAL INSTITUTIONS,https://doc.sd.gov/adult/facilities/mdsp/,2015/07/23,IMAGERY/OTHER,2024/04/12,https://doc.sd.gov/adult/facilities/mdsp/,MEDIUM,"2044",0.000021509870749,0.021847856365007,"10001128",PSD006,"1261","1261","6.04999995231628"
"6066","10001743",WORK ETHIC CAMP,2309 N HWY 83,MCCOOK,NE,"69001","-999",(308) 345-8405,STATE,OPEN,"-999",RED WILLOW,"31145",USA,"922140",CORRECTIONAL INSTITUTIONS,https://corrections.nebraska.gov/facilities/work-ethic-camp,2017/09/30,IMAGERY/OTHER,2024/03/07,https://corrections.nebraska.gov/facilities/work-ethic-camp,MINIMUM,"200",0.000002640534149,0.006649659017012,"10001743",PNE010,"152","152","5.59999990463257"
"1088","10003076",FCI SCHUYLKILL CAMP,INTERSTATE 81 & 901 W,MINERSVILLE,PA,"17954","-999",(570) 544-7100,FEDERAL,OPEN,"107",SCHUYLKILL,"42107",USA,"922140",CORRECTIONAL INSTITUTIONS,https://www.bop.gov/locations/institutions/sch/,2016/02/16,IMAGERY/OTHER,2024/01/19,https://www.bop.gov/locations/institutions/sch/,MINIMUM,"-999",0.000006273519602,0.010336901992182,"10003076",,,"107","7.20000004768372"
"2492","10003047",SCI WAYMART,11 FAIRVIEW DR,WAYMART,PA,"18472","-999",(570) 488-5811,STATE,OPEN,"-999",WAYNE,"42127",USA,"922140",CORRECTIONAL INSTITUTIONS,https://www.cor.pa.gov/About%20Us/Statistics/Documents/current%20monthly%20population.pdf,2017/11/30,IMAGERY/OTHER,2024/04/09,https://www.cor.pa.gov/Facilities/StatePrisons/Pages/Waymart.aspx,MAXIMUM,"727",0.000008442016906,0.014548313916728,"10003047",PPA078,"1470","1470","6.35000014305115"
"2665","10003077",SCI PINE GROVE,189 FYOCK RD,INDIANA,PA,"15701","-999",(724) 465-9630,STATE,OPEN,"-999",INDIANA,"42063",USA,"922140",CORRECTIONAL INSTITUTIONS,https://www.cor.pa.gov/About%20Us/Statistics/Documents/current%20monthly%20population.pdf,2017/11/30,IMAGERY/OTHER,2024/04/09,https://www.cor.pa.gov/Facilities/StatePrisons/Pages/Pine-Grove.aspx,MAXIMUM,"1047",0.000011787322592,0.014285039792191,"10003077",PPA072,"995","995","7.95000004768372"
"2918","10003068",FCI ALLENWOOD MEDIUM,"RT. 15, 2 MILES N OF ALLENWOOD",WHITE DEER,PA,"17810","-999",(570) 547-7950,FEDERAL,OPEN,"1295",UNION,"42119",USA,"922140",CORRECTIONAL INSTITUTIONS,https://www.bop.gov/locations/institutions/alm/,2016/02/16,IMAGERY/OTHER,2024/01/19,https://www.bop.gov/locations/institutions/alm/,MEDIUM,"-999",0.000024679920443,0.018896420690063,"10003068",FPA245,"1212","1212","6.95000004768372"
"2944","10003069",USP LEWISBURG,2400 ROBERT F. MILLER DR,LEWISBURG,PA,"17837","-999",(570) 523-1251,FEDERAL,OPEN,"678",UNION,"42119",USA,"922140",CORRECTIONAL INSTITUTIONS,https://www.bop.gov/locations/institutions/lew/,2016/02/16,IMAGERY/OTHER,2024/01/19,https://www.bop.gov/locations/institutions/lew/,MEDIUM,"-999",0.000011451891169,0.013541678450404,"10003069",FPA253,"1023","1023","7.5"
"2950","10003070",USP LEWISBURG CAMP,2400 ROBERT F. MILLER DR,LEWISBURG,PA,"17837","-999",(570) 523-1251,FEDERAL,OPEN,"340",UNION,"42119",USA,"922140",CORRECTIONAL INSTITUTIONS,https://www.bop.gov/locations/institutions/lew/,2016/02/16,IMAGERY/OTHER,2024/01/19,https://www.bop.gov/locations/institutions/lew/,MINIMUM,"-999",0.000011477128737,0.016251664917357,"10003070",,,"340","7.5"
"3081","10006172",FCI MCKEAN CAMP,6975 ROUTE 59,LEWIS RUN,PA,"16738","-999",(814) 362-8900,FEDERAL,OPEN,"192",MCKEAN,"42083",USA,"922140",CORRECTIONAL INSTITUTIONS,https://www.bop.gov/locations/institutions/mck/,2016/02/16,IMAGERY/OTHER,2024/01/19,https://www.bop.gov/locations/institutions/mck/,MINIMUM,"-999",0.000006042071618,0.010474011901728,"10006172",,,"192","6.30000019073486"
"3082","10003066",USP ALLENWOOD,"RT. 15, 2 MILES N OF ALLENWOOD",ALLENWOOD,PA,"17810","-999",(570) 547-0963,FEDERAL,OPEN,"289",UNION,"42119",USA,"922140",CORRECTIONAL INSTITUTIONS,https://www.bop.gov/locations/institutions/alp/,2016/02/16,IMAGERY/OTHER,2024/01/19,https://www.bop.gov/locations/institutions/alp/,MAXIMUM,"-999",0.000012355764284,0.014275167776654,"10003066",FPA246,"834","834","7.04999995231628"
"3084","10000712",USP CANAAN,3057 ERIC J. WILLIAMS MEMORIAL DRIVE,WAYMART,PA,"18472","-999",(570) 488-8000,FEDERAL,OPEN,"1198",WAYNE,"42127",USA,"922140",CORRECTIONAL INSTITUTIONS,https://www.bop.gov/locations/institutions/caa/,2016/02/16,IMAGERY/OTHER,2024/01/19,https://www.bop.gov/locations/institutions/caa/,MAXIMUM,"-999",0.000016379940234,0.016349612730499,"10000712",FPA247,"1395","1395","6.25"
"3087","10000713",USP CANAAN CAMP,3057 ERIC J. WILLIAMS MEMORIAL DRIVE,WAYMART,PA,"18472","-999",(570) 488-8000,FEDERAL,OPEN,"86",WAYNE,"42127",USA,"922140",CORRECTIONAL INSTITUTIONS,https://www.bop.gov/locations/institutions/caa/,2016/02/16,IMAGERY/OTHER,2024/01/19,https://www.bop.gov/locations/institutions/caa/,MINIMUM,"-999",0.000000769479584,0.003950583130061,"10000713",,,"86","6.19999980926514"
"3088","10003067",FCI ALLENWOOD LOW,"RT. 15, 2 MILES N OF ALLENWOOD",ALLENWOOD,PA,"17810","-999",(570) 547-1990,FEDERAL,OPEN,"1008",UNION,"42119",USA,"922140",CORRECTIONAL INSTITUTIONS,https://www.bop.gov/locations/institutions/alf/,2016/02/16,IMAGERY/OTHER,2024/01/19,https://www.bop.gov/locations/institutions/alf/,MINIMUM,"-999",0.000024650935984,0.019123994390581,"10003067",FPA244,"1310","1310","7"
"3090","10001484",FCI MCKEAN,6975 ROUTE 59,LEWIS RUN,PA,"16738","-999",(814) 362-8900,FEDERAL,OPEN,"972",MCKEAN,"42083",USA,"922140",CORRECTIONAL INSTITUTIONS,https://www.bop.gov/locations/institutions/mck/,2016/02/16,IMAGERY/OTHER,2024/01/19,https://www.bop.gov/locations/institutions/mck/,MEDIUM,"-999",0.000017572247089,0.016341920540231,"10001484",FPA257,"1059","1059","6.30000019073486"
"3095","10003075",FCI SCHUYLKILL,INTERSTATE 81 & 901 W,MINERSVILLE,PA,"17954","-999",(570) 544-7100,FEDERAL,OPEN,"937",SCHUYLKILL,"42107",USA,"922140",CORRECTIONAL INSTITUTIONS,https://www.bop.gov/locations/institutions/sch/,2016/02/16,IMAGERY/OTHER,2024/01/19,https://www.bop.gov/locations/institutions/sch/,MEDIUM,"-999",0.000017325395902,0.017594226096673,"10003075",FPA262,"1240","1240","7.30000019073486"
"3207","10003193",SOUTHPORT CORRECTIONAL FACILITY,236 BOB MASIA DR,PINE CITY,NY,"14871","2000",(607) 737-0850,STATE,CLOSED,"-999",CHEMUNG,"36015",USA,"922140",CORRECTIONAL INSTITUTIONS,https://www.mytwintiers.com/news-cat/local-news/southport-correctional-facility-officially-closes-doors/,2017/09/29,IMAGERY/OTHER,2024/03/20,https://www.mytwintiers.com/news-cat/local-news/southport-correctional-facility-officially-closes-doors/,MAXIMUM,"-999",0.000019612804181,0.019947241401285,"10003193",PNY049,"376","376","6.43333339691162"
"3620","10000760",LAKEVIEW SHOCK INCARCERATION CF - ANNEX,9300 LAKE AVE,BROCTON,NY,"14716","-999",(716) 792-7100,STATE,OPEN,"0",CHAUTAUQUA,"36013",USA,"922140",CORRECTIONAL INSTITUTIONS,https://doccs.ny.gov/location/lakeview-shock-incarceration-correctional-facility,2015/11/13,IMAGERY/OTHER,2024/03/25,https://doccs.ny.gov/location/lakeview-shock-incarceration-correctional-facility,MEDIUM,"160",0.000007934422229,0.013095204373190,"10000760",,,"0","6.40000009536743"
"5196","10001489",QUEHANNA BOOT CAMP,4395 QUEHANNA HWY,KARTHAUS,PA,"16845","-999",(814) 263-4125,STATE,OPEN,"457",CLEARFIELD,"42033",USA,"922140",CORRECTIONAL INSTITUTIONS,http://www.cor.pa.gov/About%20Us/Statistics/Pages/Monthly-Population-Reports.aspx,2017/11/30,IMAGERY/OTHER,2024/04/10,https://www.cor.pa.gov/Facilities/StatePrisons/Pages/Quehanna.aspx#.VYLrcXU4Z4s,MINIMUM,"565",0.000018050497147,0.019068930300816,"10001489",PPA049,"555","555","6.80000019073486"
"5731","10003048",SCI CAMBRIDGE SPRINGS,451 FULLERTON AVE,CAMBRIDGE SPRINGS,PA,"16403","1238",(814) 398-5400,STATE,OPEN,"-999",CRAWFORD,"42039",USA,"922140",CORRECTIONAL INSTITUTIONS,https://www.cor.pa.gov/About%20Us/Statistics/Documents/current%20monthly%20population.pdf,2017/11/30,IMAGERY/OTHER,2024/04/08,https://www.cor.pa.gov/Facilities/StatePrisons/Pages/Cambridge-Springs.aspx,MINIMUM,"1160",0.000010966013178,0.015174913748535,"10003048",PPA055,"1230","1230","6.40000009536743"
"5732","10000709",SCI ALBION,10745 ROUTE 18,ALBION,PA,"16475","0001",(814) 756-5778,STATE,OPEN,"2028",ERIE,"42049",USA,"922140",CORRECTIONAL INSTITUTIONS,https://www.cor.pa.gov/About%20Us/Statistics/Documents/current%20monthly%20population.pdf,2017/11/30,IMAGERY/OTHER,2024/04/01,https://www.cor.pa.gov/Facilities/StatePrisons/Pages/Albion.aspx,CLOSE,"2191",0.000025956690024,0.020079943440423,"10000709",PPA053,"2225","2225","6.25"
"5739","10003056",SCI MERCER,801 BUTLER PIKE,MERCER,PA,"16137","-999",(724) 662-1837,STATE,OPEN,"-999",MERCER,"42085",USA,"922140",CORRECTIONAL INSTITUTIONS,https://www.cor.pa.gov/About%20Us/Statistics/Documents/current%20monthly%20population.pdf,2017/11/30,IMAGERY/OTHER,2024/04/09,https://www.cor.pa.gov/Facilities/StatePrisons/Pages/Mercer.aspx,MINIMUM,"1132",0.000011869869240,0.015446369573405,"10003056",PPA069,"1370","1370","7.14999985694885"
"5741","10003054",SCI MUNCY,6454 ROUTE405,MUNCY,PA,"17756","-999",(570) 546-3171,STATE,OPEN,"-999",LYCOMING,"42081",USA,"922140",CORRECTIONAL INSTITUTIONS,https://www.cor.pa.gov/About%20Us/Statistics/Documents/current%20monthly%20population.pdf,2017/11/30,IMAGERY/OTHER,2024/04/09,https://www.cor.pa.gov/Facilities/StatePrisons/Pages/Muncy.aspx,MAXIMUM,"1518",0.000017608772396,0.019124777150331,"10003054",PPA070,"1380","1380","7.09999990463257"
"5744","10000719",SCI RETREAT,660 STATE ROUTE 11,HUNLOCK CREEK,PA,"18621","-999",(570) 735-8754,STATE,OPEN,"0",LUZERNE,"42079",USA,"922140",CORRECTIONAL INSTITUTIONS,https://www.cor.pa.gov/Facilities/StatePrisons/Pages/default.aspx,2017/11/30,IMAGERY/OTHER,2024/04/09,https://www.cor.pa.gov/Facilities/StatePrisons/Pages/default.aspx,MEDIUM,"-999",0.000007442167544,0.015037973233122,"10000719",PPA073,"1093","1093","6.76666673024495"
"5745","10003062",SCI ROCKVIEW,1 ROCKVIEW PLACE,BELLEFONTE,PA,"16823","-999",(814) 355-4874,STATE,OPEN,"-999",CENTRE,"42027",USA,"922140",CORRECTIONAL INSTITUTIONS,https://www.cor.pa.gov/About%20Us/Statistics/Documents/current%20monthly%20population.pdf,2017/11/30,IMAGERY/OTHER,2024/04/09,https://www.cor.pa.gov/Facilities/StatePrisons/Pages/Rockview.aspx,MEDIUM,"2215",0.000013915842374,0.016303648024069,"10003062",PPA074,"2271","2271","7.54999995231628"
"5753","10000718",SCI DALLAS,1000 FOLLIES RD,DALLAS,PA,"18612","0286",(570) 675-1101,STATE,OPEN,"-999",LUZERNE,"42079",USA,"922140",CORRECTIONAL INSTITUTIONS,https://www.cor.pa.gov/About%20Us/Statistics/Documents/current%20monthly%20population.pdf,2017/11/30,IMAGERY/OTHER,2024/04/08,https://www.cor.pa.gov/Facilities/StatePrisons/Pages/Dallas.aspx,MEDIUM,"1921",0.000014338605752,0.014464348028374,"10000718",PPA059,"2088","2088","6.30000019073486"
"5756","10000721",SCI HOUTZDALE,209 INSTITUTION DR,HOUTZDALE,PA,"16698","1000",(814) 378-1000,STATE,OPEN,"-999",CLEARFIELD,"42033",USA,"922140",CORRECTIONAL INSTITUTIONS,https://www.cor.pa.gov/About%20Us/Statistics/Documents/current%20monthly%20population.pdf,2017/11/30,IMAGERY/OTHER,2024/04/09,https://www.cor.pa.gov/Facilities/StatePrisons/Pages/Houtzdale.aspx,MEDIUM,"2255",0.000025941540798,0.021425569233052,"10000721",PPA065,"2440","2440","7.09999990463257"
"6115","10000759",LAKEVIEW SHOCK INCARCERATION CORRECTIONAL FACILITY,9300 LAKE AVE,BROCTON,NY,"14716","9798",(716) 792-7100,STATE,OPEN,"-999",CHAUTAUQUA,"36013",USA,"922140",CORRECTIONAL INSTITUTIONS,https://doccs.ny.gov/location/lakeview-shock-incarceration-correctional-facility,2015/11/13,IMAGERY/OTHER,2015/11/13,https://doccs.ny.gov/location/lakeview-shock-incarceration-correctional-facility,MINIMUM,"-999",0.000024868262699,0.023101573759079,"10000759",PNY032,"618","618","6.36666679382324"
"6139","10003073",SCI MAHANOY,301 GRAY LINE DRIVE,FRACKVILLE,PA,"17931","-999",(570) 773-2158,STATE,OPEN,"-999",SCHUYLKILL,"42107",USA,"922140",CORRECTIONAL INSTITUTIONS,https://www.cor.pa.gov/About%20Us/Statistics/Documents/current%20monthly%20population.pdf,2017/11/30,IMAGERY/OTHER,2024/04/09,https://www.cor.pa.gov/Facilities/StatePrisons/Pages/Mahanoy.aspx,MEDIUM,"2160",0.000028147538615,0.023660528923841,"10003073",PPA068,"2315","2315","7.20000004768372"
"6170","10003052",SCI FOREST,286 WOODLAND DR,MARIENVILLE,PA,"16239","-999",(814) 621-2110,STATE,OPEN,"-999",FOREST,"42053",USA,"922140",CORRECTIONAL INSTITUTIONS,https://www.cor.pa.gov/About%20Us/Statistics/Documents/current%20monthly%20population.pdf,2017/11/30,IMAGERY/OTHER,2024/04/08,https://www.cor.pa.gov/Facilities/StatePrisons/Pages/Forest.aspx,MAXIMUM,"2340",0.000022969410338,0.019037627641076,"10003052",PPA061,"2149","2149","6.32500004768372"
"4046","10002455",OLYMPIC CORRECTIONS CENTER,11235 HOH MAINLINE,FORKS,WA,"98331","-999",(360) 374-7000,STATE,OPEN,"-999",JEFFERSON,"53031",USA,"922140",CORRECTIONAL INSTITUTIONS,https://www.doc.wa.gov/corrections/incarceration/prisons/occ.htm,2020/02/26,IMAGERY/OTHER,2024/05/09,https://www.doc.wa.gov/corrections/incarceration/prisons/occ.htm,MINIMUM,"272",0.000004528755653,0.014797188505137,"10002455",PWA018,,,"3.85000002384186"
"4047","10001681",STAFFORD CREEK CORRECTIONS CENTER,191 CONSTANTINE WAY,ABERDEEN,WA,"98520","-999",(360) 537-1800,STATE,OPEN,"-999",GRAYS HARBOR,"53027",USA,"922140",CORRECTIONAL INSTITUTIONS,https://www.doc.wa.gov/corrections/incarceration/prisons/sccc.htm,2020/02/26,IMAGERY/OTHER,2024/05/09,https://www.doc.wa.gov/corrections/incarceration/prisons/sccc.htm,MAXIMUM,"1936",0.000025466868919,0.023393241197034,"10001681",PWA024,,,"4.40000009536743"
"4052","10001679",WASHINGTON CORRECTIONS CENTER,2321 WEST DAYTON AIRPORT RD,SHELTON,WA,"98584","-999",(360) 426-4433,STATE,OPEN,"-999",MASON,"53045",USA,"922140",CORRECTIONAL INSTITUTIONS,https://www.doc.wa.gov/corrections/incarceration/prisons/wcc.htm,2020/02/26,IMAGERY/OTHER,2024/05/09,https://www.doc.wa.gov/corrections/incarceration/prisons/wcc.htm,MAXIMUM,"1268",0.000046340087010,0.030568993625304,"10001679",PWA027,,,"5.09999990463257"
"4104","10002485",SECURE COMMUNITY TRANSITION FACILITY - PIERCE COUNTY,11150 N 20TH AVE,LOWER PENINSULA,WA,"98303","-999",(360) 902-8316,STATE,OPEN,"-999",PIERCE,"53053",USA,"922140",CORRECTIONAL INSTITUTIONS,https://www.dshs.wa.gov/ffa/office-capital-programs/secure-community-transition-facility-pierce-county,2015/06/01,IMAGERY/OTHER,2024/05/09,https://www.dshs.wa.gov/ffa/office-capital-programs/secure-community-transition-facility-pierce-county,NOT AVAILABLE,"24",0.000000745326361,0.003584047840799,"10002485",,,,"5.69999980926514"
"6280","10000987",CLALLAM BAY CORRECTIONS CENTER,1830 EAGLE CREST WAY,CLALLAM BAY,WA,"98326","-999",(360) 203-1500,STATE,OPEN,"-999",CLALLAM,"53009",USA,"922140",CORRECTIONAL INSTITUTIONS,https://www.doc.wa.gov/corrections/incarceration/prisons/contact.htm#cbcc,2020/02/26,IMAGERY/OTHER,2024/05/03,https://www.doc.wa.gov/corrections/incarceration/prisons/cbcc.htm,MAXIMUM,"858",0.000009288927686,0.013430942315355,"10000987",PWA007,,,"4.25"
"6281","10002479",MISSION CREEK CORRECTIONS CENTER FOR WOMEN,3420 NE SAND HILL RD,BELFAIR,WA,"98528","-999",(360) 277-2400,STATE,OPEN,"-999",MASON,"53045",USA,"922140",CORRECTIONAL INSTITUTIONS,https://www.doc.wa.gov/corrections/incarceration/prisons/mcccw.htm,2020/02/26,IMAGERY/OTHER,2024/05/09,https://www.doc.wa.gov/corrections/incarceration/prisons/mcccw.htm,MINIMUM,"321",0.000001930400231,0.008277805217013,"10002479",PWA015,,,"5.19999980926514"
"6284","10002491",CEDAR CREEK CORRECTIONS CENTER,12200 BORDEAUX RD,LITTLEROCK,WA,"98556","0037",(360) 359-4100,STATE,OPEN,"-999",THURSTON,"53067",USA,"922140",CORRECTIONAL INSTITUTIONS,https://www.doc.wa.gov/corrections/incarceration/prisons/cccc.htm,2020/02/26,IMAGERY/OTHER,2024/05/03,https://www.doc.wa.gov/corrections/incarceration/prisons/contact.htm#cccc,MINIMUM,"480",0.000004342565262,0.010810449980988,"10002491",PWA006,,,"4.90000009536743"
"6289","10006668",SPECIAL COMMITMENT CENTER - TOTAL CONFINEMENT FACILITY,11150 N 20TH AVE,MCNEIL ISLAND,WA,"98303","-999",(360) 725-2300,STATE,OPEN,"-999",PIERCE,"53053",USA,"922140",CORRECTIONAL INSTITUTIONS,https://www.dshs.wa.gov/ffa/office-capital-programs/total-confinement-facility,2018/01/18,IMAGERY/OTHER,2024/05/09,https://www.dshs.wa.gov/ffa/office-capital-programs/total-confinement-facility,NOT AVAILABLE,"309",0.000009754343409,0.011785562818813,"10006668",,,,"5.69999980926514"
"1641","10004094",DIXON CORRECTIONAL INSTITUTE,5568 STATE HWY 68,JACKSON,LA,"70748","-999",(225) 634-1200,STATE,OPEN,"1626",EAST FELICIANA,"22037",USA,"922140",CORRECTIONAL INSTITUTIONS,https://doc.louisiana.gov/demographic-dashboard/,2023/12/31,IMAGERY/OTHER,2024/02/28,https://doc.louisiana.gov/location/dixon-correctional-institute/,MAXIMUM,"-999",0.000015127595134,0.025489900052074,"10004094",PLA011,"1800","1800","7"
"2198","10000948",DAVID WADE CORRECTIONAL CENTER,670 BELL HILL RD,HOMER,LA,"71040","-999",(318) 927-0400,STATE,OPEN,"1099",CLAIBORNE,"22027",USA,"922140",CORRECTIONAL INSTITUTIONS,https://doc.louisiana.gov/demographic-dashboard/,2023/12/31,IMAGERY/OTHER,2024/02/28,https://doc.louisiana.gov/location/david-wade-correctional-center/,MAXIMUM,"-999",0.000013199363821,0.014292896906394,"10000948",PLA010,"1224","1224","7.62499988079071"
"2208","10000974",LOUISIANA CORRECTIONAL INSTITUTE FOR WOMEN (CLOSED/MOVED),7205 STATE HWY 74,ST. GABRIEL,LA,"70776","-999",NOT AVAILABLE,STATE,CLOSED,"0",IBERVILLE,"22047",USA,"922140",CORRECTIONAL INSTITUTIONS,https://theappeal.org/louisiana-women-new-prison/,2019/10/29,IMAGERY/OTHER,2024/02/28,NOT AVAILABLE,MAXIMUM,"-999",0.000008311943930,0.013368573916331,"10000974",,,"0","8.60000038146973"
"2218","10000972",ELAYN HUNT CORRECTIONAL CENTER,6925 HWY 74,ST. GABRIEL,LA,"70776","-999",(225) 642-3306,STATE,OPEN,"1894",IBERVILLE,"22047",USA,"922140",CORRECTIONAL INSTITUTIONS,https://doc.louisiana.gov/demographic-dashboard/,2023/12/31,IMAGERY/OTHER,2024/02/28,https://doc.louisiana.gov/location/elayn-hunt-correctional-center/,MAXIMUM,"-999",0.000040075902916,0.028575220187244,"10000972",PLA012,"1977","1977","8.5"
"2227","10000967",ALLEN CORRECTIONAL CENTER,3751 LAUDERDALE WOODYARD RD,KINDER,LA,"70648","-999",(337) 639-2943,STATE,OPEN,"1371",ALLEN,"22003",USA,"922140",CORRECTIONAL INSTITUTIONS,https://doc.louisiana.gov/demographic-dashboard/,2023/12/31,IMAGERY/OTHER,2024/02/28,https://doc.louisiana.gov/location/allen-correctional-center/,MAXIMUM,"-999",0.000020570177639,0.019341723560960,"10000967",PLA001,"827","827","7.375"
"2228","10000960",RAYMOND LABORDE CORRECTIONAL CENTER,1630 PRISON RD,COTTONPORT,LA,"71327","-999",(318) 876-2891,STATE,OPEN,"1779",AVOYELLES,"22009",USA,"922140",CORRECTIONAL INSTITUTIONS,https://doc.louisiana.gov/demographic-dashboard/,2023/12/31,IMAGERY/OTHER,2024/02/28,https://doc.louisiana.gov/location/raymond-laborde-correctional-center/,MAXIMUM,"-999",0.000020703939299,0.018463254570801,"10000960",PLA030,"1784","1784","7.40000009536743"
"2229","10002416",B B RAYBURN CORRECTIONAL CENTER,27268 STATE HWY 21 N,ANGIE,LA,"70426","-999",(985) 661-6300,STATE,OPEN,"1311",WASHINGTON,"22117",USA,"922140",CORRECTIONAL INSTITUTIONS,https://doc.louisiana.gov/demographic-dashboard/,2023/12/31,IMAGERY/OTHER,2024/02/28,https://doc.louisiana.gov/location/b-b-rayburn-correctional-center/,MEDIUM,"-999",0.000015056121811,0.019555891600215,"10002416",PLA003,"1301","1301","8.05000019073486"
"2235","10000963",LOUISIANA STATE PENITENTIARY,17544 TUNICA TRACE,ANGOLA,LA,"70712","-999",(225) 655-4411,STATE,OPEN,"3832",WEST FELICIANA,"22125",USA,"922140",CORRECTIONAL INSTITUTIONS,https://doc.louisiana.gov/demographic-dashboard/,2023/12/31,IMAGERY/OTHER,2024/02/28,https://doc.louisiana.gov/location/louisiana-state-penitentiary/,MAXIMUM,"-999",0.000110027533310,0.089272007446538,"10000963",PLA020,"5455","5455","7.59999990463257"
"2350","10004251",SIMPSON COUNTY TECHNICAL VIOLATION CENTER,714 WOOD RD,MAGEE,MS,"39111","-999",(601) 849-3281,STATE,NOT AVAILABLE,"-999",SIMPSON,"28127",USA,"922140",CORRECTIONAL INSTITUTIONS,https://www.mdoc.ms.gov/general-public/daily-inmate-population-2021-2022,2024/02/25,IMAGERY/OTHER,2024/03/04,NOT AVAILABLE,MINIMUM,"-999",0.000000790210606,0.003652780213581,"10004251",,,,"8.30000019073486"
"2732","10001652",SOUTH LOUISIANA ICE PROCESSING CENTER,3843 STAGG AVE,BASILE,LA,"70515","-999",(318) 668-5900,FEDERAL,OPEN,"850",EVANGELINE,"22039",USA,"922140",CORRECTIONAL INSTITUTIONS,https://www.ice.gov/detain/detention-management,2024/01/12,IMAGERY/OTHER,2024/02/06,https://www.geogroup.com/FacilityDetail/FacilityID/267,MAXIMUM,"1000",0.000004129821036,0.010519074950534,"10001652",,,"850","7.5"
"3097","10000955",USP POLLOCK,1000 AIRBASE RD,POLLOCK,LA,"71467","-999",(318) 561-5300,FEDERAL,OPEN,"953",GRANT,"22043",USA,"922140",CORRECTIONAL INSTITUTIONS,https://www.bop.gov/locations/institutions/pol/,2016/02/16,IMAGERY/OTHER,2024/01/19,https://www.bop.gov/locations/institutions/pol/,MAXIMUM,"-999",0.000014266015796,0.015379178944723,"10000955",FLA155,"1320","1320","7.5"
"3104","10004089",USP POLLOCK CAMP,1000 AIRBASE RD,POLLOCK,LA,"71467","-999",(318) 561-5300,FEDERAL,OPEN,"160",GRANT,"22043",USA,"922140",CORRECTIONAL INSTITUTIONS,https://www.bop.gov/locations/institutions/pol/,2016/02/16,IMAGERY/OTHER,2024/01/19,https://www.bop.gov/locations/institutions/pol/,MINIMUM,"-999",0.000003336938335,0.008182625712145,"10004089",,,"160","7.5"
"3112","10000956",FCI POLLOCK,1000 AIRBASE RD,POLLOCK,LA,"71467","-999",(318) 765-4400,FEDERAL,OPEN,"1582",GRANT,"22043",USA,"922140",CORRECTIONAL INSTITUTIONS,https://www.bop.gov/locations/institutions/pom/,2016/02/16,IMAGERY/OTHER,2024/01/19,https://www.bop.gov/locations/institutions/pom/,MEDIUM,"-999",0.000018871138082,0.017568470720919,"10000956",FLA154,"1396","1396","7.59999990463257"
"3220","10004248",CENTRAL MISSISSIPPI CORRECTIONAL FACILITY,3794 STATE HWY 468,PEARL,MS,"39208","-999",(601) 932-2880,STATE,OPEN,"3656",RANKIN,"28121",USA,"922140",CORRECTIONAL INSTITUTIONS,https://www.mdoc.ms.gov/general-public/daily-inmate-population-2021-2022,2024/02/25,IMAGERY/OTHER,2024/03/04,https://www.mdoc.ms.gov/facilities/central-mississippi-correctional-facility,MAXIMUM,"4071",0.000043168831326,0.037430000021386,"10004248",PMS006,"3715","3715","8.12500023841858"
"3260","10001821",WILKINSON COUNTY CORRECTIONAL FACILITY,2999 US HWY 61 N,WOODVILLE,MS,"39669","-999",(601) 888-3199,STATE,OPEN,"916",WILKINSON,"28157",USA,"922140",CORRECTIONAL INSTITUTIONS,https://www.mdoc.ms.gov/general-public/daily-inmate-population-2021-2022,2024/02/25,IMAGERY/OTHER,2024/03/01,https://www.mdoc.ms.gov/facilities/wilkinson-county-correctional-facility,CLOSE,"920",0.000005985039934,0.009440261937434,"10001821",PMS038,"909","909","6.80000019073486"
"3277","10001816",EAST MISSISSIPPI CORRECTIONAL FACILITY,10641 HWY 80 W,MERIDIAN,MS,"39307","-999",(601) 485-5255,STATE,OPEN,"-999",LAUDERDALE,"28075",USA,"922140",CORRECTIONAL INSTITUTIONS,https://www.mdoc.ms.gov/facilities/east-mississippi-correctional-facility,2024/04/03,IMAGERY/OTHER,2024/04/03,https://www.mtctrains.com/facility/east-mississippi-correctional-facility/,MAXIMUM,"1500",0.000006252966614,0.010650798263891,"10001816",PMS010,"1251","1251","7.5666667620341"
"3486","10001820",ADAMS COUNTY CORRECTIONAL CENETER,20 HOBO FORK RD,NATCHEZ,MS,"39120","-999",(601) 304-2500,FEDERAL,OPEN,"1514",ADAMS,"28001",USA,"922140",CORRECTIONAL INSTITUTIONS,https://www.ice.gov/detain/detention-management,2024/01/12,IMAGERY/OTHER,2024/02/05,https://www.corecivic.com/facilities/adams-county-correctional-center,MEDIUM,"-999",0.000012403567325,0.014843634201175,"10001820",FMS182,"915","915","7.45000004768372"
"3827","10000953",WINN CORRECTIONAL CENTER,560 GUM SPRINGS RD,WINNFIELD,LA,"71483","-999",(318) 628-3971,MULTI,OPEN,"1492",WINN,"22127",USA,"922140",CORRECTIONAL INSTITUTIONS,https://www.ice.gov/detain/detention-management,2024/01/12,IMAGERY/OTHER,2024/02/07,https://lasallecorrections.com/locations-winn-correctional-center/,MAXIMUM,"1576",0.000020856921310,0.018543969775253,"10000953",,,"1492","7.37500011920929"
"6208","10000204",GOODMAN TRANSFER FACILITY,349 PRIVATE RD 8430,JASPER,TX,"75951","-999",(409) 383-0012,STATE,OPEN,"-999",JASPER,"48241",USA,"922140",CORRECTIONAL INSTITUTIONS,https://www.tdcj.texas.gov/unit_directory/gg.html,2016/09/15,IMAGERY/OTHER,2024/04/22,https://www.tdcj.texas.gov/unit_directory/gg.html,MEDIUM,"68",0.000003181697139,0.007506593350216,"10000204",PTX063,"570","570","7.69999980926514"
"374","10002146",CALHOUN STATE PRISON,27823 MAIN ST,MORGAN,GA,"39866","-999",(229) 849-5000,STATE,OPEN,"1666",CALHOUN,"13037",USA,"922140",CORRECTIONAL INSTITUTIONS,https://gdc.georgia.gov/locations,2024/02/01,IMAGERY/OTHER,2024/02/20,https://gdc.georgia.gov/locations/calhoun-state-prison,MEDIUM,"1677",0.000011562084183,0.013177698433243,"10002146",PGA024,"1587","1587","7.25"
"375","10002134",CENTRAL STATE PRISON,4600 FULTON MILL RD,MACON,GA,"31208","-999",(478) 471-2908,STATE,OPEN,"1109",BIBB,"13021",USA,"922140",CORRECTIONAL INSTITUTIONS,https://gdc.georgia.gov/locations,2024/02/01,IMAGERY/OTHER,2024/02/20,https://gdc.georgia.gov/locations/central-state-prison,MEDIUM,"1153",0.000009240169675,0.014722618868095,"10002134",PGA026,"1146","1146","7.54999995231628"
"690","10000099",FCI ESTILL,100 PRISON RD,ESTILL,SC,"29918","-999",(803) 625-4607,FEDERAL,OPEN,"-999",HAMPTON,"45049",USA,"922140",CORRECTIONAL INSTITUTIONS,https://www.bop.gov/locations/institutions/est/,2016/02/16,IMAGERY/OTHER,2024/01/22,https://www.bop.gov/locations/institutions/est/,MEDIUM,"-999",0.000014332540786,0.014622571593822,"10000099",FSC275,"1224","1224","6.20000004768372"
"860","10001421",BURRUSS CORRECTIONAL TRAINING CENTER,1000 INDIAN SPRINGS DR,FORSYTH,GA,"31029","-999",(478) 994-7512,STATE,OPEN,"444",MONROE,"13207",USA,"922140",CORRECTIONAL INSTITUTIONS,https://gdc.georgia.gov/locations,2024/02/01,IMAGERY/OTHER,2024/02/20,https://gdc.georgia.gov/locations/burruss-correctional-training-ctr,MEDIUM,"806",0.000007173056474,0.011598245983298,"10001421",PGA021,"735","735","8.10000038146973"
"882","10004496",EMANUEL WOMEN'S FACILITY,714 GUMLOG ROAD,SWAINSBORO,GA,"30401","-999",(478) 289-2748,STATE,OPEN,"417",EMANUEL,"13107",USA,"922140",CORRECTIONAL INSTITUTIONS,https://gdc.georgia.gov/locations,2024/02/01,IMAGERY/OTHER,2024/02/20,https://gdc.georgia.gov/locations/emanuel-womens-facility,MEDIUM,"415",0.000004023758493,0.007818480669571,"10004496",PGA052,"402","402","7.30000019073486"
"893","10000297",HANCOCK STATE PRISON,701 PRISON BLVD,SPARTA,GA,"31087","-999",(706) 444-1000,STATE,OPEN,"1179",HANCOCK,"13141",USA,"922140",CORRECTIONAL INSTITUTIONS,https://gdc.georgia.gov/locations,2024/02/01,IMAGERY/OTHER,2024/02/20,https://gdc.georgia.gov/locations/hancock-state-prison,CLOSE,"1191",0.000011322415276,0.013172762520370,"10000297",PGA058,"1160","1160","6.90000009536743"
"905","10000323",LEE STATE PRISON,153 PINEWOOD DRIVE,LEESBURG,GA,"31763","-999",(229) 759-3110,STATE,OPEN,"755",LEE,"13177",USA,"922140",CORRECTIONAL INSTITUTIONS,https://gdc.georgia.gov/locations,2024/02/01,IMAGERY/OTHER,2024/02/20,https://gdc.georgia.gov/locations/lee-state-prison,MEDIUM,"762",0.000006372987627,0.009822508233794,"10000323",PGA067,"737","737","7.69999980926514"
"910","10005199",LONG UNIT,1434 US HWY 84 EAST,LUDOWICI,GA,"31316","-999",(912) 545-3777,STATE,OPEN,"232",LONG,"13183",USA,"922140",CORRECTIONAL INSTITUTIONS,https://gdc.georgia.gov/locations,2024/02/01,IMAGERY/OTHER,2024/02/20,https://gdc.georgia.gov/locations/long-unit,MEDIUM,"212",0.000001509929916,0.004897366876695,"10005199",PGA068,"208","208","6.90000009536743"
"912","10000303",JOHNSON STATE PRISON,290 DONOVAN-HARRISON ROAD,WRIGHTSVILLE,GA,"31096","-999",(478) 864-4100,STATE,OPEN,"1586",JOHNSON,"13167",USA,"922140",CORRECTIONAL INSTITUTIONS,https://gdc.georgia.gov/locations,2024/02/01,IMAGERY/OTHER,2024/02/20,https://gdc.georgia.gov/locations/johnson-state-prison,MEDIUM,"1612",0.000011307164641,0.012737197028014,"10000303",PGA066,"1508","1508","6.90000009536743"
"924","10002137",MACON STATE PRISON,2728 HWY 49 SOUTH,OGLETHORPE,GA,"31068","-999",(478) 472-3400,STATE,OPEN,"1767",MACON,"13193",USA,"922140",CORRECTIONAL INSTITUTIONS,https://gdc.georgia.gov/locations,2024/02/01,IMAGERY/OTHER,2024/02/20,https://gdc.georgia.gov/locations/macon-state-prison,CLOSE,"1762",0.000011994704437,0.013708666454880,"10002137",PGA069,"1657","1657","7.39999997615814"
"946","10000310",ROGERS STATE PRISON,1978 GEORGIA HIGHWAY 147,REIDSVILLE,GA,"30453","-999",(912) 557-7771,STATE,OPEN,"1468",TATTNALL,"13267",USA,"922140",CORRECTIONAL INSTITUTIONS,https://gdc.georgia.gov/locations,2024/02/01,IMAGERY/OTHER,2024/02/20,https://gdc.georgia.gov/locations/rogers-state-prison,MEDIUM,"1391",0.000009535708159,0.014742851125997,"10000310",PGA092,"1385","1385","7.32500004768372"
"949","10000283",WALKER STATE PRISON,97 KEVIN LANE,ROCK SPRING,GA,"30739","-999",(706) 764-3600,STATE,OPEN,"418",WALKER,"13295",USA,"922140",CORRECTIONAL INSTITUTIONS,https://gdc.georgia.gov/locations,2024/02/01,IMAGERY/OTHER,2024/02/20,https://gdc.georgia.gov/locations/walker-state-prison,MEDIUM,"444",0.000005446065643,0.010378440258167,"10000283",PGA111,"601","601","7.19999980926514"
"957","10002126",WASHINGTON STATE PRISON,13262 HWY 24 E,DAVISBORO,GA,"31018","-999",(478) 348-5814,STATE,OPEN,"1556",WASHINGTON,"13303",USA,"922140",CORRECTIONAL INSTITUTIONS,https://gdc.georgia.gov/locations,2024/02/01,IMAGERY/OTHER,2024/02/20,https://gdc.georgia.gov/locations/washington-state-prison,MEDIUM,"1548",0.000013608582321,0.015671134759320,"10002126",PGA113,"1543","1543","7.25"
"967","10000318",WILCOX STATE PRISON,470 SOUTH BROAD STREET,ABBEVILLE,GA,"31001","-999",(229) 467-3000,STATE,OPEN,"1840",WILCOX,"13315",USA,"922140",CORRECTIONAL INSTITUTIONS,https://gdc.georgia.gov/locations,2024/02/01,IMAGERY/OTHER,2024/02/20,https://gdc.georgia.gov/locations/wilcox-state-prison,MEDIUM,"1827",0.000011107627415,0.012596001134070,"10000318",PGA119,"1788","1788","7.34999990463257"
"987","10005201",TURNER PRSAT,514 SOUTH RAILROAD AVE,SYCAMORE,GA,"31790","-999",(229) 567-4301,STATE,OPEN,"-999",TURNER,"13287",USA,"922140",CORRECTIONAL INSTITUTIONS,https://gdc.georgia.gov/locations,2024/02/21,IMAGERY/OTHER,2024/02/21,https://gdc.georgia.gov/locations/prsat,MEDIUM,"232",0.000001488117277,0.005027381549166,"10005201",PGA106,"195","195","7.69999980926514"
"1015","10002142",WHEELER CORRECTIONAL FACILITY,195 NORTH BROAD STREET,ALAMO,GA,"30411","-999",(912) 568-1731,STATE,OPEN,"2466",WHEELER,"13309",USA,"922140",CORRECTIONAL INSTITUTIONS,https://gdc.georgia.gov/locations,2024/02/01,IMAGERY/OTHER,2024/02/21,https://gdc.georgia.gov/locations/wheeler-correctional-institution,MEDIUM,"2874",0.000007030585266,0.010144573078055,"10002142",PGA116,"2703","2703","7.64999985694885"
"1017","10004514",WOMEN'S DETENTION CENTER,8662 US HWY 301 NORTH,CLAXTON,GA,"30417","-999",(912) 739-0716,STATE,OPEN,"-999",EVANS,"13109",USA,"922140",CORRECTIONAL INSTITUTIONS,https://gdc.georgia.gov/locations,2024/02/01,IMAGERY/OTHER,2024/04/01,https://gdc.georgia.gov/locations/womens-detention-center,MINIMUM,"236",0.000001622923037,0.005551113035555,"10004514",,,,"6.80000019073486"
"1076","10002701",FCI ESTILL CAMP,100 PRISON RD,ESTILL,SC,"29918","-999",(803) 625-4607,FEDERAL,OPEN,"63",HAMPTON,"45049",USA,"922140",CORRECTIONAL INSTITUTIONS,https://www.bop.gov/locations/institutions/est/,2016/02/16,IMAGERY/OTHER,2024/01/22,https://www.bop.gov/locations/institutions/est/,MINIMUM,"-999",0.000006120588750,0.009734813504607,"10002701",,,"63","6.25"
"1174","10000143",VENTRESS CORRECTIONAL FACILITY,379 ALABAMA HWY 239 N,CLAYTON,AL,"36016","-999",(334) 775-3331,STATE,OPEN,"1191",BARBOUR,"01005",USA,"922140",CORRECTIONAL INSTITUTIONS,https://doc.alabama.gov/docs/MonthlyRpts/November%202023.pdf,2023/11/30,IMAGERY/OTHER,2024/02/08,https://doc.alabama.gov/facility?loc=38,MEDIUM,"1323",0.000009918972864,0.011561528907687,"10000143",PAL041,"1232","1232","7.5"
"1668","10000296",HARALSON COUNTY SHERIFF'S OFFICE,137 HAYES-GLASS DR,BREMEN,GA,"30110","-999",(770) 646-2011,COUNTY,OPEN,"-999",HARALSON,"13143",USA,"922140",CORRECTIONAL INSTITUTIONS,https://www.haralsoncountysheriff.org/detention-division.cfm,2024/07/02,IMAGERY/OTHER,2024/07/02,https://www.haralsoncountysheriff.org/detention-division.cfm,MINIMUM,"-999",0.000001549404260,0.005603986587085,"10000296",,,,"8.19999980926514"
"1681","10000308",MONTGOMERY STATE PRISON,650 MOUNT VERNON ALSTON ROAD,MOUNT VERNON,GA,"30445","-999",(912) 583-3600,STATE,OPEN,"414",MONTGOMERY,"13209",USA,"922140",CORRECTIONAL INSTITUTIONS,https://gdc.georgia.gov/locations,2024/02/01,IMAGERY/OTHER,2024/02/20,https://gdc.georgia.gov/locations/montgomery-state-prison,MEDIUM,"900",0.000001984023356,0.005786947870456,"10000308",PGA079,"399","399","7.30000019073486"
"1702","10004527",APPLING INTEGRATED TREATMENT FACILITY,252 WEST PARK DRIVE,BAXLEY,GA,"31513","-999",(912) 367-1761,STATE,OPEN,"-999",APPLING,"13001",USA,"922140",CORRECTIONAL INSTITUTIONS,https://gdc.georgia.gov/locations,2024/02/21,IMAGERY/OTHER,2024/02/21,https://gdc.georgia.gov/locations/appling-itf,MEDIUM,"206",0.000001725254833,0.005395793593555,"10004527",PGA003,"186","186","8.10000038146973"
"1756","10004505",BLECKELY PROBATION DETENTION CENTER,179 JAC ARTS ROAD,COCHRAN,GA,"31014","-999",(478) 934-3303,STATE,OPEN,"-999",BLECKLEY,"13023",USA,"922140",CORRECTIONAL INSTITUTIONS,https://gdc.georgia.gov/locations,2024/02/01,IMAGERY/OTHER,2024/02/21,https://gdc.georgia.gov/locations/bleckley,MINIMUM,"238",0.000001520967317,0.004987234317727,"10004505",,,,"6.90000009536743"
"2002","10000316",TELFAIR STATE PRISON,210 LONGBRIDGE ROAD,HELENA,GA,"31037","-999",(229) 868-7721,STATE,OPEN,"1431",TELFAIR,"13271",USA,"922140",CORRECTIONAL INSTITUTIONS,https://gdc.georgia.gov/locations,2024/02/01,IMAGERY/OTHER,2024/02/20,https://gdc.georgia.gov/locations/telfair-state-prison,CLOSE,"1400",0.000009189019693,0.013135499974484,"10000316",PGA100,"1334","1334","7.35000014305115"
"2035","10000325",AUTRY STATE PRISON,3178 MOUNT ZION CHURCH RD,PELHAM,GA,"31779","-999",(229) 294-2940,STATE,OPEN,"6",MITCHELL,"13205",USA,"922140",CORRECTIONAL INSTITUTIONS,https://gdc.georgia.gov/locations,2024/02/01,IMAGERY/OTHER,2024/02/20,https://gdc.georgia.gov/locations/autry-state-prison,MEDIUM,"1698",0.000012095561715,0.013138844874648,"10000325",PGA013,"1611","1611","8.05000019073486"
"2041","10002138",DODGE STATE PRISON,2971 OLD BETHEL CHURCH ROAD,CHESTER,GA,"31012","-999",(478) 358-7201,STATE,OPEN,"1235",DODGE,"13091",USA,"922140",CORRECTIONAL INSTITUTIONS,https://gdc.georgia.gov/locations,2024/02/01,IMAGERY/OTHER,2024/02/20,https://gdc.georgia.gov/locations/dodge-state-prison,MEDIUM,"1236",0.000009193957112,0.012167938803969,"10002138",PGA047,"1228","1228","7.40000009536743"
"2043","10006154",DOOLY STATE PRISON,1412 PLUNKETT ROAD,UNADILLA,GA,"31091","-999",(478) 627-2000,STATE,OPEN,"1716",DOOLY,"13093",USA,"922140",CORRECTIONAL INSTITUTIONS,https://gdc.georgia.gov/locations,2024/02/01,IMAGERY/OTHER,2024/02/20,https://gdc.georgia.gov/locations/dooly-state-prison,MEDIUM,"1702",0.000011257233837,0.012569177813883,"10006154",PGA048,"1653","1653","7.45000004768372"
"2046","10002144",COFFEE CORRECTIONAL FACILITY,1153 NORTH LIBERTY STREET,NICHOLLS,GA,"31554","-999",(912) 345-5058,STATE,OPEN,"2479",COFFEE,"13069",USA,"922140",CORRECTIONAL INSTITUTIONS,https://gdc.georgia.gov/locations,2024/02/01,IMAGERY/OTHER,2024/02/21,https://gdc.georgia.gov/locations/coffee-correctional-institution,MEDIUM,"2628",0.000009530830084,0.013059296911387,"10002144",PGA036,"2621","2621","7.40000009536743"
"2049","10002141",GEORGIA STATE PRISON,300 1ST AVENUE SOUTH,REIDSVILLE,GA,"30453","-999",(912) 557-7301,STATE,CLOSED,"-999",TATTNALL,"13267",USA,"922140",CORRECTIONAL INSTITUTIONS,https://www.theadvancenews.com/2022/01/26/state-closing-prison-in-reidsville/,2022/01/26,IMAGERY/OTHER,2024/03/08,NOT AVAILABLE,NOT AVAILABLE,"-999",0.000016979013026,0.023513392246109,"10002141",PGA055,"1375","1375","7.19999980926514"
"2053","10004497",EMANUEL PROBATION DETENTION CENTER,121 CASA DRIVE,TWIN CITY,GA,"30471","-999",(478) 763-2400,STATE,OPEN,"-999",EMANUEL,"13107",USA,"922140",CORRECTIONAL INSTITUTIONS,https://gdc.georgia.gov/locations,2024/02/21,IMAGERY/OTHER,2024/02/21,https://gdc.georgia.gov/locations/emanuel-detention-center,MEDIUM,"369",0.000002797361958,0.008010178835041,"10004497",,,,"6.45000004768372"
"2061","10006453",JENKINS CORRECTIONAL FACILITY,3404 KENT FARM DRIVE,MILLEN,GA,"30442","-999",(478) 982-6300,STATE,OPEN,"1158",JENKINS,"13165",USA,"922140",CORRECTIONAL INSTITUTIONS,https://gdc.georgia.gov/locations,2024/02/01,IMAGERY/OTHER,2024/02/21,https://gdc.georgia.gov/locations/jenkins-correctional-facility,MEDIUM,"1186",0.000007450265457,0.010719442152451,"10006453",PGA065,"1137","1137","7.05000019073486"
"2063","10006322",RIVERBEND CORRECTIONAL FACILITY,196 LAYING FARM ROAD,MILLEDGEVILLE,GA,"31061","-999",(478) 414-2300,STATE,OPEN,"1517",BALDWIN,"13009",USA,"922140",CORRECTIONAL INSTITUTIONS,https://gdc.georgia.gov/locations,2024/02/01,IMAGERY/OTHER,2024/02/21,https://gdc.georgia.gov/locations/riverbend-correctional-facility,MEDIUM,"1588",0.000006453539982,0.010102100476507,"10006322",PGA090,"1499","1499","7.35000014305115"
"2068","10000309",SMITH STATE PRISON & PROBATION CENTER,9676 HWY 301 NORTH,GLENNVILLE,GA,"30427","-999",(912) 654-5000,STATE,OPEN,"1300",TATTNALL,"13267",USA,"922140",CORRECTIONAL INSTITUTIONS,https://gdc.georgia.gov/locations,2024/02/01,IMAGERY/OTHER,2024/02/20,https://gdc.georgia.gov/locations/smith-state-prison,CLOSE,"1526",0.000011369854519,0.012805904263685,"10000309",PGA095,"1445","1445","7"
"2070","10000307",PULASKI STATE PRISON,373 UPPER RIVER ROAD,HAWKINSVILLE,GA,"31036","-999",(478) 783-6000,STATE,OPEN,"1186",PULASKI,"13235",USA,"922140",CORRECTIONAL INSTITUTIONS,https://gdc.georgia.gov/locations,2024/02/01,IMAGERY/OTHER,2024/02/20,https://gdc.georgia.gov/locations/pulaski-state-prison,MEDIUM,"1223",0.000011124289131,0.012315848246127,"10000307",PGA088,"1175","1175","7.14999985694885"
"2074","10004487",WEST CENTRAL CENTER,1070 COUNTY FARM ROAD,ZEBULON,GA,"30295","-999",(770) 567-0531,STATE,OPEN,"-999",PIKE,"13231",USA,"922140",CORRECTIONAL INSTITUTIONS,https://gdc.georgia.gov/locations,2024/02/21,IMAGERY/OTHER,2024/02/21,https://gdc.georgia.gov/locations/west-central-center,MEDIUM,"194",0.000001875798262,0.006050732718216,"10004487",PGA115,"175","175","7"
"2084","10004551",ROBERT L. PATTEN PROBATION DETENTION CENTER,1009 NORTH 10TH AVENUE,LAKELAND,GA,"31635","-999",(229) 482-8241,STATE,OPEN,"-999",LANIER,"13173",USA,"922140",CORRECTIONAL INSTITUTIONS,https://gdc.georgia.gov/locations,2024/02/21,IMAGERY/OTHER,2024/02/21,https://gdc.georgia.gov/locations/patten-pdc,MINIMUM,"-999",0.000001434435035,0.005062549589165,"10004551",,,,"7.59999990463257"
"2099","10004534",BACON TRANSITIONAL CENTER,165 EAST EASTSIDE INDUSTRIAL BOULEVARD,ALMA,GA,"31510","-999",(912) 632-8157,STATE,OPEN,"98",BACON,"13005",USA,"922140",CORRECTIONAL INSTITUTIONS,https://gdc.georgia.gov/locations,2024/02/01,IMAGERY/OTHER,2024/04/01,https://gdc.georgia.gov/locations/bacon-transitional-center,MINIMUM,"-999",0.000001865691274,0.005849182889600,"10004534",,,"98","7.45000004768372"
"2108","10005191",TREUTLEN PROBATION DETENTION CENTER,401 CASCADE CIRCLE,SOPERTON,GA,"30457","-999",(912) 529-6760,STATE,OPEN,"32",TREUTLEN,"13283",USA,"922140",CORRECTIONAL INSTITUTIONS,https://gdc.georgia.gov/locations,2024/02/01,IMAGERY/OTHER,2024/02/20,https://gdc.georgia.gov/locations/treutlen-detention-center,MEDIUM,"295",0.000002029819143,0.006091211249868,"10005191",,,"32","7.19999980926514"
"2677","10001150",RIDGELAND CORRECTIONAL INSTITUTION,5 CORRECTIONAL RD,RIDGELAND,SC,"29936","-999",(803) 896-3200,STATE,OPEN,"-999",JASPER,"45053",USA,"922140",CORRECTIONAL INSTITUTIONS,https://www.doc.sc.gov/institutions,2018/01/08,IMAGERY/OTHER,2024/04/11,https://www.doc.sc.gov/institutions,MEDIUM,"-999",0.000015607725800,0.017069404584502,"10001150",PSC024,"948","948","6.59999990463257"
"2763","10002689",TRENTON CORRECTIONAL INSTITUTION,84 GREENHOUSE RD,TRENTON,SC,"29847","-999",(803) 896-3000,STATE,OPEN,"-999",EDGEFIELD,"45037",USA,"922140",CORRECTIONAL INSTITUTIONS,https://www.doc.sc.gov/institutions,2018/01/08,IMAGERY/OTHER,2024/04/11,https://www.doc.sc.gov/institutions,MEDIUM,"-999",0.000009938969697,0.012589073253260,"10002689",PSC025,"486","486","7.04999995231628"
"3296","10000144",EASTERLING CORRECTIONAL FACILITY,200 WALLACE DR,CLIO,AL,"36017","2615",(334) 397-4471,STATE,OPEN,"1236",BARBOUR,"01005",USA,"922140",CORRECTIONAL INSTITUTIONS,https://doc.alabama.gov/docs/MonthlyRpts/November%202023.pdf,2023/11/30,IMAGERY/OTHER,2024/02/07,https://doc.alabama.gov/facility?loc=13,MEDIUM,"1318",0.000011919281633,0.013371727786691,"10000144",PAL013,"1059","1059","7.5"
"3493","10000315",MCRAE CORRECTIONAL FACILITY,112 JIM HAMMOCK DRIVE,MCRAE,GA,"31055","-999",(229) 868-7778,FEDERAL,CLOSED,"0",TELFAIR,"13271",USA,"922140",CORRECTIONAL INSTITUTIONS,https://www.13wmaz.com/article/news/local/private-prison-in-mcrae-to-close-and-lay-off-252-people/93-733591fd-42ec-4b16-85cd-7afc28983769,2022/10/22,IMAGERY/OTHER,2024/02/05,NOT AVAILABLE,NOT AVAILABLE,"-999",0.000008764154700,0.011699928233280,"10000315",FGA105,"1591","1591","7.36666679382324"
"4077","10003934",STEWART DETENTION CENTER,146 CCA ROAD,LUMPKIN,GA,"31815","-999",(229) 838-5000,FEDERAL,OPEN,"1520",STEWART,"13259",USA,"922140",CORRECTIONAL INSTITUTIONS,https://www.ice.gov/detain/detention-management,2024/01/12,IMAGERY/OTHER,2024/02/01,https://www.corecivic.com/facilities/stewart-detention-center,MEDIUM,"1752",0.000008133574738,0.010884248330264,"10003934",,,"1520","7"
"4106","10004515",SMITH TRANSITIONAL CENTER,8631 UNITED STATES HIGHWAY 301 NORTH,CLAXTON,GA,"30417","-999",(912) 739-1911,STATE,OPEN,"209",EVANS,"13109",USA,"922140",CORRECTIONAL INSTITUTIONS,https://gdc.georgia.gov/locations,2024/02/01,IMAGERY/OTHER,2024/04/01,https://gdc.georgia.gov/locations/smith-transitional-center,MINIMUM,"213",0.000001037136826,0.003952881444415,"10004515",PGA096,"210","210","6.80000019073486"
"5797","10000098",ALLENDALE CORRECTIONAL INSTITUTION,1057 REVOLUTIONARY TRAIL,FAIRFAX,SC,"29827","-999",(803) 632-2561,STATE,OPEN,"-999",ALLENDALE,"45005",USA,"922140",CORRECTIONAL INSTITUTIONS,https://www.doc.sc.gov/institutions,2018/01/08,IMAGERY/OTHER,2024/04/10,https://www.doc.sc.gov/institutions,MEDIUM,"-999",0.000014803833437,0.014951066161344,"10000098",PSC001,"952","952","6.09999990463257"
"1137","10001214",ELMORE CORRECTIONAL FACILITY,3520 MARION SPILLWAY ROAD,ELMORE,AL,"36025","-999",(334) 567-1460,STATE,OPEN,"1172",ELMORE,"01051",USA,"922140",CORRECTIONAL INSTITUTIONS,https://doc.alabama.gov/docs/MonthlyRpts/November%202023.pdf,2023/11/30,IMAGERY/OTHER,2024/02/08,https://doc.alabama.gov/facility?loc=31,MEDIUM,"1180",0.000003413352488,0.007458002898999,"10001214",PAL016,"1173","1173","8.40000009536743"
"1138","10001223",BULLOCK CORRECTIONAL FACILITY,HIGHWAY 82 EAST,UNION SPRINGS,AL,"36089","-999",(334) 738-5625,STATE,OPEN,"1503",BULLOCK,"01011",USA,"922140",CORRECTIONAL INSTITUTIONS,https://doc.alabama.gov/docs/MonthlyRpts/November%202023.pdf,2023/11/30,IMAGERY/OTHER,2024/02/07,https://doc.alabama.gov/facility?loc=4,MEDIUM,"1582",0.000006681460263,0.010347722833369,"10001223",PAL006,"1511","1511","7.69999980926514"
"1139","10000149",HOLMAN CORRECTIONAL FACILITY,866 ROSS RD,ATMORE,AL,"36503","-999",(251) 368-8173,STATE,OPEN,"192",ESCAMBIA,"01053",USA,"922140",CORRECTIONAL INSTITUTIONS,https://doc.alabama.gov/docs/MonthlyRpts/November%202023.pdf,2023/11/30,IMAGERY/OTHER,2024/02/08,https://doc.alabama.gov/facility?loc=33,CLOSE,"230",0.000005010698487,0.009596524889178,"10000149",PAL042,"834","834","7.30000019073486"
"1140","10001957",FOUNTAIN CORRECTIONAL FACILITY,9677 AL HWY 21 N,ATMORE,AL,"36503","3800",(251) 368-8122,STATE,OPEN,"1273",ESCAMBIA,"01053",USA,"922140",CORRECTIONAL INSTITUTIONS,https://doc.alabama.gov/docs/MonthlyRpts/November%202023.pdf,2023/11/30,IMAGERY/OTHER,2024/02/08,https://doc.alabama.gov/facility?loc=17,MEDIUM,"1290",0.000005398185976,0.013247630613653,"10001957",PAL019,"1232","1232","8"
"1142","10000132",WILLIAM E DONALDSON CORRECTIONAL FACILITY,100 WARRIOR LN,BESSEMER,AL,"35023","7299",(205) 436-3681,STATE,OPEN,"1444",JEFFERSON,"01073",USA,"922140",CORRECTIONAL INSTITUTIONS,https://doc.alabama.gov/docs/MonthlyRpts/November%202023.pdf,2023/11/30,IMAGERY/OTHER,2024/02/07,https://doc.alabama.gov/facility?loc=2,CLOSE,"1558",0.000011073296491,0.012286779172839,"10000132",PAL043,"1362","1362","7.59999990463257"
"1146","10000140",STATON CORRECTIONAL FACILITY,2690 MARION SPILLWAY RD,ELMORE,AL,"36025","-999",(334) 567-2221,STATE,OPEN,"1376",ELMORE,"01051",USA,"922140",CORRECTIONAL INSTITUTIONS,https://doc.alabama.gov/docs/MonthlyRpts/November%202023.pdf,2023/11/30,IMAGERY/OTHER,2024/02/08,https://doc.alabama.gov/facility?loc=16,MEDIUM,"1400",0.000004787708576,0.008991047184794,"10000140",PAL039,"1391","1391","8.69999980926514"
"1147","10000142",CAMDEN COMMUNITY BASED FACILITY / COMMUNITY WORK CENTER,1780 ALABAMA HWY 221,CAMDEN,AL,"36726","-999",(334) 682-4287,STATE,OPEN,"63",WILCOX,"01131",USA,"922140",CORRECTIONAL INSTITUTIONS,https://doc.alabama.gov/docs/MonthlyRpts/November%202023.pdf,2023/11/30,IMAGERY/OTHER,2024/02/08,https://doc.alabama.gov/facility?loc=27,MINIMUM,"74",0.000000276665560,0.002072323266781,"10000142",PAL007,"59","59","7.59999990463257"
"1149","10001226",ELBA COMMUNITY BASED FACILITY / COMMUNITY WORK CENTER,1620 BOSWELL ST,ELBA,AL,"36323","-999",(334) 897-5738,STATE,OPEN,"234",COFFEE,"01031",USA,"922140",CORRECTIONAL INSTITUTIONS,https://doc.alabama.gov/docs/MonthlyRpts/November%202023.pdf,2023/11/30,IMAGERY/OTHER,2024/02/08,https://doc.alabama.gov/facility?loc=11,MINIMUM,"254",0.000000876261538,0.004242252445819,"10001226",PAL014,"240","240","8.10000038146973"
"1158","10000129",LIMESTONE CORRECTIONAL FACILITY,28779 NICK DAVIS RD,HARVEST,AL,"35749","-999",(256) 233-4600,STATE,OPEN,"2401",LIMESTONE,"01083",USA,"922140",CORRECTIONAL INSTITUTIONS,https://doc.alabama.gov/docs/MonthlyRpts/November%202023.pdf,2023/11/30,IMAGERY/OTHER,2024/02/08,https://doc.alabama.gov/facility?loc=10,CLOSE,"2459",0.000025242530228,0.018672575355310,"10000129",PAL028,"2152","2152","7.40000009536743"
"1164","10003721",ALEX CITY COMMUNITY BASED FACILITY / COMMUNITY WORK CENTER,HIGHWAY 22 WEST,ALEX CITY,AL,"35011","-999",(256) 234-7533,STATE,OPEN,"215",COOSA,"01037",USA,"922140",CORRECTIONAL INSTITUTIONS,https://doc.alabama.gov/docs/MonthlyRpts/November%202023.pdf,2023/11/30,IMAGERY/OTHER,2024/02/08,https://doc.alabama.gov/facility?loc=20,MINIMUM,"244",0.000000530270654,0.003049857272138,"10003721",PAL001,"231","231","8"
"1166","10001209",CHILDERSBURG COMMUNITY BASED FACILITY / COMMUNITY WORK CENTER,13501 PLANT RD,CHILDERSBURG,AL,"35044","-999",(256) 378-3821,STATE,OPEN,"396",TALLADEGA,"01121",USA,"922140",CORRECTIONAL INSTITUTIONS,https://doc.alabama.gov/docs/MonthlyRpts/November%202023.pdf,2023/11/30,IMAGERY/OTHER,2024/02/08,https://doc.alabama.gov/facility?loc=6,MINIMUM,"410",0.000001487614554,0.005392925096644,"10001209",PAL009,"404","404","7.90000009536743"
"1167","10003710",SAINT CLAIR CORRECTIONAL FACILITY,1000 SAINT CLAIR ROAD,SPRINGVILLE,AL,"35146","-999",(205) 467-6111,STATE,OPEN,"1035",ST. CLAIR,"01115",USA,"922140",CORRECTIONAL INSTITUTIONS,https://doc.alabama.gov/docs/MonthlyRpts/November%202023.pdf,2023/11/30,IMAGERY/OTHER,2024/02/08,https://doc.alabama.gov/facility?loc=21,CLOSE,"1195",0.000013690975720,0.014996087954619,"10003710",PAL038,"914","914","7.5"
"1168","10003728",FRANK LEE COMMUNITY BASED FACILITY / COMMUNITY WORK CENTER,5305 INGRAM RD.,DEATSVILLE,AL,"36022","-999",(334) 290-3200,STATE,OPEN,"294",ELMORE,"01051",USA,"922140",CORRECTIONAL INSTITUTIONS,https://doc.alabama.gov/docs/MonthlyRpts/November%202023.pdf,2023/11/30,IMAGERY/OTHER,2024/02/08,https://doc.alabama.gov/facility?loc=1,MINIMUM,"300",0.000003205393114,0.007951852036709,"10003728",PAL017,"295","295","7.80000019073486"
"1171","10000146",LOXLEY COMMUNITY BASED FACILITY / COMMUNITY WORK CENTER,14880 COUNTY RD 64,LOXLEY,AL,"36551","-999",(251) 964-5044,STATE,OPEN,"347",BALDWIN,"01003",USA,"922140",CORRECTIONAL INSTITUTIONS,https://doc.alabama.gov/docs/MonthlyRpts/November%202023.pdf,2023/11/30,IMAGERY/OTHER,2024/02/08,https://doc.alabama.gov/facility?loc=3,MINIMUM,"386",0.000001941531991,0.005575448022315,"10000146",PAL029,"373","373","7.04999995231628"
"1189","10006524",ALABAMA THERAPEUTIC EDUCATION FACILITY,102 INDUSTRIAL PARKWAY,COLUMBIANA,AL,"35051","-999",(205) 669-1187,STATE,OPEN,"236",SHELBY,"01117",USA,"922140",CORRECTIONAL INSTITUTIONS,https://doc.alabama.gov/docs/MonthlyRpts/November%202023.pdf,2023/11/30,IMAGERY/OTHER,2024/02/08,NOT AVAILABLE,NOT AVAILABLE,"-999",0.000002013349103,0.005426734702711,"10006524",,,"236","8.39999961853027"
"3019","10005694",FCI TALLADEGA CAMP,565 EAST RENFROE ROAD,TALLADEGA,AL,"35160","-999",(256) 315-4100,FEDERAL,OPEN,"147",TALLADEGA,"01121",USA,"922140",CORRECTIONAL INSTITUTIONS,https://www.bop.gov/locations/institutions/tdg/,2016/02/16,IMAGERY/OTHER,2024/01/11,https://www.bop.gov/locations/institutions/tdg/,MINIMUM,"-999",0.000004411475174,0.010002350793972,"10005694",,,"147","7.64999985694885"
"3022","10006173",FCI ALICEVILLE,11070 HIGHWAY 14,ALICEVILLE,AL,"35442","-999",(205) 373-5000,FEDERAL,OPEN,"1398",PICKENS,"01107",USA,"922140",CORRECTIONAL INSTITUTIONS,https://www.bop.gov/locations/institutions/ali/,2016/02/16,IMAGERY/OTHER,2024/01/11,https://www.bop.gov/locations/institutions/ali/,MINIMUM,"-999",0.000018523140852,0.018175805796989,"10006173",FAL002,"1559","1559","7.25"
"3024","10006174",FCI ALICEVILLE CAMP,11070 HIGHWAY 14,ALICEVILLE,AL,"35442","-999",(205) 373-5000,FEDERAL,OPEN,"185",PICKENS,"01107",USA,"922140",CORRECTIONAL INSTITUTIONS,https://www.bop.gov/locations/institutions/ali/,2016/02/16,IMAGERY/OTHER,2024/01/11,https://www.bop.gov/locations/institutions/ali/,MINIMUM,"-999",0.000003821738119,0.008920308067887,"10006174",,,"185","7.17499995231628"
"3026","10000136",FCI TALLADEGA,565 EAST RENFROE ROAD,TALLADEGA,AL,"35160","-999",(256) 315-4100,FEDERAL,OPEN,"984",TALLADEGA,"01121",USA,"922140",CORRECTIONAL INSTITUTIONS,https://www.bop.gov/locations/institutions/tdg/,2016/02/16,IMAGERY/OTHER,2024/01/11,https://www.bop.gov/locations/institutions/tdg/,MEDIUM,"-999",0.000014614323163,0.014438611215110,"10000136",FAL008,"1086","1086","7.67499995231628"
"3210","10001199",HAMILTON COMMUNITY BASED FACILITY / COMMUNITY WORK CENTER,1826 BEXAR AVE E,HAMILTON,AL,"35570","-999",(205) 921-9308,STATE,OPEN,"264",MARION,"01093",USA,"922140",CORRECTIONAL INSTITUTIONS,https://doc.alabama.gov/docs/MonthlyRpts/November%202023.pdf,2023/11/30,IMAGERY/OTHER,2024/02/08,https://doc.alabama.gov/facility?loc=28,MINIMUM,"278",0.000000608887149,0.002984773348885,"10001199",PAL021,"213","213","6.90000009536743"
"3213","10001218",RED EAGLE COMMUNITY WORK CENTER,1290 RED EAGLE RD,MONTGOMERY,AL,"36110","-999",(334) 262-4604,STATE,OPEN,"296",MONTGOMERY,"01101",USA,"922140",CORRECTIONAL INSTITUTIONS,https://doc.alabama.gov/docs/MonthlyRpts/November%202023.pdf,2023/11/30,IMAGERY/OTHER,2024/02/08,https://doc.alabama.gov/facility?loc=8,MINIMUM,"312",0.000000539930852,0.003764764657685,"10001218",PAL036,"307","307","8.39999961853027"
"3231","10001197",HAMILTON AGED / INFIRMED,223 SASSER DR,HAMILTON,AL,"35570","-999",(205) 921-7453,STATE,OPEN,"246",MARION,"01093",USA,"922140",CORRECTIONAL INSTITUTIONS,https://doc.alabama.gov/docs/MonthlyRpts/November%202023.pdf,2023/11/30,IMAGERY/OTHER,2024/02/08,https://doc.alabama.gov/facility?loc=30,MEDIUM,"295",0.000002052943501,0.006039379221229,"10001197",PAL020,"284","284","7.09999990463257"
"3298","10001954",BIBB CORRECTIONAL FACILITY,565 BIBB LANE,BRENT,AL,"35034","-999",(205) 926-5252,STATE,OPEN,"1723",BIBB,"01007",USA,"922140",CORRECTIONAL INSTITUTIONS,https://doc.alabama.gov/docs/MonthlyRpts/November%202023.pdf,2023/11/30,IMAGERY/OTHER,2024/02/07,https://doc.alabama.gov/facility?loc=39,MEDIUM,"1825",0.000010019971342,0.011990230195107,"10001954",PAL003,"1803","1803","7.70000004768372"
"6236","10002617",CENTRAL UTAH CORRECTIONAL FACILITY,255 E 300 N ST,GUNNISON,UT,"84634","-999",(435) 528-6000,STATE,OPEN,"1754",SANPETE,"49039",USA,"922140",CORRECTIONAL INSTITUTIONS,https://corrections.utah.gov/central-utah-correctional-facility/,2018/01/17,IMAGERY/OTHER,2024/04/25,https://corrections.utah.gov/central-utah-correctional-facility/,MAXIMUM,"1800",0.000027689901799,0.025579986516976,"10002617",PUT003,"1752","1752","4.85000014305115"
"1001","10003386",FSL ELKTON,8730 SCROGGS RD,LISBON,OH,"44432","-999",(330) 420-6200,FEDERAL,OPEN,"336",COLUMBIANA,"39029",USA,"922140",CORRECTIONAL INSTITUTIONS,https://www.bop.gov/locations/institutions/elk/,2016/02/16,IMAGERY/OTHER,2024/01/19,https://www.bop.gov/locations/institutions/elk/,MINIMUM,"-999",0.000005669776556,0.009492565478984,"10003386",,,"336","7.35000014305115"
"2795","10003387",EASTERN OHIO CORRECTION CENTER - FEMALE CENTER,227 N MARKET ST,LISBON,OH,"44432","-999",(330) 420-0288,STATE,OPEN,"33",COLUMBIANA,"39029",USA,"922140",CORRECTIONAL INSTITUTIONS,https://www.drc.ohio.gov/,2017/07/21,IMAGERY/OTHER,2024/06/03,https://www.drc.ohio.gov/,MEDIUM,"35",0.000000119951665,0.001526343515824,"10003387",,,"33","7.90000009536743"
"2931","10003385",FCI ELKTON,8730 SCROGGS RD,LISBON,OH,"44432","-999",(330) 420-6200,FEDERAL,OPEN,"1565",COLUMBIANA,"39029",USA,"922140",CORRECTIONAL INSTITUTIONS,https://www.bop.gov/locations/institutions/elk/,2016/02/16,IMAGERY/OTHER,2024/01/19,https://www.bop.gov/locations/institutions/elk/,MINIMUM,"-999",0.000016283880313,0.016184995428551,"10003385",FOH231,"2457","2457","7.40000009536743"
"3714","10003389",ALLEN OAKWOOD CORRECTIONAL INSTITUTION,2338 NORTH WEST ST,LIMA,OH,"45801","-999",(419) 224-8000,STATE,OPEN,"1480",ALLEN,"39003",USA,"922140",CORRECTIONAL INSTITUTIONS,https://drc.ohio.gov/about/facilities/allen-oakwood/allen-oakwood,2017/12/04,IMAGERY/OTHER,2024/03/25,https://drc.ohio.gov/about/facilities/allen-oakwood/allen-oakwood,MAXIMUM,"-999",0.000030839935562,0.034055636270125,"10003389",POH001,"1484","1484","8.42499995231628"
"3855","10003424",CORRECTIONAL RECEPTION CENTER,11271 STATE ROUTE 762,ORIENT,OH,"43146","-999",(614) 877-2441,STATE,OPEN,"-999",PICKAWAY,"39129",USA,"922140",CORRECTIONAL INSTITUTIONS,https://drc.ohio.gov/about/facilities/correctional-reception-center/correctional-reception-center,2017/12/04,IMAGERY/OTHER,2024/03/25,https://drc.ohio.gov/about/facilities/correctional-reception-center/correctional-reception-center,MAXIMUM,"-999",0.000018380960910,0.018487395984786,"10003424",POH018,"1740","1740","8.17499995231628"
"4437","10000976",LORAIN CORRECTIONAL INSTITUTION,2075 S AVON-BELDEN RD,GRAFTON,OH,"44044","-999",(440) 748-1049,STATE,OPEN,"1276",LORAIN,"39093",USA,"922140",CORRECTIONAL INSTITUTIONS,https://drc.ohio.gov/about/facilities/lorain-correctional/lorain-correctional,2017/04/14,IMAGERY/OTHER,2017/04/14,https://drc.ohio.gov/about/facilities/lorain-correctional/lorain-correctional,MAXIMUM,"-999",0.000020011981633,0.017351416113921,"10000976",POH026,"1452","1452","7.59999990463257"
"4897","10003425",PICKAWAY CORRECTIONAL INSTITUTION,11781 STATE ROUTE 762,ORIENT,OH,"43146","-999",(614) 877-4362,STATE,OPEN,"-999",PICKAWAY,"39129",USA,"922140",CORRECTIONAL INSTITUTIONS,https://drc.ohio.gov/about/facilities/pickaway-correctional/pickaway-correctional,2017/04/21,IMAGERY/OTHER,2024/03/25,https://drc.ohio.gov/about/facilities/pickaway-correctional/pickaway-correctional,MEDIUM,"-999",0.000011899629271,0.018968616846991,"10003425",POH045,"2064","2064","8.19999980926514"
"5028","10003414",LONDON CORRECTIONAL INSTITUTION,1580 STATE ROUTE 56 SW,LONDON,OH,"43140","-999",(740) 852-2454,STATE,OPEN,"-999",MADISON,"39097",USA,"922140",CORRECTIONAL INSTITUTIONS,https://drc.ohio.gov/about/facilities/london-correctional/london-correctional,2016/06/17,IMAGERY/OTHER,2024/03/25,https://drc.ohio.gov/about/facilities/london-correctional/london-correctional,MAXIMUM,"-999",0.000021089135998,0.017893442975894,"10003414",POH025,"2223","2223","8.19999980926514"
"5033","10003356",GRAFTON REINTEGRATION CENTER,2000 AVON-BELDEN RD,GRAFTON,OH,"44044","-999",(440) 748-1161,STATE,OPEN,"-999",LORAIN,"39093",USA,"922140",CORRECTIONAL INSTITUTIONS,https://drc.ohio.gov/about/facilities/grafton-correctional/grafton-correctional,2017/12/04,IMAGERY/OTHER,2024/06/03,https://drc.ohio.gov/about/facilities/grafton-correctional/grafton-correctional,NOT AVAILABLE,"-999",0.000014374238162,0.015180403040700,"10003356",,,,"7.59999990463257"
"5040","10003390",WESTERN OHIO REGIONAL TREATMENT & REHABILITATION CENTER / WORTH CENTER,243 E BLUELICK RD,LIMA,OH,"45801","-999",(419) 222-3339,STATE,OPEN,"-999",ALLEN,"39003",USA,"922140",CORRECTIONAL INSTITUTIONS,https://www.worthcenter.org/,2017/08/15,IMAGERY/OTHER,2024/03/26,https://www.worthcenter.org/,MINIMUM,"-999",0.000000490638513,0.003729619918905,"10003390",,,,"8.39999961853027"
"5041","10003354",LORAIN / MEDINA COMMUNITY BASED CORRECTIONAL FACILITY,9892 MURRAY RIDGE RD,ELYRIA,OH,"44035","-999",(440) 281-9708,STATE,OPEN,"-999",LORAIN,"39093",USA,"922140",CORRECTIONAL INSTITUTIONS,http://lmcbcf.com/,2017/12/22,IMAGERY/OTHER,2024/03/26,http://lmcbcf.com/,MINIMUM,"130",0.000000490458660,0.004343198691464,"10003354",,,,"7.59999990463257"
"5105","10000982",MADISON CORRECTIONAL INSTITUTION,1851 STATE ROUTE 56,LONDON,OH,"43140","-999",(740) 852-9777,STATE,OPEN,"-999",MADISON,"39097",USA,"922140",CORRECTIONAL INSTITUTIONS,https://drc.ohio.gov/about/facilities/madison-correctional/madison-correctional,2015/03/27,IMAGERY/OTHER,2024/03/25,https://drc.ohio.gov/about/facilities/madison-correctional/madison-correctional,MEDIUM,"-999",0.000033571051745,0.028714657273105,"10000982",POH027,"2261","2261","8.17499995231628"
"5109","10003357",GRAFTON CORRECTIONAL INSTITUTION,2500 AVON BELDEN RD,GRAFTON,OH,"44044","-999",(440) 748-1161,STATE,OPEN,"-999",LORAIN,"39093",USA,"922140",CORRECTIONAL INSTITUTIONS,https://drc.ohio.gov/about/facilities/grafton-correctional,2017/12/04,IMAGERY/OTHER,2017/12/04,https://drc.ohio.gov/about/facilities/grafton-correctional,CLOSE,"-999",0.000015297493974,0.014986581011644,"10003357",POH022,"1617","1617","7.52499997615814"
"5119","10002432",CHILLICOTHE CORRECTIONAL INSTITUTION / RTU,15802 STATE ROUTE N 104,CHILLICOTHE,OH,"45601","-999",(740) 774-7080,STATE,OPEN,"-999",ROSS,"39141",USA,"922140",CORRECTIONAL INSTITUTIONS,https://drc.ohio.gov/about/facilities/chillicothe-correctional-cci/chillicothe-correctional-cci,2017/12/04,IMAGERY/OTHER,2024/03/25,https://drc.ohio.gov/about/facilities/chillicothe-correctional-cci/chillicothe-correctional-cci,CLOSE,"-999",0.000031192520055,0.027519857947557,"10002432",POH012,"2706","2706","7.57500004768372"
"5235","10003444",SOUTHERN OHIO CORRECTIONAL FACILITY,1724 STATE ROUTE 728,LUCASVILLE,OH,"45699","-999",(740) 259-5544,STATE,OPEN,"-999",SCIOTO,"39145",USA,"922140",CORRECTIONAL INSTITUTIONS,https://drc.ohio.gov/about/facilities/southern-ohio-correctional-facility/southern-ohio-correctional,2015/04/17,IMAGERY/OTHER,2024/03/26,https://drc.ohio.gov/about/facilities/southern-ohio-correctional-facility/southern-ohio-correctional,MAXIMUM,"-999",0.000027527780503,0.019653315048399,"10003444",POH051,"1286","1286","6.69999980926514"
"188","10003587",OKLAHOMA STATE REFORMATORY,1700 E FIRST ST,GRANITE,OK,"73547","0514",(405) 698-5263,STATE,OPEN,"-999",GREER,"40055",USA,"922140",CORRECTIONAL INSTITUTIONS,https://oklahoma.gov/doc/facilities/oklahoma-state-reformatory.html,2018/01/02,IMAGERY/OTHER,2024/03/27,https://oklahoma.gov/doc/facilities/oklahoma-state-reformatory.html,MEDIUM,"1000",0.000006744115808,0.012051770596644,"10003587",POK043,"890","890","5.80000019073486"
"583","10000187",COFFIELD UNIT,2661 FM 2054,TENNESSEE COLONY,TX,"75884","-999",(903) 928-2211,STATE,OPEN,"-999",ANDERSON,"48001",USA,"922140",CORRECTIONAL INSTITUTIONS,https://www.tdcj.texas.gov/unit_directory/co.html,2016/09/15,IMAGERY/OTHER,2024/04/19,https://www.tdcj.texas.gov/unit_directory/co.html,MAXIMUM,"4139",0.000026704852644,0.025718465730985,"10000187",PTX064,"4101","4101","7.13333320617676"
"585","10002941",LOPEZ STATE JAIL,1203 EL CIBOLO RD,EDINBURG,TX,"78542","-999",(956) 316-3810,STATE,OPEN,"-999",HIDALGO,"48215",USA,"922140",CORRECTIONAL INSTITUTIONS,https://www.tdcj.texas.gov/unit_directory/rl.html,2016/09/15,IMAGERY/OTHER,2024/04/22,https://www.tdcj.texas.gov/unit_directory/rl.html,MEDIUM,"1100",0.000006089382850,0.009813314670719,"10002941",PTX110,"996","996","8.39999961853027"
"590","10000186",MICHAEL STATE PRISON,2664 FM 2054,TENNESSEE COLONY,TX,"75886","-999",(903) 928-2311,STATE,OPEN,"-999",ANDERSON,"48001",USA,"922140",CORRECTIONAL INSTITUTIONS,https://www.tdcj.texas.gov/unit_directory/mi.html,2016/09/15,IMAGERY/OTHER,2024/04/22,https://www.tdcj.texas.gov/unit_directory/mi.html,MAXIMUM,"2552",0.000020897396780,0.021457370454502,"10000186",PTX098,"3202","3202","7.19999980926514"
"592","10000205",POLUNSKY PRISON,3872 FM 350 SOUTH,LIVINGSTON,TX,"77351","-999",(936) 967-8082,STATE,OPEN,"-999",POLK,"48373",USA,"922140",CORRECTIONAL INSTITUTIONS,https://www.tdcj.texas.gov/unit_directory/tl.html,2016/09/15,IMAGERY/OTHER,2024/04/23,https://www.tdcj.texas.gov/unit_directory/tl.html,MAXIMUM,"2984",0.000022695478947,0.018070560554382,"10000205",PTX006,"2806","2806","7.65000009536743"
"1033","10000226",FCI BASTROP,1341 HIGHWAY 95 NORTH,BASTROP,TX,"78602","-999",(512) 321-3903,FEDERAL,OPEN,"972",BASTROP,"48021",USA,"922140",CORRECTIONAL INSTITUTIONS,https://www.bop.gov/locations/institutions/bas/,2016/02/16,IMAGERY/OTHER,2024/01/22,https://www.bop.gov/locations/institutions/bas/,MINIMUM,"-999",0.000012054548506,0.013661045719076,"10000226",FTX292,"1511","1511","6.33333333333333"
"1593","10002843",TRAVIS COUNTY UNIT,8101 FM 969,AUSTIN,TX,"78724","-999",(512) 926-4482,STATE,OPEN,"-999",TRAVIS,"48453",USA,"922140",CORRECTIONAL INSTITUTIONS,https://www.tdcj.texas.gov/unit_directory/ti.html,2016/09/15,IMAGERY/OTHER,2024/04/23,https://www.tdcj.texas.gov/unit_directory/ti.html,MEDIUM,"1161",0.000008494698932,0.011435649593843,"10002843",PTX124,"1016","1016","7.90000009536743"
"2331","10002904",KARNES COUNTY CORRECTIONAL CENTER,810 COMMERCE ST,KARNES CITY,TX,"78118","-999",(830) 780-3525,MULTI,OPEN,"-999",KARNES,"48255",USA,"922140",CORRECTIONAL INSTITUTIONS,https://www.geogroup.com/Locations,2017/10/16,IMAGERY/OTHER,2020/02/21,https://www.geogroup.com/Locations,MAXIMUM,"679",0.000001347184707,0.004784161831395,"10002904",,,,"7.40000009536743"
"2485","10003592",MACK ALFORD CORRECTIONAL CENTER,13001 NORTH HWY 69,ATOKA,OK,"74525","-999",(580) 346-7301,STATE,OPEN,"-999",ATOKA,"40005",USA,"922140",CORRECTIONAL INSTITUTIONS,https://oklahoma.gov/doc/facilities/mack-alford-correctional-center.html,2018/01/02,IMAGERY/OTHER,2024/03/27,https://oklahoma.gov/doc/facilities/mack-alford-correctional-center.html,MEDIUM,"800",0.000008965732604,0.013821045223355,"10003592",POK032,"791","791","6.90000009536743"
"2487","10003572",UNION CITY COMMUNITY CORRECTIONS CENTER,700 N STATE HWY 81,UNION CITY,OK,"73090","0129",(405) 483-5900,STATE,OPEN,"-999",CANADIAN,"40017",USA,"922140",CORRECTIONAL INSTITUTIONS,https://oklahoma.gov/doc/facilities/union-city-community-corrections-center.html,2018/01/02,IMAGERY/OTHER,2024/03/27,https://oklahoma.gov/doc/facilities/union-city-community-corrections-center.html,MINIMUM,"228",0.000000823410574,0.004035567999949,"10003572",POK049,"217","217","7"
"2630","10001729",JOHN H LILLEY CORRECTIONAL CENTER,407971 HWY 62E,BOLEY,OK,"74829","-999",(918) 667-3381,STATE,OPEN,"-999",OKFUSKEE,"40107",USA,"922140",CORRECTIONAL INSTITUTIONS,https://oklahoma.gov/doc/facilities/john-h-lilley-correctional-center.html,2018/01/02,IMAGERY/OTHER,2024/03/27,https://oklahoma.gov/doc/facilities/john-h-lilley-correctional-center.html,MINIMUM,"800",0.000008683457281,0.013573252158611,"10001729",POK024,"819","819","6.15000009536743"
"2636","10001732",JOSEPH HARP CORRECTIONAL CENTER,16161 MOFFAT RD,LEXINGTON,OK,"73051","0548",(405) 527-5593,STATE,OPEN,"-999",CLEVELAND,"40027",USA,"922140",CORRECTIONAL INSTITUTIONS,https://oklahoma.gov/doc/facilities/joseph-harp-correctional-center.html,2018/01/02,IMAGERY/OTHER,2020/01/21,https://oklahoma.gov/doc/facilities/joseph-harp-correctional-center.html,MEDIUM,"1300",0.000015775894099,0.016973054151824,"10001732",POK025,"1298","1298","5.80000019073486"
"2637","10001733",LEXINGTON ASSESSMENT AND RECEPTION CENTER,15151 STATE HWY 39,LEXINGTON,OK,"73051","-999",(405) 527-5676,STATE,OPEN,"499",CLEVELAND,"40027",USA,"922140",CORRECTIONAL INSTITUTIONS,https://oklahoma.gov/doc/facilities/lexington-assessment-and-reception-center.html,2018/01/02,IMAGERY/OTHER,2024/03/27,https://oklahoma.gov/doc/facilities/lexington-assessment-and-reception-center.html,MAXIMUM,"1462",0.000013784582052,0.019554218277719,"10001733",POK030,"1475","1475","6.25"
"2751","10003580",MABEL BASSETT CORRECTIONAL CENTER,29501 KICKAPOO RD,MCLOUD,OK,"74851","8339",(405) 964-3020,STATE,OPEN,"-999",POTTAWATOMIE,"40125",USA,"922140",CORRECTIONAL INSTITUTIONS,https://oklahoma.gov/doc/facilities/mabel-bassett-correctional-center.html,2018/01/02,IMAGERY/OTHER,2024/03/27,https://oklahoma.gov/doc/facilities/mabel-bassett-correctional-center.html,MEDIUM,"1241",0.000008524445320,0.011295887948077,"10003580",POK031,"1349","1349","6.80000019073486"
"2820","10000244",STRINGFELLOW PRISON,1200 FM 655,ROSHARON,TX,"77583","-999",(281) 595-3413,STATE,OPEN,"-999",BRAZORIA,"48039",USA,"922140",CORRECTIONAL INSTITUTIONS,https://www.tdcj.texas.gov/unit_directory/r2.html,2016/09/15,IMAGERY/OTHER,2024/04/23,https://www.tdcj.texas.gov/unit_directory/r2.html,MAXIMUM,"1531",0.000006343150289,0.016149572587198,"10000244",PTX001,"1137","1137","6.30000019073486"
"2821","10000237",TORRES PRISON,125 PRIVATE RD 4303,HONDO,TX,"78861","-999",(830) 426-5325,STATE,OPEN,"-999",MEDINA,"48325",USA,"922140",CORRECTIONAL INSTITUTIONS,https://www.tdcj.texas.gov/unit_directory/te.html,2016/09/15,IMAGERY/OTHER,2024/04/23,https://www.tdcj.texas.gov/unit_directory/te.html,MEDIUM,"1384",0.000010438214304,0.012921483951600,"10000237",PTX113,"1338","1338","7.09999990463257"
"2863","10000160",RUDD TRANSFER FACILITY,2004 LAMESA HWY,BROWNFIELD,TX,"79316","-999",(806) 637-4470,STATE,CLOSED,"-999",TERRY,"48445",USA,"922140",CORRECTIONAL INSTITUTIONS,https://www.kcbd.com/2021/10/14/brownfield-state-prison-shutting-down-by-end-october/,2016/09/15,IMAGERY/OTHER,2024/04/24,https://www.kcbd.com/2021/10/14/brownfield-state-prison-shutting-down-by-end-october/,MEDIUM,"-999",0.000003364862323,0.007283338250137,"10000160",PTX077,"65","65","5.29999995231628"
"2923","10001283",FCI BEAUMONT CAMP,5560 KNAUTH ROAD,BEAUMONT,TX,"77705","-999",(409) 727-8172,FEDERAL,OPEN,"428",JEFFERSON,"48245",USA,"922140",CORRECTIONAL INSTITUTIONS,https://www.bop.gov/locations/institutions/bml/,2016/02/16,IMAGERY/OTHER,2024/01/22,https://www.bop.gov/locations/institutions/bml/,MINIMUM,"-999",0.000002549693590,0.007059454997960,"10001283",,,"428","7.59999990463257"
"3072","10001728",FCI EL RENO CAMP,4205 HWY 66 W,EL RENO,OK,"73036","-999",(405) 262-4875,FEDERAL,OPEN,"145",CANADIAN,"40017",USA,"922140",CORRECTIONAL INSTITUTIONS,https://www.bop.gov/locations/institutions/ere/,2016/02/16,IMAGERY/OTHER,2024/01/19,https://www.bop.gov/locations/institutions/ere/,MINIMUM,"-999",0.000000460099727,0.004236909305424,"10001728",,,"145","7.19999980926514"
"3074","10001727",FCI EL RENO,4205 HWY 66 W,EL RENO,OK,"73036","-999",(405) 262-4875,FEDERAL,OPEN,"1072",CANADIAN,"40017",USA,"922140",CORRECTIONAL INSTITUTIONS,https://www.bop.gov/locations/institutions/ere/,2016/02/16,IMAGERY/OTHER,2024/01/19,https://www.bop.gov/locations/institutions/ere/,MEDIUM,"-999",0.000020890913902,0.018476237242993,"10001727",FOK236,"1203","1203","7.19999980926514"
"3310","10006238",FCI BASTROP CAMP,1341 HIGHWAY 95 NORTH,BASTROP,TX,"78602","-999",(512) 321-3903,FEDERAL,OPEN,"103",BASTROP,"48021",USA,"922140",CORRECTIONAL INSTITUTIONS,https://www.bop.gov/locations/institutions/bas/,2016/02/16,IMAGERY/OTHER,2024/01/22,https://www.bop.gov/locations/institutions/bas/,MINIMUM,"-999",0.000004008575161,0.011444171673352,"10006238",,,"103","6.5"
"3315","10002913",FCI THREE RIVERS,US HWY 72 W,THREE RIVERS,TX,"78071","-999",(361) 786-3576,FEDERAL,OPEN,"1087",LIVE OAK,"48297",USA,"922140",CORRECTIONAL INSTITUTIONS,https://www.bop.gov/locations/institutions/trv/,2016/02/16,IMAGERY/OTHER,2024/01/22,https://www.bop.gov/locations/institutions/trv/,MEDIUM,"-999",0.000011495757235,0.012625779937897,"10002913",FTX331,"1340","1340","7.69999980926514"
"3317","10002914",FCI THREE RIVERS CAMP,US HWY 72 W,THREE RIVERS,TX,"78071","-999",(361) 786-3576,FEDERAL,OPEN,"221",LIVE OAK,"48297",USA,"922140",CORRECTIONAL INSTITUTIONS,https://www.bop.gov/locations/institutions/trv/,2016/02/16,IMAGERY/OTHER,2024/01/22,https://www.bop.gov/locations/institutions/trv/,MINIMUM,"-999",0.000005185969940,0.010398846095072,"10002914",,,"221","7.69999980926514"
"3333","10001989",FCI BEAUMONT MEDIUM,5830 KNAUTH ROAD,BEAUMONT,TX,"77705","-999",(409) 727-0101,FEDERAL,OPEN,"1667",JEFFERSON,"48245",USA,"922140",CORRECTIONAL INSTITUTIONS,https://www.bop.gov/locations/institutions/bmm/,2016/02/16,IMAGERY/OTHER,2024/01/22,https://www.bop.gov/locations/institutions/bmm/,MEDIUM,"-999",0.000017406465759,0.016799201124796,"10001989",FTX296,"1549","1549","7.69999980926514"
"3335","10002860",FCI BEAUMONT LOW,5560 KNAUTH ROAD,BEAUMONT,TX,"77705","-999",(409) 727-8172,FEDERAL,OPEN,"1590",JEFFERSON,"48245",USA,"922140",CORRECTIONAL INSTITUTIONS,https://www.bop.gov/locations/institutions/bml/,2016/02/16,IMAGERY/OTHER,2024/01/22,https://www.bop.gov/locations/institutions/bml/,MINIMUM,"-999",0.000020489268991,0.017298718262759,"10002860",FTX294,"2632","2632","7.80000019073486"
"3336","10001990",USP BEAUMONT,6200 KNAUTH ROAD,BEAUMONT,TX,"77705","-999",(409) 727-8188,FEDERAL,OPEN,"1158",JEFFERSON,"48245",USA,"922140",CORRECTIONAL INSTITUTIONS,https://www.bop.gov/locations/institutions/bmp/,2016/02/16,IMAGERY/OTHER,2024/01/22,https://www.bop.gov/locations/institutions/bmp/,MAXIMUM,"-999",0.000012214658682,0.013887345890849,"10001990",FTX297,"978","978","7.67499995231628"
"3391","10003579",GREAT PLAINS CORRECTIONAL CENTER,700 SUGAR CREEK DRIVE,HINTON,OK,"73047","-999",(405) 778-7000,STATE,OPEN,"2020",CADDO,"40015",USA,"922140",CORRECTIONAL INSTITUTIONS,https://oklahoma.gov/doc/facilities.html,2024/02/05,IMAGERY/OTHER,2024/02/06,https://oklahoma.gov/doc/facilities/great-plains-correctional-center.html,MEDIUM,"2047",0.000008858555475,0.012402428401027,"10003579",FOK238,"1909","1909","5.59999990463257"
"3443","10000159",GILES W DALBY CORRECTIONAL FACILITY,805 N AVENUE F,POST,TX,"79356","-999",(806) 495-2175,COUNTY,OPEN,"-999",GARZA,"48169",USA,"922140",CORRECTIONAL INSTITUTIONS,https://www.mtctrains.com/facility/giles-w-dalby-correctional-facility/,2024/02/06,IMAGERY/OTHER,2024/02/06,https://www.mtctrains.com/facility/giles-w-dalby-correctional-facility/,MAXIMUM,"912",0.000006547217481,0.010298054047447,"10000159",FTX309,"1635","1635","4.5"
"3517","10001734",ALLEN GAMBLE CORRECTIONAL CENTER (FORMERLY DAVIS CORRECTIONAL FACILITY),6888 E 133RD RD,HOLDENVILLE,OK,"74848","9033",(405) 698-5900,STATE,OPEN,"-999",HUGHES,"40063",USA,"922140",CORRECTIONAL INSTITUTIONS,https://oklahoma.gov/doc/facilities/allen-gamble-correctional-center.html,2018/01/02,IMAGERY/OTHER,2024/03/27,https://oklahoma.gov/doc/facilities/allen-gamble-correctional-center.html,MEDIUM,"1723",0.000010279571597,0.013307518668704,"10001734",POK014,"1669","1669","6.35000014305115"
"3521","10003591",HOWARD MCLEOD CORRECTIONAL CENTER,19603 E WHIPPOORWILL LN,ATOKA,OK,"74525","8415",(580) 889-6651,STATE,OPEN,"-999",ATOKA,"40005",USA,"922140",CORRECTIONAL INSTITUTIONS,https://oklahoma.gov/doc/facilities/howard-mcleod-correctional-center.html,2018/01/02,IMAGERY/OTHER,2024/03/27,https://oklahoma.gov/doc/facilities/howard-mcleod-correctional-center.html,MINIMUM,"700",0.000010015975249,0.016415393485102,"10003591",POK019,"647","647","6.20000012715658"
"3678","10000246",MEMORIAL,59 DARRINGTON RD,ROSHARON,TX,"77583","-999",(281) 595-3465,STATE,OPEN,"-999",BRAZORIA,"48039",USA,"922140",CORRECTIONAL INSTITUTIONS,https://www.tdcj.texas.gov/unit_directory/da.html,2016/09/15,IMAGERY/OTHER,2024/04/22,https://www.tdcj.texas.gov/unit_directory/da.html,MAXIMUM,"1610",0.000006475933333,0.013249779935207,"10000246",PTX041,"1698","1698","6.83333349227905"
"4571","10001725",JESS DUNN CORRECTIONAL CENTER,601 S 124TH ST W,TAFT,OK,"74463","0316",(918) 682-7841,STATE,OPEN,"-999",MUSKOGEE,"40101",USA,"922140",CORRECTIONAL INSTITUTIONS,https://oklahoma.gov/doc/facilities/jess-dunn-correctional-center.html,2018/01/02,IMAGERY/OTHER,2024/03/27,https://oklahoma.gov/doc/facilities/jess-dunn-correctional-center.html,MINIMUM,"1100",0.000011647470274,0.014211395470937,"10001725",POK022,"1114","1114","6.80000019073486"
"4814","10001981",EDEN DETENTION CENTER,702 E BROADWAY ST,EDEN,TX,"76837","-999",(325) 869-2704,MULTI,OPEN,"-999",CONCHO,"48095",USA,"922140",CORRECTIONAL INSTITUTIONS,https://www.corecivic.com/facilities/eden-detention-center,2017/01/12,IMAGERY/OTHER,2024/02/07,https://www.corecivic.com/facilities/eden-detention-center,MINIMUM,"-999",0.000005221096444,0.010732385993879,"10001981",,,,"6.40000009536743"
"5317","10001731",JIM E HAMILTON CORRECTIONAL CENTER,53468 MINERAL SPRINGS RD,HODGEN,OK,"74939","3064",(918) 653-7831,STATE,OPEN,"711",LE FLORE,"40079",USA,"922140",CORRECTIONAL INSTITUTIONS,https://oklahoma.gov/doc/facilities/jim-e-hamilton-correctional-center.html,2018/01/02,IMAGERY/OTHER,2024/03/27,https://oklahoma.gov/doc/facilities/jim-e-hamilton-correctional-center.html,MINIMUM,"700",0.000010437475339,0.016012222321386,"10001731",POK023,"722","722","7.54999995231628"
"5393","10000220",LUTHER PRISON AND TRUSTY CAMP,1800 LUTHER DR,NAVASOTA,TX,"77868","-999",(936) 825-7547,STATE,OPEN,"-999",GRIMES,"48185",USA,"922140",CORRECTIONAL INSTITUTIONS,https://www.tdcj.texas.gov/unit_directory/p2.html,2024/04/22,IMAGERY/OTHER,2024/04/22,https://www.tdcj.texas.gov/unit_directory/p2.html,MEDIUM,"1316",0.000014809329969,0.022523067591911,"10000220",PTX104,"1275","1275","6.85000014305115"
"5394","10006300",CHASE FIELD WILDERNESS UNIT,4304 HWY 202,BEEVILLE,TX,"78102","-999",(361) 358-9880,STATE,OPEN,"-999",BEE,"48025",USA,"922140",CORRECTIONAL INSTITUTIONS,https://www.tdcj.texas.gov/unit_directory/unit_information.html,2018/01/12,IMAGERY/OTHER,2020/02/13,https://www.tdcj.texas.gov/unit_directory/unit_information.html,MINIMUM,"-999",0.000007862790426,0.011298023118119,"10006300",,,,"6.80000019073486"
"5511","10001978",BETO PRISON,1391 FM 3328,TENNESSEE COLONY,TX,"75880","-999",(903) 928-2217,STATE,OPEN,"-999",ANDERSON,"48001",USA,"922140",CORRECTIONAL INSTITUTIONS,https://www.tdcj.texas.gov/unit_directory/b.html,2016/09/15,IMAGERY/OTHER,2024/04/19,https://www.tdcj.texas.gov/unit_directory/b.html,MAXIMUM,"3471",0.000020327441462,0.018089404312133,"10001978",PTX061,"3420","3420","6.90000009536743"
"5518","10000190",BOYD CORRECTIONAL UNIT,200 SPUR 113,TEAGUE,TX,"75860","2007",(254) 739-5555,STATE,OPEN,"-999",FREESTONE,"48161",USA,"922140",CORRECTIONAL INSTITUTIONS,https://www.tdcj.texas.gov/unit_directory/by.html,2016/09/15,IMAGERY/OTHER,2024/04/19,https://www.tdcj.texas.gov/unit_directory/by.html,MAXIMUM,"1372",0.000010625984487,0.012827876491646,"10000190",PTX137,"1340","1340","6.40000009536743"
"5521","10001969",BRIDGEPORT CORRECTIONAL CENTER,4000 N 10TH ST,BRIDGEPORT,TX,"76426","-999",(940) 683-3010,STATE,OPEN,"-999",WISE,"48497",USA,"922140",CORRECTIONAL INSTITUTIONS,https://www.tdcj.texas.gov/unit_directory/br.html,2016/09/15,IMAGERY/OTHER,2024/04/19,https://www.tdcj.texas.gov/unit_directory/br.html,MINIMUM,"520",0.000002652960575,0.006840990907777,"10001969",PTX019,"520","520","6.30000019073486"
"5529","10000174",DANIEL UNIT,938 S FM 1673,SNYDER,TX,"79549","-999",(325) 573-1114,STATE,OPEN,"-999",SCURRY,"48415",USA,"922140",CORRECTIONAL INSTITUTIONS,https://www.tdcj.texas.gov/unit_directory/dl.html,2016/09/15,IMAGERY/OTHER,2024/04/22,https://www.tdcj.texas.gov/unit_directory/dl.html,MAXIMUM,"504",0.000010152598634,0.012521351645133,"10000174",PTX108,"1336","1336","5.19999980926514"
"5530","10000197",DIBOLL CORRECTIONAL CENTER,1604 SOUTH 1ST ST,DIBOLL,TX,"75941","-999",(936) 829-2295,STATE,OPEN,"-999",ANGELINA,"48005",USA,"922140",CORRECTIONAL INSTITUTIONS,https://www.tdcj.texas.gov/unit_directory/do.html,2016/09/15,IMAGERY/OTHER,2024/04/22,https://www.tdcj.texas.gov/unit_directory/do.html,MEDIUM,"518",0.000015160268049,0.016394430194281,"10000197",PTX043,"513","513","7.69999980926514"
"5531","10002726",COLE STATE JAIL,3801 SILO RD,BONHAM,TX,"75418","-999",(903) 583-1100,STATE,OPEN,"-999",FANNIN,"48147",USA,"922140",CORRECTIONAL INSTITUTIONS,https://www.tdcj.texas.gov/unit_directory/cl.html,2016/09/15,IMAGERY/OTHER,2024/04/19,https://www.tdcj.texas.gov/unit_directory/cl.html,MAXIMUM,"900",0.000005889816748,0.009913231468699,"10002726",PTX020,"811","811","6.09999990463257"
"5532","10002905",CONNALLY PRISON,899 FM 632,KENEDY,TX,"78119","-999",(830) 583-4003,STATE,OPEN,"-999",KARNES,"48255",USA,"922140",CORRECTIONAL INSTITUTIONS,https://www.tdcj.texas.gov/unit_directory/cy.html,2016/09/15,IMAGERY/OTHER,2024/04/22,https://www.tdcj.texas.gov/unit_directory/cy.html,MAXIMUM,"2092",0.000022474069738,0.018256035989805,"10002905",PTX081,"2190","2190","6.80000019073486"
"5533","10002920",COTULLA TRANSFER FACILITY,610 FM 624,COTULLA,TX,"78014","-999",(830) 879-3077,STATE,OPEN,"-999",LA SALLE,"48283",USA,"922140",CORRECTIONAL INSTITUTIONS,https://www.tdcj.texas.gov/unit_directory/n4.html,2016/09/15,IMAGERY/OTHER,2024/04/22,https://www.tdcj.texas.gov/unit_directory/n4.html,MAXIMUM,"606",0.000003319794587,0.008816028680887,"10002920",PTX036,"587","587","6.59999990463257"
"5540","10000185",POWLEDGE PRISON,1400 FM 3452,PALESTINE,TX,"75803","-999",(903) 723-5074,STATE,OPEN,"-999",ANDERSON,"48001",USA,"922140",CORRECTIONAL INSTITUTIONS,https://www.tdcj.texas.gov/unit_directory/b2.html,2016/09/15,IMAGERY/OTHER,2024/04/23,https://www.tdcj.texas.gov/unit_directory/b2.html,MEDIUM,"1137",0.000012689280538,0.018194534895309,"10000185",PTX094,"1118","1118","6.90000009536743"
"5544","10000215",ESTELLE PRISON,264 FM 3478,HUNTSVILLE,TX,"77320","3320",(936) 291-4200,STATE,OPEN,"-999",WALKER,"48471",USA,"922140",CORRECTIONAL INSTITUTIONS,https://www.tdcj.texas.gov/unit_directory/e2.html,2016/09/15,IMAGERY/OTHER,2024/04/22,https://www.tdcj.texas.gov/unit_directory/e2.html,MAXIMUM,"3360",0.000019092782850,0.026985576999118,"10000215",PTX129,"3115","3115","7.45000004768372"
"5545","10000198",DUNCAN GERIATRIC FACILITY,1502 SOUTH 1ST ST,DIBOLL,TX,"75941","-999",(936) 829-2616,STATE,OPEN,"-999",ANGELINA,"48005",USA,"922140",CORRECTIONAL INSTITUTIONS,"https://www.texastribune.org/library/data/texas-prisons/units/, http://www.tdcj.state.tx.us/unit_directory/index.html",2016/09/15,IMAGERY/OTHER,2024/04/22,http://www.tdcj.state.tx.us/unit_directory/index.html,NOT AVAILABLE,"530",0.000003738710575,0.008539713039004,"10000198",PTX115,"430","430","7.69999980926514"
"5548","10002822",WAINWRIGHT UNIT,2665 PRISON ROAD 1,LOVELADY,TX,"75851","-999",(936) 636-7321,STATE,OPEN,"-999",HOUSTON,"48225",USA,"922140",CORRECTIONAL INSTITUTIONS,https://www.tdcj.texas.gov/unit_directory/ea.html,2016/09/15,IMAGERY/OTHER,2024/04/23,https://www.tdcj.texas.gov/unit_directory/ea.html,MAXIMUM,"2143",0.000009878364381,0.018859428039090,"10002822",PTX047,"2330","2330","7.45000004768372"
"5549","10000206",FERGUSON PRISON,12120 SAVAGE DR,MIDWAY,TX,"75852","-999",(936) 348-3751,STATE,OPEN,"-999",MADISON,"48313",USA,"922140",CORRECTIONAL INSTITUTIONS,https://www.tdcj.texas.gov/unit_directory/fe.html,2016/09/15,IMAGERY/OTHER,2024/04/22,https://www.tdcj.texas.gov/unit_directory/fe.html,MAXIMUM,"2096",0.000010142473457,0.018519691660603,"10000206",PTX076,"2338","2338","6.93333339691162"
"5560","10002916",GARZA WEST TRANSFER FACILITY,4250 HWY 202,BEEVILLE,TX,"78102","-999",(361) 358-9890,STATE,OPEN,"-999",BEE,"48025",USA,"922140",CORRECTIONAL INSTITUTIONS,https://www.tdcj.texas.gov/unit_directory/nh.html,2016/09/15,IMAGERY/OTHER,2024/04/22,https://www.tdcj.texas.gov/unit_directory/nh.html,MAXIMUM,"2278",0.000014435101775,0.015815800013517,"10002916",PTX060,"2173","2173","6.65000009536743"
"5562","10002928",GLOSSBRENNER PRISON-SAFPF,5100 SOUTH FM 1329,SAN DIEGO,TX,"78384","-999",(361) 279-2705,STATE,OPEN,"-999",DUVAL,"48131",USA,"922140",CORRECTIONAL INSTITUTIONS,https://www.tdcj.texas.gov/unit_directory/so.html,2017/02/08,IMAGERY/OTHER,2024/04/22,https://www.tdcj.texas.gov/unit_directory/so.html,MINIMUM,"612",0.000002134193437,0.006579329107681,"10002928",PTX053,"535","535","6.5"
"5566","10002835",HALBERT UNIT,800 ELLEN HALBERT DR,BURNET,TX,"78611","-999",(512) 756-6171,STATE,OPEN,"-999",BURNET,"48053",USA,"922140",CORRECTIONAL INSTITUTIONS,https://www.tdcj.texas.gov/unit_directory/bb.html,2016/09/15,IMAGERY/OTHER,2024/04/22,https://www.tdcj.texas.gov/unit_directory/bb.html,NOT AVAILABLE,"612",0.000002086693712,0.006735768427472,"10002835",PTX052,"581","581","6.40000009536743"
"5567","10002827",HOBBY PRISON,742 FM 712,MARLIN,TX,"76661","-999",(254) 883-5561,STATE,OPEN,"-999",FALLS,"48145",USA,"922140",CORRECTIONAL INSTITUTIONS,https://www.tdcj.texas.gov/unit_directory/hb.html,2016/09/15,IMAGERY/OTHER,2024/04/22,https://www.tdcj.texas.gov/unit_directory/hb.html,MAXIMUM,"1384",0.000009973365650,0.012573932677614,"10002827",PTX136,"1353","1353","7.19999980926514"
"5569","10002791",HODGE UNIT,379 FM 2972 WEST,RUSK,TX,"75785","3666",(903) 683-5781,STATE,OPEN,"-999",CHEROKEE,"48073",USA,"922140",CORRECTIONAL INSTITUTIONS,https://www.tdcj.texas.gov/unit_directory/hd.html,2016/09/15,IMAGERY/OTHER,2024/04/22,https://www.tdcj.texas.gov/unit_directory/hd.html,MEDIUM,"989",0.000005143290082,0.011661591739379,"10002791",PTX075,"951","951","7.25"
"5572","10000216",HAMILTON PRISON (PRE-RELEASE FACILITY),200 LEE MORRISON LANE,BRYAN,TX,"77807","-999",(979) 779-1633,STATE,OPEN,"-999",BRAZOS,"48041",USA,"922140",CORRECTIONAL INSTITUTIONS,https://www.tdcj.texas.gov/unit_directory/jh.html,2016/09/15,IMAGERY/OTHER,2024/04/22,https://www.tdcj.texas.gov/unit_directory/jh.html,MEDIUM,"1166",0.000008810564850,0.012813516348356,"10000216",PTX070,"1059","1059","6.82500004768372"
"5573","10002799",HAVINS PRE-RELEASE FACILITY,500 FM 45 EAST,BROWNWOOD,TX,"76801","-999",(325) 643-5575,STATE,OPEN,"-999",BROWN,"48049",USA,"922140",CORRECTIONAL INSTITUTIONS,https://www.tdcj.texas.gov/unit_directory/th.htmll,2016/09/15,IMAGERY/OTHER,2024/04/22,https://www.tdcj.texas.gov/unit_directory/th.html,NOT AVAILABLE,"596",0.000004442222235,0.009307508389190,"10002799",PTX123,"512","512","6.09999990463257"
"5575","10000184",GURNEY TRANSFER FACILITY,1385 FM 3328,PALESTINE,TX,"75803","-999",(903) 928-3118,STATE,CLOSED,"-999",ANDERSON,"48001",USA,"922140",CORRECTIONAL INSTITUTIONS,https://tylerpaper.com/covid-19/state-prison-unit-in-palestine-to-close-temporarily-due-to-low-statewide-inmate-population/article_dea815bc-34e4-11eb-94fa-233f07cd9d35.html,2016/09/15,IMAGERY/OTHER,2020/02/18,https://tylerpaper.com/covid-19/state-prison-unit-in-palestine-to-close-temporarily-due-to-low-statewide-inmate-population/article_dea815bc-34e4-11eb-94fa-233f07cd9d35.html,MEDIUM,"-999",0.000012480083797,0.015863431590566,"10000184",PTX078,"1957","1957","6.79999995231628"
"5601","10000238",NEY STATE JAIL,114 PRIVATE RD 4303,HONDO,TX,"78861","3812",(830) 426-8030,STATE,OPEN,"-999",MEDINA,"48325",USA,"922140",CORRECTIONAL INSTITUTIONS,https://www.tdcj.texas.gov/unit_directory/hf.html,2016/09/15,IMAGERY/OTHER,2024/04/23,https://www.tdcj.texas.gov/unit_directory/hf.html,MEDIUM,"576",0.000002332789791,0.006748276539546,"10000238",PTX080,"482","482","7.09999990463257"
"5602","10000194",O'DANIEL UNIT,2305 RANSOM RD,GATESVILLE,TX,"76528","-999",(254) 865-7226,STATE,OPEN,"-999",CORYELL,"48099",USA,"922140",CORRECTIONAL INSTITUTIONS,https://www.tdcj.texas.gov/unit_directory/mv.html,2016/09/15,IMAGERY/OTHER,2024/04/23,https://www.tdcj.texas.gov/unit_directory/mv.html,MAXIMUM,"644",0.000016399187871,0.016197909329034,"10000194",PTX101,"608","608","5.45000004768372"
"5605","10001966",BATEN ISF,1995 HELTON RD,PAMPA,TX,"79065","-999",(806) 665-7070,STATE,OPEN,"-999",GRAY,"48179",USA,"922140",CORRECTIONAL INSTITUTIONS,https://www.tdcj.texas.gov/unit_directory/nj.html,2017/09/29,IMAGERY/OTHER,2024/04/19,https://www.tdcj.texas.gov/unit_directory/nj.html,MEDIUM,"188",0.000001359871931,0.005063738800456,"10001966",,,,"5.30000019073486"
"5606","10000161",JOHNSTON SAFPF,703 AIRPORT RD,WINNSBORO,TX,"75494","-999",(903) 342-6166,STATE,OPEN,"-999",WOOD,"48499",USA,"922140",CORRECTIONAL INSTITUTIONS,https://www.tdcj.texas.gov/unit_directory/jt.html,2016/09/30,IMAGERY/OTHER,2024/04/22,https://www.tdcj.texas.gov/unit_directory/jt.html,MINIMUM,"612",0.000002442249070,0.006716390110507,"10000161",PTX034,"515","515","7"
"5607","10002838",PACK PRISON AND TRUSTY CAMP,2400 WALLACE PACK RD,NAVASOTA,TX,"77868","-999",(936) 825-3728,STATE,OPEN,"-999",GRIMES,"48185",USA,"922140",CORRECTIONAL INSTITUTIONS,https://www.tdcj.texas.gov/unit_directory/p1.html,2016/09/15,IMAGERY/OTHER,2024/04/23,https://www.tdcj.texas.gov/unit_directory/p1.html,MEDIUM,"1478",0.000006972383744,0.016979802904205,"10002838",PTX131,"1452","1452","6.90000009536743"
"5608","10000203",LYNAUGH PRISON,1098 SOUTH HWY 2037,FORT STOCKTON,TX,"79735","-999",(432) 395-2938,STATE,OPEN,"-999",PECOS,"48371",USA,"922140",CORRECTIONAL INSTITUTIONS,https://www.tdcj.texas.gov/unit_directory/lh.html,2016/09/15,IMAGERY/OTHER,2024/04/22,https://www.tdcj.texas.gov/unit_directory/lh.html,MEDIUM,"1156",0.000010699912536,0.013079502494224,"10000203",PTX073,"1399","1399","5.97499990463257"
"5610","10000152",JORDAN PRISON,1992 HELTON RD,PAMPA,TX,"79065","-999",(806) 665-7070,STATE,OPEN,"-999",GRAY,"48179",USA,"922140",CORRECTIONAL INSTITUTIONS,https://www.tdcj.texas.gov/unit_directory/jn.html,2016/09/15,IMAGERY/OTHER,2024/04/22,https://www.tdcj.texas.gov/unit_directory/jn.html,MAXIMUM,"1008",0.000011239304740,0.013499448254286,"10000152",PTX114,"993","993","5.30000019073486"
"5611","10002844",PLANE STATE JAIL,904 FM 686,DAYTON,TX,"77535","-999",(936) 258-2476,STATE,OPEN,"-999",LIBERTY,"48291",USA,"922140",CORRECTIONAL INSTITUTIONS,https://www.tdcj.texas.gov/unit_directory/lj.html,2016/09/15,IMAGERY/OTHER,2024/04/23,https://www.tdcj.texas.gov/unit_directory/lj.html,MAXIMUM,"2064",0.000010146522527,0.014221646519969,"10002844",PTX096,"2004","2004","7.42500007152557"
"5613","10000248",MCCONNELL PRISON,3001 SOUTH EMILY DR,BEEVILLE,TX,"78102","-999",(361) 362-2300,STATE,OPEN,"-999",BEE,"48025",USA,"922140",CORRECTIONAL INSTITUTIONS,https://www.tdcj.texas.gov/unit_directory/ml.html,2016/09/15,IMAGERY/OTHER,2024/04/22,https://www.tdcj.texas.gov/unit_directory/ml.html,MAXIMUM,"2956",0.000022224580107,0.018031787523876,"10000248",PTX134,"2846","2846","6.80000019073486"
"5614","10002729",MONTFORD UNIT - PSYCHIATRIC FACILITY,8602 PEACH ST,LUBBOCK,TX,"79404","-999",(806) 745-1021,STATE,OPEN,"-999",LUBBOCK,"48303",USA,"922140",CORRECTIONAL INSTITUTIONS,https://www.tdcj.texas.gov/unit_directory/jm.html,2016/09/15,IMAGERY/OTHER,2024/04/22,https://www.tdcj.texas.gov/unit_directory/jm.html,NOT AVAILABLE,"1044",0.000007242431366,0.014863944277426,"10002729",PTX084,"873","873","6.30000019073486"
"5615","10000208",LEWIS PRISON,777 FM 3497,WOODVILLE,TX,"75990","-999",(409) 283-8181,STATE,OPEN,"-999",TYLER,"48457",USA,"922140",CORRECTIONAL INSTITUTIONS,https://www.tdcj.texas.gov/unit_directory/gl.html,2016/09/15,IMAGERY/OTHER,2024/04/22,https://www.tdcj.texas.gov/unit_directory/gl.html,MAXIMUM,"2130",0.000013662370975,0.017505386035026,"10000208",PTX062,"2034","2034","7.09999990463257"
"5616","10002725",CHOICE MOORE TRANSFER FACILITY,1700 N FM 87,BONHAM,TX,"75418","-999",(903) 583-4464,STATE,OPEN,"-999",FANNIN,"48147",USA,"922140",CORRECTIONAL INSTITUTIONS,https://www.tdcj.texas.gov/unit_directory/cm.html,2016/09/15,IMAGERY/OTHER,2024/04/22,https://www.tdcj.texas.gov/unit_directory/cm.html,MEDIUM,"1224",0.000006290867759,0.010593940907733,"10002725",PTX026,"1122","1122","6.09999990463257"
"5618","10002876",COLEMAN,1400 INDUSTRIAL BLVD,LOCKHART,TX,"78644","-999",(512) 398-3480,STATE,OPEN,"-999",CALDWELL,"48055",USA,"922140",CORRECTIONAL INSTITUTIONS,https://www.tdcj.texas.gov/unit_directory/lc.html,2016/09/15,IMAGERY/OTHER,2024/04/24,https://www.tdcj.texas.gov/unit_directory/lc.html,MINIMUM,"1000",0.000006301251915,0.011200304716956,"10002876",PTX093,"976","976","6.64999985694885"
"5620","10002758",SMITH PRISON,1313 COUNTY RD 19,LAMESA,TX,"79331","1898",(806) 872-6741,STATE,OPEN,"-999",DAWSON,"48115",USA,"922140",CORRECTIONAL INSTITUTIONS,https://www.tdcj.texas.gov/unit_directory/sm.html,2016/09/15,IMAGERY/OTHER,2024/04/23,https://www.tdcj.texas.gov/unit_directory/sm.html,MAXIMUM,"1596",0.000015322747458,0.015832877822572,"10002758",PTX107,"1522","1522","5.45000004768372"
"5621","10002900",STEVENSON PRISON,1525 FM 766,CUERO,TX,"77954","-999",(361) 275-2075,STATE,OPEN,"-999",DEWITT,"48123",USA,"922140",CORRECTIONAL INSTITUTIONS,https://www.tdcj.texas.gov/unit_directory/sb.html,2016/09/15,IMAGERY/OTHER,2020/03/04,https://www.tdcj.texas.gov/unit_directory/sb.html,MEDIUM,"1384",0.000010367751656,0.012893621436632,"10002900",PTX028,"1352","1352","6.59999990463257"
"5625","10000156",ROACH UNIT,15845 FM 164,CHILDRESS,TX,"79201","-999",(940) 937-6364,STATE,OPEN,"-999",CHILDRESS,"48075",USA,"922140",CORRECTIONAL INSTITUTIONS,https://www.tdcj.texas.gov/unit_directory/rh.html,2016/09/15,IMAGERY/OTHER,2024/04/23,https://www.tdcj.texas.gov/unit_directory/rh.html,MEDIUM,"1384",0.000011184114101,0.013166019384570,"10000156",PTX121,"1381","1381","5.25"
"5627","10000199",SAN SABA TRANSFER FACILITY,206 SOUTH WALLACE CREEK RD,SAN SABA,TX,"76877","-999",(325) 372-4255,STATE,OPEN,"-999",SAN SABA,"48411",USA,"922140",CORRECTIONAL INSTITUTIONS,https://www.tdcj.texas.gov/unit_directory/n2.html,2016/09/15,IMAGERY/OTHER,2024/04/23,https://www.tdcj.texas.gov/unit_directory/n2.html,MEDIUM,"606",0.000003662403969,0.009820881195707,"10000199",PTX117,"539","539","6"
"5628","10000175",ROBERTSON PRISON,12071 FM 3522,ABILENE,TX,"79601","-999",(325) 548-9035,STATE,OPEN,"-999",JONES,"48253",USA,"922140",CORRECTIONAL INSTITUTIONS,https://www.tdcj.texas.gov/unit_directory/rb.html,2016/09/15,IMAGERY/OTHER,2024/04/23,https://www.tdcj.texas.gov/unit_directory/rb.html,MAXIMUM,"2978",0.000023134590720,0.018581856979475,"10000175",PTX058,"2937","2937","6.90000009536743"
"5634","10002940",SEGOVIA PRE-RELEASE FACILITY,1201 E EL CIBOLO RD,EDINBURG,TX,"78542","-999",(956) 316-2400,STATE,OPEN,"-999",HIDALGO,"48215",USA,"922140",CORRECTIONAL INSTITUTIONS,https://www.tdcj.texas.gov/unit_directory/en.html,2016/09/15,IMAGERY/OTHER,2024/04/23,https://www.tdcj.texas.gov/unit_directory/en.html,MEDIUM,"1224",0.000005718812417,0.009427590321339,"10002940",PTX097,"1197","1197","8.54999971389771"
"5635","10002731",TELFORD PRISON,3899 HWY 98,NEW BOSTON,TX,"75570","-999",(903) 628-3171,STATE,OPEN,"-999",BOWIE,"48037",USA,"922140",CORRECTIONAL INSTITUTIONS,https://www.tdcj.texas.gov/unit_directory/to.html,2016/09/15,IMAGERY/OTHER,2024/04/23,https://www.tdcj.texas.gov/unit_directory/to.html,MAXIMUM,"2019",0.000023517811769,0.018369708894410,"10002731",PTX009,"2776","2776","8.10000038146973"
"5647","10002792",SKYVIEW PSYCHIATRIC FACILITY,379 FM 2972 WEST,RUSK,TX,"75785","3666",(903) 683-5781,STATE,OPEN,"-999",CHEROKEE,"48073",USA,"922140",CORRECTIONAL INSTITUTIONS,https://www.tdcj.texas.gov/unit_directory/sv.html,2016/09/15,IMAGERY/OTHER,2024/04/23,https://www.tdcj.texas.gov/unit_directory/sv.html,NOT AVAILABLE,"562",0.000009040513078,0.013035293835731,"10002792",PTX119,"498","498","7.19999980926514"
"5656","10000245",SCOTT PRISON,6999 RETRIEVE,ANGLETON,TX,"77515","-999",(979) 849-9306,STATE,OPEN,"1024",BRAZORIA,"48039",USA,"922140",CORRECTIONAL INSTITUTIONS,"https://www.texastribune.org/library/data/texas-prisons/units/, http://www.tdcj.state.tx.us/unit_directory/index.html",2016/09/15,IMAGERY/OTHER,2024/04/25,http://www.tdcj.state.tx.us/unit_directory/index.html,MAXIMUM,"1130",0.000004845825742,0.013296749701728,"10000245",PTX132,"1065","1065","6.5"
"5667","10001735",LAWTON CORRECTIONAL FACILITY,8607 SE FLOWER MOUND RD,LAWTON,OK,"73501","-999",(580) 351-2778,STATE,OPEN,"-999",COMANCHE,"40031",USA,"922140",CORRECTIONAL INSTITUTIONS,https://oklahoma.gov/doc/facilities.html,2018/01/02,IMAGERY/OTHER,2024/03/27,https://www.geogroup.com/FacilityDetail/FacilityID/61,MEDIUM,"2682",0.000013087001207,0.014657760938870,"10001735",POK029,"2532","2532","6.5"
"5673","10001017",CIMARRON CORRECTIONAL FACILITY,3200 S KINGS HWY,CUSHING,OK,"74023","-999",(918) 225-3336,STATE,OPEN,"-999",PAYNE,"40119",USA,"922140",CORRECTIONAL INSTITUTIONS,https://www.corecivic.com/facilities/cimarron-facility,2018/01/02,IMAGERY/OTHER,2024/03/28,https://www.corecivic.com/facilities/cimarron-facility,MEDIUM,"-999",0.000009670639884,0.012689601303845,"10001017",POK011,"1655","1655","6.90000009536743"
"5681","10001730",NORTH FORK CORRECTIONAL CENTER,1605 EAST MAIN ST,SAYRE,OK,"73662","-999",(580) 928-8000,STATE,OPEN,"-999",BECKHAM,"40009",USA,"922140",CORRECTIONAL INSTITUTIONS,https://www.corecivic.com/facilities/north-fork-correctional-facility,2018/01/02,IMAGERY/OTHER,2024/04/01,https://www.corecivic.com/facilities/north-fork-correctional-facility,MEDIUM,"-999",0.000011616488337,0.013459559330758,"10001730",POK034,"2171","2171","5.19999980926514"
"5694","10003568",DICK CONNER CORRECTIONAL CENTER,129 CONNER RD,HOMINY,OK,"74035","0220",(918) 594-1300,STATE,OPEN,"-999",OSAGE,"40113",USA,"922140",CORRECTIONAL INSTITUTIONS,https://oklahoma.gov/doc/facilities/dick-conner-correctional-center.html,2018/01/02,IMAGERY/OTHER,2024/03/27,https://oklahoma.gov/doc/facilities/dick-conner-correctional-center.html,MEDIUM,"1196",0.000011746245264,0.014981592271701,"10003568",POK015,"1207","1207","6.14999985694885"
"5696","10003571",DR. EDDIE WARRIOR CORRECTIONAL CENTER,601 N OAK ST,TAFT,OK,"74463","0315",(918) 683-8365,STATE,OPEN,"-999",MUSKOGEE,"40101",USA,"922140",CORRECTIONAL INSTITUTIONS,https://oklahoma.gov/doc/facilities/dr-eddie-warrior-correctional-center.html,2018/01/02,IMAGERY/OTHER,2024/03/27,https://oklahoma.gov/doc/facilities/dr-eddie-warrior-correctional-center.html,MINIMUM,"900",0.000010514189171,0.013512907177305,"10003571",POK016,"954","954","7.30000019073486"
"5715","10003583",REX THOMPSON MINIMUM SECURITY UNIT (LARC),15151 HWY 39,LEXINGTON,OK,"73051","-999",(405) 527-5676,STATE,OPEN,"265",CLEVELAND,"40027",USA,"922140",CORRECTIONAL INSTITUTIONS,http://doc.ok.gov/state-institutions,2014/05/12,IMAGERY/OTHER,2024/04/01,http://doc.ok.gov/state-institutions,MINIMUM,"267",0.000000427321311,0.003605329437139,"10003583",,,"265","6.19999980926514"
"6181","10000176",MIDDLETON TRANSFER FACILITY,13055 FM 3522,ABILENE,TX,"79601","-999",(325) 548-9075,STATE,OPEN,"-999",JONES,"48253",USA,"922140",CORRECTIONAL INSTITUTIONS,https://www.tdcj.texas.gov/unit_directory/ne.html,2016/09/15,IMAGERY/OTHER,2024/04/19,https://www.tdcj.texas.gov/unit_directory/ne.html,MAXIMUM,"2128",0.000012407146187,0.015204866345493,"10000176",PTX083,"1939","1939","6.59999990463257"
"6184","10002716",ALLRED PRISON,2101 FM 369 N,IOWA PARK,TX,"76367","-999",(940) 855-7477,STATE,OPEN,"-999",WICHITA,"48485",USA,"922140",CORRECTIONAL INSTITUTIONS,https://www.tdcj.texas.gov/unit_directory/ja.htmll,2016/09/15,IMAGERY/OTHER,2024/04/19,https://www.tdcj.texas.gov/unit_directory/ja.html,MAXIMUM,"3708",0.000024887092195,0.019065903410600,"10002716",PTX074,"3638","3638","6.80000019073486"
"6186","10000247",BRISCOE PRISON,1459 WEST HIGHWAY 85,DILLEY,TX,"78017","-999",(830) 965-4444,STATE,OPEN,"-999",FRIO,"48163",USA,"922140",CORRECTIONAL INSTITUTIONS,https://www.tdcj.texas.gov/unit_directory/db.html,2016/09/15,IMAGERY/OTHER,2024/04/19,https://www.tdcj.texas.gov/unit_directory/db.html,MAXIMUM,"1132",0.000010433399893,0.012709220883867,"10000247",PTX044,"1376","1376","6.09999990463257"
"6189","10000243",CLEMENS PRISON,11034 HWY 36,BRAZORIA,TX,"77422","-999",(979) 798-2188,STATE,OPEN,"-999",BRAZORIA,"48039",USA,"922140",CORRECTIONAL INSTITUTIONS,https://www.tdcj.texas.gov/unit_directory/cn.html,2016/09/15,IMAGERY/OTHER,2024/04/19,https://www.tdcj.texas.gov/unit_directory/cn.html,MAXIMUM,"1536",0.000003931214451,0.008920907793476,"10000243",PTX029,"1160","1160","6.5"
"6192","10000151",DALHART PRISON,11950 FM 998,DALHART,TX,"79022","-999",(806) 249-8655,STATE,OPEN,"-999",HARTLEY,"48205",USA,"922140",CORRECTIONAL INSTITUTIONS,https://www.tdcj.texas.gov/unit_directory/dh.html,2016/09/15,IMAGERY/OTHER,2024/04/22,https://www.tdcj.texas.gov/unit_directory/dh.html,MAXIMUM,"780",0.000011200525478,0.013308624083420,"10000151",PTX038,"1025","1025","3.35000002384186"
"6196","10002893",DOMINGUEZ STATE PRISON,6535 CAGNON RD,SAN ANTONIO,TX,"78252","2202",(210) 675-6620,STATE,OPEN,"-999",BEXAR,"48029",USA,"922140",CORRECTIONAL INSTITUTIONS,https://www.tdcj.texas.gov/unit_directory/bx.html,2016/09/15,IMAGERY/OTHER,2024/04/22,https://www.tdcj.texas.gov/unit_directory/bx.html,MAXIMUM,"2276",0.000009890075034,0.014006284451835,"10002893",PTX054,"2172","2172","7.59999990463257"
"6198","10000212",ELLIS PRISON,1697 FM 980,HUNTSVILLE,TX,"77343","-999",(936) 295-5756,STATE,OPEN,"-999",WALKER,"48471",USA,"922140",CORRECTIONAL INSTITUTIONS,https://www.tdcj.texas.gov/unit_directory/e.html,2016/09/15,IMAGERY/OTHER,2024/04/22,https://www.tdcj.texas.gov/unit_directory/e.html,MAXIMUM,"2073",0.000012644960862,0.020723321073441,"10000212",PTX103,"2147","2147","7.69999980926514"
"6199","10000178",ESTES PRISON,1100 HWY 1807,VENUS,TX,"76084","-999",(972) 366-3334,STATE,OPEN,"-999",JOHNSON,"48251",USA,"922140",CORRECTIONAL INSTITUTIONS,https://www.tdcj.texas.gov/unit_directory/vs.html,2016/09/15,IMAGERY/OTHER,2024/04/22,https://www.tdcj.texas.gov/unit_directory/vs.html,MINIMUM,"1040",0.000004873220860,0.008885847692367,"10000178",PTX118,"1040","1040","6.90000009536743"
"6200","10002917",GARZA EAST TRANSFER FACILITY,4304 HWY 202,BEEVILLE,TX,"78102","-999",(361) 358-9880,STATE,OPEN,"-999",BEE,"48025",USA,"922140",CORRECTIONAL INSTITUTIONS,https://www.tdcj.texas.gov/unit_directory/ni.html,2016/09/15,IMAGERY/OTHER,2024/04/22,https://www.tdcj.texas.gov/unit_directory/ni.html,MAXIMUM,"912",0.000010683489563,0.014009224227376,"10002917",PTX059,"2305","2305","6.60000006357829"
"6202","10000157",LINDSEY STATE JAIL,1620 FM 3344,JACKSBORO,TX,"76458","-999",(940) 567-2272,STATE,OPEN,"-999",JACK,"48237",USA,"922140",CORRECTIONAL INSTITUTIONS,https://www.tdcj.texas.gov/unit_directory/ln.html,2016/09/15,IMAGERY/OTHER,2024/04/22,https://www.tdcj.texas.gov/unit_directory/ln.html,CLOSE,"1031",0.000007520770851,0.011644421289740,"10000157",PTX085,"924","924","5.59999990463257"
"6204","10000242",RAMSEY PRISON,1100 FM 655,ROSHARON,TX,"77583","-999",(281) 595-3491,STATE,OPEN,"-999",BRAZORIA,"48039",USA,"922140",CORRECTIONAL INSTITUTIONS,https://www.tdcj.texas.gov/unit_directory/r1.html,2016/09/15,IMAGERY/OTHER,2024/04/23,https://www.tdcj.texas.gov/unit_directory/r1.html,MAXIMUM,"1891",0.000007960461517,0.015142248213356,"10000242",PTX128,"1735","1735","6.29999995231628"
"6205","10002759",SAYLE SAFPF,4176 FM 1800,BRECKENRIDGE,TX,"76424","7301",(254) 559-1581,STATE,OPEN,"-999",STEPHENS,"48429",USA,"922140",CORRECTIONAL INSTITUTIONS,https://www.tdcj.texas.gov/unit_directory/sy.html,2016/09/15,IMAGERY/OTHER,2024/04/23,https://www.tdcj.texas.gov/unit_directory/sy.html,NOT AVAILABLE,"632",0.000004670977887,0.009298346053758,"10002759",PTX130,"581","581","5.59999990463257"
"6206","10000200",FORT STOCKTON TRANSFER FACILITY,1536 IH 10 EAST,FORT STOCKTON,TX,"79735","-999",(432) 336-7676,STATE,OPEN,"594",PECOS,"48371",USA,"922140",CORRECTIONAL INSTITUTIONS,https://www.tdcj.texas.gov/unit_directory/n5.html,2016/09/15,IMAGERY/OTHER,2024/04/22,https://www.tdcj.texas.gov/unit_directory/n5.html,MEDIUM,"606",0.000003626892521,0.008647476523341,"10000200",PTX056,"576","576","6.64999985694885"
"6207","10000155",MECHLER,4000 HWY 86 W,TULIA,TX,"79088","-999",(806) 995-4109,STATE,OPEN,"-999",SWISHER,"48437",USA,"922140",CORRECTIONAL INSTITUTIONS,https://www.tdcj.texas.gov/unit_directory/n3.html,2016/09/15,IMAGERY/OTHER,2024/04/22,https://www.tdcj.texas.gov/unit_directory/n3.html,MEDIUM,"606",0.000003372544370,0.007685776064544,"10000155",PTX126,"584","584","4.80000019073486"
"6209","10000183",BILLY MOORE CORRECTIONAL CENTER,8500 N FM 3053,OVERTON,TX,"75684","-999",(903) 834-6186,STATE,OPEN,"-999",RUSK,"48401",USA,"922140",CORRECTIONAL INSTITUTIONS,https://www.tdcj.texas.gov/unit_directory/bm.html,2016/09/15,IMAGERY/OTHER,2024/04/22,https://www.tdcj.texas.gov/unit_directory/bm.html,MINIMUM,"500",0.000002815283551,0.007003004493821,"10000183",PTX016,"500","500","6.59999990463257"
"6211","10000241",TERRELL PRISON,1300 FM 655,ROSHARON,TX,"77583","-999",(281) 595-3481,STATE,OPEN,"-999",BRAZORIA,"48039",USA,"922140",CORRECTIONAL INSTITUTIONS,https://www.tdcj.texas.gov/unit_directory/r3.html,2016/09/15,IMAGERY/OTHER,2024/04/23,https://www.tdcj.texas.gov/unit_directory/r3.html,MEDIUM,"1603",0.000011557736116,0.020967513970908,"10000241",PTX024,"1550","1550","6.40000009536743"
"6215","10002845",HENLEY STATE JAIL,7581 HWY 321,DAYTON,TX,"77535","-999",(936) 258-2476,STATE,OPEN,"-999",LIBERTY,"48291",USA,"922140",CORRECTIONAL INSTITUTIONS,https://www.tdcj.texas.gov/unit_directory/lt.html,2016/09/15,IMAGERY/OTHER,2024/04/22,https://www.tdcj.texas.gov/unit_directory/lt.html,MEDIUM,"448",0.000003194503051,0.006839098233420,"10002845",PTX042,"425","425","7.5"
"6216","10000224",HIGHTOWER UNIT,902 FM 686,DAYTON,TX,"77535","-999",(936) 258-8013,STATE,OPEN,"-999",LIBERTY,"48291",USA,"922140",CORRECTIONAL INSTITUTIONS,https://www.tdcj.texas.gov/unit_directory/hi.html,2016/09/15,IMAGERY/OTHER,2024/04/22,https://www.tdcj.texas.gov/unit_directory/hi.html,MAXIMUM,"1384",0.000009883503026,0.012367774345844,"10000224",PTX087,"1295","1295","7.40000009536743"
"6220","10000195",WOODMAN STATE JAIL,1210 CORYELL CITY RD,GATESVILLE,TX,"76528","-999",(254) 865-9398,STATE,OPEN,"-999",CORYELL,"48099",USA,"922140",CORRECTIONAL INSTITUTIONS,https://www.tdcj.texas.gov/unit_directory/wm.html,2016/09/15,IMAGERY/OTHER,2024/04/23,https://www.tdcj.texas.gov/unit_directory/wm.html,MAXIMUM,"900",0.000006007305728,0.009676370389316,"10000195",PTX092,"839","839","5.85000014305115"
"6222","10002897",YOUNG MEDICAL FACILITY COMPLEX,5509 ATTWATER AVE,DICKINSON,TX,"77539","-999",(409) 948-0001,STATE,OPEN,"-999",GALVESTON,"48167",USA,"922140",CORRECTIONAL INSTITUTIONS,https://www.tdcj.texas.gov/unit_directory/gc.html,2016/09/15,IMAGERY/OTHER,2024/04/23,https://www.tdcj.texas.gov/unit_directory/gc.html,MAXIMUM,"455",0.000003202362223,0.009873010863383,"10002897",PTX022,"441","441","7.40000009536743"
"460","10002225",ARROWHEAD CORRECTIONAL CENTER,E. US HIGHWAY 50 AND EVANS RD,CANON CITY,CO,"81212","-999",(719) 269-5601,STATE,OPEN,"517",FREMONT,"08043",USA,"922140",CORRECTIONAL INSTITUTIONS,https://cdoc.colorado.gov/about/data-and-reports/statistics,2023/12/31,IMAGERY/OTHER,2024/02/12,https://cdoc.colorado.gov/facilities/canon-city/arrowhead-correctional-center,MINIMUM,"520",0.000003310581633,0.006885942001352,"10002225",PCO007,"515","515","4.85000014305115"
"854","10000580",FCI FLORENCE,5880 STATE HIGHWAY 67 SOUTH,FLORENCE,CO,"81226","-999",(719) 784-9100,FEDERAL,OPEN,"1128",FREMONT,"08043",USA,"922140",CORRECTIONAL INSTITUTIONS,https://www.bop.gov/locations/institutions/flf/,2016/02/16,IMAGERY/OTHER,2024/01/12,https://www.bop.gov/locations/institutions/flf/,MEDIUM,"-999",0.000021599797947,0.018078623453311,"10000580",FCO059,"1398","1398","4.69999980926514"
"914","10000565",KIT CARSON CORRECTIONAL FACILITY,49777 COUNTY ROAD V,BURLINGTON,CO,"80807","-999",(719) 346-9450,STATE,OPEN,"-999",KIT CARSON,"08063",USA,"922140",CORRECTIONAL INSTITUTIONS,https://www.corecivic.com/facilities/kit-carson-correctional-center,2024/02/12,IMAGERY/OTHER,2024/02/12,https://www.corecivic.com/facilities/kit-carson-correctional-center,MEDIUM,"-999",0.000009953719200,0.012824424715026,"10000565",,,,"4.90000009536743"
"955","10000579",USP FLORENCE ADMAX,5880 STATE HIGHWAY 67 SOUTH,FLORENCE,CO,"81226","-999",(719) 784-9464,FEDERAL,OPEN,"337",FREMONT,"08043",USA,"922140",CORRECTIONAL INSTITUTIONS,https://www.bop.gov/locations/institutions/flm/,2016/02/16,IMAGERY/OTHER,2024/01/12,https://www.bop.gov/locations/institutions/flm/,MAXIMUM,"-999",0.000008863561334,0.012103466778088,"10000579",FCO058,"378","378","4.69999980926514"
"965","10000582",FCI  FLORENCE CAMP,5880 STATE HIGHWAY 67 SOUTH,FLORENCE,CO,"81226","-999",(719) 784-9100,FEDERAL,OPEN,"123",FREMONT,"08043",USA,"922140",CORRECTIONAL INSTITUTIONS,https://www.bop.gov/locations/institutions/flf/,2016/02/16,IMAGERY/OTHER,2024/01/12,https://www.bop.gov/locations/institutions/flf/,MINIMUM,"-999",0.000008380125337,0.011286335221784,"10000582",,,"123","4.69999980926514"
"1395","10000576",FREMONT CORRECTIONAL FACILITY,E US HIGHWAY 50 EVANS BLVD,CANON CITY,CO,"81215","-999",(719) 269-5002,STATE,OPEN,"1512",FREMONT,"08043",USA,"922140",CORRECTIONAL INSTITUTIONS,https://cdoc.colorado.gov/about/data-and-reports/statistics,2023/12/31,IMAGERY/OTHER,2024/02/12,https://cdoc.colorado.gov/facilities/canon-city/fremont-correctional-facility,CLOSE,"1601",0.000019993323349,0.019238432125542,"10000576",PCO029,"1610","1610","4.75"
"1404","10002228",ARKANSAS VALLEY CORRECTIONAL FACILITY,12750 HIGHWAY 96 AT LANE 13,ORDWAY,CO,"81034","-999",(719) 267-3520,STATE,OPEN,"1074",CROWLEY,"08025",USA,"922140",CORRECTIONAL INSTITUTIONS,https://cdoc.colorado.gov/about/data-and-reports/statistics,2023/12/31,IMAGERY/OTHER,2024/02/12,https://cdoc.colorado.gov/facilities/arkansas-valley-correctional-facility,CLOSE,"1089",0.000017779554582,0.017609977852480,"10002228",PCO006,"1081","1081","4.09999990463257"
"1570","10000585",CROWLEY COUNTY CORRECTIONAL FACILITY,6564 HIGHWAY 96,OLNEY SPRINGS,CO,"81062","8700",(719) 267-3548,STATE,OPEN,"1365",CROWLEY,"08025",USA,"922140",CORRECTIONAL INSTITUTIONS,https://cdoc.colorado.gov/about/data-and-reports/statistics,2023/12/31,IMAGERY/OTHER,2024/02/12,https://cdoc.colorado.gov/about/data-and-reports/statistics,MEDIUM,"1500",0.000013360149751,0.015742775950966,"10000585",PCO022,"1767","1767","3.85000002384186"
"3036","10000581",USP FLORENCE HIGH,5880 STATE HIGHWAY 67 SOUTH,FLORENCE,CO,"81226","-999",(719) 784-9454,FEDERAL,OPEN,"917",FREMONT,"08043",USA,"922140",CORRECTIONAL INSTITUTIONS,https://www.bop.gov/locations/institutions/flp/,2016/02/16,IMAGERY/OTHER,2024/01/12,https://www.bop.gov/locations/institutions/flp/,MAXIMUM,"-999",0.000013680179336,0.015193081023290,"10000581",FCO061,"814","814","4.69999980926514"
"3393","10000577",FOUR MILE CORRECTIONAL CENTER,E US HIGHWAY 50 & EVANS BLVD,CANON CITY,CO,"81212","-999",(719) 269-5601,STATE,OPEN,"523",FREMONT,"08043",USA,"922140",CORRECTIONAL INSTITUTIONS,https://cdoc.colorado.gov/about/data-and-reports/statistics,2023/12/31,IMAGERY/OTHER,2024/02/12,https://cdoc.colorado.gov/facilities/canon-city/four-mile-correctional-facility,MINIMUM,"521",0.000007967393003,0.012567006336441,"10000577",PCO027,"517","517","4.73333326975505"
"3425","10000567",LIMON CORRECTIONAL FACILITY,49030 STATE HIGHWAY 71 SOUTH,LIMON,CO,"80826","-999",(719) 775-9221,STATE,OPEN,"902",LINCOLN,"08073",USA,"922140",CORRECTIONAL INSTITUTIONS,https://cdoc.colorado.gov/about/data-and-reports/statistics,2023/12/31,IMAGERY/OTHER,2024/02/12,https://cdoc.colorado.gov/facilities/limon-correctional-facility,CLOSE,"938",0.000014833366549,0.015099373884713,"10000567",PCO040,"922","922","4.09999990463257"
"3435","10002227",COLORADO STATE PENITENTIARY,E US HIGHWAY 50 EVANS BLVD,CANON CITY,CO,"81215","-999",(719) 269-5120,STATE,OPEN,"644",FREMONT,"08043",USA,"922140",CORRECTIONAL INSTITUTIONS,https://cdoc.colorado.gov/about/data-and-reports/statistics,2023/12/31,IMAGERY/OTHER,2024/02/12,https://cdoc.colorado.gov/facilities/canon-city/colorado-state-penitentiary,MAXIMUM,"725",0.000004247656989,0.007981473429292,"10002227",PCO015,"699","699","4.80000019073486"
"3439","10000593",TRINIDAD CORRECTIONAL FACILITY,21000 HIGHWAY 350 EAST,MODEL,CO,"81059","-999",(719) 845-3226,STATE,OPEN,"360",LAS ANIMAS,"08071",USA,"922140",CORRECTIONAL INSTITUTIONS,https://cdoc.colorado.gov/about/data-and-reports/statistics,2023/12/31,IMAGERY/OTHER,2024/02/12,https://cdoc.colorado.gov/facilities/trinidad-correctional-facility,MINIMUM,"400",0.000008941362012,0.011798003150387,"10000593",PCO053,"500","500","3.5"
"3447","10000569",DELTA CORRECTIONAL CENTER,11363 LOCKHART ROAD,DELTA,CO,"81416","-999",(970) 874-7614,STATE,OPEN,"325",DELTA,"08029",USA,"922140",CORRECTIONAL INSTITUTIONS,https://cdoc.colorado.gov/about/data-and-reports/statistics,2023/12/31,IMAGERY/OTHER,2024/02/12,https://cdoc.colorado.gov/facilities/delta-correctional-center,MINIMUM,"381",0.000008149972928,0.011295535266780,"10000569",PCO024,"479","479","4.83333349227905"
"3448","10000557",RIFLE CORRECTIONAL CENTER,200 COUNTY ROAD 219,RIFLE,CO,"81650","-999",(970) 625-7578,STATE,OPEN,"167",GARFIELD,"08045",USA,"922140",CORRECTIONAL INSTITUTIONS,https://cdoc.colorado.gov/about/data-and-reports/statistics,2023/12/31,IMAGERY/OTHER,2024/02/12,https://cdoc.colorado.gov/facilities/rifle-correctional-center,MINIMUM,"192",0.000002252954346,0.006455666492664,"10000557",PCO044,"183","183","3.66666666666667"
"3451","10000575",SKYLINE CORRECTIONAL CENTER,E US HIGHWAY 50 & EVANS BLVD,CANON CITY,CO,"81212","-999",(719) 269-5601,STATE,OPEN,"123",FREMONT,"08043",USA,"922140",CORRECTIONAL INSTITUTIONS,https://cdoc.colorado.gov/about/data-and-reports/statistics,2023/12/31,IMAGERY/OTHER,2024/02/12,https://cdoc.colorado.gov/facilities/canon-city/skyline-correctional-center,MINIMUM,"126",0.000003178067800,0.007778347398266,"10000575",PCO046,"250","250","4.80000007152557"
"3524","10002226",CENTENNIAL CORRECTIONAL FACILITY,E US HIGHWAY 50 EVANS BLVD,CANON CITY,CO,"81215","-999",(719) 269-4810,STATE,OPEN,"866",FREMONT,"08043",USA,"922140",CORRECTIONAL INSTITUTIONS,https://cdoc.colorado.gov/about/data-and-reports/statistics,2023/12/31,IMAGERY/OTHER,2024/02/12,https://cdoc.colorado.gov/facilities/canon-city/centennial-correctional-facility,MAXIMUM,"936",0.000013578506696,0.015102387075479,"10002226",PCO012,"313","313","4.75"
"3869","10002233",BENT COUNTY CORRECTIONAL FACILITY,11560 ROAD FF75,LAS ANIMAS,CO,"81054","9598",(719) 456-2610,STATE,OPEN,"1380",BENT,"08011",USA,"922140",CORRECTIONAL INSTITUTIONS,https://cdoc.colorado.gov/about/data-and-reports/statistics,2023/12/31,IMAGERY/OTHER,2024/02/12,https://www.corecivic.com/facilities/bent-county-correctional-facility,MEDIUM,"1388",0.000008583623412,0.011345746986947,"10002233",PCO008,"1410","1410","4.40000009536743"
"2899","10002692",FCI WILLIAMSBURG,8301 HWY 521,SALTERS,SC,"29590","-999",(843) 387-9400,FEDERAL,OPEN,"1179",WILLIAMSBURG,"45089",USA,"922140",CORRECTIONAL INSTITUTIONS,https://www.bop.gov/locations/institutions/wil/,2016/02/16,IMAGERY/OTHER,2024/01/22,https://www.bop.gov/locations/institutions/wil/,MEDIUM,"-999",0.000019414530925,0.018323836681340,"10002692",FSC277,"1306","1306","5.66666666666667"
"2977","10002693",FCI WILLIAMSBURG CAMP,8301 HWY 521,SALTERS,SC,"29590","-999",(843) 387-9400,FEDERAL,OPEN,"96",WILLIAMSBURG,"45089",USA,"922140",CORRECTIONAL INSTITUTIONS,https://www.bop.gov/locations/institutions/wil/,2016/02/16,IMAGERY/OTHER,2024/01/22,https://www.bop.gov/locations/institutions/wil/,MINIMUM,"-999",0.000001111710390,0.004776187620528,"10002693",,,"96","5.59999990463257"
"5226","10001931",MACDOUGALL CORRECTIONAL INSTITUTION,1516 OLD GILLIARD RD,RIDGEVILLE,SC,"29472","-999",(843) 688-5251,STATE,OPEN,"-999",BERKELEY,"45015",USA,"922140",CORRECTIONAL INSTITUTIONS,https://www.doc.sc.gov/institutions,2018/01/08,IMAGERY/OTHER,2024/04/10,https://www.doc.sc.gov/institutions,MEDIUM,"-999",0.000020145852432,0.020060927337067,"10001931",PSC017,"661","661","6.00000011920929"
"5806","10001147",LIEBER CORRECTIONAL INSTITUTION,136 WILBORN AVE,RIDGEVILLE,SC,"29472","-999",(843) 875-3332,STATE,OPEN,"-999",DORCHESTER,"45035",USA,"922140",CORRECTIONAL INSTITUTIONS,https://www.doc.sc.gov/institutions,2018/01/08,IMAGERY/OTHER,2024/04/10,https://www.doc.sc.gov/institutions,CLOSE,"-999",0.000019351459741,0.017575983969083,"10001147",PSC014,"1172","1172","6.04999995231628"
"5670","10003569",WILLIAM S KEY CORRECTIONAL CENTER,ONE WILLIAM S KEY BLVD,FORT SUPPLY,OK,"73841","9718",(580) 766-2224,STATE,CLOSED,"-999",WOODWARD,"40153",USA,"922140",CORRECTIONAL INSTITUTIONS,https://oklahoma.gov/doc/newsroom/2021/odoc-to-close-william-s--key-correctional-center.html,2018/01/02,IMAGERY/OTHER,2024/03/28,https://oklahoma.gov/doc/newsroom/2021/odoc-to-close-william-s--key-correctional-center.html,MINIMUM,"-999",0.000021716605033,0.026150738751903,"10003569",POK051,"1067","1067","5.43333339691162"
"5690","10003565",CHARLES E JOHNSON CORRECTIONAL CENTER,1856 E FLYNN ST,ALVA,OK,"73717","3005",(580) 327-8000,STATE,OPEN,"-999",WOODS,"40151",USA,"922140",CORRECTIONAL INSTITUTIONS,https://oklahoma.gov/doc/facilities/charles-e-bill-johnson-correctional-center.html,2018/01/02,IMAGERY/OTHER,2024/03/27,https://oklahoma.gov/doc/facilities/charles-e-bill-johnson-correctional-center.html,MINIMUM,"584",0.000003604030553,0.008061731514697,"10003565",POK010,"522","522","6.59999990463257"
"5701","10001016",JAMES CRABTREE CORRECTIONAL CENTER,216 N. MURRAY ST.,HELENA,OK,"73741","1017",(572) 568-6000,STATE,OPEN,"-999",ALFALFA,"40003",USA,"922140",CORRECTIONAL INSTITUTIONS,https://oklahoma.gov/doc/facilities/james-crabtree-correctional-center.html,2018/01/02,IMAGERY/OTHER,2024/03/27,https://oklahoma.gov/doc/facilities/james-crabtree-correctional-center.html,MEDIUM,"1175",0.000006201122233,0.012283998512615,"10001016",POK021,"1165","1165","6.54999995231628"
"6121","10003566",NORTHEAST OKLAHOMA CORRECTIONAL CENTER,442586 E 250 RD,VINITA,OK,"74301","-999",(918) 256-3392,STATE,OPEN,"-999",CRAIG,"40035",USA,"922140",CORRECTIONAL INSTITUTIONS,https://oklahoma.gov/doc/facilities/northeast-oklahoma-correctional-center.html,2018/01/02,IMAGERY/OTHER,2024/03/27,https://oklahoma.gov/doc/facilities/northeast-oklahoma-correctional-center.html,MINIMUM,"500",0.000026353611247,0.034419937756303,"10003566",POK035,"512","512","7.53333346048991"
"2513","10000122",BELL COUNTY FORESTRY CAMP,560 CORRECTIONAL DR,PINEVILLE,KY,"40977","-999",(606) 337-7065,STATE,OPEN,"300",BELL,"21013",USA,"922140",CORRECTIONAL INSTITUTIONS,https://corrections.ky.gov/facilities/ai/pages/default.aspx,2024/02/27,IMAGERY/OTHER,2024/02/27,https://corrections.ky.gov/Facilities/AI/BCFC/Pages/default.aspx,MINIMUM,"300",0.000010441066934,0.020299448202213,"10000122",PKY003,"294","294","6.64999985694885"
"3252","10000066",MISSISSIPPI COUNTY WORK RELEASE CENTER,727 NORTH COUNTY ROAD 599,LUXORA,AR,"72358","-999",(870) 658-2214,STATE,OPEN,"184",MISSISSIPPI,"05093",USA,"922140",CORRECTIONAL INSTITUTIONS,https://doc.arkansas.gov/correction/publications/reports-brochures-and-forms/,2023/10/31,IMAGERY/OTHER,2024/02/08,https://doc.arkansas.gov/facilities/mcpherson-unit/,MINIMUM,"121",0.000002010555590,0.005814852424144,"10000066",PAR013,"133","133","8"
"4718","10003539",WEST TENNESSEE DETENTION FACILITY,6299 FINDE NAIFEH JR DR,MASON,TN,"38049","-999",(901) 294-3060,MULTI,OPEN,"47",TIPTON,"47167",USA,"922140",CORRECTIONAL INSTITUTIONS,https://www.immigrantjustice.org/issues/transparencyandhumanrights,2017/10/13,IMAGERY/OTHER,2017/10/13,http://www.corecivic.com/facilities/west-tennessee-detention-facility,NOT AVAILABLE,"600",0.000004921687832,0.008923133924421,"10003539",,,"47","6.79999995231628"
"5484","10001014",TURNEY CENTER INDUSTRIAL COMPLEX,1499 R.W. MOORE MEMORIAL HWY,ONLY,TN,"37140","4050",(931) 729-5161,STATE,OPEN,"-999",HICKMAN,"47081",USA,"922140",CORRECTIONAL INSTITUTIONS,https://www.tn.gov/correction/state-prisons/state-prison-list/turney-center-industrial-complex.html,2015/09/25,IMAGERY/OTHER,2024/01/19,https://www.tn.gov/correction/state-prisons/state-prison-list.html,CLOSE,"1574",0.000026825416853,0.026376518435817,"10001014",PTN016,"1598","1598","6.12499988079071"
"5491","10003538",SOUTH CENTRAL CORRECTIONAL CENTER,555 FOREST AVE,CLIFTON,TN,"38425","-999",(931) 676-5372,STATE,OPEN,"-999",WAYNE,"47181",USA,"922140",CORRECTIONAL INSTITUTIONS,https://www.corecivic.com/facilities/south-central-correctional-center,2017/11/30,IMAGERY/OTHER,2024/01/19,http://www.corecivic.com/facilities,MEDIUM,"-999",0.000016725068008,0.020650435984824,"10003538",PTN011,"1623","1623","6.70000004768372"
"5492","10001711",WEST TENNESSEE STATE PENITENTIARY,480 GREEN CHAPEL RD,HENNING,TN,"38041","-999",(731) 738-5044,STATE,OPEN,"-999",LAUDERDALE,"47097",USA,"922140",CORRECTIONAL INSTITUTIONS,https://www.tn.gov/correction/state-prisons/state-prison-list/west-tennessee-state-penitentiary.html,2017/11/30,IMAGERY/OTHER,2024/01/19,https://www.tn.gov/correction/state-prisons/state-prison-list.html,MAXIMUM,"2480",0.000039364225813,0.029714812485132,"10001711",PTN020,"984","984","6.79999995231628"
"5492","10001711",WEST TENNESSEE STATE PENITENTIARY,480 GREEN CHAPEL RD,HENNING,TN,"38041","-999",(731) 738-5044,STATE,OPEN,"-999",LAUDERDALE,"47097",USA,"922140",CORRECTIONAL INSTITUTIONS,https://www.tn.gov/correction/state-prisons/state-prison-list/west-tennessee-state-penitentiary.html,2017/11/30,IMAGERY/OTHER,2024/01/19,https://www.tn.gov/correction/state-prisons/state-prison-list.html,MAXIMUM,"2480",0.000039364225813,0.029714812485132,"10001711",PTN018,"872","872","6.79999995231628"
"5502","10006664",TROUSDALE TURNER CORRECTIONAL CENTER,140 MACON WAY,HARTSVILLE,TN,"37074","-999",(615) 808-0400,STATE,OPEN,"-999",TROUSDALE,"47169",USA,"922140",CORRECTIONAL INSTITUTIONS,https://www.tn.gov/correction/state-prisons/state-prison-list/trousdale-turner-correctional-center.html,2017/11/30,IMAGERY/OTHER,2024/01/19,https://www.tn.gov/correction/state-prisons/state-prison-list.html,MEDIUM,"-999",0.000016550993678,0.018034378486404,"10006664",PTN015,"2538","2538","7.25"
"5504","10001015",TURNEY CENTER INDUSTRIAL COMPLEX - ANNEX,245 CARROLL RD,CLIFTON,TN,"38425","-999",(931) 676-3345,STATE,OPEN,"-999",WAYNE,"47181",USA,"922140",CORRECTIONAL INSTITUTIONS,https://www.tn.gov/correction/state-prisons/state-prison-list/turney-center-industrial-complex.html,2015/09/25,IMAGERY/OTHER,2024/01/19,https://www.tn.gov/correction/sp/state-prison-list.html,MINIMUM,"-999",0.000004057138767,0.011298596750334,"10001015",,,,"6.80000019073486"
"5505","10001717",WHITEVILLE CORRECTIONAL FACILITY,1440 UNION SPRINGS ROAD,WHITEVILLE,TN,"38075","-999",(731) 254-9400,STATE,OPEN,"-999",HARDEMAN,"47069",USA,"922140",CORRECTIONAL INSTITUTIONS,https://www.tn.gov/correction/state-prisons/state-prison-list/whiteville-correctional-facility.html,2017/11/30,IMAGERY/OTHER,2024/01/19,https://www.tn.gov/correction/state-prisons/state-prison-list.html,MEDIUM,"-999",0.000010337737876,0.012766531977400,"10001717",PTN019,"1507","1507","6.5"
"5922","10001708",LOIS M DEBERRY SPECIAL NEEDS FACILITY,7575 COCKRILL BEND BLVD,NASHVILLE,TN,"37209","1057",(615) 350-2700,STATE,OPEN,"-999",DAVIDSON,"47037",USA,"922140",CORRECTIONAL INSTITUTIONS,https://www.tn.gov/correction/state-prisons/state-prison-list/lois-m-deberry-special-needs-facility.html,2017/11/30,IMAGERY/OTHER,2024/01/19,https://www.tn.gov/correction/state-prisons/state-prison-list.html,MAXIMUM,"854",0.000014251285620,0.017217028642574,"10001708",PTN003,"726","726","7.40000009536743"
"5928","10007020",BEDFORD COUNTY JUSTICE COMPLEX,108 NORTHCREEK DRIVE,SHELBYVILLE,TN,"37160","-999",(931) 680-9720,COUNTY,OPEN,"-999",BEDFORD,"47003",USA,"922140",CORRECTIONAL INSTITUTIONS,http://www.bedfordcountyso.net/,2024/01/05,IMAGERY/OTHER,2024/01/11,http://www.bedfordcountyso.net/,JUVENILE,"-999",0.000001839477136,0.007052237633563,"10007020",,,,"4.59999990463257"
"5929","10003507",MORGAN COUNTY CORRECTIONAL COMPLEX,541 WAYNE COTTON MORGAN DR,WARTBURG,TN,"37887","-999",(423) 346-1300,STATE,OPEN,"-999",MORGAN,"47129",USA,"922140",CORRECTIONAL INSTITUTIONS,https://www.tn.gov/correction/state-prisons/state-prison-list/morgan-county-correctional-complex.html,2017/11/30,IMAGERY/OTHER,2024/01/19,https://www.tn.gov/correction/state-prisons/state-prison-list.html,MAXIMUM,"2128",0.000027996724839,0.027115582438816,"10003507",PTN006,"2077","2077","7"
"5937","10001716",HARDEMAN COUNTY CORRECTIONAL FACILITY,2520 UNION SPRINGS RD,WHITEVILLE,TN,"38075","-999",(731) 254-6000,STATE,OPEN,"-999",HARDEMAN,"47069",USA,"922140",CORRECTIONAL INSTITUTIONS,https://www.tn.gov/correction/state-prisons/state-prison-list/hardeman-county-correctional-facility.html,2017/11/30,IMAGERY/OTHER,2024/01/19,https://www.tn.gov/correction/state-prisons/state-prison-list.html,MEDIUM,"1976",0.000009600529665,0.011706275936516,"10001716",PTN002,"1972","1972","6.25"
"5939","10003496",NORTHWEST CORRECTIONAL COMPLEX,960 STATE ROUTE 212,TIPTONVILLE,TN,"38079","-999",(731) 253-5000,STATE,OPEN,"-999",LAKE,"47095",USA,"922140",CORRECTIONAL INSTITUTIONS,https://www.tn.gov/correction/state-prisons/state-prison-list/northwest-correctional-complex.html,2017/11/30,IMAGERY/OTHER,2024/01/19,https://www.tn.gov/correction/state-prisons/state-prison-list.html,MEDIUM,"1776",0.000024943367407,0.036178019917391,"10003496",PTN009,"2014","2014","7.75"
"5940","10001713",BLEDSOE COUNTY CORRECTIONAL COMPLEX,1045 HORSEHEAD RD,PIKEVILLE,TN,"37367","-999",(423) 881-3251,STATE,OPEN,"-999",BLEDSOE,"47007",USA,"922140",CORRECTIONAL INSTITUTIONS,https://www.tn.gov/correction/state-prisons/state-prison-list/bledsoe-count-correctional-complex.html,2017/11/30,IMAGERY/OTHER,2024/01/19,https://www.tn.gov/correction/state-prisons/state-prison-list.html,MAXIMUM,"2539",0.000027683746112,0.036264228051750,"10001713",PTN001,"2413","2413","7.35000014305115"
"5337","10006675",CASPER REENTRY CENTER,10007 LANDMARK LANE,CASPER,WY,"82604","-999",(307) 268-4840,MULTI,OPEN,"249",NATRONA,"56025",USA,"922140",CORRECTIONAL INSTITUTIONS,http://corrections.wyo.gov/home/services-and-programs/adult-community-corrections,2017/08/03,IMAGERY/OTHER,2020/03/03,https://www.geogroup.com/FacilityDetail/FacilityID/243,MEDIUM,"342",0.000001333249656,0.005089402354388,"10006675",FWY367,"26","26","3.95000004768372"
"5342","10000057",WYOMING STATE PENITENTIARY,2900 S HIGLEY RD,RAWLINS,WY,"82301","-999",(307) 328-1441,STATE,OPEN,"-999",CARBON,"56007",USA,"922140",CORRECTIONAL INSTITUTIONS,https://corrections.wyo.gov/institutional-information/wyoming-state-penitentiary,2016/08/05,IMAGERY/OTHER,2024/05/30,https://corrections.wyo.gov/institutional-information/wyoming-state-penitentiary,MAXIMUM,"-999",0.000028051162644,0.035713263819503,"10000057",PWY007,"621","621","3.79999995231628"
"6311","10000053",WYOMING HONOR CONSERVATION CAMP AND BOOT CAMP,40 PIPPIN RD,NEWCASTLE,WY,"82701","-999",(307) 746-4436,STATE,OPEN,"296",WESTON,"56045",USA,"922140",CORRECTIONAL INSTITUTIONS,https://corrections.wyo.gov/institutional-information/wyoming-honor-conservation-camp,2017/06/27,IMAGERY/OTHER,2024/05/30,https://corrections.wyo.gov/institutional-information/wyoming-honor-conservation-camp,CLOSE,"294",0.000008145972515,0.013254412678596,"10000053",PWY004,"256","256","5.30000019073486"
"6313","10000055",WYOMING HONOR FARM,40 HONOR FARM RD,RIVERTON,WY,"82501","9411",(307) 856-9578,STATE,OPEN,"-999",FREMONT,"56013",USA,"922140",CORRECTIONAL INSTITUTIONS,https://corrections.wyo.gov/institutional-information/wyoming-honor-farm,2016/08/02,IMAGERY/OTHER,2024/05/30,https://corrections.wyo.gov/institutional-information/wyoming-honor-farm,MINIMUM,"283",0.000025739081138,0.026229040690614,"10000055",PWY005,"250","250","4.04999995231628"
"6314","10006189",WYOMING MEDIUM CORRECTIONAL INSTITUTION,7076 ROAD 55F,TORRINGTON,WY,"82240","-999",(307) 532-6600,STATE,OPEN,"-999",GOSHEN,"56015",USA,"922140",CORRECTIONAL INSTITUTIONS,https://corrections.wyo.gov/institutional-information/wyoming-medium-correctional-institution,2015/06/22,IMAGERY/OTHER,2024/05/30,https://corrections.wyo.gov/institutional-information/wyoming-medium-correctional-institution,MAXIMUM,"-999",0.000009910875178,0.012619466354171,"10006189",PWY006,"666","666","3.95000004768372"
"6315","10000056",WYOMING WOMEN'S CENTER,1000 W GRIFFITH BLVD,LUSK,WY,"82225","0020",(307) 334-3693,STATE,OPEN,"-999",NIOBRARA,"56027",USA,"922140",CORRECTIONAL INSTITUTIONS,https://corrections.wyo.gov/institutional-information/wyoming-womens-center,2017/06/30,IMAGERY/OTHER,2024/05/30,https://corrections.wyo.gov/institutional-information/wyoming-womens-center,MAXIMUM,"-999",0.000002835483428,0.007669383755243,"10000056",PWY008,"256","256","4.5"
"4567","10003603",JAMES RIVER CORRECTIONAL CENTER,2521 CIRCLE DR,JAMESTOWN,ND,"58401","-999",(701) 253-3660,STATE,OPEN,"-999",STUTSMAN,"38093",USA,"922140",CORRECTIONAL INSTITUTIONS,https://www.docr.nd.gov/adult-facilities/james-river-correctional-center,2016/12/31,IMAGERY/OTHER,2024/03/06,https://www.docr.nd.gov/adult-facilities/james-river-correctional-center,MEDIUM,"424",0.000006698516700,0.014342117546771,"10003603",PND007,"436","436","4.80000019073486"
"4568","10006588",NORTH DAKOTA STATE HOSPITAL - TOMPKINS REHABILITATION AND CORRECTIONS CENTER,2605 CIRCLE DRIVE,JAMESTOWN,ND,"58401","-999",(701) 253-3650,STATE,OPEN,"-999",STUTSMAN,"38093",USA,"922140",CORRECTIONAL INSTITUTIONS,https://www.hhs.nd.gov/north-dakota-state-hospital,2016/12/31,IMAGERY/OTHER,2024/03/07,https://www.hhs.nd.gov/north-dakota-state-hospital,MINIMUM,"90",0.000007147227734,0.011701605400327,"10006588",PND012,"84","84","4.80000019073486"
"6053","10003607",DAKOTA WOMEN'S CORRECTIONAL AND REHABILITATION CENTER,440 MCKENZIE ST,NEW ENGLAND,ND,"58647","-999",(701) 579-5100,STATE,OPEN,"113",HETTINGER,"38041",USA,"922140",CORRECTIONAL INSTITUTIONS,https://swmccc.govoffice3.com/index.asp?SEC=96853937-92B4-41ED-951E-BB4D16BE0717&Type=B_BASIC,2016/12/31,IMAGERY/OTHER,2024/03/06,https://swmccc.govoffice3.com/index.asp?SEC=96853937-92B4-41ED-951E-BB4D16BE0717&Type=B_BASIC,MINIMUM,"126",0.000002189354291,0.007443824878460,"10003607",PND006,"118","118","4.09999990463257"
"6054","10003602",MISSOURI RIVER CORRECTIONAL CENTER,1800 48TH AVE SW,BISMARCK,ND,"58506","-999",(701) 328-9696,STATE,OPEN,"-999",BURLEIGH,"38015",USA,"922140",CORRECTIONAL INSTITUTIONS,https://www.docr.nd.gov/adult-facilities/missouri-river-correctional-center,2016/12/31,IMAGERY/OTHER,2024/03/06,https://www.docr.nd.gov/adult-facilities/missouri-river-correctional-center,MINIMUM,"191",0.000002267634954,0.008572648025973,"10003602",PND009,"188","188","4.80000019073486"
"306","10001636",SOUTHEAST CORRECTIONAL CENTER,300 E PEDRO SIMMONS DR,CHARLESTON,MO,"63834","-999",(573) 683-4409,STATE,OPEN,"-999",MISSISSIPPI,"29133",USA,"922140",CORRECTIONAL INSTITUTIONS,https://doc.mo.gov/facilities/all,2024/03/01,IMAGERY/OTHER,2024/03/01,https://doc.mo.gov/facilities/all,MAXIMUM,"-999",0.000017749116978,0.021132420131735,"10001636",PMO029,"1578","1578","7.40000009536743"
"1203","10003307",RED ONION STATE PRISON,10800 H JACK ROSE HWY,POUND,VA,"24279","-999",(276) 796-7510,STATE,OPEN,"-999",WISE,"51195",USA,"922140",CORRECTIONAL INSTITUTIONS,https://vadoc.virginia.gov/facilities-and-offices/,2015/09/22,IMAGERY/OTHER,2024/05/02,https://vadoc.virginia.gov/facilities-and-offices/,MAXIMUM,"-999",0.000007939778015,0.010804469370579,"10003307",PVA043,"761","761","6.85000014305115"
"1209","10003308",WISE CORRECTIONAL UNIT,3602 BEAR LANE,COEBURN,VA,"24230","1198",(276) 679-9204,STATE,OPEN,"-999",WISE,"51195",USA,"922140",CORRECTIONAL INSTITUTIONS,https://vadoc.virginia.gov/facilities-and-offices/,2015/04/23,IMAGERY/OTHER,2015/04/23,https://vadoc.virginia.gov/facilities-and-offices/,MINIMUM,"-999",0.000001150883918,0.005291657383008,"10003308",PVA055,"115","115","6.5"
"1564","10001075",BRANCHVILLE CORRECTIONAL FACILITY,21390 OLD STATE RD 37,BRANCHVILLE,IN,"47514","-999",(812) 843-5921,STATE,OPEN,"1345",PERRY,"18123",USA,"922140",CORRECTIONAL INSTITUTIONS,https://www.in.gov/idoc/policies-and-statistics/data/statistical-data/total-population-summary-reports/,2023/11/30,IMAGERY/OTHER,2024/02/26,https://www.in.gov/idoc/find-a-facility/adult/branchville-correctional-facility/,MEDIUM,"1480",0.000010530402051,0.015579250627293,"10001075",PIN002,"1429","1429","7.09999990463257"
"1578","10001073",MADISON CORRECTIONAL FACILITY,800 MSH BUS STOP DR,MADISON,IN,"47250","-999",(812) 265-6154,STATE,OPEN,"614",JEFFERSON,"18077",USA,"922140",CORRECTIONAL INSTITUTIONS,https://www.in.gov/idoc/policies-and-statistics/data/statistical-data/total-population-summary-reports/,2023/11/30,IMAGERY/OTHER,2024/02/26,https://www.in.gov/idoc/find-a-facility/adult/madison-correctional-facility/,MINIMUM,"700",0.000019828775976,0.021536569093793,"10001073",PIN021,"717","717","8.00000023841858"
"2077","10000116",NORTHPOINT TRAINING CENTER,710 WALTER REED RD,BURGIN,KY,"40310","-999",(859) 239-7012,STATE,OPEN,"1230",BOYLE,"21021",USA,"922140",CORRECTIONAL INSTITUTIONS,https://corrections.ky.gov/facilities/ai/pages/default.aspx,2024/02/27,IMAGERY/OTHER,2024/02/27,https://corrections.ky.gov/Facilities/AI/ntc/Pages/default.aspx,MEDIUM,"1256",0.000010151660035,0.012795585046854,"10000116",PKY036,"1253","1253","7.04999995231628"
"2523","10000101",LUTHER LUCKETT CORRECTIONAL COMPLEX,1612 DAWKINS RD,LAGRANGE,KY,"40031","-999",(502) 222-0363,STATE,OPEN,"1200",OLDHAM,"21185",USA,"922140",CORRECTIONAL INSTITUTIONS,https://corrections.ky.gov/facilities/ai/pages/default.aspx,2024/02/27,IMAGERY/OTHER,2024/02/27,https://corrections.ky.gov/Facilities/AI/llcc/Pages/default.aspx,MEDIUM,"1200",0.000014917194449,0.019733992766980,"10000101",PKY033,"1188","1188","7.69999980926514"
"2530","10001170",USP BIG SANDY,1197 AIRPORT RD,INEZ,KY,"41224","-999",(606) 433-2400,FEDERAL,OPEN,"1372",MARTIN,"21159",USA,"922140",CORRECTIONAL INSTITUTIONS,https://www.bop.gov/locations/institutions/bsy/,2016/02/16,IMAGERY/OTHER,2024/01/19,https://www.bop.gov/locations/institutions/bsy/,MAXIMUM,"-999",0.000011495347053,0.013264606245130,"10001170",FKY134,"1272","1272","6.59999990463257"
"2540","10000112",SOUTHEAST STATE CORRECTIONAL COMPLEX,327 CORRECTIONAL DR,WHEELWRIGHT,KY,"41669","0500",(606) 452-6300,STATE,OPEN,"621",FLOYD,"21071",USA,"922140",CORRECTIONAL INSTITUTIONS,https://corrections.ky.gov/facilities/ai/pages/default.aspx,2024/02/27,IMAGERY/OTHER,2024/02/27,https://corrections.ky.gov/Facilities/AI/SSCC/Pages/default.aspx,MEDIUM,"621",0.000002406090516,0.006256893253851,"10000112",,,"621","6.64999985694885"
"2543","10000115",LEE ADJUSTMENT CENTER,168 LEE ADJUSTMENT CENTER DRIVE,BEATTYVILLE,KY,"41311","-999",(606) 464-2866,STATE,OPEN,"-999",LEE,"21129",USA,"922140",CORRECTIONAL INSTITUTIONS,https://corrections.ky.gov/facilities/ai/pages/default.aspx,2024/02/27,IMAGERY/OTHER,2024/02/27,https://corrections.ky.gov/Facilities/AI/LAC/Pages/default.aspx,CLOSE,"866",0.000005116796046,0.011146508575785,"10000115",PKY030,"839","839","6.59999990463257"
"2548","10000110",EASTERN KENTUCKY CORRECTIONAL COMPLEX,200 ROAD TO JUSTICE,WEST LIBERTY,KY,"41472","-999",(606) 743-2800,STATE,OPEN,"1914",MORGAN,"21175",USA,"922140",CORRECTIONAL INSTITUTIONS,https://corrections.ky.gov/facilities/ai/pages/default.aspx,2024/02/27,IMAGERY/OTHER,2024/02/27,https://corrections.ky.gov/Facilities/AI/EKCC/Pages/default.aspx,MEDIUM,"-999",0.000011611733498,0.016348611029012,"10000110",PKY018,"1881","1881","6.35000014305115"
"2554","10000106",KENTUCKY CORRECTIONAL INSTITUTION FOR WOMEN,3000 ASH AVE,PEWEE VALLEY,KY,"40056","-999",(502) 241-8454,STATE,OPEN,"713",SHELBY,"21211",USA,"922140",CORRECTIONAL INSTITUTIONS,https://corrections.ky.gov/facilities/ai/pages/default.aspx,2024/02/27,IMAGERY/OTHER,2024/02/27,https://corrections.ky.gov/Facilities/AI/KCIW/Pages/default.aspx,MAXIMUM,"-999",0.000010704477745,0.016869305882394,"10000106",PKY029,"720","720","7.69999980926514"
"2556","10000107",LITTLE SANDY CORRECTIONAL COMPLEX,505 PRISON CONNECTOR,SANDY HOOK,KY,"41171","-999",(606) 738-6133,STATE,OPEN,"983",ELLIOTT,"21063",USA,"922140",CORRECTIONAL INSTITUTIONS,https://corrections.ky.gov/facilities/ai/pages/default.aspx,2024/02/27,IMAGERY/OTHER,2024/02/27,https://corrections.ky.gov/Facilities/AI/lscc/Pages/default.aspx,MEDIUM,"-999",0.000016553858813,0.015813695496435,"10000107",PKY032,"1035","1035","6.19999980926514"
"2557","10000102",ROEDERER CORRECTIONAL COMPLEX,4000 MORGAN RD,LAGRANGE,KY,"40031","-999",(502) 222-0170,STATE,OPEN,"1238",OLDHAM,"21185",USA,"922140",CORRECTIONAL INSTITUTIONS,https://corrections.ky.gov/facilities/ai/pages/default.aspx,2024/02/27,IMAGERY/OTHER,2024/02/27,https://corrections.ky.gov/Facilities/AI/rcc/Pages/default.aspx,MAXIMUM,"1238",0.000007825041848,0.015403609082558,"10000102",PKY039,"1228","1228","7.95000004768372"
"2912","10000118",FCI MANCHESTER,805 FOX HOLLOW RD,MANCHESTER,KY,"40962","-999",(606) 598-1900,FEDERAL,OPEN,"1062",CLAY,"21051",USA,"922140",CORRECTIONAL INSTITUTIONS,https://www.bop.gov/locations/institutions/man/,2016/02/16,IMAGERY/OTHER,2024/01/19,https://www.bop.gov/locations/institutions/man/,MEDIUM,"-999",0.000015979569525,0.015615648899546,"10000118",FKY143,"1102","1102","6.95000004768372"
"3096","10003662",USP BIG SANDY CAMP,1197 AIRPORT RD,INEZ,KY,"41224","-999",(606) 433-2400,FEDERAL,OPEN,"30",MARTIN,"21159",USA,"922140",CORRECTIONAL INSTITUTIONS,https://www.bop.gov/locations/institutions/bsy/,2016/02/16,IMAGERY/OTHER,2024/01/19,https://www.bop.gov/locations/institutions/bsy/,MINIMUM,"-999",0.000003178641236,0.008982746204852,"10003662",,,"30","6.69999980926514"
"3099","10004330",USP MCCREARY,330 FEDERAL WAY,PINE KNOT,KY,"42635","-999",(606) 354-7000,FEDERAL,OPEN,"1496",MCCREARY,"21147",USA,"922140",CORRECTIONAL INSTITUTIONS,https://www.bop.gov/locations/institutions/mcr/,2016/02/16,IMAGERY/OTHER,2024/01/19,https://www.bop.gov/locations/institutions/mcr/,MAXIMUM,"-999",0.000015423841660,0.017030693027979,"10004330",FKY145,"1500","1500","7.13333336512248"
"3101","10004331",USP MCCREARY CAMP,330 FEDERAL WAY,PINE KNOT,KY,"42635","-999",(606) 354-7000,FEDERAL,OPEN,"77",MCCREARY,"21147",USA,"922140",CORRECTIONAL INSTITUTIONS,https://www.bop.gov/locations/institutions/mcr/,2016/02/16,IMAGERY/OTHER,2024/01/19,https://www.bop.gov/locations/institutions/mcr/,MINIMUM,"-999",0.000003987916216,0.010433373710258,"10004331",,,"77","7.25"
"3116","10000119",FCI MANCHESTER CAMP,805 FOX HOLLOW RD,MANCHESTER,KY,"40962","-999",(606) 598-1900,FEDERAL,OPEN,"50",CLAY,"21051",USA,"922140",CORRECTIONAL INSTITUTIONS,https://www.bop.gov/locations/institutions/man/,2016/02/16,IMAGERY/OTHER,2024/01/19,https://www.bop.gov/locations/institutions/man/,MINIMUM,"-999",0.000001485437906,0.008171425239527,"10000119",,,"50","6.90000009536743"
"3126","10003330",USP LEE CAMP,LEE COUNTY INDUSTRIAL PARK & HICKORY FLATS RD,PENNINGTON GAP,VA,"24277","-999",(276) 546-0150,FEDERAL,OPEN,"41",LEE,"51105",USA,"922140",CORRECTIONAL INSTITUTIONS,https://www.bop.gov/locations/institutions/lee/,2016/02/16,IMAGERY/OTHER,2024/01/22,https://www.bop.gov/locations/institutions/lee/,MINIMUM,"-999",0.000003392512554,0.007370014098437,"10003330",,,"41","7"
"3319","10003329",USP LEE,LEE COUNTY INDUSTRIAL PARK & HICKORY FLATS RD,PENNINGTON GAP,VA,"24277","-999",(276) 546-0150,FEDERAL,OPEN,"1416",LEE,"51105",USA,"922140",CORRECTIONAL INSTITUTIONS,https://www.bop.gov/locations/institutions/lee/,2016/02/16,IMAGERY/OTHER,2024/01/22,https://www.bop.gov/locations/institutions/lee/,MAXIMUM,"-999",0.000012173137975,0.013869709528294,"10003329",FVA336,"1443","1443","6.95000004768372"
"1716","10001162",DOWNEAST CORRECTIONAL FACILITY,64 BASE RD,MACHIASPORT,ME,"04655","-999",(207) 255-1104,STATE,OPEN,"-999",WASHINGTON,"23029",USA,"922140",CORRECTIONAL INSTITUTIONS,https://www.maine.gov/corrections/facilities,2024/02/29,IMAGERY/OTHER,2024/02/29,https://www.maine.gov/corrections/downeast,MINIMUM,"48",0.000002470752634,0.007172317759638,"10001162",,,,"4.09999990463257"
"2896","10001163",MAINE STATE PRISON,807 CUSHING RD,WARREN,ME,"04864","-999",(207) 273-5300,STATE,OPEN,"-999",KNOX,"23013",USA,"922140",CORRECTIONAL INSTITUTIONS,https://www.maine.gov/corrections/facilities,2024/02/29,IMAGERY/OTHER,2024/02/29,https://www.maine.gov/corrections/msp,CLOSE,"993",0.000013583749023,0.016681387896841,"10001163",PME006,"901","901","4.19999980926514"
"2971","10006944",SOUTHERN MAINE WOMEN'S RE-ENTRY CENTER,230 RIVER ROAD,WINDHAM,ME,"04062","-999",(207) 893-7132,STATE,OPEN,"-999",CUMBERLAND,"23005",USA,"922140",CORRECTIONAL INSTITUTIONS,https://www.maine.gov/corrections/facilities,2024/02/29,IMAGERY/OTHER,2024/02/29,https://www.maine.gov/corrections/smwrc,MINIMUM,"100",0.000000298805389,0.004069353084454,"10006944",PME010,"87","87","5"
"2976","10001938",MOUNTAIN VIEW CORRECTIONAL FACILITY,1182 DOVER RD,CHARLESTON,ME,"04422","-999",(207) 285-0880,STATE,OPEN,"-999",PENOBSCOT,"23019",USA,"922140",CORRECTIONAL INSTITUTIONS,https://www.maine.gov/corrections/facilities,2024/02/29,IMAGERY/OTHER,2024/02/29,http://www.maine.gov/corrections/adultfacilities/index.shtml,MEDIUM,"448",0.000008133088386,0.022592496646336,"10001938",PME008,"396","396","4"
"2999","10000100",BOLDUC CORRECTIONAL FACILITY,516 CUSHING RD,WARREN,ME,"04864","-999",(207) 273-5123,STATE,OPEN,"-999",KNOX,"23013",USA,"922140",CORRECTIONAL INSTITUTIONS,https://www.maine.gov/corrections/facilities,2024/02/29,IMAGERY/OTHER,2024/02/29,https://www.maine.gov/corrections/bolduc,MINIMUM,"221",0.000001125229801,0.006365554106018,"10000100",PME002,"225","225","4.30000019073486"
"3001","10001165",MAINE CORRECTIONAL CENTER,17 MALLISON FALLS RD,WINDHAM,ME,"04062","-999",(207) 893-7109,STATE,OPEN,"-999",CUMBERLAND,"23005",USA,"922140",CORRECTIONAL INSTITUTIONS,https://www.maine.gov/corrections/facilities,2024/02/29,IMAGERY/OTHER,2024/02/29,https://www.maine.gov/corrections/mcc,MEDIUM,"620",0.000010554105756,0.017090158694458,"10001165",PME005,"623","623","5.09999990463257"
"741","10003203",FCI OTISVILLE CAMP,TWO MILE DR,OTISVILLE,NY,"10963","-999",(845) 386-6700,FEDERAL,OPEN,"92",ORANGE,"36071",USA,"922140",CORRECTIONAL INSTITUTIONS,https://www.bop.gov/locations/institutions/otv/,2016/02/16,IMAGERY/OTHER,2024/01/19,https://www.bop.gov/locations/institutions/otv/,MINIMUM,"-999",0.000000266150892,0.002719392752267,"10003203",,,"92","5.80000019073486"
"2409","10004449",NORTH CENTRAL CORRECTIONAL INSTITUTION,500 COLONY ROAD,GARDNER,MA,"01440","-999",(978) 630-6000,STATE,OPEN,"754",WORCESTER,"25027",USA,"922140",CORRECTIONAL INSTITUTIONS,https://public.tableau.com/app/profile/madoc/viz/MADOCCELLCAPACITY/CellCapacityHome,2024/02/26,IMAGERY/OTHER,2024/02/28,https://www.mass.gov/locations/north-central-correctional-institution,MEDIUM,"-999",0.000013294039491,0.014419203461791,"10004449",PMA016,"966","966","4.87500011920929"
"2915","10003135",FCI RAY BROOK,128 RAY BROOK RD,RAY BROOK,NY,"12977","-999",(518) 897-4000,FEDERAL,OPEN,"677",ESSEX,"36031",USA,"922140",CORRECTIONAL INSTITUTIONS,https://www.bop.gov/locations/institutions/rbk/,2016/02/16,IMAGERY/OTHER,2024/01/19,https://www.bop.gov/locations/institutions/rbk/,MEDIUM,"-999",0.000016792719634,0.016174320753273,"10003135",FNY227,"674","674","4.54999995231628"
"3047","10003202",FCI OTISVILLE,TWO MILE DR,OTISVILLE,NY,"10963","-999",(845) 386-6700,FEDERAL,OPEN,"993",ORANGE,"36071",USA,"922140",CORRECTIONAL INSTITUTIONS,https://www.bop.gov/locations/institutions/otv/,2016/02/16,IMAGERY/OTHER,2024/01/19,https://www.bop.gov/locations/institutions/otv/,MEDIUM,"-999",0.000014414318457,0.017132277702072,"10003202",FNY225,"759","759","5.85000014305115"
"3153","10002287",ATTICA CORRECTIONAL FACILITY,639 EXCHANGE ST,ATTICA,NY,"14011","0149",(585) 591-2000,STATE,OPEN,"-999",WYOMING,"36121",USA,"922140",CORRECTIONAL INSTITUTIONS,https://doccs.ny.gov/location/attica-correctional-facility,2017/02/17,IMAGERY/OTHER,2024/03/13,https://doccs.ny.gov/location/attica-correctional-facility,MAXIMUM,"-999",0.000024677731062,0.020979230915808,"10002287",PNY004,"1963","1963","5.35000014305115"
"3162","10003136",MORIAH SHOCK INCARCERATION CORRECTIONAL FACILITY,75 BURHART LANE,MINEVILLE,NY,"12956","0999",(518) 942-7561,STATE,OPEN,"187",ESSEX,"36031",USA,"922140",CORRECTIONAL INSTITUTIONS,https://doccs.ny.gov/location/moriah-shock-incarceration-correctional-facility,2015/11/13,IMAGERY/OTHER,2024/03/25,https://doccs.ny.gov/location/moriah-shock-incarceration-correctional-facility,MINIMUM,"300",0.000003852730742,0.010550498435858,"10003136",PNY039,"117","117","4.80000019073486"
"3205","10003156",HALE CREEK ASACTC,279 MALONEY RD,JOHNSTOWN,NY,"12095","3769",(518) 736-2094,STATE,OPEN,"-999",FULTON,"36035",USA,"922140",CORRECTIONAL INSTITUTIONS,https://doccs.ny.gov/location/hale-creek-asactc,2016/03/15,IMAGERY/OTHER,2024/03/14,https://doccs.ny.gov/location/hale-creek-asactc,MEDIUM,"-999",0.000006540030881,0.010728153757872,"10003156",PNY030,"407","407","5.45000004768372"
"3221","10003138",WATERTOWN CORRECTIONAL FACILITY,23147 SWAN RD,WATERTOWN,NY,"13601","9340",(315) 782-7490,STATE,CLOSED,"-999",JEFFERSON,"36045",USA,"922140",CORRECTIONAL INSTITUTIONS,https://www.wwnytv.com/2021/03/31/state-officially-closes-watertown-correctional-facility/,2014/09/23,IMAGERY/OTHER,2024/03/20,https://www.wwnytv.com/2021/03/31/state-officially-closes-watertown-correctional-facility/,MEDIUM,"-999",0.000014475800981,0.019642114404476,"10003138",PNY059,"464","464","4.54999995231628"
"3407","10003170",WILLARD DRUG TREATMENT CAMPUS,7116 COUNTY ROUTE 132,WILLARD,NY,"14588","0303",(607) 869-5500,STATE,CLOSED,"-999",SENECA,"36099",USA,"922140",CORRECTIONAL INSTITUTIONS,https://spectrumlocalnews.com/nys/rochester/community/2022/03/22/closure-of-willard-drug-treatment-campus-impacts-local-businesses,2016/04/06,IMAGERY/OTHER,2024/03/22,https://spectrumlocalnews.com/nys/rochester/community/2022/03/22/closure-of-willard-drug-treatment-campus-impacts-local-businesses,NOT AVAILABLE,"-999",0.000021751194481,0.019810104071231,"10003170",PNY061,"169","169","5.80000019073486"
"3414","10003175",WYOMING CORRECTIONAL FACILITY,3203 DUNBAR RD,ATTICA,NY,"14011","0501",(585) 591-1010,STATE,OPEN,"-999",WYOMING,"36121",USA,"922140",CORRECTIONAL INSTITUTIONS,https://doccs.ny.gov/location/wyoming-correctional-facility,2017/04/14,IMAGERY/OTHER,2024/03/18,https://doccs.ny.gov/location/wyoming-correctional-facility,MEDIUM,"1714",0.000030218619258,0.031333782729792,"10003175",PNY063,"1280","1280","5.35000014305115"
"3586","10000763",SHAWANGUNK CORRECTIONAL FACILITY,200 QUICK RD,WALLKILL,NY,"12589","0750",(845) 895-2081,STATE,OPEN,"-999",ULSTER,"36111",USA,"922140",CORRECTIONAL INSTITUTIONS,https://doccs.ny.gov/location/shawangunk-correctional-facility,2015/11/13,IMAGERY/OTHER,2024/03/14,https://doccs.ny.gov/location/shawangunk-correctional-facility,MAXIMUM,"-999",0.000009326273357,0.012397400673606,"10000763",PNY047,"479","479","5.69999980926514"
"3605","10003127",CLINTON CORRECTIONAL FACILITY - MAIN,1156 RT. 374,DANNEMORA,NY,"12929","2000",(518) 492-2511,STATE,OPEN,"-999",CLINTON,"36019",USA,"922140",CORRECTIONAL INSTITUTIONS,https://doccs.ny.gov/location/clinton-correctional-facility,2017/02/03,IMAGERY/OTHER,2024/03/25,https://doccs.ny.gov/location/clinton-correctional-facility,MAXIMUM,"-999",0.000013579321148,0.015373764859922,"10003127",PNY012,"2403","2403","4.5"
"3608","10000744",CAPE VINCENT CORRECTIONAL FACILITY,36560 STATE ROUTE 12E,CAPE VINCENT,NY,"13618","0599",(315) 654-4100,STATE,OPEN,"-999",JEFFERSON,"36045",USA,"922140",CORRECTIONAL INSTITUTIONS,https://doccs.ny.gov/location/cape-vincent-correctional-facility,2016/09/21,IMAGERY/OTHER,2024/03/13,https://doccs.ny.gov/location/cape-vincent-correctional-facility,MEDIUM,"-999",0.000023949278329,0.022208365742657,"10000744",PNY010,"818","818","4.80000019073486"
"3610","10003128",CLINTON CORRECTIONAL FACILITY - ANNEX,1074 RT. 374,DANNEMORA,NY,"12929","-999",(518) 492-2511,STATE,OPEN,"-999",CLINTON,"36019",USA,"922140",CORRECTIONAL INSTITUTIONS,https://doccs.ny.gov/location/clinton-correctional-facility,2015/11/13,IMAGERY/OTHER,2024/03/25,https://doccs.ny.gov/location/clinton-correctional-facility,MAXIMUM,"-999",0.000010772597761,0.013696346594906,"10003128",,,,"4.5"
"3612","10000757",GROVELAND ANNEX,7000 SONYEA RD,SONYEA,NY,"14556","-999",(585) 658-2871,STATE,OPEN,"-999",LIVINGSTON,"36051",USA,"922140",CORRECTIONAL INSTITUTIONS,https://doccs.ny.gov/location/groveland-correctional-facility,2015/11/13,IMAGERY/OTHER,2024/03/25,https://doccs.ny.gov/location/groveland-correctional-facility,MINIMUM,"-999",0.000009807428569,0.013033180592578,"10000757",,,,"5.90000009536743"
"3619","10003199",DOWNSTATE CORRECTIONAL FACILITY,121 RED SCHOOLHOUSE ROAD,FISHKILL,NY,"12524","0445",(845) 831-6600,STATE,CLOSED,"-999",DUTCHESS,"36027",USA,"922140",CORRECTIONAL INSTITUTIONS,https://esd.ny.gov/sites/default/files/rfp/ESD-Downstate-Correctional-Facility-RFP-Final.pdf,2015/11/13,IMAGERY/OTHER,2015/11/13,https://esd.ny.gov/sites/default/files/rfp/ESD-Downstate-Correctional-Facility-RFP-Final.pdf,MAXIMUM,"-999",0.000015631844690,0.020133896613680,"10003199",PNY016,"871","871","5.90000009536743"
"3625","10003122",GOUVERNEUR CORRECTIONAL FACILITY,112 SCOTCH SETTLEMENT RD,GOUVERNEUR,NY,"13642","0370",(315) 287-7351,STATE,OPEN,"-999",ST. LAWRENCE,"36089",USA,"922140",CORRECTIONAL INSTITUTIONS,https://doccs.ny.gov/location/gouverneur-correctional-facility,2017/09/13,IMAGERY/OTHER,2024/03/14,https://doccs.ny.gov/location/gouverneur-correctional-facility,MEDIUM,"-999",0.000024997840001,0.021255103692295,"10003122",PNY024,"845","845","4.66666666666667"
"3684","10003197",WALLKILL CORRECTIONAL FACILITY,50 MCKENDRICK RD,WALLKILL,NY,"12589","0286",(845) 895-2021,STATE,OPEN,"-999",ULSTER,"36111",USA,"922140",CORRECTIONAL INSTITUTIONS,https://doccs.ny.gov/location/wallkill-correctional-facility,2017/10/18,IMAGERY/OTHER,2017/10/18,https://doccs.ny.gov/location/wallkill-correctional-facility,MEDIUM,"608",0.000010234334241,0.013060541020096,"10003197",PNY057,"562","562","5.80000019073486"
"3832","10000750",CENTRAL NEW YORK PSYCHIATRIC CENTER,"9005 OLD RIVER RD, PO BOX 300",MARCY,NY,"13403","-999",(315) 765-3600,STATE,OPEN,"-999",ONEIDA,"36065",USA,"922140",CORRECTIONAL INSTITUTIONS,https://omh.ny.gov/omhweb/facilities/cnpc/,2017/12/21,IMAGERY/OTHER,2020/02/13,https://omh.ny.gov/omhweb/facilities/cnpc/,MAXIMUM,"220",0.000006544531288,0.011536535225013,"10000750",,,,"5.30000019073486"
"6084","10003131",BARE HILL CORRECTIONAL FACILITY,181 BRAND RD,MALONE,NY,"12953","0020",(518) 483-8411,STATE,OPEN,"-999",FRANKLIN,"36033",USA,"922140",CORRECTIONAL INSTITUTIONS,https://doccs.ny.gov/location/bare-hill-correctional-facility,2017/04/28,IMAGERY/OTHER,2017/04/28,https://doccs.ny.gov/location/bare-hill-correctional-facility,MEDIUM,"-999",0.000040657963154,0.031681518685259,"10003131",PNY006,"1315","1315","5.19999980926514"
"6088","10002281",CAYUGA CORRECTIONAL FACILITY,2202 STATE ROUTE 38A,MORAVIA,NY,"13118","1150",(315) 497-1110,STATE,OPEN,"-999",CAYUGA,"36011",USA,"922140",CORRECTIONAL INSTITUTIONS,https://doccs.ny.gov/location/cayuga-correctional-facility,2017/10/04,IMAGERY/OTHER,2024/03/13,https://doccs.ny.gov/location/cayuga-correctional-facility,MEDIUM,"-999",0.000019412947950,0.022442467936561,"10002281",PNY011,"861","861","4.80000019073486"
"6095","10003134",ADIRONDACK CORRECTIONAL FACILITY,196 RAY BROOK RD,RAY BROOK,NY,"12977","0110",(518) 891-1343,STATE,OPEN,"-999",ESSEX,"36031",USA,"922140",CORRECTIONAL INSTITUTIONS,https://doccs.ny.gov/location/adirondack-correctional-facility,2017/02/08,IMAGERY/OTHER,2024/03/13,https://doccs.ny.gov/location/adirondack-correctional-facility,MEDIUM,"-999",0.000008116775462,0.015153194587058,"10003134",PNY064,"20","20","4.54999995231628"
"6100","10001496",ALTONA CORRECTIONAL FACILITY,555 DEVILS DEN RD,ALTONA,NY,"12910","3000",(518) 236-7841,STATE,OPEN,"-999",CLINTON,"36019",USA,"922140",CORRECTIONAL INSTITUTIONS,https://doccs.ny.gov/location/altona-correctional-facility,2015/11/13,IMAGERY/OTHER,2024/03/13,https://doccs.ny.gov/location/altona-correctional-facility,MEDIUM,"-999",0.000008340037311,0.012057215310885,"10001496",PNY003,"384","384","4.75"
"6102","10003200",SULLIVAN CORRECTIONAL FACILITY,325 RIVERSIDE DR,FALLSBURG,NY,"12733","0116",(845) 434-2080,STATE,OPEN,"-999",SULLIVAN,"36105",USA,"922140",CORRECTIONAL INSTITUTIONS,https://doccs.ny.gov/location/sullivan-correctional-facility,2017/03/03,IMAGERY/OTHER,2024/03/18,https://doccs.ny.gov/location/sullivan-correctional-facility,MAXIMUM,"566",0.000009256428939,0.011785806663924,"10003200",PNY050,"454","454","5.85000014305115"
"6103","10000756",GROVELAND CORRECTIONAL FACILITY,7000 SONYEA RD,SONYEA,NY,"14556","0050",(585) 658-2871,STATE,OPEN,"-999",LIVINGSTON,"36051",USA,"922140",CORRECTIONAL INSTITUTIONS,https://doccs.ny.gov/location/groveland-correctional-facility,2016/10/20,IMAGERY/OTHER,2024/03/14,https://doccs.ny.gov/location/groveland-correctional-facility,MEDIUM,"-999",0.000038150334831,0.026677681487323,"10000756",PNY029,"931","931","6"
"6105","10000754",FIVE POINTS CORRECTIONAL FACILITY,6600 STATE ROUTE 96,ROMULUS,NY,"14541","-999",(607) 869-5111,STATE,OPEN,"-999",SENECA,"36099",USA,"922140",CORRECTIONAL INSTITUTIONS,https://doccs.ny.gov/location/five-points-correctional-facility,2016/04/08,IMAGERY/OTHER,2024/03/14,https://doccs.ny.gov/location/five-points-correctional-facility,MAXIMUM,"-999",0.000032065637924,0.024809434779515,"10000754",PNY021,"1186","1186","5.64999985694885"
"6107","10003130",UPSTATE CORRECTIONAL FACILITY,309 BARE HILL RD,MALONE,NY,"12953","-999",(518) 483-6997,STATE,OPEN,"-999",FRANKLIN,"36033",USA,"922140",CORRECTIONAL INSTITUTIONS,https://doccs.ny.gov/location/upstate-correctional-facility,2015/10/23,IMAGERY/OTHER,2024/03/18,https://doccs.ny.gov/location/upstate-correctional-facility,MAXIMUM,"1500",0.000021886258537,0.020695175697220,"10003130",PNY054,"836","836","5.19999980926514"
"6129","10003149",MOHAWK CORRECTIONAL FACILITY,6514 ROUTE 26,ROME,NY,"13442","-999",(315) 339-5232,STATE,OPEN,"-999",ONEIDA,"36065",USA,"922140",CORRECTIONAL INSTITUTIONS,https://doccs.ny.gov/location/mohawk-correctional-facility,2016/02/12,IMAGERY/OTHER,2024/03/14,https://doccs.ny.gov/location/mohawk-correctional-facility,MEDIUM,"-999",0.000031883495922,0.027395507997532,"10003149",PNY038,"1427","1427","5"
"6132","10003204",OTISVILLE CORRECTIONAL FACILITY,57 SANITORIUM ROAD,OTISVILLE,NY,"10963","0008",(845) 386-1490,STATE,OPEN,"-999",ORANGE,"36071",USA,"922140",CORRECTIONAL INSTITUTIONS,https://doccs.ny.gov/location/otisville-correctional-facility,2017/10/20,IMAGERY/OTHER,2017/10/20,https://doccs.ny.gov/location/otisville-correctional-facility,MEDIUM,"-999",0.000026886350497,0.039309683793951,"10003204",PNY042,"583","583","5.83333349227905"
"1031","10002088",CARSON CITY CORRECTIONAL FACILITY,10274 BOYER RD,CARSON CITY,MI,"48811","9746",(989) 584-3941,STATE,OPEN,"-999",MONTCALM,"26117",USA,"922140",CORRECTIONAL INSTITUTIONS,https://www.michigan.gov/corrections/prisons,2024/02/29,IMAGERY/OTHER,2024/02/29,https://www.michigan.gov/corrections/prisons/carson-city-correctional-facility,CLOSE,"2256",0.000025111931109,0.025191156366031,"10002088",PMI004,"2379","2379","5.90000009536743"
"1053","10001389",LAKELAND CORRECTIONAL FACILITY,141 FIRST ST,COLDWATER,MI,"49036","-999",(517) 278-6942,STATE,OPEN,"-999",BRANCH,"26023",USA,"922140",CORRECTIONAL INSTITUTIONS,https://www.michigan.gov/corrections/prisons,2024/02/29,IMAGERY/OTHER,2024/02/29,https://www.michigan.gov/corrections/prisons/lakeland-correctional-facility,MEDIUM,"-999",0.000020418303620,0.021872733109473,"10001389",PMI026,"1458","1458","7"
"1057","10001341",NEWBERRY CORRECTIONAL FACILITY,13747 E COUNTY ROAD 428,NEWBERRY,MI,"49868","-999",(906) 293-6200,STATE,OPEN,"-999",LUCE,"26095",USA,"922140",CORRECTIONAL INSTITUTIONS,https://www.michigan.gov/corrections/prisons,2024/02/29,IMAGERY/OTHER,2024/02/29,https://www.michigan.gov/corrections/prisons/newberry-correctional-facility,MEDIUM,"-999",0.000009372555041,0.013047253277684,"10001341",PMI031,"1096","1096","4.80000019073486"
"1190","10001345",KINROSS CORRECTIONAL FACILITY,4533 W INDUSTRIAL PARK DRIVE,KINCHELOE,MI,"49788","-999",(906) 495-2282,STATE,OPEN,"-999",CHIPPEWA,"26033",USA,"922140",CORRECTIONAL INSTITUTIONS,https://www.michigan.gov/corrections/prisons,2024/02/29,IMAGERY/OTHER,2024/02/29,https://www.michigan.gov/corrections/prisons/kinross-correctional-facility,MEDIUM,"1600",0.000010932475789,0.012731725333598,"10001345",PMI024,"1579","1579","4.95000004768372"
"3143","10001366",MACOMB CORRECTIONAL FACILITY,34625 26 MILE RD,LENOX TOWNSHIP,MI,"48048","-999",(586) 749-4900,STATE,OPEN,"-999",MACOMB,"26099",USA,"922140",CORRECTIONAL INSTITUTIONS,https://www.michigan.gov/corrections/prisons,2024/02/29,IMAGERY/OTHER,2024/02/29,https://www.michigan.gov/corrections/prisons/macomb-correctional-facility,MAXIMUM,"-999",0.000014783913684,0.017239695180146,"10001366",PMI027,"1387","1387","7.40000009536743"
"4128","10001384",SPECIAL ALTERNATIVE INCARCERATION FACILITY,18901 WATERLOO RD,CHELSEA,MI,"48118","-999",(734) 475-1368,STATE,OPEN,"-999",WASHTENAW,"26161",USA,"922140",CORRECTIONAL INSTITUTIONS,https://www.michigan.gov/corrections/prisons/special-alternative-incarceration-facility,2024/02/29,IMAGERY/OTHER,2024/04/03,https://www.michigan.gov/corrections/prisons/special-alternative-incarceration-facility,MINIMUM,"-999",0.000017190987819,0.021152382644214,"10001384",PMI038,"111","111","7.25"
"387","10000060",NORTH CENTRAL UNIT,10 PRISON CIRCLE,CALICO ROCK,AR,"72519","-999",(870) 297-4311,STATE,OPEN,"868",IZARD,"05065",USA,"922140",CORRECTIONAL INSTITUTIONS,https://doc.arkansas.gov/correction/publications/reports-brochures-and-forms/,2023/10/31,IMAGERY/OTHER,2024/02/08,https://doc.arkansas.gov/facilities/north-central-unit/,MEDIUM,"800",0.000007476664678,0.010952321843449,"10000060",PAR014,"843","843","6.09999990463257"
"1208","10000083",MAXIMUM SECURITY UNIT,2501 STATE FARM RD,TUCKER,AR,"72168","8713",(501) 842-3800,STATE,OPEN,"582",JEFFERSON,"05069",USA,"922140",CORRECTIONAL INSTITUTIONS,https://doc.arkansas.gov/correction/publications/reports-brochures-and-forms/,2023/10/31,IMAGERY/OTHER,2024/02/08,https://doc.arkansas.gov/facilities/maximum-security-unit/,MAXIMUM,"532",0.000005445825764,0.009837570272478,"10000083",PAR010,"556","556","7.80000019073486"
"1792","10000084",TUCKER UNIT,2400 STATE FARM ROAD,TUCKER,AR,"72168","-999",(501) 842-2519,STATE,OPEN,"891",JEFFERSON,"05069",USA,"922140",CORRECTIONAL INSTITUTIONS,https://doc.arkansas.gov/correction/publications/reports-brochures-and-forms/,2023/10/31,IMAGERY/OTHER,2024/02/08,https://doc.arkansas.gov/facilities/pine-bluff-unit/,MAXIMUM,"612",0.000008474382867,0.013777679091827,"10000084",PAR024,"994","994","8.07500016689301"
"2938","10003614",FCI FORREST CITY LOW,1400 DALE BUMPERS ROAD,FORREST CITY,AR,"72335","-999",(870) 630-6000,FEDERAL,OPEN,"1562",ST. FRANCIS,"05123",USA,"922140",CORRECTIONAL INSTITUTIONS,https://www.bop.gov/locations/institutions/for/,2016/02/16,IMAGERY/OTHER,2024/01/11,https://www.bop.gov/locations/institutions/for/,MINIMUM,"-999",0.000022524662882,0.019797217661573,"10003614",FAR011,"2130","2130","6.90000009536743"
"3014","10003615",FCI FORREST CITY MEDIUM,1400 DALE BUMPERS ROAD,FORREST CITY,AR,"72335","-999",(870) 494-4200,FEDERAL,OPEN,"1672",ST. FRANCIS,"05123",USA,"922140",CORRECTIONAL INSTITUTIONS,https://www.bop.gov/locations/institutions/fom/,2016/02/16,IMAGERY/OTHER,2024/01/11,https://www.bop.gov/locations/institutions/fom/,MEDIUM,"-999",0.000019767980120,0.018857799499606,"10003615",FAR013,"970","970","6.90000009536743"
"3028","10003616",FCI FORREST CITY LOW CAMP,1400 DALE BUMPERS ROAD,FORREST CITY,AR,"72335","-999",(870) 630-6000,FEDERAL,OPEN,"248",ST. FRANCIS,"05123",USA,"922140",CORRECTIONAL INSTITUTIONS,https://www.bop.gov/locations/institutions/for/,2016/02/16,IMAGERY/OTHER,2024/01/11,https://www.bop.gov/locations/institutions/for/,MINIMUM,"-999",0.000001117711463,0.007234676785431,"10003616",,,"248","6.85000014305115"
"3208","10000078",OUACHITA RIVER UNIT,100 WALCO LANE,MALVERN,AR,"72104","-999",(501) 467-3400,STATE,OPEN,"1879",HOT SPRING,"05059",USA,"922140",CORRECTIONAL INSTITUTIONS,https://doc.arkansas.gov/correction/publications/reports-brochures-and-forms/,2023/10/31,IMAGERY/OTHER,2024/02/08,https://doc.arkansas.gov/facilities/ouachita-river-unit/,MEDIUM,"1782",0.000012147761936,0.013943740668359,"10000078",PAR017,"1868","1868","7.90000009536743"
"3222","10000070",GRIMES UNIT,300 CORRECTIONS DRIVE,NEWPORT,AR,"72112","-999",(870) 523-5877,STATE,OPEN,"1089",JACKSON,"05067",USA,"922140",CORRECTIONAL INSTITUTIONS,https://doc.arkansas.gov/correction/publications/reports-brochures-and-forms/,2023/10/31,IMAGERY/OTHER,2024/02/08,https://doc.arkansas.gov/facilities/east-arkansas-regional-unit/,MAXIMUM,"1012",0.000006569790457,0.010850435388904,"10000070",PAR008,"1064","1064","8.30000019073486"
"3225","10000085",CUMMINS UNIT,STATE HWY 388,GRADY,AR,"71644","0500",(870) 850-8899,STATE,OPEN,"1994",LINCOLN,"05079",USA,"922140",CORRECTIONAL INSTITUTIONS,https://doc.arkansas.gov/correction/publications/reports-brochures-and-forms/,2023/10/31,IMAGERY/OTHER,2024/02/08,https://doc.arkansas.gov/facilities/cummins-unit/,MAXIMUM,"1876",0.000015654404251,0.016590069894027,"10000085",PAR004,"1654","1654","8"
"3236","10000075",EAST ARKANSAS REGIONAL UNIT,326 LEE ROAD 602,BRICKEYS,AR,"72320","-999",(870) 295-4700,STATE,OPEN,"1648",LEE,"05077",USA,"922140",CORRECTIONAL INSTITUTIONS,https://doc.arkansas.gov/correction/publications/reports-brochures-and-forms/,2023/10/31,IMAGERY/OTHER,2024/02/08,https://doc.arkansas.gov/facilities/east-arkansas-regional-unit/,MAXIMUM,"1624",0.000011269631386,0.013741067922292,"10000075",PAR006,"1666","1666","7.40000009536743"
"3238","10000076",BENTON UNIT,6701 US HWY 67,BENTON,AR,"72015","8488",(501) 315-2252,STATE,OPEN,"351",SALINE,"05125",USA,"922140",CORRECTIONAL INSTITUTIONS,https://doc.arkansas.gov/correction/publications/reports-brochures-and-forms/,2023/10/31,IMAGERY/OTHER,2024/02/08,https://doc.arkansas.gov/facilities/benton-unit/,MINIMUM,"325",0.000000226295924,0.001943232880712,"10000076",PAR001,"343","343","7.40000009536743"
"3243","10000088",DELTA REGIONAL UNIT,880 E GAINES ST,DERMOTT,AR,"71638","9505",(870) 538-2000,STATE,OPEN,"622",CHICOT,"05017",USA,"922140",CORRECTIONAL INSTITUTIONS,https://doc.arkansas.gov/correction/publications/reports-brochures-and-forms/,2023/10/31,IMAGERY/OTHER,2024/02/08,https://doc.arkansas.gov/facilities/delta-regional-unit/,MEDIUM,"599",0.000005308964546,0.010298413006322,"10000088",PAR005,"617","617","8.19999980926514"
"3256","10000069",MCPHERSON UNIT,302 CORRECTIONS DRIVE,NEWPORT,AR,"72112","-999",(870) 523-2639,STATE,OPEN,"1051",JACKSON,"05067",USA,"922140",CORRECTIONAL INSTITUTIONS,https://doc.arkansas.gov/correction/publications/reports-brochures-and-forms/,2023/10/31,IMAGERY/OTHER,2024/02/08,https://doc.arkansas.gov/facilities/mcpherson-unit/,MAXIMUM,"971",0.000006632456007,0.009894249795614,"10000069",PAR011,"1001","1001","8.30000019073486"
"3261","10001906",WRIGHTSVILLE UNIT,8400 STATE HIGHWAY 386,WRIGHTSVILLE,AR,"72183","-999",(501) 897-5806,STATE,OPEN,"855",PULASKI,"05119",USA,"922140",CORRECTIONAL INSTITUTIONS,https://doc.arkansas.gov/correction/publications/reports-brochures-and-forms/,2023/10/31,IMAGERY/OTHER,2024/02/08,https://doc.arkansas.gov/facilities/varner-varner-supermax-unit/,MEDIUM,"850",0.000010273656926,0.014404030640541,"10001906",PAR026,"858","858","7.64999985694885"
"3263","10001910",VARNER UNIT,STATE HWY 388,GRADY,AR,"71644","0600",(870) 575-1800,STATE,OPEN,"1696",LINCOLN,"05079",USA,"922140",CORRECTIONAL INSTITUTIONS,https://doc.arkansas.gov/correction/publications/reports-brochures-and-forms/,2023/10/31,IMAGERY/OTHER,2024/02/08,https://doc.arkansas.gov/facilities/varner-varner-supermax-unit/,MAXIMUM,"1714",0.000010317279020,0.013106581881088,"10001910",PAR025,"1646","1646","7.69999980926514"
"3265","10001908",J. AARON HAWKINS SR. CENTER,22522 ASHER ROAD,WRIGHTSVILLE,AR,"72183","-999",(501) 897-2256,STATE,OPEN,"-999",PULASKI,"05119",USA,"922140",CORRECTIONAL INSTITUTIONS,https://doc.arkansas.gov/correction/publications/reports-brochures-and-forms/,2023/10/31,UNVERIFIED,2024/02/08,https://doc.arkansas.gov/facilities/j-aaron-hawkins-sr-center/,MEDIUM,"212",0.000001819850240,0.005507869081504,"10001908",PAR009,"393","393","7.59999990463257"
"3450","10001807",MISSISSIPPI STATE PENITENTIARY,US HWY 49 W,PARCHMAN,MS,"38738","-999",(662) 745-6611,STATE,OPEN,"2450",SUNFLOWER,"28133",USA,"922140",CORRECTIONAL INSTITUTIONS,https://www.mdoc.ms.gov/general-public/daily-inmate-population-2021-2022,2024/02/25,IMAGERY/OTHER,2024/03/04,https://www.mdoc.ms.gov/facilities/mississippi-state-penitentiary,CLOSE,"2690",0.000040004307039,0.077026373967352,"10001807",PMS028,"3222","3222","7.33333349227905"
"3864","10001805",TALLAHATCHIE COUNTY CORRECTIONAL FACILITY,415 US HWY 49 N,TUTWILER,MS,"38963","-999",(662) 345-6567,MULTI,OPEN,"-999",TALLAHATCHIE,"28135",USA,"922140",CORRECTIONAL INSTITUTIONS,http://www.corecivic.com/facilities/tallahatchie-county-correctional-facility,2017/10/12,IMAGERY/OTHER,2024/02/06,https://www.corecivic.com/facilities/tallahatchie-county-correctional-facility,MAXIMUM,"-999",0.000013560499838,0.018286651516372,"10001805",,,,"7.59999990463257"
"3383","10004255",SOUTH MISSISSIPPI CORRECTIONAL INSTITUTION,22689 STATE HWY 63 N,LEAKESVILLE,MS,"39451","-999",(601) 394-5600,STATE,OPEN,"2660",GREENE,"28041",USA,"922140",CORRECTIONAL INSTITUTIONS,https://www.mdoc.ms.gov/general-public/daily-inmate-population-2021-2022,2024/02/25,IMAGERY/OTHER,2024/03/01,https://www.mdoc.ms.gov/facilities/south-mississippi-correctional-institution,MAXIMUM,"2882",0.000037091287822,0.035151553909831,"10004255",PMS034,"2655","2655","8.19999980926514"
"1245","10000941",MOBERLY CORRECTIONAL CENTER,5201 SOUTH MORLEY ST,MOBERLY,MO,"65270","-999",(660) 263-3778,STATE,OPEN,"-999",RANDOLPH,"29175",USA,"922140",CORRECTIONAL INSTITUTIONS,https://doc.mo.gov/facilities/all,2024/03/01,IMAGERY/OTHER,2024/03/01,https://doc.mo.gov/facilities/all,MEDIUM,"-999",0.000025860184223,0.021026206840655,"10000941",PMO021,"1790","1790","6.86666679382324"
"1640","10006290",EL DORADO CORRECTIONAL FACILITY SE MEDIUM UNIT,2501 WEST 7TH STREET,OSWEGO,KS,"67356","-999",(316) 322-2045,STATE,OPEN,"193",LABETTE,"20099",USA,"922140",CORRECTIONAL INSTITUTIONS,https://www.doc.ks.gov//publications/population-report,2024/02/26,IMAGERY/OTHER,2024/02/27,https://www.doc.ks.gov/facilities/edcf,MEDIUM,"210",0.000001373605301,0.007091844512839,"10006290",,,"193","7.40000009536743"
"1712","10001030",LANSING CORRECTIONAL FACILITY - EAST UNIT,240 N HWY 5,LANSING,KS,"66043","-999",(913) 727-3235,STATE,OPEN,"292",LEAVENWORTH,"20103",USA,"922140",CORRECTIONAL INSTITUTIONS,https://www.doc.ks.gov//publications/population-report,2024/02/26,IMAGERY/OTHER,2024/02/27,https://www.doc.ks.gov/facilities/lcf,MINIMUM,"512",0.000007484609569,0.014828989981218,"10001030",,,"292","6.93333339691162"
"2280","10001632",OZARK CORRECTIONAL CENTER,929 HONOR CAMP LANE,FORDLAND,MO,"65652","-999",(417) 767-4491,STATE,OPEN,"-999",WEBSTER,"29225",USA,"922140",CORRECTIONAL INSTITUTIONS,https://doc.mo.gov/facilities/all,2024/03/01,IMAGERY/OTHER,2024/03/01,https://doc.mo.gov/facilities/all,MINIMUM,"-999",0.000007261972996,0.011949615034663,"10001632",PMO023,"692","692","6.59999990463257"
"2284","10004068",SOUTH CENTRAL CORRECTIONAL CENTER,255 W HWY 32,LICKING,MO,"65542","-999",(573) 674-4470,STATE,OPEN,"-999",TEXAS,"29215",USA,"922140",CORRECTIONAL INSTITUTIONS,https://doc.mo.gov/facilities/all,2024/03/01,IMAGERY/OTHER,2024/03/01,https://doc.mo.gov/facilities/all,MAXIMUM,"-999",0.000017546654590,0.020706671245753,"10004068",PMO028,"1530","1530","6.19999980926514"
"2989","10006196",USP LEAVENWORTH CAMP,1300 METROPOLITAN  AVENUE,LEAVENWORTH,KS,"66048","-999",(913) 682-8700,FEDERAL,OPEN,"306",LEAVENWORTH,"20103",USA,"922140",CORRECTIONAL INSTITUTIONS,https://www.bop.gov/locations/institutions/lvn/,2016/02/16,IMAGERY/OTHER,2024/01/19,https://www.bop.gov/locations/institutions/lvn/,MINIMUM,"-999",0.000009382997632,0.012759952457636,"10006196",,,"306","6.5"
"3186","10001626",JEFFERSON CITY CORRECTIONAL CENTER,8200 NO MORE VICTIMS RD,JEFFERSON CITY,MO,"65101","-999",(573) 751-3224,STATE,OPEN,"-999",COLE,"29051",USA,"922140",CORRECTIONAL INSTITUTIONS,https://doc.mo.gov/facilities/all,2024/03/01,IMAGERY/OTHER,2024/03/01,https://doc.mo.gov/facilities/all,MAXIMUM,"-999",0.000019235976652,0.017805678172878,"10001626",PMO015,"1925","1925","7.15000009536743"
"3188","10001606",MARYVILLE TREATMENT CENTER,30227 US HWY 136,MARYVILLE,MO,"64468","-999",(660) 582-6542,STATE,OPEN,"-999",NODAWAY,"29147",USA,"922140",CORRECTIONAL INSTITUTIONS,https://doc.mo.gov/facilities/all,2024/03/01,IMAGERY/OTHER,2024/03/01,https://doc.mo.gov/facilities/all,MINIMUM,"-999",0.000003959044307,0.010736266176366,"10001606",PMO018,"545","545","6.59999990463257"
"3189","10002405",ALGOA CORRECTIONAL CENTER,8501 NO MORE VICTIMS RD,JEFFERSON CITY,MO,"65101","-999",(573) 751-3911,STATE,OPEN,"-999",COLE,"29051",USA,"922140",CORRECTIONAL INSTITUTIONS,https://doc.mo.gov/facilities/all,2024/03/01,IMAGERY/OTHER,2024/03/01,https://doc.mo.gov/facilities/all,MINIMUM,"-999",0.000008445844060,0.016728420076470,"10002405",PMO001,"1530","1530","7.20000004768372"
"3190","10000942",TIPTON CORRECTIONAL CENTER,619 N OSAGE AVE,TIPTON,MO,"65081","-999",(660) 433-2031,STATE,OPEN,"-999",MONITEAU,"29135",USA,"922140",CORRECTIONAL INSTITUTIONS,https://doc.mo.gov/facilities/all,2024/03/01,IMAGERY/OTHER,2024/03/01,https://doc.mo.gov/facilities/all,MINIMUM,"-999",0.000013807923324,0.016144791721943,"10000942",PMO032,"969","969","6.35000014305115"
"3247","10001619",HEARNES FORENSIC CENTER,600 EAST 5TH ST,FULTON,MO,"65251","-999",(573) 592-4100,STATE,OPEN,"-999",CALLAWAY,"29027",USA,"922140",CORRECTIONAL INSTITUTIONS,https://dmh.mo.gov/fulton/,2017/12/08,IMAGERY/OTHER,2024/04/03,NOT AVAILABLE,NOT AVAILABLE,"24",0.000002685788786,0.007213418248713,"10001619",,,,"6.79999995231628"
"4600","10006573",NEXUS TREATMENT CENTER,111 SKYLINE DRIVE,LEWISTOWN,MT,"59457","-999",(406) 535-6660,STATE,OPEN,"-999",FERGUS,"30027",USA,"922140",CORRECTIONAL INSTITUTIONS,http://www.cccscorp.com/programs/nexus/,2017/12/08,IMAGERY/OTHER,2024/02/28,http://www.cccscorp.com/programs/nexus/,NOT AVAILABLE,"80",0.000001403048373,0.004950089883273,"10006573",PMT022,"88","88","4"
"1018","10001040",ELLSWORTH CORRECTIONAL FACILITY,1607 STATE STREET,ELLSWORTH,KS,"67439","-999",(785) 472-5501,STATE,OPEN,"752",ELLSWORTH,"20053",USA,"922140",CORRECTIONAL INSTITUTIONS,https://www.doc.ks.gov//publications/population-report,2024/02/26,IMAGERY/OTHER,2024/02/27,https://www.doc.ks.gov/facilities/ecf,MAXIMUM,"899",0.000015506917862,0.015638443028943,"10001040",PKS002,"946","946","5.90000009536743"
"1638","10001045",EL DORADO CORRECTIONAL FACILITY,1737 US HIGHWAY 54,EL DORADO,KS,"67042","-999",(316) 321-7284,STATE,OPEN,"1417",BUTLER,"20015",USA,"922140",CORRECTIONAL INSTITUTIONS,https://www.doc.ks.gov//publications/population-report,2024/02/26,IMAGERY/OTHER,2024/02/27,https://www.doc.ks.gov/facilities/edcf,MEDIUM,"1690",0.000022621622975,0.021445395671995,"10001045",PKS001,"1960","1960","6.96666669845581"
"1700","10004852",LARNED STATE HOSPITAL,1301 KS HWY 264,LARNED,KS,"67550","-999",(620) 285-2131,STATE,OPEN,"-999",PAWNEE,"20145",USA,"922140",CORRECTIONAL INSTITUTIONS,https://kdads.ks.gov/state-hospitals-and-institutions/larned-state-hospital,2024/02/27,IMAGERY/OTHER,2024/02/27,https://www.larnedcares.com/,NOT AVAILABLE,"-999",0.000047052256377,0.033840685595624,"10004852",,,,"4.96666669845581"
"1709","10004812",NORTON CORRECTIONAL FACILITY - EAST UNIT,1210 SOUTH CEDAR STREET,STOCKTON,KS,"67669","-999",(785) 425-6745,STATE,OPEN,"119",ROOKS,"20163",USA,"922140",CORRECTIONAL INSTITUTIONS,https://www.doc.ks.gov//publications/population-report,2024/02/26,IMAGERY/OTHER,2024/02/27,https://www.doc.ks.gov/facilities/ncf,MINIMUM,"128",0.000001266289246,0.004553244082920,"10004812",,,"119","6"
"1713","10001028",NORTON CORRECTIONAL FACILITY,11130 ROAD E4,NORTON,KS,"67654","0546",(785) 877-3389,STATE,OPEN,"666",NORTON,"20137",USA,"922140",CORRECTIONAL INSTITUTIONS,https://www.doc.ks.gov//publications/population-report,2024/02/26,IMAGERY/OTHER,2024/02/27,https://www.doc.ks.gov/facilities/ncf,MEDIUM,"849",0.000009406692698,0.012045619924444,"10001028",PKS013,"978","978","6.09999990463257"
"2624","10001830",LARNED CORRECTIONAL CORECCTIONAL FACILITY - CENTRAL,1318 STATE HIGHWAY 264,LARNED,KS,"67550","0280",(620) 285-6249,STATE,OPEN,"281",PAWNEE,"20145",USA,"922140",CORRECTIONAL INSTITUTIONS,https://www.doc.ks.gov//publications/population-report,2024/02/26,IMAGERY/OTHER,2024/02/27,https://www.doc.ks.gov/facilities/lcmhf,MEDIUM,"310",0.000005840648555,0.008832202027586,"10001830",PKS007,"589","589","5.09999990463257"
"2632","10001832",LARNED CORRECTIONAL MENTAL HEALTH FACILITY - WEST,1301 STATE HIGHWAY 264,LARNED,KS,"67550","-999",(620) 285-6249,STATE,OPEN,"-999",PAWNEE,"20145",USA,"922140",CORRECTIONAL INSTITUTIONS,https://www.doc.ks.gov//publications/population-report,2024/02/26,IMAGERY/OTHER,2024/02/27,https://www.doc.ks.gov/facilities/lcmhf,MINIMUM,"-999",0.000000793802883,0.003948435846981,"10001832",,,,"5.09999990463257"
"662","10004895",CHAIN O'LAKES CORRECTIONAL FACILITY,3516 E 75 SOUTH,ALBION,IN,"46701","-999",(260) 636-3114,STATE,OPEN,"84",NOBLE,"18113",USA,"922140",CORRECTIONAL INSTITUTIONS,https://www.in.gov/idoc/policies-and-statistics/data/statistical-data/total-population-summary-reports/,2023/11/30,IMAGERY/OTHER,2024/02/26,https://www.in.gov/idoc/find-a-facility/adult/chain-olakes-correctional-facility/,MINIMUM,"88",0.000001802618726,0.006965275244281,"10004895",PIN004,"135","135","7.90000009536743"
"1552","10004920",EDINBURGH CORRECTIONAL FACILITY,703 23RD ST,EDINBURGH,IN,"46124","-999",(812) 526-8434,STATE,OPEN,"279",JOHNSON,"18081",USA,"922140",CORRECTIONAL INSTITUTIONS,https://www.in.gov/idoc/policies-and-statistics/data/statistical-data/total-population-summary-reports/,2023/11/30,IMAGERY/OTHER,2024/02/26,https://www.in.gov/idoc/find-a-facility/adult/edinburgh-correctional-facility/,MINIMUM,"303",0.000014654444612,0.017449929681614,"10004920",PIN010,"342","342","7.76666657129924"
"1569","10001071",PUTNAMVILLE CORRECTIONAL FACILITY,1946 W US HWY 40,GREENCASTLE,IN,"46135","-999",(765) 653-8441,STATE,OPEN,"1678",PUTNAM,"18133",USA,"922140",CORRECTIONAL INSTITUTIONS,https://www.in.gov/idoc/policies-and-statistics/data/statistical-data/total-population-summary-reports/,2023/11/30,IMAGERY/OTHER,2024/02/26,https://www.in.gov/idoc/find-a-facility/adult/putnamville-correctional-facility/,MEDIUM,"1764",0.000018404037746,0.025912627698495,"10001071",PIN028,"2176","2176","7.59999990463257"
"1591","10004913",NEW CASTLE CORRECTIONAL FACILITY,1000 VAN NUYS RD,NEW CASTLE,IN,"47362","-999",(765) 593-0111,STATE,OPEN,"2814",HENRY,"18065",USA,"922140",CORRECTIONAL INSTITUTIONS,https://www.in.gov/idoc/policies-and-statistics/data/statistical-data/total-population-summary-reports/,2023/11/30,IMAGERY/OTHER,2024/02/26,https://www.in.gov/idoc/find-a-facility/adult/new-castle-correctional-facility/,MEDIUM,"3095",0.000015469781374,0.017600759937043,"10004913",PIN023,"3149","3149","8.25"
"6176","10002658",WOMEN'S STATE PRISON - UNIT E,3200 E STATE HWY 34,PIERRE,SD,"57501","-999",(605) 773-6636,STATE,OPEN,"94",HUGHES,"46065",USA,"922140",CORRECTIONAL INSTITUTIONS,https://doc.sd.gov/about/stats/,2017/11/30,UNVERIFIED,2024/04/15,http://doc.sd.gov/adult/facilities/,MINIMUM,"-999",0.000000390627065,0.003172030235548,"10002658",,,"94","4.90000009536743"
"6190","10002657",SOUTH DAKOTA WOMEN'S PRISON,3200 E HWY 34,PIERRE,SD,"57501","-999",(605) 773-6636,STATE,OPEN,"-999",HUGHES,"46065",USA,"922140",CORRECTIONAL INSTITUTIONS,https://doc.sd.gov/adult/facilities/wp/,2017/08/24,IMAGERY/OTHER,2024/04/12,https://doc.sd.gov/adult/facilities/wp/,MAXIMUM,"-999",0.000002302956091,0.007344073472138,"10002657",,,,"4.90000009536743"
"4127","10001404",MASSACHUSETTS ALCOHOL AND SUBSTANCE ABUSE CENTER - PLYMOUTH,1 BUMP POND RD,PLYMOUTH,MA,"02360","-999",(508) 291-2441,STATE,OPEN,"61",PLYMOUTH,"25023",USA,"922140",CORRECTIONAL INSTITUTIONS,https://public.tableau.com/app/profile/madoc/viz/MADOCCELLCAPACITY/CellCapacityHome,2024/02/26,IMAGERY/OTHER,2024/02/28,https://www.mass.gov/locations/masac-at-plymouth,MINIMUM,"-999",0.000004074844583,0.010846289686811,"10001404",,,"61","5.47500002384186"
"1022","10000925",ST. BRIDES CORRECTIONAL CENTER,701 SANDERSON RD,CHESAPEAKE,VA,"23328","6482",(757) 421-6600,STATE,OPEN,"-999",CHESAPEAKE,"51550",USA,"922140",CORRECTIONAL INSTITUTIONS,https://vadoc.virginia.gov/facilities-and-offices//,2014/11/18,IMAGERY/OTHER,2024/05/01,https://vadoc.virginia.gov/facilities-and-offices/,MEDIUM,"-999",0.000011870993376,0.014113986127536,"10000925",PVA048,"1190","1190","5.95000004768372"
"1023","10001593",SUSSEX I STATE PRISON,24414 MUSSELWHITE DR,WAVERLY,VA,"23891","1111",(804) 834-9967,STATE,OPEN,"-999",SUSSEX,"51183",USA,"922140",CORRECTIONAL INSTITUTIONS,https://vadoc.virginia.gov/facilities-and-offices/,2017/05/23,IMAGERY/OTHER,2024/05/01,https://vadoc.virginia.gov/facilities-and-offices/,MAXIMUM,"-999",0.000010835475450,0.013094903025724,"10001593",PVA051,"1126","1126","6.25"
"1201","10001582",CENTRAL VIRGINIA CORRECTIONAL UNIT #13,6900 COURTHOUSE RD,CHESTERFIELD,VA,"23832","-999",(804) 796-4277,STATE,OPEN,"-999",CHESTERFIELD,"51041",USA,"922140",CORRECTIONAL INSTITUTIONS,https://vadoc.virginia.gov/facilities-and-offices/,2015/11/05,IMAGERY/OTHER,2024/05/01,https://vadoc.virginia.gov/facilities-and-offices/,MINIMUM,"-999",0.000001830257361,0.005385943285589,"10001582",PVA009,"284","284","7"
"4475","10001601",DEERFIELD WORK CENTER 2,15080 OLD BELFIELD RD,CAPRON,VA,"23829","-999",(434) 658-4368,STATE,OPEN,"-999",SOUTHAMPTON,"51175",USA,"922140",CORRECTIONAL INSTITUTIONS,https://vadoc.virginia.gov/facilities-and-offices/,2017/06/16,IMAGERY/OTHER,2024/05/01,https://vadoc.virginia.gov/facilities-and-offices/,MINIMUM,"-999",0.000001529324891,0.004990256070604,"10001601",PVA020,"168","168","6.19999980926514"
"4609","10000924",INDIAN CREEK CORRECTIONAL CENTER,801 SANDERSON RD,CHESAPEAKE,VA,"23328","6481",(757) 421-0095,STATE,OPEN,"-999",CHESAPEAKE,"51550",USA,"922140",CORRECTIONAL INSTITUTIONS,https://vadoc.virginia.gov/facilities-and-offices/,2015/06/23,IMAGERY/OTHER,2024/05/01,https://vadoc.virginia.gov/facilities-and-offices/,MEDIUM,"-999",0.000017099876914,0.016710804621884,"10000924",PVA031,"1002","1002","6.14999985694885"
"4619","10001592",LUNENBURG CORRECTIONAL CENTER,690 FALLS RD,VICTORIA,VA,"23974","-999",(434) 696-2045,STATE,OPEN,"-999",LUNENBURG,"51111",USA,"922140",CORRECTIONAL INSTITUTIONS,https://vadoc.virginia.gov/facilities-and-offices/,2017/03/09,IMAGERY/OTHER,2024/05/01,https://vadoc.virginia.gov/facilities-and-offices/,MEDIUM,"-999",0.000013399849649,0.014817477275959,"10001592",PVA035,"966","966","6.14999985694885"
"4620","10001589",NOTTOWAY CORRECTIONAL CENTER,2892 SCHUTT RD,BURKEVILLE,VA,"23922","-999",(434) 767-5543,STATE,OPEN,"-999",NOTTOWAY,"51135",USA,"922140",CORRECTIONAL INSTITUTIONS,https://vadoc.virginia.gov/facilities-and-offices/,2017/06/02,IMAGERY/OTHER,2024/05/01,https://vadoc.virginia.gov/facilities-and-offices/,MAXIMUM,"-999",0.000010063891068,0.012633726479918,"10001589",PVA038,"1411","1411","6.19999980926514"
"4622","10003310",GREEN ROCK CORRECTIONAL CENTER,475 GREEN ROCK LANE,CHATHAM,VA,"24531","-999",(434) 797-2000,STATE,OPEN,"-999",PITTSYLVANIA,"51143",USA,"922140",CORRECTIONAL INSTITUTIONS,https://vadoc.virginia.gov/facilities-and-offices/,2014/12/01,IMAGERY/OTHER,2024/05/01,https://vadoc.virginia.gov/facilities-and-offices/,CLOSE,"-999",0.000007896839179,0.010836908044923,"10003310",PVA023,"1030","1030","6.09999990463257"
"4623","10001594",SUSSEX II STATE PRISON,24427 MUSSELWHITE DR,WAVERLY,VA,"23891","2222",(804) 834-2678,STATE,OPEN,"-999",SUSSEX,"51183",USA,"922140",CORRECTIONAL INSTITUTIONS,https://vadoc.virginia.gov/facilities-and-offices/,2015/11/03,IMAGERY/OTHER,2024/05/01,https://vadoc.virginia.gov/facilities-and-offices/,MAXIMUM,"-999",0.000011250661601,0.015832203182974,"10001594",PVA052,"1260","1260","6.25"
"4633","10003284",CHESTERFIELD WOMEN'S DETENTION AND DIVERSION CENTER,7000 COURTHOUSE RD,CHESTERFIELD,VA,"23832","-999",(804) 796-4242,STATE,OPEN,"-999",CHESTERFIELD,"51041",USA,"922140",CORRECTIONAL INSTITUTIONS,https://vadoc.virginia.gov/facilities-and-offices/,2014/12/03,IMAGERY/OTHER,2024/05/02,https://vadoc.virginia.gov/facilities-and-offices/,MINIMUM,"-999",0.000000615217004,0.003550016325920,"10003284",PVA011,"151","151","7.09999990463257"
"4640","10006218",RIVER NORTH CORRECTIONAL CENTER,329 DELL BROOK LANE,INDEPENDENCE,VA,"24348","-999",(276) 773-2518,STATE,OPEN,"-999",GRAYSON,"51077",USA,"922140",CORRECTIONAL INSTITUTIONS,https://vadoc.virginia.gov/facilities-and-offices/,2016/03/16,IMAGERY/OTHER,2024/05/02,https://vadoc.virginia.gov/facilities-and-offices/,MEDIUM,"-999",0.000005751530807,0.010062119259824,"10006218",PVA045,"917","917","6.59999990463257"
"4913","10003331",BASKERVILLE CORRECTIONAL CENTER,4150 HAYES MILL RD,BASKERVILLE,VA,"23915","-999",(434) 447-3857,STATE,OPEN,"-999",MECKLENBURG,"51117",USA,"922140",CORRECTIONAL INSTITUTIONS,https://vadoc.virginia.gov/facilities-and-offices/,2024/05/01,IMAGERY/OTHER,2020/02/24,https://vadoc.virginia.gov/facilities-and-offices/,MEDIUM,"-999",0.000003461293090,0.009681984129576,"10003331",PVA004,"468","468","6.25"
"5551","10001597",BRUNSWICK WORK CENTER,1147 PLANTERS RD,LAWRENCEVILLE,VA,"23868","-999",(434) 848-4131,STATE,OPEN,"-999",BRUNSWICK,"51025",USA,"922140",CORRECTIONAL INSTITUTIONS,https://vadoc.virginia.gov/facilities-and-offices/,2017/06/14,IMAGERY/OTHER,2024/05/02,https://vadoc.virginia.gov/facilities-and-offices/,MINIMUM,"-999",0.000001435249260,0.004823722153878,"10001597",PVA006,"161","161","6.30000019073486"
"6242","10002377",CAROLINE CORRECTIONAL UNIT #2,31285 CAMP RD,HANOVER,VA,"23069","-999",(804) 994-2161,STATE,OPEN,"-999",CAROLINE,"51033",USA,"922140",CORRECTIONAL INSTITUTIONS,https://vadoc.virginia.gov/facilities-and-offices/,2017/05/02,IMAGERY/OTHER,2024/05/01,https://vadoc.virginia.gov/facilities-and-offices/,MINIMUM,"-999",0.000001464620027,0.005344037086141,"10002377",PVA008,"138","138","6.30000019073486"
"6248","10003324",DEERFIELD CORRECTIONAL CENTER,21360 DEERFIELD DRIVE,CAPRON,VA,"23829","-999",(434) 658-4368,STATE,OPEN,"-999",SOUTHAMPTON,"51175",USA,"922140",CORRECTIONAL INSTITUTIONS,https://vadoc.virginia.gov/facilities-and-offices/,2017/04/27,IMAGERY/OTHER,2024/05/01,https://vadoc.virginia.gov/facilities-and-offices/,MEDIUM,"-999",0.000009343836609,0.014915389200070,"10003324",PVA018,"1060","1060","6.14999985694885"
"6250","10001598",DEERFIELD WORK CENTER FOR MEN,15172 OLD BELFIELD RD,CAPRON,VA,"23829","-999",(434) 658-4368,STATE,OPEN,"-999",SOUTHAMPTON,"51175",USA,"922140",CORRECTIONAL INSTITUTIONS,https://vadoc.virginia.gov/facilities-and-offices/,2017/06/15,IMAGERY/OTHER,2024/05/01,https://vadoc.virginia.gov/facilities-and-offices/,MINIMUM,"-999",0.000002258542509,0.006846509893840,"10001598",PVA019,"185","185","6.19999980926514"
"6251","10003327",GREENSVILLE CORRECTIONAL CENTER,901 CORRECTIONS WAY,JARRATT,VA,"23870","9614",(434) 535-7000,STATE,OPEN,"-999",GREENSVILLE,"51081",USA,"922140",CORRECTIONAL INSTITUTIONS,https://vadoc.virginia.gov/facilities-and-offices/,2024/05/01,IMAGERY/OTHER,2024/09/18,https://vadoc.virginia.gov/facilities-and-offices/,CLOSE,"-999",0.000035067624822,0.022515113610110,"10003327",PVA024,"2922","2922","6.19999996821086"
"6252","10001603",GREENSVILLE WORK CENTER,901 CORRECTIONS WAY,JARRATT,VA,"23870","9614",(434) 535-7000,STATE,OPEN,"-999",GREENSVILLE,"51081",USA,"922140",CORRECTIONAL INSTITUTIONS,https://vadoc.virginia.gov/facilities-and-offices/,2018/01/19,IMAGERY/OTHER,2024/05/01,https://vadoc.virginia.gov/facilities-and-offices/,MINIMUM,"-999",0.000001502123496,0.004958353134593,"10001603",PVA025,"278","278","6.19999980926514"
"6253","10003316",HALIFAX CORRECTIONAL UNIT,1200 FARM RD,HALIFAX,VA,"24558","-999",(434) 572-2683,STATE,OPEN,"-999",HALIFAX,"51083",USA,"922140",CORRECTIONAL INSTITUTIONS,https://vadoc.virginia.gov/facilities-and-offices/,2015/03/24,IMAGERY/OTHER,2024/05/01,https://vadoc.virginia.gov/facilities-and-offices/,MINIMUM,"-999",0.000002667105264,0.008089515040010,"10003316",PVA026,"248","248","6.20000004768372"
"6254","10001590",NOTTOWAY WORK CENTER,2892 SCHUTT RD,BURKEVILLE,VA,"23922","-999",(434) 767-5543,STATE,OPEN,"-999",NOTTOWAY,"51135",USA,"922140",CORRECTIONAL INSTITUTIONS,https://vadoc.virginia.gov/facilities-and-offices/,2017/06/02,IMAGERY/OTHER,2024/05/01,https://vadoc.virginia.gov/facilities-and-offices/,MINIMUM,"-999",0.000001489042006,0.004917054270253,"10001590",PVA039,"190","190","6.19999980926514"
"6260","10006672",APPALACHIAN DETENTION AND DIVERSION CENTER,924 CLIFTON FARM ROAD,HONAKER,VA,"24260","-999",(276) 889-7671,STATE,OPEN,"-999",RUSSELL,"51167",USA,"922140",CORRECTIONAL INSTITUTIONS,https://vadoc.virginia.gov/facilities-and-offices/,2017/06/06,IMAGERY/OTHER,2024/05/02,https://vadoc.virginia.gov/facilities-and-offices/,MINIMUM,"-999",0.000001674204213,0.005730949759482,"10006672",PVA002,"103","103","6.59999990463257"
"6263","10001588",BLAND CORRECTIONAL CENTER,256 BLAND FARM RD,BLAND,VA,"24315","-999",(276) 688-3341,STATE,OPEN,"-999",BLAND,"51021",USA,"922140",CORRECTIONAL INSTITUTIONS,https://vadoc.virginia.gov/facilities-and-offices/,2017/09/21,IMAGERY/OTHER,2024/05/01,https://vadoc.virginia.gov/facilities-and-offices/,MEDIUM,"-999",0.000006000816029,0.010616713263891,"10001588",PVA005,"652","652","6.59999990463257"
"6265","10003333",PATRICK HENRY CORRECTIONAL UNIT,18155 A L PHILPOTT HWY,RIDGEWAY,VA,"24148","-999",(276) 957-2234,STATE,OPEN,"-999",HENRY,"51089",USA,"922140",CORRECTIONAL INSTITUTIONS,https://vadoc.virginia.gov/facilities-and-offices/,2015/09/21,IMAGERY/OTHER,2024/05/01,https://vadoc.virginia.gov/facilities-and-offices/,MINIMUM,"-999",0.000001340872132,0.007263815202117,"10003333",PVA040,"137","137","6.09999990463257"
"101","10001087",IOWA CORRECTIONAL INSTITUTION FOR WOMEN,420 MILL STREET SOUTHWEST,MITCHELLVILLE,IA,"50169","-999",(515) 725-5042,STATE,OPEN,"673",POLK,"19153",USA,"922140",CORRECTIONAL INSTITUTIONS,https://doc-search.iowa.gov/dailystatistics,2024/02/23,IMAGERY/OTHER,2024/02/23,https://doc.iowa.gov/find-facility/iciw,MEDIUM,"774",0.000012047614518,0.015952164950699,"10001087",PIA022,"727","727","7"
"1264","10001090",NEWTON CORRECTIONAL FACILITY,307 SOUTH 60TH AVENUE WEST,NEWTON,IA,"50208","-999",(641) 792-7552,STATE,OPEN,"1151",JASPER,"19099",USA,"922140",CORRECTIONAL INSTITUTIONS,https://doc-search.iowa.gov/dailystatistics,2024/02/23,IMAGERY/OTHER,2024/02/23,https://doc.iowa.gov/find-facility/ncf,MEDIUM,"1014",0.000012520292557,0.017339749112908,"10001090",PIA029,"1353","1353","7.29999995231628"
"1274","10001080",NORTH CENTRAL CORRECTIONAL FACILITY,313 LANEDALE,ROCKWELL CITY,IA,"50579","-999",(712) 297-7521,STATE,OPEN,"468",CALHOUN,"19025",USA,"922140",CORRECTIONAL INSTITUTIONS,https://doc-search.iowa.gov/dailystatistics,2024/02/23,IMAGERY/OTHER,2024/02/23,https://doc.iowa.gov/find-facility/ncf,MINIMUM,"245",0.000008697070825,0.013232332057423,"10001080",PIA030,"487","487","5.80000019073486"
"852","10003973",SAGUARO CORRECTIONAL CENTER,1250 EAST ARICA ROAD,ELOY,AZ,"85131","-999",(520) 464-0500,STATE,OPEN,"-999",PINAL,"04021",USA,"922140",CORRECTIONAL INSTITUTIONS,"http://dps.hawaii.gov/about/divisions/corrections/, https://www.idoc.idaho.gov/content/locations/prisons/scc",2017/08/31,IMAGERY/OTHER,2024/01/30,https://www.corecivic.com/facilities/saguaro-correctional-center,MEDIUM,"2000",0.000009845443856,0.012901539864931,"10003973",PAZ001,"1635","1635","5.34999990463257"
"951","10000601",FCI PHOENIX,37900 N 45TH AVE,PHOENIX,AZ,"85086","-999",(623) 465-9757,FEDERAL,OPEN,"921",MARICOPA,"04013",USA,"922140",CORRECTIONAL INSTITUTIONS,https://www.bop.gov/locations/institutions/phx/,2016/02/16,IMAGERY/OTHER,2024/01/12,https://www.bop.gov/locations/institutions/phx/,MEDIUM,"-999",0.000018068530380,0.016541765201896,"10000601",FAZ018,"1240","1240","6.70000004768372"
"1263","10002248",ASPC-SAFFORD,896 S COOK RD,SAFFORD,AZ,"85546","-999",(928) 428-4698,STATE,OPEN,"942",GRAHAM,"04009",USA,"922140",CORRECTIONAL INSTITUTIONS,https://corrections.az.gov/reports,2024/01/30,IMAGERY/OTHER,2024/01/31,https://corrections.az.gov/safford,MEDIUM,"1025",0.000016007332988,0.023254060361544,"10002248",PAZ014,"1019","1019","5.5"
"1270","10000605",ASPC-LEWIS,26700 S HWY 85,BUCKEYE,AZ,"85326","-999",(623) 386-6160,STATE,OPEN,"3989",MARICOPA,"04013",USA,"922140",CORRECTIONAL INSTITUTIONS,https://corrections.az.gov/reports,2024/01/30,IMAGERY/OTHER,2024/01/31,https://corrections.az.gov/lewis,MAXIMUM,"5983",0.000161327083788,0.070778078701482,"10000605",PAZ007,"4719","4719","8.60000038146973"
"1278","10000626",MARANA COMMUNITY CORRECTIONAL TREATMENT FACILITY,12610 W SILVERBELL RD,MARANA,AZ,"85653","-999",(520) 682-2077,STATE,CLOSED,"0",PIMA,"04019",USA,"922140",CORRECTIONAL INSTITUTIONS,https://www.12news.com/article/news/local/arizona/arizona-ending-contract-private-prison-marana/75-ce3f5696-8dea-46bf-b83c-da14edb68385,2023/11/27,IMAGERY/OTHER,2024/02/09,NOT AVAILABLE,MINIMUM,"-999",0.000002177799843,0.006852968101422,"10000626",PAZ025,"483","483","4.40000009536743"
"2942","10000627",USP TUCSON,9300 SOUTH WILMOT RD,TUCSON,AZ,"85756","-999",(520) 663-5000,FEDERAL,OPEN,"1230",PIMA,"04019",USA,"922140",CORRECTIONAL INSTITUTIONS,https://www.bop.gov/locations/institutions/tcp/,2016/02/16,IMAGERY/OTHER,2024/01/12,https://www.bop.gov/locations/institutions/tcp/,MAXIMUM,"-999",0.000014619751937,0.016634217570191,"10000627",FAZ022,"1535","1535","4.25"
"2963","10006193",USP TUCSON CAMP,9300 SOUTH WILMOT RD,TUCSON,AZ,"85756","-999",(520) 663-5000,FEDERAL,OPEN,"119",PIMA,"04019",USA,"922140",CORRECTIONAL INSTITUTIONS,https://www.bop.gov/locations/institutions/tcp/,2016/02/16,IMAGERY/OTHER,2024/01/12,https://www.bop.gov/locations/institutions/tcp/,MINIMUM,"-999",0.000005381445590,0.012146371559863,"10006193",,,"119","4.36666679382324"
"3012","10000613",FCI SAFFORD,1529 W HWY 366,SAFFORD,AZ,"85546","-999",(928) 428-6600,FEDERAL,OPEN,"669",GRAHAM,"04009",USA,"922140",CORRECTIONAL INSTITUTIONS,https://www.bop.gov/locations/institutions/saf/,2016/02/16,IMAGERY/OTHER,2024/01/12,https://www.bop.gov/locations/institutions/saf/,MINIMUM,"-999",0.000010144279031,0.012726751569149,"10000613",FAZ020,"853","853","5.19999980926514"
"3016","10000624",FCI TUCSON,8901 S WILMOT RD,TUCSON,AZ,"85706","-999",(520) 574-7100,FEDERAL,OPEN,"302",PIMA,"04019",USA,"922140",CORRECTIONAL INSTITUTIONS,https://www.bop.gov/locations/institutions/tcn/,2016/02/16,IMAGERY/OTHER,2024/01/12,https://www.bop.gov/locations/institutions/tcn/,MEDIUM,"-999",0.000007566671457,0.011039100679375,"10000624",FAZ021,"420","420","4.65000009536743"
"3021","10000603",FCI PHOENIX CAMP,37900 N 45TH AVE,PHOENIX,AZ,"85086","-999",(623) 465-9757,FEDERAL,OPEN,"231",MARICOPA,"04013",USA,"922140",CORRECTIONAL INSTITUTIONS,https://www.bop.gov/locations/institutions/phx/,2016/02/16,IMAGERY/OTHER,2024/01/12,https://www.bop.gov/locations/institutions/phx/,MINIMUM,"-999",0.000001727964900,0.007419807373879,"10000603",,,"231","6.80000019073486"
"3123","10000632",ASPC-DOUGLAS,6911 N BDI BLVD,DOUGLAS,AZ,"85607","-999",(520) 364-7521,STATE,OPEN,"1479",COCHISE,"04003",USA,"922140",CORRECTIONAL INSTITUTIONS,https://corrections.az.gov/reports,2024/01/30,IMAGERY/OTHER,2024/01/31,https://corrections.az.gov/douglas,MEDIUM,"2045",0.000034333561871,0.044132960622990,"10000632",PAZ009,"2047","2047","4.52499997615814"
"3172","10005784",LA PALMA CORRECTIONAL CENTER,5501 NORTH LA PALMA ROAD,ELOY,AZ,"85131","-999",(520) 464-3200,STATE,OPEN,"2090",PINAL,"04021",USA,"922140",CORRECTIONAL INSTITUTIONS,https://corrections.az.gov/reports,2017/10/18,IMAGERY/OTHER,2024/01/30,"https://corrections.az.gov/la-palma, https://www.corecivic.com/facilities/la-palma-correctional-center",MEDIUM,"2706",0.000019819562112,0.017255124256314,"10005784",,,"2090","5.5"
"3328","10000600",ASPC-SAFFORD GLOBE UNIT,1000 FAIRGROUNDS RD,GLOBE,AZ,"85501","-999",(928) 425-8141,STATE,OPEN,"233",GILA,"04007",USA,"922140",CORRECTIONAL INSTITUTIONS,https://corrections.az.gov/capacity-custody-level/2017/10,2024/01/30,IMAGERY/OTHER,2024/01/31,https://corrections.az.gov/prisons,MINIMUM,"250",0.000004682150802,0.008354326963173,"10000600",PAZ012,"298","298","4.14999985694885"
"3334","10000598",ASPC-WINSLOW APACHE UNIT,38322 US HWY 180,ST. JOHNS,AZ,"85936","-999",(928) 337-4845,STATE,OPEN,"327",APACHE,"04001",USA,"922140",CORRECTIONAL INSTITUTIONS,https://corrections.az.gov/reports,2024/01/30,IMAGERY/OTHER,2024/01/31,https://corrections.az.gov/winslow,MINIMUM,"334",0.000004390050208,0.008274297636588,"10000598",PAZ018,"379","379","5.75"
"3337","10002249",ASPC-SAFFORD FORT GRANT UNIT,15500 S FORT GRANT RD,FT GRANT,AZ,"85643","-999",(928) 828-3393,STATE,OPEN,"567",GRAHAM,"04009",USA,"922140",CORRECTIONAL INSTITUTIONS,https://corrections.az.gov/capacity-custody-level/2017/10,2024/01/30,IMAGERY/OTHER,2024/01/31,https://corrections.az.gov/prisons,MINIMUM,"588",0.000014356930478,0.020901319828772,"10002249",PAZ015,"683","683","3.70000004768372"
"3341","10000622",ASPC-YUMA,7125 E CESAR CHAVEZ BLVD,SAN LUIS,AZ,"85349","-999",(928) 627-8871,STATE,OPEN,"4656",YUMA,"04027",USA,"922140",CORRECTIONAL INSTITUTIONS,https://corrections.az.gov/reports,2024/01/30,IMAGERY/OTHER,2024/01/31,https://corrections.az.gov/yuma,CLOSE,"4690",0.000044099871275,0.057949970014325,"10000622",PAZ019,"4815","4815","6.45000004768372"
"3342","10000595",ASPC-WINSLOW,2100 S HWY 87,WINSLOW,AZ,"86047","-999",(928) 289-9551,STATE,OPEN,"550",NAVAJO,"04017",USA,"922140",CORRECTIONAL INSTITUTIONS,https://corrections.az.gov/reports,2024/01/30,IMAGERY/OTHER,2024/01/31,https://corrections.az.gov/winslow,CLOSE,"1292",0.000021863521852,0.025905496389221,"10000595",PAZ017,"911","911","3.45000004768372"
"3416","10000628",ASPC-TUCSON,10000 S WILMOT RD,TUCSON,AZ,"85734","-999",(520) 574-0024,STATE,OPEN,"4668",PIMA,"04019",USA,"922140",CORRECTIONAL INSTITUTIONS,https://corrections.az.gov/reports,2024/01/30,IMAGERY/OTHER,2024/01/31,https://corrections.az.gov/tucson,CLOSE,"5122",0.000110062979275,0.065479844173293,"10000628",PAZ016,"4986","4986","4.09999990463257"
"3848","10003974",RED ROCK CORRECTIONAL CENTER,1750 EAST ARICA ROAD,ELOY,AZ,"85131","-999",(520) 464-3800,STATE,OPEN,"1968",PINAL,"04021",USA,"922140",CORRECTIONAL INSTITUTIONS,https://corrections.az.gov/reports,2017/10/20,IMAGERY/OTHER,2024/01/30,"https://www.corecivic.com/facilities/red-rohttps://corrections.az.gov/red-rock-correctional-center, ck-correctional-center",MEDIUM,"2024",0.000008519670018,0.011780312609325,"10003974",PAZ027,"1971","1971","5.27499985694885"
